:020000040000FA
:10000000488D0020F93E000001700000A13D000075
:10001000A13D0000A13D0000A13D0000A13D000068
:10002000A13D0000A13D0000A13D0000E939000014
:10003000A13D0000A13D000091390000E96F0000E2
:10004000D13E0000D13E0000D13E0000D13E000074
:10005000D13E0000D13E0000D13E0000D13E000064
:10006000D13E0000D13E0000D13E0000D13E000054
:10007000D13E0000D13E0000D13E0000D13E000044
:10008000D13E0000D13E0000D13E0000D13E000034
:10009000D13E0000D13E0000D13E0000D13E000024
:1000A000D13E0000D13E0000D13E0000D13E000014
:1000B000D13E0000D13E0000D13E0000D13E000004
:1000C000D13E0000D13E0000D13E0000D13E0000F4
:1000D000D13E0000D13E0000D13E0000D13E0000E4
:1000E000D13E0000D13E0000D13E0000D13E0000D4
:1000F000D13E0000D13E0000D13E0000D13E0000C4
:100100007BB972B90029BEBF00204FF0004106E064
:1001100008BF00281CBF6FF000414FF0FF3000F017
:10012000BDB9ADF1080C6DE904CE002909DB002B47
:100130001ADB00F04DF8DDF804E0DDE9022304B03D
:100140007047404261EB4101002B1BDB00F040F89F
:10015000DDF804E0DDE9022304B0404261EB410137
:10016000524263EB43037047524263EB430300F098
:100170002FF8DDF804E0DDE9022304B0404261EB32
:1001800041017047524263EB430300F021F8DDF870
:1001900004E0DDE9022304B0524263EB43037047FD
:1001A00053B94AB9002908BF00281CBF4FF0FF31DE
:1001B0004FF0FF3000F072B9ADF1080C6DE904CEDC
:1001C00000F006F8DDF804E0DDE9022304B0704732
:1001D0002DE9F047089E04468846002B4BD18A4201
:1001E000154667D9B2FA82F24AB1C2F1200701FA84
:1001F00002F320FA07F7954047EA030894404FEAD4
:10020000154E230CB8FBFEF71FFA85FC0EFB178872
:1002100043EA084307FB0CF1994209D9EB1807F1AF
:10022000FF3080F01B81994240F21881023F2B443D
:100230005B1AA4B2B3FBFEF00EFB103344EA034496
:1002400000FB0CFCA44509D92C1900F1FF3380F008
:100250000781A44540F2048102382C4440EA07405B
:10026000A4EB0C0400271EB1D4400023C6E90043D0
:100270003946BDE8F0878B4209D9002E00F0EB80AB
:100280000027C6E9000138463946BDE8F087B3FAD1
:1002900083F7002F47D18B4202D3824200F2FA80CB
:1002A000841A61EB030301209846002EE0D0C6E9D2
:1002B0000048DDE702B9FFDEB2FA82F2002A40F020
:1002C0008F80491B4FEA154E1FFA85F80127B1FBB5
:1002D000FEFC230C0EFB1C1143EA014308FB0CF14E
:1002E000994207D9EB180CF1FF3002D2994200F283
:1002F000CD808446591AA3B2B1FBFEF00EFB101458
:1003000043EA044408FB00F8A04507D92C1900F182
:10031000FF3302D2A04500F2B6801846A4EB0804D1
:1003200040EA0C409FE7C7F1200CBB4022FA0CFECC
:100330004EEA030E01FA07F420FA0CF521FA0CF349
:100340004FEA1E482543B3FBF8F92C0C08FB193380
:100350001FFA8EFA44EA034309FB0AF49C4202FAAC
:1003600007F200FA07F10BD91EEB030309F1FF3086
:1003700080F087809C4240F28480A9F10209734496
:100380001B1BADB2B3FBF8F008FB103345EA034486
:1003900000FB0AFAA24508D91EEB040400F1FF3362
:1003A0006BD2A24569D90238744440EA0940A0FBE7
:1003B0000289A4EB0A044C45C2464B4654D351D0A3
:1003C000002E69D0B1EB0A0564EB030404FA0CFCBF
:1003D000FD40FC404CEA0505C6E90054002747E70C
:1003E000C2F1200320FA03F7954001FA02F021FA46
:1003F00003F34FEA154E3843010CB3FBFEF71FFA27
:1004000085F80EFB173341EA034107FB08F38B42E3
:1004100004FA02F407D9691807F1FF3C2FD28B4286
:100420002DD9023F2944CB1A81B2B3FBFEF00EFB5B
:10043000103341EA034100FB08F38B4207D96918E6
:1004400000F1FF3C17D28B4215D902382944C91A52
:1004500040EA07473BE73746304609E70746E7E605
:100460001846FBE64145ABD2B8EB020A69EB0E0237
:1004700001381346A4E76046E9E7184695E7674662
:10048000D1E781467CE702382C4447E7ACF1020C07
:100490002B442FE7384608E73746E9E6704700BFA8
:1004A0002A4B2DE9F74F1E68294C7368D4F800B029
:1004B0005B686A460D2130469847002837D1DDE950
:1004C000005A44F62067A5FB0701224A002307FBD8
:1004D0000A11FFF765FE00234FF0FF328B4208BF81
:1004E0008242804623D3ABFB05011A4A00230BFB53
:1004F0000A11FFF755FE00234FF0FF328B4208BF71
:10050000824214D3736842461D680D21034630466B
:10051000A84760B9104A2368117859B1B3F5FA6F4A
:1005200036BF4FF4FA63A3F5FA631070236003B08B
:10053000BDE8F08F03F5FA6344F61F618B42236038
:1005400082BF012313702760F1E700BF5000002035
:100550004C00002040420F00B838002070B5134D09
:10056000134E044663685B6C43B12046984728B13C
:1005700063681B6C13B12046984700B970BD63686F
:100580005B6B002BEED0204698470028EAD06368CA
:100590009B694BB14022294620469847024629468E
:1005A000304606F035FADDE71A46F8E7381800203D
:1005B0005400002013B54FF08053084CD3F8A82006
:1005C000D3F8A4300649CDE9002300231A4620467B
:1005D00004F074F9204602B010BD00BFB9680020D5
:1005E00031830000F0B472B6204ADFF88CC00023DB
:1005F00013604FF0E0221C46516801F00F010131F9
:100600004FF0FF371E46A20002F1604202F5614240
:10061000C2F88070C2F880710022D518654401329A
:10062000082A85F80063F8D10134A14203F10803D8
:10063000E9DC0F4B4FF020625A6040F2FA529860AA
:10064000DA6000221E6111469C1801320C2A2176C4
:10065000FAD14FF0FF3259629A62064ADA621F22DB
:100660001A63D0E90001F0BC05F0F4BD10E000E031
:1006700000ED00E0020000C000E100E080EA11208F
:10068000034B33F8100080EA012080B2704700BFAE
:10069000808000002DE9F04FA248A34EA34CA44D4A
:1006A00087B004F087FDA34B1860A34804F082FDD7
:1006B0003060A24804F07EFD2060A14804F07AFD7D
:1006C0002860A04804F076FD9F4B186030684368AE
:1006D00009221F6800210123B847306843680922B6
:1006E0005E6800210123B047984E994B32689A42C8
:1006F00022D033604FF4FA7005F096FA002333608D
:100700004FF08043D3F81C35B02B15D02868914F9B
:1007100043683A46D3F800804FF480310823C0473D
:100720003B68013308D07B68013305D001F012FF2C
:100730004FF48030FFF756FF4FF0804300273760BB
:100740003A46C3F81C7584498448854E07F033FA4D
:1007500064221146814805F047FD23681B689868AC
:1007600001F088FE1C223946304606F038FD4FF471
:100770000053336122687B4B736141F6FF73B361B1
:10078000536823B19B6C13B1774910469847206892
:1007900043689B6A03B19847DFF8C481734F012215
:1007A0000DF10701404606F086F900B338689DF860
:1007B00007106F4B421C23293A60195417D10021AE
:1007C00099541B78493B112B0FD8DFE803F0160E24
:1007D000920E0E090E0E0E0E1C0E0E130E193C6913
:1007E00064490222206805F02FFD00233B6005F0DC
:1007F000D1F9D4E73C226049F4E711225F49F1E7DF
:1008000003225F49EEE7102200215E48DFF87CB149
:1008100006F005FC1022824600215B4806F0FFFB33
:10082000002681464E45E0D206EB0A01A9EB0602FE
:100830005944404606F03FF9002801DD0644F1E73F
:1008400005F0A8F9EEE7102200214E48DFF854A188
:1008500006F0E5FB1022064600214B4806F0DFFBC0
:100860008146D0B1286843680021DB689847286832
:10087000436806F580369B684A46314698472868A3
:10088000DAF8002043684149D3F804A00A444B46F3
:100890003146D04703223E49A4E7CAF80060F9E791
:1008A00010220021374806F0BAFB102282460021B0
:1008B000354806F0B4FB81462868364A43680AF595
:1008C00080311E68DFF8CCA04B46B0470026324688
:1008D000B14506D1304902A803F0F0FF0C2202A96D
:1008E00080E711461AF80600FFF7C8FE01360246F7
:1008F000EEE74FF02002EFF3118382F31188BFF38C
:100900006F8F06F072FB01F025FEBFF34F8F234976
:10091000234BCA6802F4E0621343CB60BFF34F8FEE
:1009200000BFFDE7A482000018000020080000209E
:100930004800002014000020AB820000B2820000BA
:10094000BC820000CF82000050000020FC7F00200D
:100950003581730770000020A10400001C000020F6
:1009600054000020B94800205D0500000C00002064
:10097000781800202E830000D5820000108300002C
:10098000208300007918002082180020B818002069
:1009900024830000B93800202883000000ED00E027
:1009A0000400FA05100000200B6801330B60014BB6
:1009B0001B681847889A00202DE9F04F85B09B46A8
:1009C0000E9CDFF890A0012CB8BF0124012B0CBFB6
:1009D0003023202315468046894601940293012640
:1009E0000A2700220AF101040AB9AA451FD2B5FB61
:1009F000F4F049463030C04701360122013F012F53
:100A0000B5FBF4F14FF00A0304FB1155BAFBF3FAFE
:100A1000E8D1494605F13000C047BBF1030F03D1CF
:100A2000019B9C1B002C0FDC05B0BDE8F08F019BE7
:100A3000BB42E3DBBBF1020FE0D8494602980392C8
:100A40000136C047039AD9E749462020C047013CF8
:100A5000E8E700BFFFC99A3B13B502AC002344F896
:100A6000043D02460B460348214605F02DFE02B028
:100A700010BD00BFA909000010B54FF02003EFF32F
:100A8000118483F31188BFF36F8F00F039F8094A9E
:100A90000123C2F840354FF08042C2F87835064B4A
:100AA0004FF0FF329A62DA6284F31188BFF36F8FDE
:100AB000002010BD00E0014000ED00E0BFF34F8FCB
:100AC0000549064BCA6802F4E0621343CB60BFF3EA
:100AD0004F8F00BFFDE700BF00ED00E00400FA0506
:100AE000054B1B68082B01BF044B1868B0FA80F057
:100AF000400918BF00207047300100103401001079
:100B000008B54FF080430022C3F80C21C3F8102130
:100B1000C3F838254FF0805203F54043D2F804144F
:100B2000C3F82015D2F80814C3F82415D2F80C1411
:100B3000C3F82815D2F81014C3F82C15D2F81414E1
:100B4000C3F83015D2F81814C3F83415D2F81C14B1
:100B5000C3F84015D2F82014C3F84415D2F8241471
:100B6000C3F84815D2F82814C3F84C15D2F82C1441
:100B7000C3F85015D2F83014C3F85415D2F8341411
:100B8000C3F86015D2F83814C3F86415D2F83C14D1
:100B9000C3F86815D2F84014C3F86C15D2F8442491
:100BA000C3F87025FFF79CFF10B13E4B3E4A1A6018
:100BB000FFF796FF18B13D4BFB22C3F81825FFF74E
:100BC0008FFF48B13A493B4B0A681B6822F00F027D
:100BD00003F00F0313430B60FFF782FF18B1364B8E
:100BE0004FF400721A604FF08043D3F80024D1070D
:100BF00044BF6FF00102C3F800244FF01023D3F874
:100C00000C22D2071ED52D4B0122C3F80425D3F8A0
:100C10000024002AFBD04FF01022D2F80C3223F02F
:100C20000103C2F80C32254B1A46D3F800140029F0
:100C3000FBD00021C3F80415D2F80034002BFBD000
:100C4000FFF73CFFD3F80022002A03DBD3F804327D
:100C5000002B23DA194B0122C3F80425D3F8002412
:100C6000002AFBD04FF010221221C2F80012D3F854
:100C70000024002AFBD04FF010231222C3F80422D4
:100C80000E4B1A46D3F800140029FBD00021C3F8FC
:100C90000415D2F80034002BFBD0D1E7084B094AE9
:100CA0001A6008BD8C5600404881030000F00040E7
:100CB000E40E0040580200104096024000E001405F
:100CC0008C9A00200090D0032DE9F04F0779484C12
:100CD000FE00A31905461B7985B003F0FF00002B29
:100CE00040F08380DFF814E144F837204FF0FF39FB
:100CF00002464FF0030A4FF00108885CFF2871D0CC
:100D000020F0800310F0800F4DF822305DD01F2BB3
:100D100087BF00F01F0CF3469C464FF0A04B08FA2B
:100D20000CFCCBF808C51F2B8ABF00F01F034FF047
:100D3000A040704603F5E07340F823A00132042A76
:100D4000DBD12868009BC0F86035019BC0F8643592
:100D5000029BC0F86835039BC0F86C3501238A7983
:100D600091F805C0C0F800350B89C0F80CC5C0F873
:100D70000425C0F808354B89C0F810350023C0F8A9
:100D800000324FF48E71C0F8003305F0B5FE4FF419
:100D90008871286805F0B0FE4FF48A71286805F064
:100DA000ABFE4FF48271286805F0A6FE54F8373088
:100DB00023B1286840F3073002F072FF3444012366
:100DC0000C48237105B0BDE8F08F1F2B87BF00F0E2
:100DD0001F0CF3469C464FF0A04B08FA0CFCCBF8D6
:100DE0000CC5A0E74DF82290A8E70348EAE700BF4A
:100DF000780000200000AD0B0500AD0B0003005093
:100E0000F0B40D461C461A490379D5F800C0AF88E6
:100E1000AE68ED6801EBC3010368C3F820C5C3F8F1
:100E20002475C3F82865C3F82C55C3F840C5C3F82A
:100E30004475C3F84865C3F84C5502F0010505EB4D
:100E40005202C3F81425E20710D414F0020203D0B2
:100E5000002D14BF08220422002DC3F80022E2B2A4
:100E600014BF0C230823F0BC05F04EBE1022F3E79C
:100E7000780000200379084A016802EBC302137965
:100E8000D1F80411DBB219B9981E18BF01207047C0
:100E900001201071704700BF78000020044A91685B
:100EA0009368CB1A23F07F438342F9D3704700BF86
:100EB00010E000E0034B044A1B68B3FBF2F3584315
:100EC000FFF7ECBF8C9A002040420F00064A10F05A
:100ED000800F00F00F0314BFD2F81005D2F81405EC
:100EE000D84000F00100704700700240054B1B68BD
:100EF000082B05D1044B1868003018BF012070473B
:100F0000002070473001001034010010054B10F034
:100F1000800FA3F1900208BF134600F00F0003EB0F
:100F20000010704708020020024A00231360024AA2
:100F3000137070471C7C0240DB68002007B5084A2C
:100F400000231370074A019302A81370012300F8CD
:100F5000043D054B1B68984703B05DF804FB00BFD8
:100F6000DA680020DD68002098020020F8B54D689E
:100F70000B4F954228BF15460C4606462A4609687F
:100F8000384606F0FFF860682368401BC6E9007524
:100F900060601D440030256018BF0120F8BD00BF0F
:100FA000A0020020F8B54C68944228BF14460646BB
:100FB0000D468CB1094F09682246384606F0E2F822
:100FC00037606B6874601B1B6B602B68201C2344AC
:100FD0002B6018BF0120F8BD0460F2E7A0020020DA
:100FE00007B500238DF804300B4BD3F82025ADF85E
:100FF0000620D3F8C034094A002B13680CBF4FF405
:1010000080714FF001210B431360054B01A81B6851
:10101000984703B05DF804FB0070024074010020A3
:101020009802002013B5124C0122236802FA01F144
:101030000B4323600F4B1B68194003060DD551B9B4
:1010400006238DF804308DF806008DF807100A4B42
:1010500001A81B68984702B010BD0029FBD10623E8
:101060008DF804308DF806008DF80720EFE700BFFB
:1010700074010020040100209802002008B5054BEF
:101080001A78104605F0C1FDBDE80840014610463B
:10109000FFF7C8BFDD680020074BBFF35B8F024638
:1010A00053E8000F00EA020143E8001CBCF1000F06
:1010B000F6D1BFF35B8F70470401002013B5FFF733
:1010C00033FF0D4B93F88E20032A12D0D3F88040C3
:1010D0007CB96FF08070FFF7DFFF06238DF80430D6
:1010E00008238DF80630054B8DF807401B6801A8D2
:1010F000984702B010BD00BF780100209802002080
:1011000013B5FFF711FF104B93F81E21032A05D1E9
:101110006FF48070FFF7C0FF02B010BDD3F810412C
:10112000002CF9D16FF48070FFF7B6FF06238DF81D
:10113000043088238DF80630044B8DF807401B6877
:1011400001A89847E8E700BF780100209802002036
:1011500008B5FFF7E9FE084B93F89E20032A05D156
:101160006FF00100BDE80840FFF796BFD3F890305C
:10117000002BF5D008BD00BF78010020204B13B52F
:10118000D3F80044C3F80044BFF36F8FBFF34F8F11
:10119000BFF36F8FBFF34F8FE1050BD5194B0122C2
:1011A0001A7002A800230193022300F8043D164B95
:1011B0001B689847A2050AD5124A002302A801938A
:1011C0001370032300F8043D0F4B1B689847630519
:1011D00013D50C4B1A7882B100221A70084B0121EA
:1011E000C3F80815582005F0C8FC02A80423019292
:1011F00000F8043D044B1B68984702B010BD00BFC7
:1012000000700240DA680020980200202DE9F04FBB
:10121000724B87B01A780193002A40F08280DFF881
:10122000C4B16F4B18686F4B1C68204079D010F028
:10123000012479D094FAA4F4B4FA84F40F2C86BF74
:10124000A4F110085FFA88F844F080084046FFF7E0
:101250005DFE4FFA88FABAF1000F064608F00F0556
:10126000828966DAD0E9003104A8984700B9306075
:101270005D4B82221A60019B059A01201870A040E4
:10128000B368DBF80040134424EA0000BAF1000F11
:10129000CBF80000B3600498544B77DA072D9BBF5E
:1012A000142101FB0533C3F8A006C3F800068CBF68
:1012B000C3F8A426C3F80426FFF718FEAB002DB22E
:1012C0006E004B4A4B49002871D1BAF1000FB5BFEF
:1012D00092468A4604242824B244474F474E1C4471
:1012E00005463560BFF36F8FBFF34F8F204605F083
:1012F00044FC0220FFF7DEFD3368002BF1D01E20F6
:10130000FFF7D8FD3B689B064FD50120FFF7D2FDC4
:10131000BAF8003003F1804303F51C331B68002B3F
:10132000DFD007B0BDE8F08F90FAA0F0B0FA80F4FB
:1013300084E7072D2D4B24D9D3F8C09419F4803FAE
:1013400018BF4FF000094B467168376804A8B847CA
:10135000049B002B8AD0059B4B4587D20120022598
:10136000A040B573C043FFF797FE06238DF80C30FD
:10137000234B8DF80E808DF80F501B6803A89847FB
:101380004FE705F5947153F82190DCE7072D9BBFDB
:10139000142101FB0533C3F8A007C3F800078CBF75
:1013A000C3F8A427C3F8042786E70220A8E7BAF108
:1013B000000FACBF28200420184405F0DEFB12EA21
:1013C0002A0A38BF8A463AF8153003F1804303F5FC
:1013D0001C331A68002AFCD0A3E700BFDB6800209A
:1013E00004010020740100201C7C024000700240B7
:1013F00080820000928200007474024004710240F6
:101400009802002038B5174BD3F86C44C3F86C44ED
:10141000BFF36F8FBFF34F8FFFF768FD38B9124AE4
:10142000136823F0011103F001130C43136001252D
:101430001CB9BDE83840FFF7E9BE94FAA4F3B3FA4B
:1014400083F30F2BD9B2C8BFA1F1100005FA03F343
:10145000CCBFC0B241F0800024EA0304FFF7E2FDF4
:10146000E6E700BF007002409C02002037B504464A
:10147000FFF75AFDFFF74AFD837B032B0CD1204673
:1014800005F0C3FB012303FA00F0C043FFF704FE9D
:10149000FFF7BCFE03B030BD0568002DF8D1204633
:1014A00005F0B3FB012303FA00F0C043FFF7F4FD9E
:1014B00006238DF80430044B8DF806408DF8075054
:1014C0001B6801A89847E3E798020020024A00231E
:1014D0001360024A1370704798020020DC680020F5
:1014E00038B5514B4FF40062C3F80024BFF36F8F3F
:1014F000BFF34F8FFFF7FAFC4C49A8B14FF0200320
:10150000EFF3118483F31188BFF36F8F0868484BA2
:10151000032200287ED149F2753008601A60086005
:1015200084F31188BFF36F8F4FF02003EFF3118422
:1015300083F31188BFF36F8F08683E4AC0230028E9
:101540006AD149F2753008601360086084F311882D
:10155000BFF36F8F344B0120C3F80005BFF36F8FCB
:10156000BFF34F8FD3F800040005FBD54FF40060A4
:10157000C3F80004BFF36F8FBFF34F8F4FF020030A
:10158000EFF3118483F31188BFF36F8F086800288D
:1015900044D149F275330B6010600B6084F31188FD
:1015A000BFF36F8F244B40F2E3721A600433402282
:1015B0001A60BFF36F8FBFF34F8FA3F604030024AD
:1015C0008022C3F81C25C3F830451C4B40F2FF12A3
:1015D0001A601B4B1C60FFF7A7FC1A4B1C701A4BC0
:1015E00002221A70FFF782FC98B14FF02003EFF34C
:1015F000118583F31188BFF36F8F08680C4B80B996
:1016000049F275320A6018600A6085F31188BFF3E9
:101610006F8F38BD1A6083E7136097E7002313606C
:10162000BCE71C60F1E700BF0070024000EC064020
:1016300014ED064014EC06400078024074010020CE
:1016400004010020DD680020DC6800200E4B002231
:1016500010B51A70A8B9FFF749FC0C4B0C4A0028CA
:101660000CBF184610460B4CC4F80403272002F0A8
:1016700017FB0123C4F80435BFF36F8FBFF34F8FFF
:1016800010BD0248EFE700BFDA6800200714E00150
:101690000714C00100700240034B1878012894BF62
:1016A00000200120704700BFDC6800201B4B70B594
:1016B0001C7884BB1A4A106001221A70264664F016
:1016C0007F05082CEDB20CBF4FF400714021284675
:1016D00005F0E7FA2846FFF719FC0134092C867358
:1016E00006608660EBD1002440212546204605F0A7
:1016F000D8FA2046FFF70AFC0134E4B2092C8573BE
:101700000560856001D1074870BD082C0CBF4FF4FF
:1017100000714021EAE70448F6E700BFDC680020DA
:10172000980200200000AD0B0500AD0B2DE9F84339
:10173000074605F06AFA4FF02003EFF3118583F3B3
:101740001188BFF36F8F17F00F0903D1274B1B7858
:10175000BB4246D1264A274B12681C68D243012659
:1017600092B286402243324298463CD13846FFF737
:10177000CDFB0C233A06844603FB09F32DD51E4A04
:101780000868134400F060408A68B0F1005F02F01E
:1017900001021DD1D2B9194ACCF8002007C983E84B
:1017A0000700CCF804300023CCF808308CF80E3059
:1017B000134B144834438022C8F80040C3F8042176
:1017C00085F31188BFF36F8FBDE8F8830E4AE3E716
:1017D0000AB90E4AE0E70E4ADEE70E4A13440E4A03
:1017E000DAE70E48ECE70E48EAE700BFDD680020C4
:1017F000740100200401002008010020BF6B0000DC
:1018000000E100E00000AD0BE16B00006D0F000097
:10181000A50F000098000020916B00000A00AD0B9E
:101820000B00AD0B044B40F48070C3F81805BFF3F8
:101830006F8FBFF34F8F70470070024000F00F03AF
:10184000072B11D810F0800F084A0BBF03F58873DF
:1018500003F5847302EB830352F8230008BF586832
:10186000431E5842584170470020704700700240A4
:1018700010B508220021044605F0B1FC0E4BD3F848
:1018800080242270D3F884246270D3F88824D3F89B
:101890008C1442EA01226280D3F89024D3F8941485
:1018A00042EA0122A280D3F89824D3F89C3442EA79
:1018B0000323E38010BD00BF0070024013B5FFF7A3
:1018C00033FB0F4B9A7B032A05D16FF48030FFF76F
:1018D000E3FB02B010BD1C687CB96FF48030FFF7E9
:1018E000DBFB06238DF80430064B8DF806408DF89F
:1018F00007401B6801A89847EBE705F0EEF9E8E719
:101900007801002098020020014B1878704700BF32
:10191000DD68002038B50246FFF7E8FA04461046B5
:1019200005F073F901238340DB4302F00F001B4AEB
:10193000BCB94FF02001EFF3118581F31188BFF39B
:101940006F8F11680B4013604000154B00F2C5709B
:1019500018605C6004331B6885F31188BFF36F8FD8
:1019600038BD4FF02001EFF3118481F31188BFF3EC
:101970006F8F1168072803EA0103136009D800F587
:101980009470084B002243F82020BFF36F8FBFF301
:101990004F8F84F31188BFF36F8FE1E7740100204C
:1019A0000078024000700240F7B501464FF0200376
:1019B000EFF3118483F31188BFF36F8FFFF7A6FA5B
:1019C0000546084605F021F9012311F0800F03FABE
:1019D00000F02A4E17D1336830EA03020AD00846D5
:1019E000FFF798FF0323AB7384F31188BFF36F8F66
:1019F00003B0F0BD2A60C043214A0340336013683E
:101A000003401360EEE701F00F02072A0FD8802988
:101A10001C4F1D4B28D002F2DA3252003A601A688D
:101A20001F68D2B242F002023A431A601B68144F98
:101A300032683B6862EA030C1CEA000FD4D022EA49
:101A400000021843002332602B600323AB738DF830
:101A500007300E4B386006228DF804208DF80610F2
:101A60001B6801A89847BFE740F2B4723A601A6851
:101A70001F68D2B242F00402D6E700BF0401002082
:101A8000740100200078024004780240980200208F
:101A9000F7B5164B164CD3F880542368154EDA432D
:101AA000154B37781B6892B238461A4305F0ADF8EB
:101AB000012303FA00F0104202D03846FFF774FF0A
:101AC00005F080056FF001103570FFF7E5FA236827
:101AD00043F00103236002A800230193052300F8CB
:101AE000043D064B1B68984703B0F0BD00700240F0
:101AF00074010020DD68002004010020980200200D
:101B0000554B2DE9F041D3F80453002229461646DF
:101B1000012400297CD1FFF7E9F9002869D14F4B56
:101B20001B78002B65D1960263D54D494C4E40F28F
:101B3000A9730B604B4B1C6814F0FF041CBF1868A2
:101B4000044040F2AA700860186810F0FF001CBF43
:101B50001968084040F2AB713160196811F0FF015B
:101B6000B4461CBF1E68314040F2AC76CCF8006031
:101B70001E6834403C4E08D037682743376040F237
:101B8000A977CCF800701C601C68354F40F2AD742A
:101B90003C601C68204008D0346844EA004434604B
:101BA00040F2AA743C60186018682D4840F2AE7488
:101BB0000460186801400DD0CC0748BF42F4000211
:101BC000C806274840F2AB74046019601B6848BF20
:101BD00042F00102336833F001111CBF05F0807040
:101BE000024313F0011F04D06B0544BF316042F47F
:101BF00080621E4F02F4000622F400044FF0010838
:101C0000E4B9FFF703FB2EB3BDE8F041FFF740BF97
:101C100091FAA1F31648B3FA83F39F00384407689A
:101C20003FB10660BFF36F8FBFF34F8F04FA03F02D
:101C3000024304FA03F321EA03016AE794FAA4F5E4
:101C4000B5FA85F557F8253008FA05F5984724EADE
:101C50000504D5E7BDE8F08100700240DB68002094
:101C600000780240047802409C0200206C7E000054
:101C700000710240F8B5114E114A34681268240C04
:101C80002404144301271CB940F2FF133360F8BD4C
:101C900094FAA4F5B5FA85F5E8B20F2DC6BF103851
:101CA000C0B240F0800000F00F03072B01D8FFF70F
:101CB0007BFE07FA05F524EA0504E4E77401002039
:101CC000040100200D4B802210B52720C3F8842189
:101CD00002F00AF880B10A4CFFF7CCFF0023C4F8E9
:101CE0000435BFF36F8FBFF34F8F272001F0E8FF5C
:101CF0004FF0FF33C4F8083310BD00BF00E100E02F
:101D00000070024008B5FFF7DDFF094BD3F804234C
:101D1000C3F808230022C3F80025BFF36F8FBFF379
:101D20004F8FFFF701F9034B01221A7008BD00BF66
:101D300000700240DC68002038B54FF02003EFF35C
:101D4000118583F31188BFF36F8F0F4B1B7803F05E
:101D5000FF0433B9002485F31188BFF36F8F204649
:101D600038BDFFF787FF094AD2F8003413F4007337
:101D7000F0D10121C2F82C15D2F80014890544BF16
:101D8000C2F82C351C46E6E7DA68002000700240F5
:101D9000F8B5234A234B244D47B233EA270328BF23
:101DA000134600F00F0401211B5D01FA03F3C5F88F
:101DB00004330646FFF78AF888BB002FB4BFD5F876
:101DC0001035D5F8143501FA04F1B5BF194319439C
:101DD000C5F81015C5F81415BFF36F8FBFF34F8FFB
:101DE000013C062C1BD8002F19DB4FF02003EFF32A
:101DF000118483F31188BFF36F8F3046FFF78AFD9C
:101E0000304604F002FF094A012303FA00F0136888
:101E100023EA0003136084F31188BFF36F8FF8BDCA
:101E2000518300005A83000000700240040100202A
:101E3000030610B504460AD400F00F03072B06D89A
:101E40009B00074AD358012B01D1FFF763FD054BD7
:101E5000C3F81845BFF36F8FBFF34F8F10BD00BF9E
:101E600044740240007002402DE9F041084D094ED3
:101E700007468846761B0024B44201D1BDE8F081B4
:101E80002819C36813B14246394698472C34F3E702
:101E9000E89D0020149E0020F0B40D4B0D4C0E4D1B
:101EA000E41AA4106C430025A54203D16FF0220070
:101EB000F0BC70471E6946B15F6897F802C087881A
:101EC000BC4502D13346F0BC184701352C33EBE753
:101ED000E89D0020149E0020A38B2EBAF0B40D4B79
:101EE0000D4C0E4DE41AA4106C430025A54203D1FD
:101EF0006FF02200F0BC70479E6946B15F6897F8AA
:101F000002C08788BC4502D13346F0BC1847013572
:101F10002C33EBE7E89D0020149E0020A38B2EBA03
:101F20002DE9F84F9046104B104A0F469B1A104966
:101F30009B10064601FB03FA002491464FF02C0B40
:101F4000A24502D16FF022000BE00BFB04935D6908
:101F50000DB90134F4E7424639463046A847002817
:101F6000F7D1BDE8F88F00BF149E0020E89D002047
:101F7000A38B2EBA13B5094C02ABE26843F8042DCB
:101F8000A168802001F0FAFA0199A268E3680A4486
:101F90005B1AA260E36002B010BD00BFE002002047
:101FA0002DE9F743434C94F84C50002D63D100F0D9
:101FB000C5FB00287BD0404B636204F1440363639C
:101FC0003E4BA3623E4B2062A3633E4AE3633E481E
:101FD0003E4BE2626361E06101F0C8FB00284BDB2D
:101FE00001F090F9002847DB02AE402306F8085DB7
:101FF0003046ADF802308DF8045001F029FA00287F
:102000003ADB802730468DF8007001F021FA002875
:1020100032DB2F49284601F097FB00282CDB2C49A6
:10202000384601F091FB002826DB2A4E2A4B2B4F25
:102030009B1B9B105F43AF4221D1294DDFF8A48049
:1020400005F1F00700260122AE61C5E904682846C3
:1020500011463C3505F035FDBD42F4D1002001F0BC
:102060006FFA002808DB802001F06AFA002803DB01
:10207000012384F84C30002003B0BDE8F083D6F88B
:1020800028904FF0000896F824205FFA88F39A42CF
:1020900002D801352C36CEE709EBC30259F83310CC
:1020A000107901F051FB08F101080028EBD04FF046
:1020B000FF30E1E7E00200200D220000991E000041
:1020C000DE680020211F0000691E0000DD1E0000E8
:1020D00015210000E89D0020149E0020A38B2EBA3D
:1020E0004C030020116D000008B509480378C3F3C4
:1020F000411300EB83035B6A3BB100F1080200F17E
:1021000010019847C043C00F08BD1846FCE700BF48
:10211000E002002037B500220B4601920546002858
:1021200052D12D4C39BB0822214604F04EFF002825
:1021300004DA802001F0ACF903B030BD2278E588E4
:10214000C2F3411304EB8303586BA06010B901F094
:102150009FF9EEE7C4E903550DB1D309ECD0FFF7C1
:10216000C3FF0028E5D02369AB42D4BFE360E5603C
:10217000FFF700FFE0E7D4E90212002A01AB05DC1B
:10218000024604F022FF0028D6DAD2E704F01DFF51
:10219000002804DA802001F07BF92846CAE701997B
:1021A000A268E3680A445B1AA260E360002BC3D113
:1021B0002378C3F3411304EB83035B6BA360FFF746
:1021C00093FF0028B5D0D3E78028B5D1024BDB6858
:1021D000002BB1D0CCE700BFE0020020014600F1A7
:1021E0000803BFF35B8F53E8002F42F0010043E880
:1021F000000CBCF1000FF6D1BFF35B8FD30702D404
:10220000014805F078BB7047B81700202DE9F04F62
:10221000974D6B6985B006460C46904663B9377892
:1022200007F01F07012F00F0A0800BD3022F00F052
:10223000E9806FF0150002E098470028EFD105B063
:10224000BDE8F08F72787088D8F80030092AF0D88D
:1022500001A151F822F000BF8122000051230000AB
:10226000332200005F230000332200009B22000085
:10227000A522000033220000D3220000DD2200004E
:1022800000201870587095F84E20824214BF022228
:1022900002461A7002232360D1E7C0B201F0C8F8E9
:1022A0000020CCE7020A131F012BC2D9072AC0D88D
:1022B0002B6A0021C0B21D78002DBAD05E789642FC
:1022C00003D1884200F0CC8001312B44F3E71B7826
:1022D000CCE095F84D201A700123C7E0C4B28DF808
:1022E000074054B1FF272E6AB846337843B9EB69EB
:1022F0001BB10DF107010320984785F84D40CFE74A
:102300007378042B08D0052B08D0022B01D196F846
:10231000058033781E44E8E7F778FAE79DF8073040
:102320004345F6D1002FF4D1F3788DF80C30727953
:10233000337943EA0223ADF80A30B3788DF80830D8
:1023400002A801F085F89DF8080001F0F9F8E0E72F
:1023500001287FF46EAF002085F84E006FE701285A
:102360007FF467AF85F84E009AE77078D8F80030B0
:102370000A2807D00B2809D000287FF45AAF18701C
:10238000587087E700201870276058E796F804A077
:1023900096F802B02E6AFF27B9464FF0000833784E
:1023A0003BB9EB6913B141460720984700202060F4
:1023B00045E77378042B04D0052B0BD033781E44EB
:1023C000EDE7B77896F80390BA45F7D1CB4508BF4B
:1023D000B046F3E7BA45F1D1CB45EFD1F3788DF8AC
:1023E0000C307279337943EA0223ADF80A30B378BE
:1023F0008DF8083002A801F02BF89DF8080001F0D4
:102400009FF8DBE773783079D8F800808DF8080002
:10241000012B17D00FD3032B7FF40BAF7488002C44
:102420007FF407AF01F034F8EB69002B3FF438AFCD
:1024300002A9082012E0414601F068F8002088F85F
:102440000100A1E77488002C7FF4F3AE01F046F898
:10245000EB69002B3FF424AF02A9092098471FE73E
:10246000022AC8F800307FF432AF5B88236017E798
:10247000E00200202DE9F341314D95F84C4007462C
:10248000002C4DD12F48E86101F070F9002848DB9D
:1024900000F038FF002844DB02AE402306F8084D68
:1024A0003046ADF802308DF8044000F0D1FF00282E
:1024B00037DB4FF0800830468DF8008000F0C8FF11
:1024C00000282EDB2049204601F03EF9002828DBB9
:1024D0001D49404601F038F9002822DB97F82430E6
:1024E000A34221D8194CDFF8688004F1F0070026D8
:1024F0000122A661C4E90468204611463C3405F077
:10250000E0FAA742F4D1002001F01AF8002808DB15
:10251000802001F015F8002803DB012385F84C30FA
:10252000002002B0BDE8F081BB6A03EBC40253F89F
:102530003410107901F008F90028F2DB0134CDE7FE
:10254000E0020020691E0000152100004C0300205D
:10255000116D000010B5064C94F84C0030B100F03D
:1025600011FF0028A4BF002084F84C0010BD00BF5C
:10257000E00200202DE9F04F6B4A6C4B6C499B1A2E
:1025800087B09B1000264B43044600934FF001197F
:102590003746B246B046934623783BB9654AA01CFD
:1025A000904200F0BF80FFF7E5FF24E06378052B41
:1025B0000AD8DFE803F07B09B57B0378E3781BB921
:1025C000A378DBB10137FFB223781C44E4E702FBB8
:1025D00003BADAF804108C4207D1DAF80830002B7D
:1025E000F0D0394620469847ECE7013300999942EC
:1025F000EDD14FF0FF3007B0BDE8F08F2C22F5E7AA
:1026000001FA05FC1CEA090F2DD00135102D0DD162
:1026100001339AF824209342EBDADAF82820A578DF
:1026200002EBC30210798542F2D1012594F803C070
:102630008DF814C094F805E094F804C04CEA0E2C10
:10264000ADF812C094F802C08DF810C01CF0800FD5
:10265000E8B2D5D005F1100C01FA0CFC1CEA090F08
:10266000D3D160F07F008DF8100004A8CDE90221DD
:10267000019304F091FCDDE9013203990028C4D1F3
:102680009DF81030A37013F0800F137118BF103530
:102690004FF0010315BFAB4003FA05F549EA030902
:1026A00049EA050990E700230121B2E7032E1DD175
:1026B000FDF780FF019060B104F038FD05461E482B
:1026C00004F034FD8542019903D12A46A01C04F090
:1026D00059FD2146002011F8023BDA1E5B08013B40
:1026E0000B44002A13DA0136F6B26DE7002EF0D162
:1026F000B8F1000F3FF47DAFA4EB080388F8023077
:10270000C3F3072388F8033088F80470EBE7885494
:10271000013B8D1893F800C005F801CC023AE0E7C0
:10272000A04651E7184666E7E89D0020149E002069
:10273000A38B2EBAE59D00206383000008B50448F2
:10274000FFF718FF0028024818BF002008BD00BF8F
:10275000089D002070B504460E46017910481546C4
:1027600004F066FBB0B16378212B0ED0222B08D089
:10277000202B12D1072229680C3804F003FD002019
:1027800070BD638800F8053CF9E70C380723286022
:102790003360F4E76FF01200F2E76FF01500EFE737
:1027A0002004002008B50146034804F04FFB10B197
:1027B000012300F8033C08BD2004002010B50C469E
:1027C0000146074804F028FB48B10A2C07D0032C27
:1027D00008BF012300F8AC4C08BF00F8943C10BDC2
:1027E0002004002007B502AB012203F8011D1946A1
:1027F00004F090FB6421034803F08EFA03B05DF807
:1028000004FB00BF2804002010B584680023C4F82E
:10281000B0300C4BC4F8AC00596804F1B00269B98F
:10282000C3E900224FF0FF320021074805F049F9C3
:10283000064B0020E060C4E9043010BD0A605A6015
:10284000F0E700BF2004002028040020956E00005F
:10285000014600F10803BFF35B8F53E8002F42F0FD
:10286000010043E8000CBCF1000FF6D1BFF35B8F11
:10287000D30702D4014805F03EB87047B8170020CE
:1028800010B501460B4804F0E1FA044688B1012373
:1028900000F8943C084803F019FA54F8A83C43B1F6
:1028A00014F8923C2BB1A4F1A000BDE81040FFF752
:1028B000CFBF10BD200400202804002008B5014629
:1028C000094804F0C3FA68B1012300F8933C50F8BA
:1028D000A83C3BB110F8913C23B1A038BDE80840BA
:1028E000FFF7B6BF08BD00BF2004002010B54FF0B1
:1028F0002003EFF3118283F31188BFF36F8F154C20
:10290000237833B982F31188BFF36F8F6FF04400DF
:1029100010BD013BDBB2237033B182F31188BFF3EA
:102920006F8F6FF00F00F3E70B4B1878012138B170
:10293000217082F31188BFF36F8F6FF00A00E7E711
:10294000197082F31188BFF36F8F044A11601870F9
:10295000DEE700BF206D00201F6D00200400004056
:10296000F8B54FF02002EFF3118382F31188BFF323
:102970006F8F294A1078441C147080B183F311883A
:10298000BFF36F8F4FF08043D3F80C3403F0011383
:10299000B3F1011F0CBF00206FF0430009E01F4D91
:1029A0002F783FB1107083F31188BFF36F8F6FF0F2
:1029B0000A00F8BD01262E7083F31188BFF36F8FD4
:1029C0004FF0804419B3384601F07AF9C4F8007129
:1029D000D4F80433C4F804632660D4F8002192B11B
:1029E0000022C4F800210E4A13F0010F4FF001033A
:1029F00008BFC4F808330020C2F8803101F050F954
:102A000000232B70BEE720BF40BF20BFE5E7C4F81E
:102A100000112660F4E700BF206D00201F6D00202C
:102A200000E100E070B54FF02002EFF3118382F374
:102A30001188BFF36F8F244D2A789AB183F31188E0
:102A4000BFF36F8F4FF08042D2F81C34D2F81824B5
:102A500003F0030343F48033934314BF6FF0430048
:102A6000002070BD01242C7083F31188BFF36F8F99
:102A70004FF08043154EC3F804210225C3F8181502
:102A8000C3F8045311F0030134604FF01806C3F883
:102A90000863C3F80C21C3F81021D3D11022C3F866
:102AA0003825C3F80463D3F81824D20302D4C3F83A
:102AB0000453C7E7C3F80443FFF752FF0028C1D10E
:102AC000034BC3F80041BDE71E6D00200800004025
:102AD00000E100E02DE9F0434FF080434E4DD3F884
:102AE0000891D3F80423D3F800E18046D3F8040317
:102AF000D3F804C1D3F80C11D3F810412F68AE6895
:102B00000435003485B002F0010218BF01242D689D
:102B1000B9F1000F03D04FF00009C3F80891BEF1DE
:102B2000000F69D04FF080434FF0000EC3F800E172
:102B30005AB14FF08043DFF8E4E001224FF0020980
:102B4000C3F80823CEF800901A61BCF1000F41D100
:102B500061B1324B4FF08049002119604046C9F8FD
:102B60000C11FFF7C3FE0123C9F8143074B14FF004
:102B7000804300210124C3F810114046C3F80443E8
:102B8000FFF7EEFE10B9264BC3F800414FB1224BC0
:102B900000221A601B6801934FF48E70019B00F0B5
:102BA0008FFB4EB11F4B00221A601B6802934FF43B
:102BB0009270029B00F084FB55B31B4B00221A60FD
:102BC0001B680393039B4FF4907005B0BDE8F0437E
:102BD00000F076BB4FF080430022C3F80421820747
:102BE000B6D50222C3F80823D3F81C349B07AFD113
:102BF0000029BCD00124ACE7002AA6D04FF08043C6
:102C0000D3F80C3403F00113B3F1011F9DD190E709
:102C100005B0BDE8F08300BF1C010040340C00404B
:102C200000E100E02401004020010040014601488D
:102C300004F061BEF89C0020020600F00F0303D5EB
:102C4000072B05D909487047072B07D90848704753
:102C50000848242202FB03002830704703F10900D2
:102C6000044B242202FB0030F6E700BFE0140020F2
:102C7000241600209813002038B505460F4802F0AE
:102C800099FAB0B10E4C217845B181B943681B68FF
:102C9000984758B110F1440F08D038BD61B143686E
:102CA00029465B68984710F1100FF2D1257000207B
:102CB000F3E76FF01200F0E70846EEE78E830000BE
:102CC000216D00200949BFF35B8F51E8003F43F0BD
:102CD000010241E800200028F7D1BFF35B8FDB073A
:102CE00003D40839024804F006BE7047A813002038
:102CF000B817002010B5054C0021204602F0B8FCA2
:102D000018B1043004F05AFDF6E710BDF89C00201D
:102D100013B56C46002318222146134802F058FBD5
:102D2000002818DAFFF7E6FF0023182221460E4894
:102D300002F04EFB00280CDB009B94E803001A1DF8
:102D400082E8030004221A751846FFF76FFFFFF7A9
:102D5000B9FF002305E0009B94E803001A1D82E8F8
:102D60000300184602B010BDC89C0020817870B5E1
:102D700006460846FFF760FF0B060546F47813D5B4
:102D8000002C41D1FFF7C4FF034600283CD00122AC
:102D900085F82240027503220274DD60FFF746FFCA
:102DA000BDE87040FFF78EBF54B1012C2CD1FFF766
:102DB000AFFF034640B385F8214004750474ECE787
:102DC000FFF7A6FF00B3B27812F0800F02F00F03F6
:102DD0000E4A0FD0072B9BBF142101FB0323D2F80F
:102DE000A836D3F80836EB60012303750223037479
:102DF000C560D3E7072B9BBF142101FB0323D2F847
:102E0000A837D3F80837EEE770BD00BF0070024066
:102E1000F0B5064689B01822002102A804F0DFF9B7
:102E20003378013B052B20D8DFE803F07703141F2C
:102E3000671603238DF814300024FFF769FF03465B
:102E400098B105A9047500F10C0203C982E80300DA
:102E500018461DE00423EDE7B1780846FFF7ECFEC5
:102E6000837A05461BB1032B43D909B0F0BD0B068D
:102E7000F47812D5002CF8D1FFF74AFF034600285A
:102E8000F3D0012285F82240027503220274DD602E
:102E9000FFF7CCFEFFF716FFE7E75CB1012CE4D1AA
:102EA000FFF736FF03460028DFD085F82140047580
:102EB0000474ECE7FFF72CFF07460028D5D0012368
:102EC000037502230374C56005F10C01B07803F0AB
:102ED000EDFE134AE968B2F8B0328B4206D95B1AAC
:102EE000A2F8B03203F0F9FE3846D1E7A2F8B042BA
:102EF000FAE73046FFF73AFFB7E76846FEF7B8FC57
:102F00009DF80130052B04D19DF8003013F0600FBF
:102F1000ABD0044B059301248FE702248DE700BF5B
:102F20009813002004150020F8B500253F4F2E46C9
:102F300065F07F00C0B2FFF77FFE03690446002BF7
:102F400056D02369E660C4E9063301231D44082DE9
:102F500084F8203084F8216084F82260E8D10025CC
:102F6000324F2E46E8B2FFF767FE03690446002B96
:102F700049D02369E660C4E9063301231D44082DC6
:102F800084F8203084F8216084F82260EAD1284C4B
:102F9000D4F85831002B3FD0D4F85831C4F8603100
:102FA000C4F864310122002384F86821C4F8543144
:102FB00084F8693184F86A31D4F89C323BB94FF413
:102FC00080621C49194802F003FA002818DBD4F883
:102FD0009C32C4F8A4320020C4F8A832012384F83B
:102FE000AC32C4F8980284F8AD0284F8AE0209E06D
:102FF00000F110014022384602F0EAF90028A0DA78
:103000006FF00B00F8BD00F110014022384602F0CD
:10301000DFF90028ADDAF3E74FF4806204F5AC7114
:10302000024802F0D5F90028B6DAE9E7AC9C0020A6
:1030300098130020341600202DE9F043DFF87C922D
:103040009A4D85B080460021484602F011FB0746A4
:1030500010B905B0BDE8F0836B793A7D5BB9002A01
:10306000F1D13A7B042A52D8DFE812F0CD008F006C
:103070009900DB00E700042A49D801A151F822F0A9
:1030800063300000953000005132000079320000BA
:10309000893200003B7CFC68032B38D8DFE803F062
:1030A000023F5E63A66908220021304604F097F8CB
:1030B0007F4BD3F880243270D3F884247270D3F815
:1030C0008824D3F88C1442EA01227280D3F8902429
:1030D000D3F8941442EA0122B280D3F89824D3F8AA
:1030E0009C3442EA0323F3800823E3600021236831
:1030F000607A984796F90030002B0CDBF28852B1C9
:10310000B5F8B0329B1AA5F8B03203F0E6FD381DD1
:1031100004F054FB97E70023A5F8B032F7E794F8E2
:103120002130002BF3D094F82030002BEFD0002674
:1031300084F821604FF0FF3184F820605D4802F090
:10314000E7F9A36901936368CDE9023601A9607AC2
:10315000FEF7ECFA574802F04BFAD8E72368012152
:10316000607A9847D3E7A37A63B994F823304BB9D0
:103170004FF0FF314F4802F0CBF903F0C3FD4D484B
:1031800002F036FA23680221EAE7FEF785FA002802
:10319000BDD1FEF7A5F90120FFF76EFDB7E70024CA
:1031A00064F07F00C0B2FFF747FD037A13B1407AA5
:1031B000FEF7EEFD0134082CF2D195F850311BB129
:1031C00095F85101FEF7E4FD0024E0B2FFF734FD6D
:1031D000037A13B1407AFEF7DBFD0134082CF4D1F9
:1031E00095F894321BB195F89502FEF7D1FD0120B8
:1031F000FEF72CFA01236B712B68002B87D000217E
:103200000220984783E700246C71FEF77BFD20467F
:10321000FFF732FD2B68002B3FF479AF21460420E5
:10322000EFE7002B3FF473AFFEF786FD2B68002B12
:103230003FF46DAF00210520E3E72A68002A3FF440
:1032400066AF002B3FF463AF0021062090475EE796
:1032500008F10C044FF0FF31204602F059F9FFF756
:1032600063FE204602F0C4F958F8083C002B3FF4F6
:103270004EAF00210120C4E758F8083C002B3FF472
:1032800046AF00210A20BCE7002003F078FEFEF7DD
:1032900039FDFEF71BF9FFF72DFDFFF745FE012075
:1032A00003F06DFE0448FEF701FA30E798130020A2
:1032B00000700240AC130020112E0000F89C00208A
:1032C000B0F5907F10B517D0B0F5927F04D0B0F56F
:1032D0008E7F13D1012400E00224FFF719FD68B1AD
:1032E000002202750473FFF7A1FC054B1B792BB17B
:1032F000BDE81040FFF7E6BC0024EEE710BD00BFBC
:103300009813002038B51A4C257965BB194BA56078
:1033100004F11400C4E9033504F06CFA2A460121D3
:10332000272000F0EFFC1448FEF7C0F9134B984239
:103330001BD1012003F023FEFFF7F6FD054608B977
:10334000012323710E4B1B680BB1FFF7BBFC4FF041
:103350008043D3F83834DB0703D54FF48E70FFF782
:10336000AFFF284638BD0025FBE76FF00405F8E7FE
:103370009813002039300000112E00000000AD0B22
:10338000F89C002038B54FF0FF31274802F0C0F814
:10339000FFF7B0FC002464F07F00C0B2FFF74CFCE4
:1033A0000546103004F00AFA013424220021284690
:1033B00003F015FF082CEED10024E0B2FFF73CFC2F
:1033C0000546103004F0FAF9013424220021284681
:1033D00003F005FF082CF0D1144C04F5AC7004F098
:1033E000EDF92422002104F5A47003F0F8FE04F5A1
:1033F000277004F0E3F92422002104F5237003F080
:10340000EEFEFEF77FFCFEF761F80020FFF734FCCC
:10341000002003F0B4FD002504F11400257102F032
:10342000E7F8284638BD00BFAC13002098130020F1
:10343000064B1A7932B15B79002B0CBF6FF012008A
:10344000002070476FF01200704700BF98130020F3
:1034500038B50E4B1B790146A3B105782846FFF716
:10346000EBFB18B96FF01504204638BD45720B7997
:10347000498883724C1E0C404160F3D1284603F00A
:1034800010FCF1E76FF01204EEE700BF9813002084
:10349000114B1A7910B50146BAB15B79ABB1FFF7A0
:1034A000CBFB0446A0B1837A032B05D8DFE803F0F9
:1034B0000210090903F029FC0020A369E060E36120
:1034C00010BD0846FEF7AEF9F6E76FF01200F7E719
:1034D0006FF01500F4E700BF9813002008B50A4B01
:1034E0001A7901464AB15B793BB1FFF7A5FB38B1C8
:1034F0000846FEF79DFC002008BD6FF01200FBE7B8
:103500006FF01500F8E700BF9813002038B50B4B9B
:103510001A7905460C4652B15B7943B1FFF78CFB33
:1035200040B12846FEF78AF92070002038BD6FF0C0
:103530001200FBE76FF01500F8E700BF98130020BA
:103540000D4938B50B7905466BB1FFF775FB68B1CE
:10355000047A74B901230372487918B12846FEF73A
:1035600017FC204638BD6FF01200FBE76FF0150026
:10357000F8E76FF04400F5E7981300202DE9F043D9
:103580002F4C1F46237985B0064689469046002B6E
:1035900050D06379002B4DD003064ED5FFF74CFB7E
:1035A0000546002849D04FF0FF3104F1140001F026
:1035B000AFFF95F8223003F0FF024BB104F1140085
:1035C00002F016F86FF00A04204605B0BDE8F0835B
:1035D0006C68A86944452BBF4446012385F8232025
:1035E00085F823302246494603F0CCFDEC6007B154
:1035F0003C60AC7A4CB9FEF787F9B04205D003F0D5
:1036000081FB104801F0F4FFDEE7012385F822304A
:10361000AB6901930024EB68029301A9304603943F
:10362000FEF784F8084B98421CBF85F822406FF0E3
:103630000404E6E76FF01204C6E76FF01504C3E771
:1036400098130020AC1300200000AD0B2DE9F041D1
:103650001D461E4B90461A790F46002A30D05B79E2
:1036600073B303062FD411B9B8F1000F2BD1FFF7B4
:10367000E3FA044638B34FF0FF31154801F048FF34
:10368000E36843451E4628BF464657B9B8F1000FC8
:1036900007D105B12B600E4801F0AAFF0020BDE85C
:1036A000F0813246E169384603F06CFDE36933444A
:1036B000E361E3689B1BE360002DECD02E60EAE73A
:1036C0006FF01200EBE76FF01500E8E798130020A9
:1036D000AC13002038B51A4D2A79034632B36A7903
:1036E00022B31B0625D4FFF7A7FA044608B34FF010
:1036F000FF3105F1140001F00BFFE3688BB90125E0
:10370000A36984F82050E36194F821304BB1FFF7AE
:10371000FFFA88B10575C4600574FFF787FAFFF7F3
:10372000D1FA084801F064FF002038BD6FF01200A4
:10373000FBE76FF01500F8E76FF00B00F5E700BF4F
:1037400098130020AC13002008B5074B1B792BB150
:10375000FFF772FA28B10160002008BD6FF0120077
:10376000FBE76FF01500F8E798130020014B186095
:10377000002070479813002008B5074B1B7923B130
:10378000FFF75AFA20B1406808BD6FF01200FBE75E
:103790006FF01500F8E700BF98130020104B0022CF
:1037A00010B4C3F840214FF02002EFF3118482F3EC
:1037B0001188BFF36F8F0B4AD3F80405116840F2EC
:1037C0004713401A20F07F40B0FBF3F003FB0013D7
:1037D000136084F31188BFF36F8F10BC02F06CBCD0
:1037E000001001404C16002037B51F4801F0E2FCE4
:1037F000002835D043681D4D1B68012198470024DF
:1038000040F24713C5F80845C5F840354FF48033FA
:10381000C5F84433C5F8043303F1804303F58A53F4
:103820004FF400321C601B680193019B104B012177
:10383000C3F880211120224600F064FA112000F024
:103840002FFA0C4A012313602B60D5F8043503F2DC
:10385000471323F07F43C5F84035204603B030BD01
:103860004FF0FF30FAE700BF8483000000100140F2
:1038700000E100E0081001404CF6690270B5B0F1BB
:10388000FF3F08BF10464FF02003EFF3118483F38E
:103890001188BFF36F8F1349134DD1F804352E688B
:1038A00001389042A8BF10469A1B22F07F4240F296
:1038B000471502F5A37220EAE07005FB0020B0FB7B
:1038C000F5F005FB0060C31A23F07F431F2B98BF60
:1038D000401920F07F40C1F8400584F31188BFF300
:1038E0006F8F70BD001001404C1600204FF0200279
:1038F000EFF3118382F31188BFF36F8F084AD2F878
:103900000405084A1268801A20F07F4040F24712EE
:10391000B0FBF2F083F31188BFF36F8F704700BFE5
:10392000001001404C16002004488168006A88425B
:1039300003D003494FF080520A607047801700207F
:1039400004ED00E0044800232021C2180133302B8D
:1039500082F80013F9D1704700E100E0094A0A49F2
:10396000936809689966094958664B6843F0805323
:103970004B60002383F31188BFF36F8F9368986EB9
:10398000704700BF801700207880000000ED00E045
:10399000202080F31188BFF36F8F11498A684FF0A0
:1039A00028001044EFF3098C80E8F01F0D4F4FF012
:1039B00000660A6A8A603E60506E0023536680F398
:1039C000118804B50648806803F021FBBDE8044077
:1039D00002F1280090E8F01F8CF30988704700007E
:1039E0008017002004ED00E01EF0040F0CBFEFF381
:1039F0000880EFF30980816931F8021C11F0FF01A2
:103A00000229FFD001B503F0F3FA01BD38B51B4C14
:103A100005461B4802F0B4FFA36AD90602D519482F
:103A200002F0AEFFA36A1A0702D5174802F0A8FFFA
:103A3000A36A9B070ED5154802F0A2FF616BA36A2B
:103A4000180607D5124802F09BFF1DB1A36A23F0A8
:103A50008003A362094CA36ADA0702D50D4802F07D
:103A60008FFFA36A9B0602D50B4802F089FFA36A69
:103A7000A36A43F0FF03A362002038BD00ED00E01D
:103A800030840000478400007B8400008F840000A5
:103A9000A8840000BF840000DF84000038B51E4CFD
:103AA00005461E4802F06CFFA36AD90402D51C48E3
:103AB00002F066FFA36A1A0502D51A4802F060FFF9
:103AC000A36A9B050ED5184802F05AFFA16BA36AA2
:103AD000180407D5154802F053FF1DB1A36A23F45B
:103AE0000043A3620C4CA36A590502D5104802F0AA
:103AF00047FFA36ADA0509D50E4802F041FF064ADE
:103B0000936A43F47F439362002038BDA36A9B0409
:103B1000F5D50948F1E700BF00ED00E0A283000001
:103B2000B98300007B840000CB830000E5830000A4
:103B3000FB83000017840000DF84000010B5194CDF
:103B4000194802F01DFFA36A9A0102D5174802F036
:103B500017FFA36ADB0102D5154802F011FFA36A23
:103B6000180302D5134802F00BFF0E4CA36A590349
:103B700002D5114802F004FFA36A9A0302D50F4848
:103B800002F0FEFEA36ADB0302D50D4802F0F8FE48
:103B9000044A936A6FEA03436FEA13439362002077
:103BA00010BD00BF00ED00E00F850000288500007B
:103BB0003C85000057850000768500009C8500004C
:103BC000B785000038B5274C6368C3F30803DA1ED5
:103BD0000546092A3AD8DFE802F00533353039398D
:103BE00039393937204802F0CBFEE36A9A0703D50A
:103BF0001E4802F0C5FE02E0E36A5B0005D4002027
:103C00002946BDE8384000F0DFB8194802F0B8FE98
:103C1000184B1B782BB10120FFF7F8FE0628EFD1D7
:103C200038BD154B1B781BB10120FFF737FFF5E7B7
:103C3000124B1B889BB2002BE1D0FFF77FFFEDE713
:103C40000020E9E70020F0E70D48D2E70D480E49D3
:103C5000A3F110020F2BD8BF01460C4802F090FED2
:103C6000CDE700BF00ED00E01186000029860000CE
:103C70004B86000028ED00E029ED00E02AED00E091
:103C80006B860000E3850000F8850000A286000036
:103C9000024A536943F010035361704700ED00E09E
:103CA00043B2002B08DB012200F01F0002FA00F0F3
:103CB0005B09024A42F82300704700BF00E100E0C0
:103CC00043B2002B0DDB01225B0900F01F0002FA5A
:103CD00000F02033034A42F82300BFF34F8FBFF3B5
:103CE0006F8F704700E100E04209054B00F01F00B4
:103CF00053F82220012303FA00F01040704700BF60
:103D000000E100E043B2002BA8BF03F1604301F1E2
:103D100001014FEA4111AEBF03F5614300F00F000E
:103D2000034BC9B2ACBF83F800131954704700BFEE
:103D300014ED00E02DE9F0418C18884617461E4628
:103D400004220A9B0999054603F0E9FEA4F1200329
:103D50000C4923F00703002221F00101C5E91322D9
:103D6000C5E916879961069959600799996008997C
:103D7000D9604FF080711E60D961AB646A66BDE89E
:103D8000F08100BF57660000014910220A607047A9
:103D900010ED00E0404080F3118830BF704700BF55
:103DA000404080F31188DFF81CC0DCF800C01CF430
:103DB000006C0CBFEFF30880EFF3098001B5FFF74B
:103DC00001FF01BD04ED00E038B504460D460528AD
:103DD0001AD8DFE800F00319191315170D4802F07F
:103DE000CFFD01F06DFFAA6901460B4802F0C8FD46
:103DF00029462046BDE8384000F018B80748EEE7ED
:103E00000748ECE70748EAE70146074802F0B8FD33
:103E1000E7E700BFB686000054870000D6860000A2
:103E2000FC8600001687000031870000052810B5C9
:103E30000CD001F0ADFF60B101F0AAFF0C490D4BB1
:103E4000002808BF19460C4802F09AFDFFF7A2FFB0
:103E5000FCE701F0ADFF0028EED1084C0848A1684E
:103E600002F08EFDA068BDE8104000F00BB800BF66
:103E70009087000094870000A5870000801700202D
:103E8000C587000038B505464FF02003EFF31184D5
:103E900083F31188BFF36F8F03F022FE0A4B9B68F8
:103EA000AB420BD1094B5A68C2F3080212B9204643
:103EB000FFF754FD5A6842F080525A602046BDE830
:103EC000384003F04DBD00BF8017002000ED00E03A
:103ED00001B5EFF30580A0F110004FEAC0000449DE
:103EE000014409C99847BDE8014002480047000065
:103EF000007C00002939000003F07EF800F004F88F
:103F000030BFFFF7FDBF00BF08B50E4B83F3098834
:103F1000EFF3148343F0020383F31488BFF36F8F2E
:103F2000094B0A4A23F07F039360BFF34F8FBFF31F
:103F30006F8F01F06BF901F073F9FFF703FD01F0EA
:103F40009DF900BF889600200000000000ED00E011
:103F50001FB5094B0193094B029304A8084B039327
:103F600001AB40F8103D074A074B012100F076F8FD
:103F700005B05DF804FB00BF000000200000000059
:103F800000000B06000000200000042030B5D1E93D
:103F90000043202B896817D9B3F1004F16D8013B95
:103FA000B3FA83F3C3F11F035B00072841F001015B
:103FB0000ED824F01F02084D024342F010020B43BA
:103FC000A860EA602B6130BD0823EEE73E23ECE7F2
:103FD0006FF01500F7E700BF90ED00E0034B0522FE
:103FE0005A60BFF34F8FBFF36F8F704790ED00E0C3
:103FF000BFF35F8F014B00225A60704790ED00E0E5
:1040000013490868082810B51ED8FFF7F1FF114CB6
:1040100049680022904201F10C0105D10E4B187045
:10402000FFF7DCFF002010BDA26051F80C3C23F02C
:104030001F0343F010031343E36051F8043C43F0C3
:10404000010323610132E5E74FF0FF30EBE700BFEA
:104050004C7E000090ED00E0226D0020F8B5104C81
:10406000074620780E460025B54208DA57F8251095
:104070004B6893B15A1E134203D06FF015002070A5
:10408000F8BD1F2BF9D90B681A42F6D1C0B2FFF761
:104090007DFF10F1160FF0D001300135E4E700BFCD
:1040A000226D002070B5104B064618780D4600248E
:1040B000AC4207DB10F1160F03D00C4B002207288F
:1040C0000DDD70BD56F824104B6833B1C0B2FFF758
:1040D0005DFF10F1160FF4D001300134E8E798606D
:1040E0001A610130EBE700BF226D002090ED00E087
:1040F0002DE9F04FC9B0CDE90C011F4600239346CE
:1041000004939BF800000BF1010548B125287BD0F2
:10411000DDE90C319847013006D14FF0FF330493AD
:10412000049849B0BDE8F08F049B0133CDE9043712
:10413000AB46059FE5E7232C5FD054D8002CEFD089
:10414000202C08BF4FF001095D46AB46BF481BF865
:10415000014B214602F0DCFF0028ECD12A2C5BD178
:104160003A680392002AB8BF524207F10403B8BF6D
:1041700003926C78BCBF0122069205F1020B1F4628
:10418000039BC92B28BFC82303932E2C69D19BF80E
:1041900000302A2B62D13D680BF1010B0437C92D89
:1041A0009BF80040A8BF4FF0FF350BF1010B2146F3
:1041B000A74802F0ADFF18B19BF800400BF1010BCE
:1041C000672C7CDC652C80F2E080472C4CDC452C95
:1041D00080F2DB80002CA3D0252C00F03583C82C86
:1041E00040F33C8399E72D2C0BD0302C07D02B2C9F
:1041F000079B08BF01230793A6E70126A4E70294C3
:10420000A2E7012306939FE74FF0000920230293C2
:10421000CDE906994E4698E7A4F13003092B0390A7
:10422000B3D80A22AB461BF8010BA0F13003092BCF
:104230000446A5D8039B02FB0300A0F130030393BF
:104240005D46EFE700FB0535303D93465A4612F8D0
:10425000013BA3F130010929F4D9A0E700250A2088
:10426000F4E74FF0FF35A2E7632C6FD032DC582C17
:10427000B5D13B1D05933968002E00F0DC8247F66E
:104280003003ADF854300DF156072B461022384656
:1042900002F0C6FF582C06D10DF1530212F8013F6F
:1042A000002B40F0CA820DF15408002EA7EB08083D
:1042B000404414BF4FF002094FF0000929E0702C70
:1042C00000F094822BDC6E2C00F0538200F35782B6
:1042D000692C84D13C683B1D002C059342DA2D23C8
:1042E000B4F1004F8DF8543041D061420DF15508C2
:1042F0002B4640460A2202F093FF079B804415A8F4
:10430000A8EB0000002B3DD1B9F1000F01D14FEA1D
:10431000D4790135029B18BF2023029380E0752CCD
:1043200000F08082782CA4D0732C7FF458AF3B1D12
:104330003968059300268B5D002B00F066820136FC
:10434000C82EF8D1002D80F2628266E23B1D0593F3
:104350003B688DF8543000238DF8553001264FF01E
:1043600000091CE2079B23B12B238DF85430214612
:10437000BCE7B9F1000F01D02023F6E721460DF18B
:104380005408B5E7DDF81C90C3E7073727F00707A7
:1043900007F10803D7E900C70593FB0243EA5C5322
:1043A00023F000414FEACC220B46C7F30A58CDE96F
:1043B000102340F2FF7310469845CDE90001604696
:1043C00048D10028DDE9001277F10003B8BF2D23A2
:1043D00015A8B6BF8DF8543003460DF155030A43B6
:1043E000A4F1410403F1030825D1192C1DD8492259
:1043F0001A704E225A7046229A700022DA70079B79
:10440000A8EB0000002B40F05682B9F1000F07D155
:104410009DF85410A1F12D03D3F1000949EB0309D4
:10442000C8283FF77AAE0646B9E169221A706E22B3
:104430005A706622E0E7192C99BF4E2241216E2264
:10444000612194BF1A701A705970D5E7EA8700008D
:10445000F0870000DDE90023462C42EA080243EA27
:10446000E87308BF6624134343D0DDE90023002826
:1044700043F00043CDE9102377F10003A8F2FE38A2
:1044800039DA2D238DF854300DF1550A00230093AD
:1044900018F1020F3EDBB8F1000F79DC10A808F12B
:1044A000010802F0E5FEB8F1040FF7D1002D24F069
:1044B0002003B8BF0625472B40F09780002E40F020
:1044C00092802B1C18BF01230893009B033304DB4D
:1044D000009A6B1C9A4240F38D80672C0CBF6524B8
:1044E000452405F10108102398450F93A8BF98466D
:1044F00089E04FF00008079B0BB12B23C2E7B9F10D
:10450000000F01D02023BDE70DF1540ABEE710A82B
:1045100002F0AEFEDDE9107C00230B93CDF828C03D
:10452000DDE90A01A84A00238B4208BF824208F154
:104530000108ECD30522A7FB0201CDE90801099B84
:1045400002FB0C330993DDE90823CDE91023009B1E
:10455000013B00934FF0000C099A002300216FF0FB
:104560000040994208BF904207D2BCF1000F8FD0A3
:10457000DDE90823CDE910238AE7DDE90823921855
:104580005B41CDE9082308F1FF384FF0010CE3E768
:1045900010A802F081FE009B01330093DDE9102397
:1045A000CDE9082308F1FF384FF0000C099A0023E9
:1045B00000216FF00040994208BF904208D2BCF140
:1045C000000F3FF468AFDDE90823CDE9102362E76F
:1045D000DDE9082392185B41CDE9082308F1FF3893
:1045E0004FF0010CE2E700236EE70023662C0893EE
:1045F0007FF477AF009B13EB05084BD510230F9387
:1046000066244FF0000848A900224FF0006361E9DA
:10461000362318F1FF383FD2DDE91023DDE912011E
:10462000171843EB01083A464346CDE9102308F03A
:1046300070420023134308D010A802F02DFE10A8EA
:1046400002F016FE009B01330093662C0AF101086C
:1046500040D1009B002B29DD534498460FA910A898
:1046600002F04BFE0AF8010BC245F7D1002300937C
:1046700006B95DB12E2388F80030464608EB0503E5
:104680004FF0300AB34215D10135A844089B002BE6
:1046900039D160E0662426E708460A9102F0FCFD65
:1046A0000A99084602F0E4FD0A99B2E730238AF835
:1046B0000030DDE7009A2AB1013286F801A00092AD
:1046C0000136DFE70FA910A80A9302F016FE0A9B35
:1046D0007070F5E70FA910A802F00FFE302818BF80
:1046E000009B8AF800001CBF03F1FF33009306B95A
:1046F0003DB10AF102082E238AF8013045444545B0
:104700002ED1089B43B118F8012C302A08F1FF3351
:104710002DD02E2A08BF984624F02003452B1AD10D
:10472000009B88F80040002BBBBF5B4200932B230B
:104730002D2388F801300A22009B93FBF2F303F14A
:10474000300188F80210009902FB1317303788F8FF
:10475000037008F10408002388F8003015A84EE61D
:104760000FA910A802F0C9FD08F8010BC7E7984689
:10477000C9E73B1D05933B68049A1A60D9E43B1DC9
:104780000593396816B330238DF8543059BB013581
:10479000029B8DF8551018BF202389460293039B76
:1047A000B34240F38680069B15AD002B58D02023E2
:1047B000039AAB550136B242FAD1DDE9033215ACAA
:1047C00013441D46A41A70E03233333315A80DF19B
:1047D00054082B460822A0EB080802F021FD4044B3
:1047E0004FF0000995E50DF15500F0E73B1D0593ED
:1047F00047F63003ADF854303968082310220DF124
:10480000560002F00DFD0230EAE7002D02DBAE4259
:10481000A8BF2E46002E3FF48CAC324615A802F0FD
:10482000B1FC9CE53B1D05930A222B46396815A86F
:1048300002F0F6FCD4E715AF27E5A3F161011929D1
:104840009CBF203B137029E50D990C9B204698478F
:1048500001303FF462AC049B01330493059768E494
:10486000039B9C1B721C2819294602F074FC069BB2
:10487000029A202A18BF4B4606931C44069BA3426B
:104880009BDA069B1A469DF80830AB541346013359
:104890000693F3E7049B0D99E05C0C9B984701306D
:1048A0003FF43BAC049B01330493049BAB42F1D136
:1048B0003FE4039681E7DDF81C90B1E50EB40FB537
:1048C00005AB6FF0004153F8042B029003910648AA
:1048D000019302A9FFF70CFC029B00221A7004B09E
:1048E0005DF804EB03B070473173000008B5094B65
:1048F0001A786AB90121197006200521FFF702FA1A
:104900000620FFF7CDF9044B4FF00042C3F8042313
:10491000002008BD236D0020006000401F288ABFD2
:10492000094B4FF0A04300F01F0003EB8000D0F8CC
:10493000003723F44033C0F80037D0F8003743EA9B
:104940000141C0F80017704700030050F7B5036835
:1049500086689B6801F01F040D464C491B79D1F80D
:10496000042344EA4314D2B2002303F5A27051F8A1
:104970002000C0F3052084426CD122FA03F0C00766
:1049800068D59A0002F1804202F5C042D2F81005C3
:1049900020F00100C2F81005012202FA03F3C1F869
:1049A000083320460021FFF7B9FFB068E84010F057
:1049B00001004DD0F068E84010F0010048D0706967
:1049C000E84010F0010251D0B369EB40DB0745D459
:1049D0003369F269EB4022FA05F503F0010305F0B3
:1049E0000105AB420CBF02250125284F002101F52E
:1049F000A27357F8230010F0030031D18A0002F1AE
:104A0000804303F5C0432402D3F8106526F44F36E3
:104A100026F44076C3F81065D3F8106504F47C548E
:104A200002F1804202F5C24244EA05453543C3F82B
:104A30001055106012680192019AD3F8102542F0C7
:104A40000102C3F81025012303FA01F1C7F804138A
:104A500003B0F0BD0133082B87D1A2E70325C4E7DB
:104A600001310829C3D16FF01200F1E7F169336910
:104A70004B4023FA05F515F0010F20460CBF03212A
:104A80000221FFF74BFF1046E2E700BF0060004045
:104A90002DE9F84F0746856803F47040B0F5804F64
:104AA0001E4647D02ADCB0F5805F3BD0B0F5405FB2
:104AB0003CD050BB06F44078B8F5807F3CD0A8F5D8
:104AC00000746342634106F0010C4FEA4C0801296F
:104AD00048EA0C0818BFD4B248EA0020DFF8D4A096
:104AE00012BFA1464FF01F09002440EA83084FF08F
:104AF000010BA14522D20020BDE8F88FB0F5E04FB0
:104B000016D005DCB0F5A04F0ED06FF01500F3E71E
:104B1000B0F5404F04D0B0F5504FF6D10720C9E7AB
:104B20000620C7E70120C5E70320C3E70420C1E74B
:104B30000520BFE70220BDE70323C4E73B689B686D
:104B40001A7904F01F0343EA42131F2BC6BF03F078
:104B50001F0352464FF0A04203F5E073B10742F83D
:104B60002380AB680BFA04F24CBF13439343AB6052
:104B70006B69B0064CBF134393436B61AB6971061D
:104B80004CBF13439343AB612B6970074CBF134376
:104B900093432B61EB6931064CBF1A4323EA0202AF
:104BA000EA6121463846FFF7D1FE0028A4D101343E
:104BB000E4B29EE700030050F0B5002685B0CDE9D1
:104BC00002662B4D2C68012C0BD12A4802F030FCD8
:104BD0000290294802F02CFC03902E602B68009371
:104BE000009B264E002301279C46D6F8042307FA93
:104BF00003F111421ED003F1805202F5C25292001D
:104C00001168012916D103F5A2700DF1100E56F8A6
:104C10002050C2F800C0C5F340300EEB8000C5F351
:104C20000425A940126850F8085C01922943019AB2
:104C300040F8081C0133082BD7D1029A1AB10D494C
:104C4000886802F082FB039A2AB10A4B03F10C0137
:104C5000586902F07AFB012C08D1064802F011FCD9
:104C6000054805B0BDE8F04002F00BBC05B0F0BD52
:104C70007C610040349C0020409C0020006000408B
:104C800002480021C2E90001002070470024F4001E
:104C900008B503689868002200F10801FCF714F8D1
:104CA000034B984214BF6FF00F00002008BD00BFF7
:104CB0000000AD0B2DE9F0479846036884689E68B4
:104CC0000F4606F10801154606F10C000B46A3EB52
:104CD000010913F8012BFF2A5FFA89F903D022F0AA
:104CE0008002974224D08342F1D16FF01500BDE8D5
:104CF000F087B5F5004F17D3002325FA03F2B2F57C
:104D0000004FD9B20CD2A173A281B27BA389A17B3F
:104D10002560CAF80C15CAF80425CAF8083511E050
:104D20000133082BE9D1E0E70123A373A581ECE768
:104D30003046D6F800A0FCF79DF80028D9D12368AA
:104D40009D42D2D14545D0D304EB4901A27B8B884B
:104D500028FA02F203F4004313438B80B8F1000FEA
:104D600001D0454512D1B14499F90830B8F1000F8E
:104D700036D135BB1F2F86BF07F01F071B4B4FF0E7
:104D8000A043012101FA07F7C3F80C75221D04F1B5
:104D90000C0132F8023BC3F30E0313B1A089984211
:104DA00007D89142F5D10021304601F0D3FE002012
:104DB0009DE70223012206F114013046FCF720F89A
:104DC000F5E7002BD6DA1F2F86BF07F01F07074B2A
:104DD0004FF0A043012101FA07F7C3F80875D5E7A2
:104DE0004545F0D1002BC5DBEDE700BF00030050C7
:104DF000024AD2F80034002BFBD0704700E001409B
:104E0000024B0B6001231360704700BF9016002017
:104E1000012208B51146064802F053FE4FF08052B9
:104E2000044B5169196012695A60002008BD00BF27
:104E300098160020901600202DE9F0410D464FF005
:104E4000805811462846D8F81070B2FBF7F4164681
:104E500002F080FB40B3B5FBF7F307FB13531BBB1A
:104E600007FB146707BB14B34FF0FF31114800F084
:104E700053FF11490223D1F80445D8F81000C1F8B6
:104E80000435FFF7B5FFC1F80855FFF7B1FF361A33
:104E90000544F8D1C1F80445FFF7AAFF054800F022
:104EA00015FF3046BDE8F0816FF01500FAE72046A7
:104EB000F8E700BF9816002000E0014010B50A484E
:104EC0000C464FF0FF3100F027FF084B4CB1002299
:104ED000C3F80425FFF78CFF034800F0F7FE00201D
:104EE00010BD0122F4E700BF9816002000E0014049
:104EF0002DE9F3410E463046194614461D4602F090
:104F000029FB002848D0002D49D04FF0FF3125481B
:104F100000F002FF16F0030018D026F0030802ABE1
:104F2000C0F10407D8F8002043F8042DAF4228BF91
:104F30002F46214618443A4602F024F9FFF758FF5D
:104F4000019BC8F800303E443C44ED1B25F00307AC
:104F5000E0192146341B04E0FFF74AFF0B680B51B0
:104F600004318142F8D1AA086FF0030000FB02521D
:104F70004AB102A8F35940F8043D02F003F9FFF7E3
:104F800037FF019BF351FFF733FF064800F09EFE09
:104F9000002002B0BDE8F0816FF01500F9E7284667
:104FA000F7E700BF9816002070B54B79012B23D18D
:104FB0008B79032B20D1CC792CB1012C1CD1036827
:104FC0009B681B79C3B10A7912B1022A14D10E224F
:104FD00003689B681D680B6847F61226B3426BD0C6
:104FE00027D8B3F5965F61D012D8B3F5167F4DD0B0
:104FF00005D8B3F5967F74D06FF0220052E0B3F578
:10500000966F50D0B3F5166FF6D14FF41D233FE0E5
:10501000B3F5615F4CD004D8B3F5165FECD1324BD9
:1050200036E0B3F5964F45D0B3F5E14FE4D12F4BC1
:105030002EE0B3F5E13F48D012D84DF6C026B3427A
:105040003DD005D8B3F5164FD6D14FF41D031FE060
:10505000B3F5614F36D0B3F5963FCDD1244B17E071
:10506000B3F5E12F37D008D8B3F5613F30D0214EEA
:10507000B342C1D14FF080630AE0B3F5612F2DD068
:105080001D4EB342B8D14FF0805301E04FF41C33B2
:10509000C5F82435836803C92243C5F86C2583E825
:1050A0000300002070BD4FF49E23F1E7134BEFE7A0
:1050B000134BEDE7134BEBE74FF40003E8E74FF436
:1050C0006503E5E74FF46B03E2E74FF0EB73DFE7CF
:1050D0004FF06C73DCE74FF0E863D9E74FF0706393
:1050E000D6E74FF4A033D3E70050270000C0750087
:1050F00000903A0190D0030040420F0000B013002E
:1051000000F03A0000A04E00F8B50022064601214A
:105110000220FEF7F7FD0220FEF7C2FD3368B568F6
:105120009B681C68174B03220827C3F80875C3F84F
:105130000C270022C3F828272323C4F80C352A2380
:10514000C4F8143529463046FFF72EFF0246B0B9A1
:105150004FF48871C4F80075204602F02CFAA96853
:1051600005F10C03C4F8343589680123C4F83835D7
:105170002360C4F84415C4F84825A360E3601046D2
:10518000F8BD00BF00030050094B70B553F8204034
:105190000130002653F82050A54200D870BD236886
:1051A00020465B68984700B166600C34F4E700BFA6
:1051B00064800000104B70B5104C05461E469C42A2
:1051C00004D10E4CB44209D1002412E062681AB135
:1051D00022681268AA420CD00C34F0E763680BB95D
:1051E0000C34EFE723682846196801F0A7FF002870
:1051F000F6D1204670BD00BFAC9C0020E09B002093
:10520000014B986854307047801700200248034AC9
:105210000021121A01F0E3BF00000020486D0020B9
:1052200008B50648064A0749121A01F0ABFF064ABC
:1052300006490748BDE8084001F0A4BF889A00204D
:10524000149E00202C880000000000002C88000024
:105250000000002008B50220FFF796FF0320FFF7AB
:1052600093FF00F01DFEFBF715FA034A137B23F0B2
:105270000103137308BD00BF1417002080B53D4B18
:10528000A2B083F308883C4B3C4E5A693C4D42F433
:1052900000725A610024E02283F82220DC771C7619
:1052A0005C769C765A6A42F4E0225A62FEF7F0FC81
:1052B000FEF76AFD07AB21466C22184601F08FFF0E
:1052C0000127B06020468DF82970FFF75DFF384652
:1052D000FFF75AFF00F052FC2A4B35624FF40052A0
:1052E000CDE90473CDE90244CDE90044264B2749BA
:1052F000284600F089FD6B7B23F0040213F01B0F9E
:105300006A73344604D1AB6913B9284600F09AFA9F
:105310001F4B204E059301220F23CDE903320023BA
:105320004FF4A0721C4900933046CDE901331B4B6A
:1053300000F06AFD737BE66023F004037373184B7F
:10534000C4E90633FEF704FE0D48A56001F05FFED8
:105350000D4B144A184682F3098863B64FF00001DA
:1053600081F31188BFF36F8F00210022002301F029
:1053700072F900BF8896002000ED00E08017002041
:10538000141700200E88000055520000486D0020C0
:1053900013880000A8160020488D0020CF7B000055
:1053A00098170020488D002038B5074C074DAC42B7
:1053B00001D3002038BD04F114032046C4E90533AD
:1053C00000F092FF1C34F2E7AC9C0020E49C00202B
:1053D0002DE9F04F1D1E85B006460C46174659DDD7
:1053E00000F0C0FE80462C484FF4004C00214FF4E2
:1053F000A0220023CCFB0501FAF782FE18EB000285
:10540000264B9046F31A264A9B1002FB03FA5FFADA
:105410008AFA06F1140B009403AB02AA394630460F
:1054200000F0ADFF10F10B0F0BD1009403AB02AAFB
:105430003946304600F0A3FF10F10B0F08BF6FF0A4
:105440000B006379029A84F804A062F3030363718A
:105450006368039A62F31F336360C0B1BDB110F19A
:105460000C0F14D14FF02003EFF3118083F3118858
:10547000BFF36F8F2A46594600F0FAFA6B1CCAD068
:1054800000F070FEB8EB0005C5D56FF00A0005B05E
:10549000BDE8F08F0022B3E7FFFF0400AC9C0020C2
:1054A000B76DDBB670B5047802684178114EC4EB75
:1054B000C404A400120B01F00F01301901F026F80A
:1054C0004FF02003EFF3118583F31188BFF36F8F43
:1054D00004F11400304402F0DEFA28B129460648EF
:1054E000BDE8704002F02EBA85F31188BFF36F8FCC
:1054F00070BD00BFAC9C0020446D0020034B9B6836
:105500000146186E08B102F05CB9704780170020A0
:1055100070B50D4634498B68DA7B013A0446DA737C
:10552000C26808464AB1A36889688B4212D09DB907
:1055300000F06CF96FF00F050AE08B6893F90E30FC
:10554000236101328368E260A36000F05FF9002507
:10555000284670BD2369F3E791F90E1093F90E30D8
:105560009942A8BF194621EAE1714FF02003EFF3F9
:10557000118683F31188BFF36F8FA06890F90E3006
:10558000994201DA00F0ACFA2B4622463146174820
:1055900000F092FA054610B900F038F9D8E7236810
:1055A00021699C4207D033B193F90E309942A8BFCC
:1055B000194621EAE1714FF02003EFF3118583F3DF
:1055C0001188BFF36F8FA06890F90E30994201D017
:1055D00000F086FA85F31188BFF36F8F00F016F99B
:1055E0006FF00A05B4E700BF80170020446D00206B
:1055F0001E4B9A68D37B013B70B50446D373C368D6
:10560000012B05D0013BC360BDE8704000F0FEB83F
:105610004FF02003EFF3118683F31188BFF36F8FF0
:105620000169806890F90E30994201D000F058FA73
:10563000204602F003FA0546A06080B1437BDB06FA
:1056400003D183690BB900F0FDF886F31188BFF32D
:105650006F8F0023AB6695F90E302361D4E7E060CD
:1056600086F31188BFF36F8FCEE700BF801700204D
:1056700038B54FF02003EFF3118583F31188BFF3A2
:105680006F8F046884B12368426823F00303944257
:10569000036008BF43600121204602F018F985F33A
:1056A0001188BFF36F8F38BD29B985F31188BFF317
:1056B0006F8F0846F7E700F108020B4610462946AF
:1056C00000F0FAF918B9034B9B685869EBE72046DC
:1056D000E9E700BF80170020EFF305800D2809D807
:1056E00028B1054B586880F40060C0F3C02080F0FA
:1056F000010070470120FAE700ED00E008B5FEF771
:10570000F5F8054B054A1B6818441061002118463E
:10571000BDE8084002F031BAB4170020801700201D
:10572000F8B50D464FF02003EFF3118483F3118891
:10573000BFF36F8F0D4E0E4B4FF400410027C1FB9E
:10574000006700221A6130464FF4A0220023394638
:10575000FAF7D6FC074B1860074B1D60FFF7CEFF2A
:1057600084F31188BFF36F8FF8BD00BFFFFF040003
:1057700080170020B4170020B01700204FF020033E
:10578000EFF3118183F31188BFF36F8F044B9A6895
:10579000D37B013BD37381F31188BFF36F8F7047C5
:1057A00080170020094B03F12402824205D19B6837
:1057B0008B4202D14B7BDB0607D1D1E900231A6073
:1057C0000A6853600023C1E9003370478017002046
:1057D00038B50D4C024604F1240002F0F8F80546F5
:1057E00000B9E568A3684AB95A7BD20606D1AA690E
:1057F00022B9DA897F2A01D9236238BD9D4201D0BE
:10580000FFF77CFF2562F8E78017002010B54FF006
:105810002003EFF3118483F31188BFF36F8F084BDC
:105820009A68D37B0133D3730120FFF7D1FF84F350
:105830001188BFF36F8FBDE8104002F0A0B800BF21
:1058400080170020F8B54FF02003EFF3118483F3A5
:105850001188BFF36F8F164A114651F8243F8B42CF
:105860000CD05BB1966A90F90E5093F90E70AF426E
:105870000BDCB34202D01B68002BF6D1936A436065
:10588000936A01601860906205E05A68C0E90032CE
:105890005A6810605860437B43F040034373002014
:1058A000FFF796FF84F31188BFF36F8FF8BD00BF39
:1058B00080170020F8B504464FF02003EFF311865F
:1058C00083F31188BFF36F8F194F07F12405014649
:1058D0002846FFF767FF7B6AAB423A460CD05BB1C4
:1058E000B86A94F90E1093F90E708F420BDC834264
:1058F00002D01B68002BF6D1936A6360936A25601F
:105900001C60946205E05968C4E9003159680C6074
:105910005C60637B906843F040036373031B5842F1
:105920005841FFF755FF86F31188BFF36F8FF8BD1D
:10593000801700201449154A8B6810B51468A342DB
:1059400003D1BDE81040FFF7D9BE00241460104A0F
:105950001268BAB1DA897F2A14D80E4A93F90E4038
:10596000126894420EDB0C4A126893420AD09A697C
:1059700042B90A69824203DC1846FFF79BFFE0E761
:10598000121A0A6110BD00BF80170020AC1700205A
:10599000B4170020B01700207C80000038B5044602
:1059A0004FF02003EFF3118583F31188BFF36F8F5E
:1059B000437B5A0607D501460948FFF7F3FE637B90
:1059C00023F040036373074B9868031B5842584108
:1059D000FFF7FEFE85F31188BFF36F8F38BD00BF60
:1059E000A41700208017002070B504460D46164607
:1059F000FFF7D4FF637B43F002036373EDB12B68C1
:105A0000A5609D420CD05BB194F90E2093F90E1065
:105A100091420CDC69688B4202D01B68002BF5D1E7
:105A20006B6863606B6825601C606C6005E05A6899
:105A3000C4E900325A6814605C60731C12D00A48D2
:105A40004FF4004500214FF4A022C5FB06010023BE
:105A5000FAF756FB0549421C04F11800BDE87040F6
:105A600000F0E6BA70BD00BFFFFF0400DB79000064
:105A700070B50F4D0F4C0646A868FFF7B5FFAB6831
:105A800023603046FDF76AFF4FF02002EFF31183E9
:105A900082F31188BFF36F8F2268A968914204BF17
:105AA0000022226083F31188BFF36F8F70BD00BFA7
:105AB00080170020AC17002010B50C461146064A8E
:105AC0009068064A10601A46FFF78EFF2046BDE830
:105AD0001040FDF743BF00BF80170020AC17002027
:105AE0002DE9F84304464FF02003EFF3118983F3C7
:105AF0001188BFF36F8F01F003FF4EB2804600287C
:105B000035D01D4D05F1240721463846FFF74AFEE2
:105B10006B6AA673BB422A460AD04BB1A96A93F9B5
:105B20000E00B0420BDC994202D01B68002BF6D16C
:105B3000936A6360936A27601C60946205E05A6808
:105B4000C4E900325A6814605C600120FFF740FE2F
:105B500089F31188BFF36F8FB8F1000F09D0064B9E
:105B60009B68DB7B2BB9BDE8F84301F008BFA67347
:105B7000EEE7BDE8F88300BF80170020044B00214A
:105B800003F12402C3E909220846FFF7C9BD00BF9B
:105B900080170020F8B5224C224BA2681B689A425D
:105BA00032D04FF02003EFF3118683F31188BFF357
:105BB0006F8F04F12405A1682846FFF7F3FD636A9F
:105BC000A268AB420CD05BB1A16A92F90E0093F9C6
:105BD0000E7087420BDC994202D01B68002BF6D175
:105BE000A36A5360A36A15601A60A26205E059684F
:105BF000C2E9003159680A605A600120FFF7E8FDE8
:105C000086F31188BFF36F8F4FF02003EFF31180FD
:105C100083F31188BFF36F8FBDE8F840FDF79EBE98
:105C2000801700207C800000F8B5044618B9FFF703
:105C3000B1FF2046F8BD1E484FF4004500214FF447
:105C4000A0220023C5FB0401FAF75AFA461C01F012
:105C5000AEFF34184FF02003EFF3118783F3118860
:105C6000BFF36F8F134D144BA8681860FFF796FEB3
:105C7000A86812493246183000F0DAF9AA68537B56
:105C800043F0100353733846FDF768FE01F08FFFB1
:105C9000201A002809DD4FF47A716422002380FB6A
:105CA0000101FAF77DFA0446C3E70024C1E700BF0B
:105CB000FFFF040080170020AC170020DB790000F4
:105CC000014B9868704700BF8017002070B50446EC
:105CD0004FF02003EFF3118683F31188BFF36F8F2A
:105CE00001F0ACFE054670B1437BDB0603D183694E
:105CF0000BB9FFF7A7FD0023AB6631460548BDE8A9
:105D0000704001F01FBED4E902329A4218BF01333D
:105D1000A360F2E7446D002010B402460B464FF03A
:105D20002000EFF3118180F31188BFF36F8F946827
:105D300044B1013C946081F31188BFF36F8F002060
:105D400010BC704733B981F31188BFF36F8F6FF0C8
:105D50000F00F5E7014810BCFFF7AEBE446D002010
:105D600010B5084C08494FF0FF334FF480622046CD
:105D700000F0F2F804F11000044901F0B0FE002038
:105D800010BD00BFB81700208896002018880000BA
:105D9000EFF305800D2807D838B1044B586880F41C
:105DA0000060C0F3C02070470120704700ED00E0A4
:105DB000024B9B68187B00F00100704780170020A1
:105DC00010B502464FF02003EFF3118483F31188DE
:105DD000BFF36F8F437B590704D484F31188BFF35B
:105DE0006F8F10BD23F00403437301F06FFE10B1F9
:105DF0001046FFF727FD21460248BDE8104001F09C
:105E0000A1BD00BF446D002030B587B004460E9D93
:105E100004950D9D03950C9D02950B9D01950A9D82
:105E20000095FDF787FF044B9B6813B9236607B005
:105E300030BD1B6EFAE700BF8017002070B586B03A
:105E4000002605960E9E04960D9E03960C9E0296C5
:105E50000B9E0F9D01960A9E00960446FFF7D4FF05
:105E60006B1C03D02DB92046FFF7AAFF204606B0D1
:105E700070BD09484FF4004600214FF4A0220023D2
:105E8000C6FB0501FAF73CF90449421C04F118006D
:105E900000F0CEF8EAE700BFFFFF0400DB79000066
:105EA0002DE9F04F284E294D87B0B046B54205F197
:105EB00030040FD3FFF762FC244C254EDFF894A08A
:105EC0004FF400490027444521D307B0BDE8F04F07
:105ED000FFF79CBC54F8043C059354F8103C049321
:105EE00054F8143C039354F8183C029354F81C3CA7
:105EF000019354F8203C009354E90A2354E90C011F
:105F0000FFF782FF54F8303CDD642546CEE7616A36
:105F10004B1C04D0256821B92846FFF751FF3034C7
:105F2000D1E7B346BC46C9FB01BC4FF4A022002315
:105F300058466146FAF7E4F85146421C05F118004C
:105F400000F076F8EBE700BFAC9C0020AC9C002092
:105F5000FFFF0400DB7900002DE9F041054686B023
:105F600098460E46174605F1100401F0BCFC0020CF
:105F7000CDE90400CDE90208CDE900503146064BD9
:105F80003A462046FFF75AFF0449204606B0BDE8CE
:105F9000F04101F0A4BD00BF6B6600002188000045
:105FA000034B1B680BB9FDF7A1BC0020704700BF75
:105FB00034180020036840B1084A5268904204D067
:105FC0001BB19A6881680A449A604268136003684A
:105FD0005A600023C0E90033704700BFD89B0020FF
:105FE00038B5104B1B78002B0F4B1C6814BF4FF0BB
:105FF000FF306FF000409C420AD04CB1A568FFF71B
:10600000CFFF281A00280ADBA468FFF7C9FF201A6F
:10601000064B1B6913B19842A8BF184638BD002033
:10602000F6E700BF446D0020D89B002080170020B9
:1060300070B504461646C1604FF02003EFF311859A
:1060400083F31188BFF36F8FFFF7AAFF194B1A680C
:10605000012EACBF801901309A42A06001D05E6869
:1060600032B95A6862605A68236014605C600BE061
:106070009068A168884216DD411A91605168C4E9B0
:10608000002151680C6054601A689A4206D094420C
:1060900004D1FFF7A5FF0021FDF7EEFB85F3118882
:1060A000BFF36F8F70BD091A9642A160D9D01268F4
:1060B000D6E700BFD89B00202DE9F04B0446FFF740
:1060C00039FC4FF02003EFF3118583F31188BFF300
:1060D0006F8F214E214FDFF888903460B846D9F891
:1060E000004032684C45D7E900BC05D024B1A36814
:1060F000934214DD9B1AA3601BEB02004CEBE27190
:106100000024C8E900013460FFF76AFF2146FDF76B
:10611000B3FB85F31188BFF36F8FBDE8F08B1BEBEA
:1061200003004CEBE371D31A33600023C7E900018D
:10613000A3602046FFF73EFF85F31188BFF36F8F02
:10614000E36898474FF02003EFF3118583F311883C
:10615000BFF36F8FC3E700BF34180020000000209A
:10616000D89B00202DE918484FF02003EFF311844D
:1061700083F31188BFF36F8FFDF7B8FB074BD3E9AB
:10618000002312EB000B43F1000C5846614684F3E8
:106190001188BFF36F8FBDE8188800BF0000002092
:1061A000026A002A38B5044602DD0E49FFF740FFB7
:1061B000636A01336362A3690BB12046984754F8C0
:1061C000105FA5420DD065B1284601F0A2FB6B7BA4
:1061D000DB0604D1AB6913B92846FFF733FB002374
:1061E000AB6638BDA16100002DE9F341144E0027D4
:1061F000044688464FF4004530463946C5FB020147
:1062000000234FF4A022F9F77BFF39460090304677
:106210004FF4A0220023C5FB0801F9F771FF01909C
:10622000204601F084FC009B0649019A2362204627
:106230000023636202B0BDE8F041FFF7F9BE00BF82
:10624000FFFF0400A161000043685B6903B11847C8
:1062500018467047002282F31488854682F310881E
:106260000847704770B5C66890F90B000C254D4380
:10627000884206EB0504B4BF71592146202492FBE5
:10628000F4F401EB8401196002F01F0070BD07B542
:1062900001ABFFF7E7FF019A012303FA00F013684F
:1062A0000343136003B05DF804FB07B501ABFFF7D0
:1062B000D9FF019A012303FA00F0136823EA0003CF
:1062C000136003B05DF804FB4FF02003EFF311807F
:1062D00083F31188BFF36F8F7047C30703D581F332
:1062E0001188BFF36F8F70472DE9F8430446436868
:1062F0000589006894F80AC05D43FF222844E272D1
:1063000000214FF00C0E8C4505DC00252389AB42A3
:1063100022DCBDE8F883D4F80C80B5FBF3F20EFB69
:1063200001F71F2A08EB0706C8BF1F324FEA930385
:1063300006F10409C8BF520903F10303C6E9019934
:1063400023F00303D4BFE17248F8070001F1010113
:10635000C8BF00EB8200D6E76268E36820686A4342
:1063600081181E1D86509A684A609A6820461160FE
:1063700099602A460021FFF78AFF0135C6E72DE91B
:10638000F04F8BB0857A00AFC7E90232AB000A3319
:1063900003F4FF63ADEB030D4368E94603334A465C
:1063A00023F0030342F8043904460020854200F13B
:1063B000FF3A0ADD28B113689B08033323F0030377
:1063C000536052F8043F8B4208D2BAF1FF3F07D125
:1063D0003A6D002313606FF00B0043E00130E5E7F6
:1063E000207C10F0010001D0FFF76EFF0C2303FBAF
:1063F0000AF31A1DE3683862134456461D68AB421F
:106400007CD0D5E900131960296859F826204B6023
:106410000023C5E9003323683146EB1A204693FB7D
:10642000F2F2FFF742FF731C7B62A9EB890309EBD1
:1064300086067B617B6A013B9A4517DC396A207CC2
:10644000FFF74BFF3B6D1D60002DC4D0FB68C3F808
:1064500000A02368ED1A59F82A3095FBF3F5BB68C4
:1064600000201D602C37BD46BDE8F08F236856F82C
:10647000042BEB1A93FBF2F37A699B003B6106EB6A
:1064800046031344BB614FF0010BD6F80080796AD4
:106490000BFB08F3FB61EB187B603B6920460BEBC1
:1064A0000302FFF7F4FE7B682268218908F1FF38B8
:1064B0009844A8EB020862684A4390450AD2E26811
:1064C000B969F8690A44111D2950916859609168A9
:1064D0000B6093600BF1010BBBF1040FD5D1207C55
:1064E000396AFFF7FAFE207C10F0010001D0FFF7B7
:1064F000EBFE7B6A386201337B629BE7013E721CD4
:10650000A5F10C037FF47AAF002597E72DE9F04F52
:1065100087B0837A9B000A3303F4FF6300AFADEBCF
:10652000030D4368E946033323F003030546C9F826
:1065300000304C460120814214D2287C10F001002A
:106540000E46904601D0FFF7BFFE0446002E12DA39
:106550004FF0FF342146287CFFF7BFFE1C37BD46B5
:10656000BDE8F08F23689B08033323F0030344F84E
:10657000043F0130DFE759F82630FB6003FB08FBDE
:106580002B68BB6042463146284603EB0B0AFFF7F7
:106590007EFEEA680C2303FB0622BB68111D43F84C
:1065A0000B109368CAF804309368C3F800A0C2F8CF
:1065B00008A0287C2146FFF790FE287C10F00100FF
:1065C00001D0FFF781FE0446002EC3D007F114036B
:1065D000424631462846FFF745FE7A69042390FB80
:1065E000F3F310689B00D84000F00F000F28B1D1E2
:1065F00028F00303BB60FB68013B4FF0000A7B609F
:10660000BB68B5F808C0696803EB0A02FB6803FBC6
:1066100002FB7B6801FB0CF103EB0B00884211D2FB
:1066200031462846FFF741FE2A6802EB0B0152F87B
:106630000B004B68186052F80B004360002342F8CF
:106640000B304B600AF1010ABAF1040FD8D198FB64
:10665000FAF8013E7AE708B50446084611461A469C
:10666000A047FFF72DFBFDF70DFC10B504464FF0DA
:10667000FF312046FEF7FCFF03460028F7D0083321
:106680004268BFF35B8F53E8001F21F0010C43E821
:1066900000CEBEF1000FF6D1BFF35B8FCB0700D564
:1066A0009047FFF777FAE2E70020704770B504469D
:1066B0000D464520A04729465220A047294623469B
:1066C0005220BDE8704018472DE9F04F89B01C46B4
:1066D0004FF0000A531E06460F4603934FF0FF3952
:1066E000D046002505E06DB9252800F03D813946EA
:1066F000B047039B13F8010F03930028F3D109B0AF
:10670000BDE8F08F642862D019D839280AD831281A
:1067100051D22D283DD030283ED0252808D13946E9
:10672000B047DEE7582800F0A880632800F0168103
:1067300039462520B047039B39461878F0E7702882
:1067400000F0918006D8692841D06C283CD0682898
:10675000CFD0EDE775286DD017D87328E8D125681C
:1067600004F1040B2B461C4614F8010B002840F0E2
:10677000EC80B8F1030F40F000815C1BA9EB04042E
:10678000002C00F3E6805C46ABE7782875D07A28C9
:10679000DEE74FF00308ACE7B9F1000F0EDAB8F10D
:1067A000000F00F0E780A0F13009B8F1000F08BF3A
:1067B0004FF002089DE7B9F1000FF4DB0A2303FB59
:1067C0000909A9F13009F0E70AF1010A91E7BAF1E4
:1067D000000F12D125680434002D05DA39462D202A
:1067E000B0476D4209F1FF39CDF8009043462A4683
:1067F00039463046FAF7E0F873E7BAF1010FE9D00D
:10680000073424F0070303F10804D3E9002312F14D
:10681000004043F100014FF0000C4FF0FF3B8C456E
:1068200008BF834504D239463046FFF73FFF58E79B
:106830001546D1E7BAF1000F05D122680434CDF82E
:1068400000904346D4E7BAF1010FF6D0073424F0A4
:10685000070303F10804D3E90023002B08BFB2F1BA
:10686000004FECD3DFE739463020B0473946782077
:10687000B0474FF008094FF00108BAF1010F27DCCB
:106880002368079300230493043400231022029307
:1068900006939346079B0BF1FF3B4FEA8B00C0F139
:1068A000200CA0F1200123FA00F0049B03FA0CFC59
:1068B00040EA0C0023FA01F1084310F00F0013D155
:1068C000069B13B9BBF1000F2ED14FF0300C11E035
:1068D000073424F0070303F108041A685B68079281
:1068E0000493D2E7059AD5E709288CBF4FF0570CDF
:1068F0004FF0300C394660440592B047029B069534
:1069000001330293BBF1000FECD1B8F1030F7FF418
:10691000E8AE029BC3EB4905002D7FF7E2AE394696
:106920002020B047013DF7E7531E91450593E9DB71
:10693000B8F1010F03D139463020B047E2E7B8F192
:10694000020FDFD139462020F7E73946B04723460A
:1069500009E739462020B047013C11E72068251D92
:106960003946B0472C46BCE6AA46A8464FF0FF3948
:106970000125BEE64FF00108BBE65C460546B8E6D9
:106980000FB407B504A951F8040B0191FAF764F8A4
:1069900003B05DF804EB04B070470369D0E9002050
:1069A000824296BF9B1802F1FF3303F1FF33181A9E
:1069B0007047036870B584680669A342A6EB0405B6
:1069C00098BF9B19013BAA42A3EB040328BF2A46A8
:1069D000934228BF1346426922441C44A64298BFF2
:1069E000A41B0A608460184670BD10B50446FFF70A
:1069F000D4FF884209D3636819442369994228BFA8
:106A0000C91AC4E90111002010BD6FF01500FBE7A1
:106A10002DE9F34180460F4616460025324601A96E
:106A20004046FFF7C6FF394604460246019800F08B
:106A3000A9FB361B2544274401D0002CEED1294662
:106A40004046FFF7D2FF284602B0BDE8F08170B59E
:106A5000D0E903364468A34296BFF51803F1FF3529
:106A600005F1FF352D1B741E641BF51AAA4228BFC1
:106A70002A46A24228BF224644691C4413449E422F
:106A800098BF9B1B0C60C360104670BD38B505698C
:106A90000446FFF782FF6B1E181A884208D323684A
:106AA00019448D4298BF491B2160E160002038BD28
:106AB0006FF01500FBE72DE9F34180460F461646BF
:106AC0000025324601A94046FFF7C1FF019904465F
:106AD0000246384600F056FB361B2544274401D0B9
:106AE000002CEED129464046FFF7D0FF284602B0E1
:106AF000BDE8F081704700470023435082B04358FF
:106B00000193019B02B0704738B51D4602230B71FB
:106B10000B684A7104467BB112F0040F14BF922136
:106B20008221100748BF41F02001D306236848BFE7
:106B300021F08001C3F8001320684FF48271FFF741
:106B4000DBFF206812F0800F05BF0123435140197D
:106B5000002038BD38B505460C46FAF78BF950B918
:106B60002B6801225A602846FAF784F918B9002CDC
:106B7000F9D1204638BD0124FBE700F1804000F543
:106B80001C3001230360BFF36F8FBFF34F8F70473B
:106B900030B54C680D689C4229BFC0E90053002104
:106BA000E41AED1832BFC0E900514C600D60934209
:106BB00003D1201C18BF012030BD0020FCE74B682A
:106BC00010B59A420C6828BF1A46C0E90042981ACC
:106BD0000B684860134400300B6018BF012010BDE3
:106BE00030B54C680B68A24228BF2246002A14BF69
:106BF0001D460025A4EB02041344C0E900524C607A
:106C00000B6014BF0120002030BD10F0800F14BFB6
:106C10000023102300F00F0018447047704708B598
:106C20000146FAF781F9FAF771F9837B032B0AD150
:106C30000846FFF7EAFF012303FA00F0C043BDE86E
:106C40000840FAF729BA0368002BF1D008BD872065
:106C5000FFF7E5BF8620FFF7E2BF8520FFF7DFBF24
:106C60008420FFF7DCBF8320FFF7D9BF8220FFF726
:106C7000D6BF8120FFF7D3BF0720FAF7F7BB062066
:106C8000FAF7F4BB0520FAF7F1BB0420FAF7EEBBE4
:106C90000320FAF7EBBB0220FAF7E8BB0120FAF772
:106CA000E5BB08B5FAF732F9818108BD08B5FAF7F6
:106CB0002DF94FF02002EFF3118382F31188BFF317
:106CC0006F8F82680A6002682AB9807B83F311881B
:106CD000BFF36F8F08BD0420F8E708B5FAF706F98F
:106CE00058B9EFF3108272B64C20FFF746FF4C20E4
:106CF000FFF743FF82F3108808BD4C20BDE8084031
:106D0000FFF73BBF5020FFF738BF5420FFF735BFD8
:106D10002DE9F34150F8283C10F82C5C1033044660
:106D200010D1C36850F8202C99073BD5FAB913F05D
:106D3000040304D11A4619462846FCF71FFC002319
:106D400044F8283C54F8283C10330DD054F8186C03
:106D500056B154F81C7C54F8148CFFF719F800282D
:106D60004BD02046FBF73AFA02B0BDE8F08150F86C
:106D7000241C01AB2846FCF701FC10B16FF0150391
:106D8000DEE7019A54F8243C134444F8243C54F8B8
:106D9000203C9B1A44F8203C54F81C3C134444F813
:106DA0001C3CCFE750F8241C01AB2846FCF74EFCF6
:106DB0000028E3D1019E54F8243C334444F8243C99
:106DC00054F8203C9B1B44F8203C54F81C3C3344B2
:106DD00044F81C3C002EB2D02846FCF7CDFCB6FB94
:106DE000F0F303FB10600028A9D154F8203C002BDD
:106DF000A5D02846FCF76EFCA4E744F8180CA4F1D3
:106E00001000FEF763FF424639462846B047ABE71D
:106E1000FCF7B4BB00F0D9B8006808B1043800B979
:106E2000704703681B689B688B42F9D04068F4E7A1
:106E3000006808B1043800B9704703681B689B6894
:106E40005B689B788B42F7D04068F2E7006830B50A
:106E5000A8B10438082490B103681B689A68936A43
:106E600092F8242014FB0232934203D1406830B1DF
:106E70000438F0E7083313F8045C8D42F4D130BDD8
:106E80004B1CDBB28170817680F82530C37600F828
:106E9000061C704750E902301847836800229A7632
:106EA00070478368187E704783680022DA767047DF
:106EB0008368587E704783681A7E0AB19A7E1AB931
:106EC000587E10B1D87E704701207047012070476E
:106ED0008368C3E9011270476FF02200704773B5F1
:106EE000036886689D6802ABA86A002443F8084DD1
:106EF000007BFFF78FFF02ABA86A43F8044D2246E0
:106F00002146007BFFF786FF019B03B9737600984B
:106F100002B070BD37B5836800681D788468032DA2
:106F20004FF00000019007D11876A06A01AB007DF8
:106F3000FFF76EFF00B9019803B030BD80680123F0
:106F40008376436823B1037E13B10C30FBF780BC1A
:106F5000704780680123C376436823B1437E13B131
:106F60000C30FBF775BC704708B5002210460121B4
:106F7000FCF7C8FE0020FCF793FE002008BD4FF090
:106F800080434FF4607220B1C3F804230020FCF763
:106F900087BEC3F8082370470378027903F00F0314
:106FA00022B9181C18BF012040427047082B07D88F
:106FB000012A08D1B3F1080018BF4FF0FF30704725
:106FC0004FF0FF3070470020704770B504460E4602
:106FD0001546FCF73BFB30B906B925B12046BDE8A4
:106FE0007040FCF777BB70BD70477047FCF7D8BEA8
:106FF00001460068FCF7E8BE202383F31188704740
:1070000008B5FCF77DFFBDE80840FCF78DBC07B56F
:10701000002101A8FDF746F803B05DF804FB2DE957
:10702000F04184460F4605462C4614F8013B202BC0
:1070300035D0A3F10901042931D92D2B31D16B7839
:10704000AC1C4FF0010E002A5ED0102A09D1302B63
:1070500007D1237803F0DF03582B50D16378102237
:1070600002344FF0FF310026B1FBF2F102FB01F8D0
:107070006FEA08083046A3F13005092D18D82B46D1
:107080009A4225DD002E20DB88421ED801D14345DF
:107090001BDC00FB0230012614F8013BEBE7254620
:1070A000C2E72B2B04BFAC1C6B784FF0000ECAE775
:1070B00043F02005613D192D0AD8A3F14105192D92
:1070C0008CBF572537255B1BDAE74FF0FF36E3E728
:1070D000002E08DAFEF794F8262303604FF0FF3005
:1070E00047B9BDE8F081BEF1000F00D04042002F4B
:1070F000F7D00EB104F1FF3CC7F800C0F1E7302330
:10710000002AAED10822ACE7302BA2D00A22A8E791
:10711000C9B202788A42034600F1010004D0002A75
:10712000F7D1002918BF00231846704702460346CE
:10713000981A13F8011B0029FAD170470138013958
:1071400010F8013F11F8012F934202D1002BF7D123
:107150001A46981A7047431A934210B500EB02037F
:1071600008D3013902469A420BD011F8014F02F8B8
:10717000014BF8E70A4412F8014D03F8014D8A4229
:10718000F9D110BDF0B581EA0004A50703460BD084
:10719000013B0A4491421DD1F0BD002AFCD011F8F8
:1071A000014B03F8014B013A9C07F6D11D1F0C4619
:1071B0008F183E1B032E08D894086FF0030505FBBB
:1071C0000422A40023442144E2E754F8046B45F868
:1071D000046FEEE711F8014B03F8014FDAE7F0B561
:1071E000C9B203469C070FD141EA012444EA044492
:1071F0001D469F187E1B032E0CD8940803EB8404B5
:1072000013449C4209D1F0BD002AFCD003F8011BB5
:10721000013AE7E745F8044BECE704F8011BF0E717
:1072200070B50446B1FBF2F602FB1611CDB2092986
:107230008CBF272100213035294404F8011B314639
:10724000002EEFD13021221A934207DC2346002181
:1072500003F80119834204D8104670BD04F8011BDD
:10726000F1E71978047803F8014900F8011BF1E708
:10727000D0E900232DE930485FEA530C4FEA320B86
:1072800002F001041BEB04024FF000054CEB050378
:10729000C0E90023BDE83088D0E900232DE9F04F94
:1072A000052112F102084FF0000643F10009B8EB86
:1072B0000608B9FBF1F501FB05F769EB07094FEA91
:1072C000D80646EA49760024B6FBF1FC4FEACC0624
:1072D000A2194FEA5C77C24645EB07031446A6FBAA
:1072E0000189BAEB08021D46B2FBF1F2A41845F180
:1072F0000005C0E90045BDE8F08F0B68002B2DE9C3
:10730000104813DD02684468013B0B600A21A2FBB0
:1073100001BC01FB04CC5A462CF07043C0E90023A9
:107320004FEA1C713031C8B2BDE810883021FAE74D
:107330004B68012B07DD0B6818700B6801330B607D
:107340004B68013B4B600020704770B50E460168EA
:10735000154659B10C688B681D4203D04B682A460C
:107360003046984714B121462468F4E770BD10B543
:1073700004688068A468C0692468012904D1584061
:10738000C4F80405002010BD003320FA02F04FF0CD
:10739000010118BF012300F001009140834214BF96
:1073A000C4F80815C4F80C15ECE770B504688068DB
:1073B000A468C0692568D5F81465D5F81045D5F8D6
:1073C000045560406C403440604001291CBFD040EF
:1073D00000F001001860002070BD8368186830B5A7
:1073E00058B10024814213D108685CB95C68186008
:1073F000A14200D158600020086072B9002030BD61
:107400002846EFE720605868814208BF5C60F2E7D9
:1074100005680446002DF3D13AB11A680A6058682D
:1074200019600028EAD15960E9E76FF01500E6E736
:10743000F8B5026883689768DC69D3E902120A40EC
:10744000D3E90510014322EA010239681B69D1F82A
:1074500010155C404C4022EA0404012500260AB9BC
:107460002046F8BD2A4209D03B7906F01F000021D2
:1074700040EA4310FDF752FA22EA050201366D0098
:10748000EDE7F8B5846803689D68D4E902321A40D4
:10749000D4E905310B4322EA03020127002602B991
:1074A000F8BD174212D0E169236995F804C04B403A
:1074B000F34013F0010F06F01F0014BF0221032157
:1074C00040EA4C10FDF72AFA22EA070201367F0053
:1074D000E5E701292DE9F04118BFD4B287680646D7
:1074E00012BF25461F2500244FF00108AC4202D9E7
:1074F0000020BDE8F081FB6808FA04F223EA0203E9
:10750000FB6021463046FDF721FA0028F1D1013415
:10751000E4B2EBE701292DE9F04118BFD4B2876846
:10752000064612BF25461F2500244FF00108AC4235
:1075300002D90020BDE8F081FB6808FA04F2134389
:10754000FB6021463046FDF701FA0028F2D10134F4
:10755000E4B2ECE74FF0805310B51C695A696243FE
:10756000824210D900280EDB1C695A6962438A42A4
:1075700009D31A695B69084403FB02F188428CBF96
:107580000020012010BD0020FCE770B50D46284604
:10759000194616461C46FFF7DDFF38B14CB12246AE
:1075A00029463046FFF7EEFD002070BD6FF0150054
:1075B000FBE72046F9E70023435082B0435801938C
:1075C000019B02B0704783689B689A7B72B1026826
:1075D00092681268D2F8201141B14FF48071C2F85C
:1075E00008130121D16000229A7370471A680AB10A
:1075F00058681047704782680B4692E8030083E89A
:1076000003000020704703689B681B68D3F82401BF
:1076100018B1D3F88004C3F88004704702689268F8
:10762000126808B58368D2F8100150B11B7B0B704B
:1076300010464FF48871FFF7BEFF0123136000204E
:1076400008BD4FF0FF30FBE713B5036802AC9B6841
:1076500004F8011D1A684FF490711046FFF7ABFF54
:107660000123C2F84445C2F848359360D2F820118E
:107670000029FBD0D36002B010BD03689B6870B5D1
:107680001C68D4F820310E46DBB18568AB689B8955
:107690004FF490719A422046A8BF1A46FFF78BFF1D
:1076A0000023A9689342896807DB0123C4F84415C5
:1076B000C4F84825A360104670BDF05CC85401337F
:1076C000EFE71A46F7E738B503689B681A68D2F8FF
:1076D00010310C4653B185684FF488711046FFF79E
:1076E0006AFF2B7B23700120106038BD1846FCE731
:1076F000036882689B6892681B68002191734FF44D
:107700008072C3F80423704783689B6801229A73D0
:10771000704703689B681B68D3F8200118B1D3F841
:107720000403C0F30020704703689B681B68D3F80C
:107730001001003018BF0120704703689B681B6868
:107740001022C3F80423704703689B681B6810224B
:10775000C3F80823704703689B681B684FF40072E6
:10776000C3F80423704703689B681B684FF40072DA
:10777000C3F8082370470120704783689B68C3E9FA
:107780000012704708B503689B681968D1F8043384
:10779000DB05024605D4D1F8040310F0100006D131
:1077A00008BDFFF7B6FF0028F5D00120F8E7104626
:1077B000FFF7BAFF003018BF0120F1E70430FDF7F2
:1077C00071BE13B504240A1904D200236946FDF7DB
:1077D000FFFD10B1002002B010BD224601A90098A3
:1077E000FFF7D0FC00980430F5E710B10438FDF73E
:1077F00059BE70470023C0E90233C0E9000070475A
:1078000038B5437BDB0604460D4603D183690BB9CB
:10781000FEF718F80023A366656138BD2DE9F8432B
:1078200004460F469046994600F108054FF02003A4
:10783000EFF3118683F31188BFF36F8F284600F0B2
:10784000FDF840B14146FFF7DBFF2846314600F026
:1078500079F800200CE0B9F1000F1CD00820FDF7EA
:107860004DFE38B986F31188BFF36F8F6FF00B00B0
:10787000BDE8F8830123C0F804800360036803F0C7
:10788000030267B923681343036063682060002B19
:10789000DBD16060D9E7C8F800904046EEE73B686E
:1078A00033F003030BD10260626812B9C4E900002F
:1078B000CBE7136803F0030303431360E9E71343C3
:1078C00003603B6803F0030318433860BDE710B55D
:1078D000044630B10268930703D0446809B1FFF74A
:1078E00084FF204610BD0023C0E9003300F10803E7
:1078F000C0E9023370470A4600234168FFF78EBF94
:10790000437BDB0603BF8069B0FA80F040090020AA
:10791000704738B504464FF02003EFF3118583F329
:107920001188BFF36F8F01468068FDF73BFF637BD3
:1079300023F00203637385F31188BFF36F8F002375
:10794000A36038BD08B5FDF7C7FE20B10846BDE805
:107950000840FCF703B881F31188BFF36F8F08BDAF
:1079600008B50246FDF7B8FE20B11046BDE8084054
:10797000FBF7F4BF82F31188BFF36F8F08BD4FF0A0
:107980002003EFF3118083F31188BFF36F8FFFF7AC
:10799000E7BF38B504464FF02003EFF3118583F3BA
:1079A0001188BFF36F8F01468068FDF7FBFE637B94
:1079B00023F00203637385F31188BFF36F8F0023F5
:1079C000A36004F11800BDE8384000F0B0B80368C7
:1079D000984214BF18460020704750F8103C70B50C
:1079E0000446A0F11805CBB14FF02003EFF3118648
:1079F00083F31188BFF36F8F294650F8100CFDF701
:107A0000D1FE14F80B3C23F0020304F80B3C86F380
:107A10001188BFF36F8F002344F8103C14F80B3C1F
:107A200023F0140304F80B3C2846FFF769FF20B14C
:107A30002846BDE87040FDF705BF70BD38B54FF072
:107A40002003EFF3118283F31188BFF36F8FFFF7E9
:107A5000BEFF044682F31188BFF36F8FC8B14FF0A9
:107A60002003EFF3118583F31188BFF36F8F014675
:107A70008068FDF797FE637B23F00203637385F351
:107A80001188BFF36F8F0023A36004F1180000F08A
:107A90004EF8204638BD70B5064600253468A6422B
:107AA00000D00CB9284670BD2046FFF772FF204673
:107AB000FFF726FF01250028F0D02046FDF7C2FE83
:107AC000ECE7C0E90212C0E900007047437BDB0627
:107AD00003BF8069B0FA80F040090020704770470A
:107AE000036D10B5044603B198472046FFF7EEFF3B
:107AF00038B12046FDF752FF637B43F00803637300
:107B000010BD637B9B0702D52046FFF702FFA369E8
:107B1000002BF1D004F1180000F009F8ECE7037332
:107B2000002342738173C373C0E90633704710B5F5
:107B30004FF02002EFF3118482F31188BFF36F8FAF
:107B400003683BB1FEF736FA002084F31188BFF3D7
:107B50006F8F10BD6FF01500F7E710B54FF02003E1
:107B6000EFF3118483F31188BFF36F8FFEF738FAB8
:107B700084F31188BFF36F8F10BD70B504460E46B5
:107B80004FF02003EFF3118583F31188BFF36F8F5C
:107B9000FEF726FAA04205DD012803DD3146204626
:107BA000FBF76AFE85F31188BFF36F8F70BD08B5D0
:107BB000FEF7D8FA08BD0023C0E9061200F1100252
:107BC0004362C0E90422C0E900338362704708B50C
:107BD0004FF02002EFF3118382F31188BFF36F8F10
:107BE000FFF7BBFF01210228D8BF0846FFF7C5FFFA
:107BF000FCF7D0F8ECE77047D885FF7F0100000064
:107C000000000000D52A000000000000ED6F000019
:107C10001C9C0020C775000000000000ED6F0000F4
:107C200000000000ED6F000000000000ED6F00009C
:107C300000000000B94B000000000000ED6F0000E4
:107C400000000000ED6F000000000000ED6F00007C
:107C500000000000ED6F000000000000ED6F00006C
:107C600000000000ED6F000000000000ED6F00005C
:107C700000000000ED6F000000000000ED6F00004C
:107C800000000000ED6F0000000000009D370000C4
:107C900000000000ED6F000000000000ED6F00002C
:107CA00000000000ED6F000000000000ED6F00001C
:107CB00000000000ED6F000000000000ED6F00000C
:107CC00000000000ED6F000000000000ED6F0000FC
:107CD00000000000ED6F000000000000ED6F0000EC
:107CE00000000000ED6F000000000000ED6F0000DC
:107CF00000000000ED6F000000000000ED6F0000CC
:107D000000000000ED6F000000000000ED6F0000BB
:107D100000000000ED6F000000000000ED6F0000AB
:107D200000000000ED6F000000000000ED6F00009B
:107D300000000000ED6F0000011B0000F76A00006A
:107D400000000000ED6F000000000000ED6F00007B
:107D500000000000ED6F000000000000ED6F00006B
:107D600000000000ED6F000000000000ED6F00005B
:107D700000000000ED6F000000000000ED6F00004B
:107D80007A840000790A0000000000007A84000074
:107D9000A11F000000000000B282000009280000BE
:107DA000E89D002084830000696F0000000000004F
:107DB0008E830000696F00000000000098830000BF
:107DC000E9370000000000007A8400000140000054
:107DD00000000000AB820000ED480000587F00006A
:107DE000A4820000ED480000507F0000F5870000ED
:107DF000914C0000CC7F0000FB870000914C0000FC
:107E0000A87F000001880000914C0000847F0000E2
:107E1000CF820000914C0000607F0000BC82000017
:107E2000114E00000000000007880000095100000A
:107E30005C8000007A840000A9530000000000006C
:107E40007A840000615D0000000000000200000074
:107E5000547E000000000000428300002600020261
:107E6000000000204A83000022000B113D0F00009B
:107E70001D6C000051110000736C00006D6C00005F
:107E8000676C0000616C00005B6C0000556C0000CA
:107E90004F6C00007D10000001110000BD180000B3
:107EA0009D6C0000976C0000916C00008B6C0000D2
:107EB000856C00007F6C0000796C0000BD10000034
:107EC000E10F00007D110000911A00000514000070
:107ED000D96E0000E527000000000000000000004F
:107EE00000000000156F0000DF6E00003D6F000015
:107EF0009B6E0000A36E0000536F0000A96E00008F
:107F000000000000B16E0000000000000000000052
:107F1000B76E0000CD6E0000D16E0000252A000073
:107F2000000000000000000061290000ED280000B2
:107F300000000000914A00006F730000AB73000066
:107F4000DB73000015750000D37400000000000012
:107F5000000000500000000000030050010000007D
:107F600000C00140000000000DFFFFFF0004000002
:107F7000E80302017C9B00200400000000000000D8
:107F8000000000000010024001000000FFFFFFFFA2
:107F900000040000E80302018C9B002004000000A4
:107FA000000000000000000000200240020000006D
:107FB000FFFFFFFF00040000E80302019C9B00207C
:107FC00004000000000000000000000000D002409B
:107FD00003000000FFFFFFFF00040000E8030201B0
:107FE000AC9B002004000000000000000000000026
:107FF000B54C0000814C00008B750000F14E000074
:10800000394E0000BD4E0000014E0000010000008E
:108010001D7600004976000007760000A94F000099
:10802000F77500007B760000C7760000F17600004F
:1080300009770000137700003B77000049770000C4
:10804000137700002977000057770000677700005A
:1080500085770000777700007B77000000200040E4
:1080600000000000E09B0020289C0020349C0020A1
:10807000949C0020AC9C0020F5FFFFFFA816002078
:1080800000002110422063308440A550C660E77094
:10809000088129914AA16BB18CC1ADD1CEE1EFF13C
:1080A0003112100273325222B5529442F772D662E4
:1080B000399318837BB35AA3BDD39CC3FFF3DEE38C
:1080C0006224433420040114E664C774A444855434
:1080D0006AA54BB528850995EEE5CFF5ACC58DD5DC
:1080E0005336722611163006D776F6669556B44684
:1080F0005BB77AA719973887DFF7FEE79DD7BCC72C
:10810000C448E5588668A7784008611802282338D3
:10811000CCC9EDD98EE9AFF9488969990AA92BB97B
:10812000F55AD44AB77A966A711A500A333A122A23
:10813000FDDBDCCBBFFB9EEB799B588B3BBB1AABCB
:10814000A66C877CE44CC55C222C033C600C411C73
:10815000AEED8FFDECCDCDDD2AAD0BBD688D499D1B
:10816000977EB66ED55EF44E133E322E511E700EC3
:108170009FFFBEEFDDDFFCCF1BBF3AAF599F788F6B
:108180008891A981CAB1EBA10CD12DC14EF16FE14B
:108190008010A100C230E320045025404670676083
:1081A000B9839893FBA3DAB33DC31CD37FE35EF39B
:1081B000B1029012F322D2323542145277625672D3
:1081C000EAB5CBA5A89589856EF54FE52CD50DC5EB
:1081D000E234C324A0148104667447642454054423
:1081E000DBA7FAB79987B8975FE77EF71DC73CD73B
:1081F000D326F2369106B016576676761546345673
:108200004CD96DC90EF92FE9C899E9898AB9ABA98A
:108210004458654806782768C018E1088238A328C2
:108220007DCB5CDB3FEB1EFBF98BD89BBBAB9ABBDA
:10823000754A545A376A167AF10AD01AB32A923A12
:108240002EFD0FED6CDD4DCDAABD8BADE89DC98D2A
:10825000267C076C645C454CA23C832CE01CC10C62
:108260001FEF3EFF5DCF7CDF9BAFBABFD98FF89F7A
:10827000176E367E554E745E932EB23ED10EF01EB2
:1082800008010C011001140118011C012001240136
:108290002C013001340138013C0140014401480106
:1082A0004C0150014750494F5F30004750494F5FE4
:1082B00031004344435F41434D5F30004E52465FBF
:1082C000464C4153485F4452565F4E414D45005025
:1082D000574D5F300041726475696E6F20426F6F59
:1082E000746C6F61646572202853414D2D424120AA
:1082F000657874656E6465642920322E30205B4198
:10830000726475696E6F3A494B58595A5D0A0D008F
:108310006E524635323834302D514941410A0D00F4
:10832000580A0D00590A0D005A25303858230A0DF5
:108330000025303858253038582530385825303801
:108340005800464C4153485F30005352414D5F3016
:108350000002030405060708090B0C0D0E0F10118F
:108360001213143030303030303030303030303064
:1083700030303030303030303030303030303030FD
:1083800030303000434C4F434B5F33324B00434C53
:108390004F434B5F31364D007379735F636C6F638E
:1083A0006B002A2A2A2A2A20425553204641554C3E
:1083B00054202A2A2A2A2A0A002020537461636B37
:1083C000696E67206572726F720A002020507265B4
:1083D00063697365206461746120627573206572DE
:1083E000726F720A0020204246415220416464723A
:1083F0006573733A20307825780A002020496D7023
:1084000072656369736520646174612062757320AD
:108410006572726F720A002020496E737472756300
:1084200074696F6E20627573206572726F720A00D4
:108430002A2A2A2A2A204D5055204641554C54209C
:108440002A2A2A2A2A0A002020537461636B696E43
:1084500067206572726F722028636F6E746578741E
:108460002061726561206D69676874206265206EA5
:108470006F742076616C6964290A002020556E7340
:108480007461636B696E67206572726F720A002097
:108490002044617461204163636573732056696F82
:1084A0006C6174696F6E0A0020204D4D4641522068
:1084B000416464726573733A20307825780A00202D
:1084C00020496E737472756374696F6E20416363C3
:1084D0006573732056696F6C6174696F6E0A002052
:1084E00020466C6F6174696E672D706F696E7420C1
:1084F0006C617A792073746174652070726573653C
:1085000072766174696F6E206572726F720A002AEA
:108510002A2A2A2A205553414745204641554C5482
:10852000202A2A2A2A2A0A002020446976697369A7
:108530006F6E206279207A65726F0A002020556E76
:10854000616C69676E6564206D656D6F727920611D
:1085500063636573730A0020204E6F20636F70722F
:108560006F636573736F7220696E73747275637471
:10857000696F6E730A002020496C6C6567616C201E
:108580006C6F6164206F66204558435F52455455B7
:10859000524E20696E746F2050430A002020496CAF
:1085A0006C6567616C20757365206F662074686503
:1085B00020455053520A002020417474656D707438
:1085C00020746F206578656375746520756E6465C9
:1085D00066696E656420696E737472756374696F21
:1085E0006E0A00526573657276656420457863652E
:1085F0007074696F6E20280053707572696F75739F
:1086000020696E7465727275707420284952512009
:10861000002A2A2A2A2A2048415244204641554C01
:1086200054202A2A2A2A2A0A00202042757320660A
:1086300061756C74206F6E20766563746F72207440
:1086400061626C6520726561640A00202046617574
:108650006C7420657363616C6174696F6E2028733C
:1086600065652062656C6F77290A002A2A2A2A2A02
:10867000204465627567206D6F6E69746F72206546
:108680007863657074696F6E20286E6F7420696DF1
:10869000706C656D656E74656429202A2A2A2A2A01
:1086A0000A002A2A2A2A2A20257320256429202A1A
:1086B0002A2A2A2A0A002A2A2A2A2A204861726497
:1086C0007761726520657863657074696F6E202AC2
:1086D0002A2A2A2A0A002A2A2A2A204B65726E652B
:1086E0006C20416C6C6F636174696F6E20466169C8
:1086F0006C75726521202A2A2A2A0A002A2A2A2A27
:108700002A204B65726E656C204F4F505321202AF2
:108710002A2A2A2A0A002A2A2A2A2A204B65726E25
:10872000656C2050616E696321202A2A2A2A2A0A50
:10873000002A2A2A2A20556E6B6E6F776E204661BA
:1087400074616C204572726F7220256421202A2A80
:108750002A2A0A0043757272656E74207468726505
:108760006164204944203D2025700A4661756C747F
:10877000696E6720696E737472756374696F6E20B9
:1087800061646472657373203D20307825780A0037
:1087900049535200657373656E7469616C20746827
:1087A0007265616400466174616C206661756C7409
:1087B00020696E20257321205370696E6E696E6783
:1087C0002E2E2E0A00466174616C206661756C74F1
:1087D00020696E20746872656164202570212041D3
:1087E000626F7274696E672E0A002D2B2023300091
:1087F000686C4C7A0050574D5F330050574D5F32D4
:108800000050574D5F3100554152545F30006D614B
:10881000696E0069646C6500737973776F726B7150
:1088200000776F726B71756575650000A966000051
:108830000090D0030B0000000000000000000000CA
:108840000000000000000000000000000000000028
:108850000000000000000000000000000000000018
:108860000000000000000000000000000000000008
:1088700000000000000000000000000000000000F8
:1088800000000000000000000000000000000000E8
:1088900000000000000000000000000000000000D8
:1088A00000000000000000000000000000000000C8
:1088B00000000000000000000000000000000000B8
:1088C00000000000000000000000000000000000A8
:1088D0005C9B002000C201000000080000000000B6
:1088E0000000000000000000A5270000800000003C
:1088F000BD2800000000000081280000800000006A
:108900000000000000000000000000000000000067
:10891000000400001E6900200000000000000000AC
:108920000080008000800080E80304000000000058
:108930000080008000800080E80304000000000048
:108940000080008000800080E80304000000000038
:108950000080008000800080E80304000000000028
:1089600000000000246D0020200000008025000091
:1089700000010300B89B002000000000D89B0020ED
:10898000D89B0020807D0000000000000000000057
:10899000347E00000000000000000000C87D0000E0
:1089A0000000000000000000A47D00001C7F00000B
:1089B00000000000B07D0000287F000000000000E3
:1089C000287E000010800000C89B0020BC7D0000B5
:1089D0000000000000000000E07D0000347F000087
:1089E00050160020D47D0000347F00007016002057
:1089F000407E00000000000000000000EC7D000050
:108A0000F07F0000A89B0020F87D0000F07F0000B0
:108A1000989B0020047E0000F07F0000889B0020CF
:108A2000107E0000F07F0000789B00201C7E00007C
:108A3000F87F000000000000987D0000D07E00005C
:108A4000909A00208C7D00000000000000000000D3
:108A50003804002000040000030003006813002015
:108A6000010000000000000000000000581000207D
:108A700018000000200001008C13002001000000FD
:108A80000000000000000000E49C0020E49C0020A6
:108A900000000000000000000F00000000000000C7
:108AA00000000000009D0020009D00201201000237
:108AB000EF02014041235A001100010203010902A3
:108AC0000000000100E032080B0002020200000971
:108AD0000400000102020000052400100105240129
:108AE0000201042402020524060001070580031088
:108AF000000A09040100020A000000070580024084
:108B000000000705000240000004030904100341AF
:108B1000726475696E6F0000000000000028034158
:108B2000726475696E6F204E616E6F203333204220
:108B30004C450000000000000000000000000000A4
:108B40000000000000420330303030303030303030
:108B50003030303030303030303030303030303015
:108B600030303030303030000000000000000000B5
:108B700000000000000000000000000000000000F5
:108B8000000000000000000000FFFFFF00000000E8
:108B90002B9D0020816E0000BD270000552700009E
:108BA00000000000000000000000000000000000C5
:088BB00003000000449B0020BB
:020000040001F9
:1000000000000420A5BE0100DDBE0100E1A1010049
:10001000E1BE0100EDA10100F3A10100000000001C
:100020000000000000000000000000009D4B0100E7
:10003000E9BE010000000000374C0100474C010000
:100040002DFC0100B5700100EFBE0100EFBE010004
:10005000EFBE0100EFBE0100EFBE0100EFBE0100E8
:10006000EFBE0100EFBE0100EFBE0100EFBE0100D8
:10007000EFBE0100C1FD0100EFBE0100CD70010027
:10008000EFBE0100EFBE0100EFBE0100EFBE0100B8
:10009000EFBE0100EFBE0100EFBE0100EFBE0100A8
:1000A000EFBE0100EFBE0100EFBE0100EFBE010098
:1000B000EFBE0100EFBE01000000000000000000E4
:1000C000EFBE0100EFBE0100EFBE0100EFBE010078
:1000D000EFBE0100EFBE0100EFBE0100EFBE010068
:1000E000EFBE0100EFBE0100EFBE01000000000006
:1000F00000000000EFBE010000000000EFBE0100A4
:1001000010B5054C237833B9044B13B10448AFF351
:1001100000800123237010BD10100020000000009B
:100120001CAC020008B5034B1BB103490348AFF3F5
:10013000008008BD00000000141000201CAC02006C
:10014000154B002B08BF134B9D46A3F5803A0021A9
:100150008B460F461348144A121A13F071F80F4BCE
:10016000002B00D098470E4B002B00D09847002062
:10017000002104000D000D48002802D00C480AF0B0
:10018000B7FD12F06FFB2000290006F0CFFD0AF04A
:10019000ACFD00BF000008000000042000000000CB
:1001A000896C010010100020D8B60020F1AC0100CD
:1001B00000000000154B164993ED006A154B91EDB8
:1001C000007AD3ED016A144AF7EE007A76EE876A78
:1001D00077EEC67A93ED027AD2ED005A27EE877A4F
:1001E000A6EE867AD3ED036A83ED067A67EEA67AE9
:1001F000D3ED006A81ED007A76EEA56AE6EE267A06
:10020000C3ED077AC2ED007A704700BF04020020F8
:10021000501000202C1000204C1000202DE9F3413C
:1002200007460068594C5A4E884610F001FE0625D4
:1002300002460B460095204604F0CCFA3146204693
:1002400004F0CAF9786810F0F3FD009502460B46F9
:10025000204604F0BFFA3146204604F0BDF9B868E4
:100260004C4F10F0E5FD009502460B46204604F089
:10027000B1FA3146204604F0AFF9B86810F0D8FD65
:10028000009502460B46204604F0A4FA314620466B
:1002900004F0A2F9F86810F0CBFD009502460B4679
:1002A000204604F097FA3146204604F095F9D8F834
:1002B000000010F0BDFD009502460B46204604F0FC
:1002C00089FA3146204604F087F9D8F8040010F086
:1002D000AFFD009502460B46204604F07BFA3146FE
:1002E000204604F079F9D8F8080010F0A1FD009537
:1002F00002460B46204604F06DFA3146204604F0D3
:100300006BF9786810F094FD009502460B46204684
:1003100004F060FA3146204604F05EF9386810F0C7
:1003200087FD009502460B46204604F053FA3146FD
:10033000204604F051F9B86910F07AFD00950246A4
:100340000B46204604F046FA3146204604F044F9B4
:10035000F86910F06DFD009502460B46204604F04A
:1003600039FA3146204604F037F9386910F060FD5B
:10037000009502460B46204604F02EFA0649204618
:1003800002B0BDE8F04104F027B900BF8C1900208D
:10039000106802002C100020EB9E020010B54FF4F4
:1003A00016510948084C02F043FD204602F096FD24
:1003B0000028FAD0054800F061FD00B9FEE704F01E
:1003C00017FB034B186010BD8C190020581000203B
:1003D000541000201FB504460F4800F052F9C8B170
:1003E00003AB02AA01A90C4800F003F99FED0B6AC8
:1003F0009DED027ADDED037ADDED016A27EE067AE6
:1004000067EE867A66EE866A84ED017AC4ED006A4C
:10041000C4ED027A04B010BD58100020000000396D
:100420001FB50446084800F041F958B103AB02AAD1
:1004300001A9054800F001F9019B2360029B63605C
:10044000039BA36004B010BD581000200000000002
:10045000F8B505462DED028B0E4604F0C9FAD5ED30
:10046000027A95ED017A364B95ED008A186067EEB9
:10047000A77AB1EE488AE7EE077A324C17EE900A77
:1004800011F020FA014618EE100A11F019FA10F0D6
:10049000CFFC00222C4B10F023FD27A3D3E900232F
:1004A00010F048FE10F0ECFFA060D5ED027A95ED5B
:1004B000007A6F6867EEA77AE7EE077A17EE900A80
:1004C00011F000FA0146384611F0FAF910F0B0FCCC
:1004D00000221D4B10F004FD17A3D3E9002310F0F8
:1004E00029FE10F0CDFFE060184800F015F907EE86
:1004F000900AB7EE007AC7EE277ABDEC028BD6EDF4
:10050000026A94ED027AA6EEA77A84ED047AD6ED1B
:10051000026A94ED037AA6EEA77A84ED057A96ED49
:10052000027A27EE277A84ED007A96ED017A67EE5B
:10053000277AC4ED017AF8BD182D4454FB210940F7
:10054000541000202C10002000806640581000201D
:100550007FB56846FFF73EFF03A8FFF761FF03A9D9
:100560006846FFF775FF694603A8FFF723FE03A956
:100570006846FFF753FE07B05DF804FB70472DE9AE
:10058000F041804617461C460E4629B3531E1F2BCA
:1005900022D82068257903682946DB6A98472068B5
:1005A000036841461B689847206803685B6B98475F
:1005B00090B9206803683A462946DB6B9847354670
:1005C000C7B2AB1B9BB29F420AD9206803685B6924
:1005D000984705F8010BF4E74FF0FF30BDE8F081D4
:1005E0000020FBE70B6803604B6843608B68836007
:1005F000704770B58AB00E4600F1380101A81C465C
:10060000154601F071F8BDF9043007EE903ABDF9D6
:100610000630F8EEE77AC6ED007A07EE903ABDF9BB
:100620000830F8EEE77AC5ED007A07EE903AF8EE7A
:10063000E77AC4ED007A0AB070BD70B58AB00E4694
:1006400000F1380101A81C46154601F04DF8BDF92E
:10065000103007EE903ABDF91230F8EEE77AC6EDA9
:10066000007A07EE903ABDF91430F8EEE77AC5ED5E
:10067000007A07EE903AF8EEE77AC4ED007A0AB015
:1006800070BD13B5044600F138010DF1060000F00D
:10069000AAFFBDF80630B4F8CC00184300F40040BF
:1006A000C3F30E03A4F8CC3002B010BD13B504465A
:1006B00000F138010DF1060000F095FFBDF806309D
:1006C000B4F8CC00184300F4804023F48043A4F82D
:1006D000CC3002B010BD000000B58FB00EAB0022D0
:1006E00003F8342D012100F13802184601F0ACFC6A
:1006F0009DF806300120984010F088FB04A3D3E950
:10070000002310F0EDFB10F0BBFE0FB05DF804FB12
:10071000F6285C8FC2F5D83F10B58EB00EAB012421
:1007200003F8344D00F138022146184601F08CFCE4
:100730009DF8060004FA00F010F068FB04A3D3E96A
:10074000002310F0CDFB10F09BFE0EB010BD00BFDB
:10075000F6285C8FC2F5D83F73B50E4600F1A001B4
:1007600068461C46154601F0ACFFBDF9003007EEA7
:10077000903ABDF90230F8EEE77AC6ED007A07EE5E
:10078000903ABDF90430F8EEE77AC5ED007A07EE4D
:10079000903AF8EEE77AC4ED007A02B070BD10B579
:1007A0000446A03001F0D3FFB4F8C80000F4807014
:1007B00010BD00007FB500F1A00101A801F042FFCB
:1007C0009DF80620072A9BBF034B03EB8203002002
:1007D000186807B05DF804FB1468020030B59FB0DC
:1007E0004FF480734FF48470ADF800304FF0011374
:1007F000012540F201120193ADF812000023ADF87B
:10080000460001A80C46ADF808508DF81030ADF840
:1008100014208DF84450ADF848208DF84A3000F08F
:1008200070FE80B922462946042001F02FF850B905
:100830002246022104A801F0A1FA20B92246022191
:10084000684600F0EDFE1FB030BD7FB5002301A863
:100850008DF8053001F0C3FE07B05DF804FB04F02D
:10086000DBB808B501210D2004F032F900210D207C
:1008700004F06CF9642004F0CDF801210D2004F09F
:1008800065F9642004F0C6F8F0E7F8B507461546A8
:100890001E460C46E9B1531E1F2B1AD83068317919
:1008A0000368DB6A98473068036839461B689847D5
:1008B00025443068A542036804D01B6814F8011B66
:1008C0009847F6E75B6B9847003018BF012040421D
:1008D000F8BD4FF0FF30FBE7CB68C3600BB15B683E
:1008E00018477047C3680BB19B68184770470000F2
:1008F00010B5044B044640F80C3BFFF7F3FF2046CD
:1009000010BD00BFA86B020030B5846887B00D46EB
:10091000002C00F0968201F12203222B00F2828249
:10092000DFE813F070026002500240023002200241
:1009300010020002F001E001D0019001800170017D
:100940006001500140013001200110010001F00060
:10095000E000D000C000B000A00090008000700057
:1009600060005000400023008F02BE4903A803F03E
:100970008BFF0A224FF0FF31684603F0A4FF69465F
:1009800003A803F0E5FFB84903F0EEFF0146204657
:1009900003F030FE684603F02CFF03A803F029FFA4
:1009A000FFF75FFFAF4903A803F06EFF0A226FF065
:1009B0000101684603F087FF694603A803F0C8FFFA
:1009C000AA49E1E7A74903A803F05EFF0A226FF0F6
:1009D0000201684603F077FF694603A803F0B8FFF9
:1009E000A349D1E79F4903A803F04EFF0A226FF005
:1009F0000301684603F067FF694603A803F0A8FFF8
:100A00009C49C1E7974903A803F03EFF0A226FF013
:100A10000401684603F057FF694603A803F098FFF6
:100A20009549B1E78F4903A803F02EFF0A226FF022
:100A30000501684603F047FF694603A803F088FFF5
:100A40008E49A1E7874903A803F01EFF0A226FF031
:100A50000601684603F037FF694603A803F078FFF4
:100A6000874991E77F4903A803F00EFF0A226FF040
:100A70000701684603F027FF694603A803F068FFF3
:100A8000804981E7774903A803F0FEFE0A226FF050
:100A90000801684603F017FF694603A803F058FFF2
:100AA000794971E76F4903A803F0EEFE0A226FF05F
:100AB0000901684603F007FF694603A803F048FFF1
:100AC000724961E7674903A803F0DEFE0A226FF06E
:100AD0000A01684603F0F7FE694603A803F038FFF1
:100AE0006B4951E75F4903A803F0CEFE0A226FF07D
:100AF0000B01684603F0E7FE694603A803F028FFF0
:100B0000644941E7574903A803F0BEFE0A226FF08B
:100B10000C01684603F0D7FE694603A803F018FFEE
:100B20005D4931E74F4903A803F0AEFE0A226FF09A
:100B30000D01684603F0C7FE694603A803F008FFED
:100B4000564921E7474903A803F09EFE0A226FF0A9
:100B50000E01684603F0B7FE694603A803F0F8FEED
:100B60004F4911E73F4903A803F08EFE0A226FF0B8
:100B70000F01684603F0A7FE694603A803F0E8FEEC
:100B8000484901E7374903A803F07EFE0A226FF0C7
:100B90001001684603F097FE694603A803F0D8FEEB
:100BA0004149F1E62F4903A803F06EFE0A226FF0D7
:100BB0001101684603F087FE694603A803F0C8FEEA
:100BC0003A49E1E6274903A803F05EFE0A226FF0E6
:100BD0001201684603F077FE694603A803F0B8FEE9
:100BE0003349D1E61F4903A803F04EFE0A226FF0F5
:100BF0001301684603F067FE694603A803F0A8FEE8
:100C00002C49C1E6174903A803F03EFE0A226FF003
:100C10001401684603F057FE694603A803F098FEE6
:100C20002549B1E60F4903A803F02EFE0A226FF012
:100C30001501684603F047FE694603A803F088FEE5
:100C40001E49A1E6074903A803F01EFE0A226FF021
:100C50001601684603F037FE694603A803F078FEE4
:100C6000174991E63B68020043680200546802009D
:100C70006E6802008368020094680200B468020093
:100C8000D3680200F86802000B6902002B690200B9
:100C90003D690200556902006F6902009669020011
:100CA000BB690200CF690200E4690200F869020032
:100CB000196A0200306A0200426A0200556A0200A4
:100CC000636A0200604903A803F0DEFD0A226FF0A8
:100CD0001701684603F0F7FD694603A803F038FEE4
:100CE0005A4951E6584903A803F0CEFD0A226FF095
:100CF0001801684603F0E7FD694603A803F028FEE3
:100D0000534941E6504903A803F0BEFD0A226FF0A3
:100D10001901684603F0D7FD694603A803F018FEE1
:100D20004C4931E6484903A803F0AEFD0A226FF0B2
:100D30001A01684603F0C7FD694603A803F008FEE0
:100D4000454921E6404903A803F09EFD0A226FF0C1
:100D50001B01684603F0B7FD694603A803F0F8FDE0
:100D60003E4911E6384903A803F08EFD0A226FF0D0
:100D70001C01684603F0A7FD694603A803F0E8FDDF
:100D8000374901E6304903A803F07EFD0A226FF0DF
:100D90001D01684603F097FD694603A803F0D8FDDE
:100DA0003049F1E5284903A803F06EFD0A226FF0EF
:100DB0001E01684603F087FD694603A803F0C8FDDD
:100DC0002949E1E5204903A803F05EFD0A226FF0FE
:100DD0001F01684603F077FD694603A803F0B8FDDC
:100DE0002249D1E5184903A803F04EFD0A226FF00D
:100DF0002001684603F067FD694603A803F0A8FDDB
:100E00001B49C1E5104903A803F03EFD0A226FF01B
:100E10002101684603F057FD694603A803F098FDD9
:100E20001449B1E5084903A803F02EFD0A2229461A
:100E3000684603F048FD694603A803F089FD0E49A2
:100E4000A2E507B030BD00BF3B680200816A020026
:100E5000A16A0200AE6A0200BF6A0200CF6A020005
:100E6000E86A0200036B02001B6B0200336B020096
:100E70004D6B02006D6B0200866B020070B504467C
:100E80004068284E0368DB69984704F1240226482D
:100E9000E2631E2268232549A4F84620002201258A
:100EA000C4E92B6084F838302667A16704F138065E
:100EB000A26484F828306268C4F8B410102304F1E6
:100EC0002C016262E26284F8A03084F830306067FE
:100ED000C4F8A41084F8415084F8A150304601F0C1
:100EE000A9F901462046FFF70FFD236831469B6AAA
:100EF0002046984704F1A00601462046FFF704FD6E
:100F0000304601F0E8FA01462046FFF7FDFC236871
:100F100031465B6A2046984701462046FFF7F4FCBD
:100F2000257770BD7F0501008B0801005F08010077
:100F300073B5224C224E234D01220B21204606F090
:100F4000FFFA2046204C2149324609F0CCFE00220F
:100F50004FF40271204608F0D3FA32461C4920466D
:100F6000002409F0C0FE1B4B2B60214605F1400018
:100F70002C610AF0FFFA05F154000AF09BFA164BB7
:100F80000093284623464FF4407228210AF08CFB38
:100F900032461249284609F0A6FE1148114B03605B
:100FA0001149124B846032468461047704624360C5
:100FB00002B0BDE8704009F096BE00BF28110020C5
:100FC00000020020B011002054110020F57401002F
:100FD0001F9501008CA5020034680200E1B70100F2
:100FE00058100020A86B0200F108010060150020D5
:100FF0004A780B7843EA02230380CA788B7843EA65
:10100000022343804A790B7943EA022383807047A5
:1010100082B00388ADF800304388ADF80230838891
:10102000ADF8043091F8272091F824305B00E2B944
:1010300002AA134433F8083C038091F8253002AA31
:1010400002EB430391F8282033F9083C9AB9438016
:1010500091F8263002AA02EB430391F8292033F9D4
:10106000083C52B9838002B0704702AA134433F897
:10107000083C5B42E0E75B42E9E75B42F2E748B1EC
:10108000836B3BB1C36B2BB1006CB0FA80F04009AD
:10109000404270474FF0FF3070472DE9F04804465A
:1010A0000025231ADBB2994202D82846BDE8F08811
:1010B00014F8013B012B0FD006D3022B11D0202BAB
:1010C00014D06FF00705ECE7D2E9006746F0010B9A
:1010D000BC46C2E900BCE4E7D2E9006746F0020B77
:1010E000F6E7D2E9006746F0040BF1E7D2E90067C2
:1010F000B34647F0010CECE710B588B104788C4298
:101100003FBF0170197841F00101197001789142D7
:1011100004D902701A7842F002021A70002001E02D
:101120004FF0FF3010BD2DE9F0418046A0B01846C9
:101130000D4616461C46FFF7A2FF50BB49B3637A23
:101140000BB948F08008E27A6368A76B32446946BD
:101150004046B84794F84730A072012B0CBF4FF4BB
:10116000E1700220236C6168984794F90A0098B9ED
:101170002A46511B8BB29E4202D820B0BDE8F081B6
:10118000E37A20AF3B440B4413F8803C02F8013B68
:10119000EFE74FF0FF30F0E76FF00100EDE7000000
:1011A00007B5034601220DF107011B20FFF7BBFF26
:1011B00048B99DF80730C3F38203013BDBB2022B31
:1011C0009CBF024AD05603B05DF804FBD46B02000A
:1011D00013B5002304460846ADF80430FFF74FFF6F
:1011E000B8B90B46022201A94020FFF79CFF70B955
:1011F0009DF80430DA09A270C3F3021203F00F0362
:1012000023709DF80530627003F00303E37002B0B1
:1012100010BD4FF0FF30FAE713B50023044608462F
:10122000ADF80430FFF72BFFE8B90B46022201A905
:101230004220FFF778FFA0B99DF80430DA09A270C8
:10124000C3F380126271C3F3011203F00F03237022
:101250009DF805306270C3F3C00203F00703E2702B
:10126000237102B010BD4FF0FF30FAE7F8B5054624
:1012700018460E461C46FFF702FF20BB19B3637ADF
:101280000BB905F07F056368E76B31462846B84720
:1012900094F84730A072012B0CBF4FF4E17002208C
:1012A000236C616898477C2D06D1337813F00103D5
:1012B00018BF012384F8473094F90A00002818BFAA
:1012C0006FF00100F8BD4FF0FF30FBE773B5154636
:1012D0001E460446A0B1C1F3430249098DF804201B
:1012E0008DF80510022201A95B20FFF7BFFF28B986
:1012F00033462A4621465E20FFF7B8FF02B070BD94
:101300004FF0FF30FAE773B502AC002304F8013D5B
:1013100006460D460B46012221465920FFF703FFE2
:1013200060B99DF8070020F0010030438DF80700F8
:101330002B46012221465920FFF798FF02B070BDCD
:10134000F7B50D4605F10806044600213346012293
:101350000230ADF80410FFF7CFFE002838D1A37893
:10136000671C012B0CBF0322072201463346384677
:10137000FFF7C2FE60BB0C2201212046FFF7BCFE36
:1013800030BB03220146A018FFF7B6FE00BB63780E
:10139000A2781B0103F0700343EAC213227802F023
:1013A0000F0213438DF80430E2789DF8053002F007
:1013B000030223F0030313438DF8053002222B466A
:1013C00001A94020FFF752FF10B92846FFF7E8FEB9
:1013D00003B0F0BD73B50D4605F1080604460021C3
:1013E000334601220230ADF80410FFF785FE0028D5
:1013F00057D101460322601CFFF77EFE002850D122
:1014000001460122601DFFF777FE002849D10D2219
:1014100006212046FFF770FE002842D10146012236
:10142000E01CFFF769FE00283BD104220146A0180A
:10143000FFF762FEA8BB9DF80430A27803F07F039B
:1014400043EAC2136279920102F0400223F04003A2
:1014500013436278120102F0300223F03003134389
:10146000227823F00F0302F00F0213438DF80430AB
:10147000E378DB0003F008029DF8053003F0F00389
:101480001343227902F0070213438DF8053002223C
:101490002B4601A94220FFF7E9FE10B92846FFF7C5
:1014A0007FFE02B070BD37B50023054608460C46E6
:1014B0008DF80730FFF7E3FDF0B90B4601220DF17F
:1014C00007017C20FFF72FFEB0B99DF8070005F05B
:1014D000010520F0010028438DF807002346012272
:1014E0000DF107017C20FFF7C1FE38B99DF80730E8
:1014F00003F0010384F8473003B030BD6FF00C00F7
:10150000FAE773B50023044608460D46ADF80430EB
:101510008DF80630FFF7B3FD00285ED1002C5CD0BB
:101520002678731E022B5BD80B46032201A9532099
:10153000FFF7F9FD00284ED106F0FD03012B1BD16A
:10154000A3785B0003F002029DF8043003F0F90376
:101550001343E278920002F0040213432279D2008E
:1015600002F0080203F0E70313436279120102F06C
:10157000100213438DF80430023E012E1BD8A379CC
:101580005B0003F002029DF8053003F0F9031343FA
:10159000E279920002F004021343227AD20002F0B0
:1015A000080203F0E7031343627A120102F010020B
:1015B00013438DF805309DF80630627823F001035F
:1015C00002F0010213438DF8063003222B4601A9D5
:1015D0005320FFF74BFE02B070BD4FF0FF30FAE72B
:1015E0006FF00B00F7E713B5002304460846ADF88B
:1015F0000430FFF744FD80B97CB10B46022201A9FB
:101600001C20FFF790FD30B99DF805209DF80430AF
:1016100043EA0223238002B010BD4FF0FF30FAE707
:101620002DE9F043174685B00446002200233846D2
:10163000CDE90223FFF723FD002852D1002C50D022
:1016400002AA2046FFF729FD002847D104AE3B46F9
:1016500006F8090D012231467D20DDE90289FFF7F8
:1016600062FD00283AD1002308F0010213431EBF97
:101670009DF8073043F004038DF8073008F00202AC
:10168000002313431EBF9DF8073043F002038DF87B
:10169000073008F00402002313431EBF9DF80730F3
:1016A00043F001038DF80730002209F001031343D2
:1016B00018BF9DF8073008F0070418BF43F008036F
:1016C00009F0010518BF8DF8073054EA050305D06D
:1016D0003B46012231467D20FFF7C8FD05B0BDE83D
:1016E000F0834FF0FF30F9E72DE9F04188B00E4666
:1016F00005460021142203A88DF8071011F0A0FD63
:101700003046FFF7BCFC002840F09880002D00F028
:101710009580334601220DF107017D20FFF703FD7F
:1017200000287DD19DF8074014F0010F14BF4FF041
:1017300008084FF0000814F0040718BF08F1060766
:1017400014F002041CBF08F10604E419B8F1000FFC
:1017500007D0002F75D0002C14BF14220E220420B5
:1017600005E0002F72D0002C5DD106220C203346FC
:1017700003A9FFF7D8FC002852D1ADF808008DF876
:101780000A00B8F1000F0BD00DF10B0205F11703A1
:1017900005F11F0112F8010F03F8010F9942F9D169
:1017A00047B103ABB91F19442846FFF721FC314666
:1017B000FFF72EFC14B305F10C04B8F1000F4CD068
:1017C0000DF11A012046FFF713FC298AB6F84420D0
:1017D000B5F90C3012FB01F24FF4007192FBF1F2FB
:1017E00012B29B1AB3F5004F23DA13F5004F23DB37
:1017F0001BB2AB8131462046FFF70AFC3346032279
:1018000002A91820FFF78FFC50B99DF809309DF808
:101810000A201B0243EA02439DF8082013432B626F
:1018200008B0BDE8F0810C221046A0E70DF11201CE
:10183000C8E747F6FF73DCE70A4BDAE74FF0FF3003
:10184000EEE7002C14BF1422082288E7002C0BBFFF
:10185000224606222046122089E7002FE6D103A95E
:10186000B0E700BF0080FFFF10B504460846FFF751
:1018700006FC40B93CB10B46012221460320BDE8DD
:101880001040FFF750BC4FF0FF3010BDF7B502AC71
:10189000002304F8013D06460F461546134621462F
:1018A00001225820FFF73FFCB0B9032F19D83301AC
:1018B000022FD8B29DF8073011D0032F0ED0012F80
:1018C0001ABF3043834333438DF8073001222B4640
:1018D00021465820FFF7CAFC03B0F0BD3343034351
:1018E000F2E76FF00B00F7E770B5054608460C46C7
:1018F000FFF7C5FB60B95DB10B6C074849689847B5
:101900002346294601222120BDE87040FFF70BBC89
:101910004FF0FF3070BD00BFE0220200F7B500239A
:1019200004468DF80730FFF7AAFB00287DD1B4F8F4
:101930004A60002E79D0E389DA0744BF03F1FF3310
:10194000E381E389012B9CBF0223E3812146002030
:10195000E789FFF7A8FD034660BB2146FFF7D3FCEC
:10196000034638BBB6FBF7F507FB156515F0FF0519
:1019700023D0751BADB20746BD4220D9D3B920692B
:10198000E289234639463844FFF7A0FCE289174430
:101990000346BFB2F0E72069E2892346294628447E
:1019A000FFF794FCE28915440346ADB2AE420ED96E
:1019B000002BF0D0184603B0F0BD0546F6E7002B2B
:1019C000F8D10222E789E281AE4220D8E781002BDC
:1019D000F0D121460120FFF796FC03460028E9D10B
:1019E00021460120FFF75FFD03460028E2D1214692
:1019F0000DF10700FFF778FF03460028DAD19DF8C4
:101A0000072012F0010F08BF6FF00803D2E7002B88
:101A1000DCD12069E289234629462844FFF756FC99
:101A2000E28915440346ADB2CEE74FF0FF33C1E77C
:101A300037B5B6238DF80630002305468DF80730FC
:101A4000FFF71DFB0446B8B901222B460DF1060134
:101A50007E20FFF70BFC2B6C696804464FF4FA609C
:101A60009847012285F8472034B96B7A3BB1284664
:101A7000FFF754FF044660B1204603B030BD204656
:101A80002B460DF10701FFF74EFB04460028F3D16A
:101A9000EDE700220023C5E90C23EDE713B5002391
:101AA0008DF807300446FFF7EAFA034668B9637A0F
:101AB000012284F847205BB1234601220DF1070182
:101AC0000020FFF730FB034658B1184602B010BDA6
:101AD00023460DF10701FFF726FB03460028F4D14A
:101AE000EAE79DF80720217891420BD1102222735A
:101AF0000122E275054A208562622046FFF798FFC1
:101B00000346E2E722706FF00203DEE70001020005
:101B10002DE9F74314468DF807008946002942D085
:101B2000002A40D0127DC3B29A423FD923460122F7
:101B30000DF107012F20FFF799FB30BBE3890F2B35
:101B40002AD8DA0748BF03F1FF334FF0000648BF39
:101B5000E3813027B0461025E089AAB2824209EB22
:101B60000801234614D302463846FFF7DCFAA57B6A
:101B7000A8442F445FFA88F8FFB22E44F6B2C6F1AB
:101B80001005EDB208B9002DE6D103B0BDE8F08331
:101B90003846FFF7C8FAF0E72346102249463020BE
:101BA000FFF7C1FAF1E74FF0FF30EEE76FF0090001
:101BB000EBE77FB50E46044610220021684611F07F
:101BC0003FFBB57D0023DAB2AA4202D36FF00700D3
:101BD0000FE003EB4302316A88188A5C092A03F19B
:101BE0000103F0D18578407832466946FFF790FFCF
:101BF00008B104B070BD04AB1D4415F8103C03F0EF
:101C000001022270C3F340026270C3F38002C3F387
:101C1000C203A270E370ECE72DE9F043074687B0FA
:101C200010461646FFF72BFA044600286ED1002F07
:101C30006CD03D1D92F8478007EB01170437BD4279
:101C400003D1204607B0BDE8F08315F8043C032B10
:101C500007D9B8F1010F04D131460020FFF723FC6A
:101C6000044674BB15F8043C092B48D0292B0ED12F
:101C70001022214602A811F0E3FAB6F848309B067C
:101C800008D496F816C02346DAB294451BD86FF0F4
:101C90000704D6E7334601220DF107011E20FFF7A6
:101CA00042FA08BB9DF8073013F0400F18BF803B85
:101CB0002B80B8F1010F04D131464046FFF7F3FB0A
:101CC00004461035BBE703EB4302316A88188A5C8F
:101CD000292A03F10103D7D190F8029040783246C7
:101CE00002A9FFF715FF08B10446AAE706AB99441D
:101CF00019F8102C02F07F0312F0400FD6E731469E
:101D00002846FFF756FF0028D3D0EDE74FF0FF3409
:101D100097E71FB5B0F848309B07044611D5FFF789
:101D2000AEF988B904A8292300F8103D2246012104
:101D3000FFF772FF18B9BDF80430A4F8443004B0BE
:101D400010BD6FF00700FAE74FF0FF30F7E7F0B58E
:101D5000577D0023DCB2A74201D800200DE003EB41
:101D60004305D6697419755D8D4203F10103F1D104
:101D700023880380A37883700120F0BD2DE9F04F04
:101D8000044687B010461546FFF779F9002840F061
:101D90005681002C00F053814FF0340818FB0148A5
:101DA00092F847A0DFF89CB2A61C08F10208814611
:101DB00002AFB04505D1BAF1010F00F03A8100241D
:101DC0001AE0BAF1010F10D016F8023C092B00F20C
:101DD000EA80DFE813F015001B002000E800E800AF
:101DE000E800E800E800E800D90029460020FFF7F5
:101DF0005AFB04460028E7D0204607B0BDE8F08F24
:101E000029463046FFF79CFA0446A7E029463046AB
:101E1000FFF7E0FAF8E705F108030B220121701D36
:101E2000FFF76AF904460028E6D12B46012239461D
:101E30006B20FFF778F904460028DDD133789DF850
:101E400008205B0122F0200203F0200313438DF8E9
:101E5000083001222B4639466B20FFF707FA04466B
:101E60000028C9D1ADF808008DF804002B460222E5
:101E700039464B20FFF757F904460028BCD19DF89E
:101E80000830F27903F0010343EA42038DF8083089
:101E90009DF80930727803F07F0343EAC213B278E9
:101EA000920102F0400223F040031343F2789200C3
:101EB00002F00C0223F00C031343327923F00303E6
:101EC00002F0030213438DF809301524294601A8B6
:101ED000FFF7CAFC00284BD19DF804305B0747D4BC
:101EE0002B46394602224B20FFF7C0F92B6C69685C
:101EF00004464FF47A709847002C7FF47DAF7378D6
:101F00008BBBEC752B4606F1080101224D20FFF733
:101F1000ADF92B6C696804464FF47A709847002C31
:101F20007FF46AAF2B46012239464420FFF7FBF8C5
:101F3000044698B97379B27903F00F0343EA0213A8
:101F40008DF8083039462B4601224420FFF78EF9E0
:101F50002B6C696804464FF47A7098473436002C2D
:101F60003FF427AF48E70123EB75F3782B76D9E7E9
:101F70002B6C696842F21070013C984714F0FF0422
:101F8000A4D16FF00E0437E710220021384611F07B
:101F900057F92A46092101A8ADF804908DF806905A
:101FA000FFF7D5FE10B96FF0070425E739469DF815
:101FB0000500FFF7ADFD04460028CFD19DF806309F
:101FC000B6F800C05A0810B2CCF30A0C37F810105B
:101FD00001EA0B0141EA0C0127F81010501CB6F879
:101FE00002C037F81010CCF30A0C01EA0B0141EAE9
:101FF0000C0127F81010901CB6F804C037F8101028
:10200000CCF30A0C01EA0B0141EA0C010332C3EBE9
:10201000420327F8101003F0FF03E2B2934206D800
:102020002B46102239463020FFF720F9ECE6013428
:10203000F3E729465046FFF736FA0446DCE64FF050
:10204000FF34D9E600F8FFFF2DE9F041804686B065
:1020500010461546FFF713F820B14FF0FF3006B0D9
:10206000BDE8F081B8F1000FF7D0342616FB0186E9
:1020700092F8477008F102040236B44203D1012FEE
:1020800073D00020EBE714F8023C032B0CD8022B92
:1020900073D014F8023C092B6CD8DFE803F00E165D
:1020A000706B6B6B6B6B6B1B012FF2D129460020A1
:1020B000FFF7F9F90028D2D1EBE729462046FFF7D0
:1020C00087F8002800F0A680C9E729462046FFF7D8
:1020D000A3F8F6E71022002102A811F0B1F80023BE
:1020E0002A46092101A8ADF804308DF80630FFF723
:1020F0002EFE00283ED002A99DF80500FFF708FD3E
:102100000028ACD19DF8063006A95A1C51FA82F27B
:1021100012F8101C06AA1A4412F8102C42EA0122E6
:10212000C2F30A0206A92280DA1C51FA82F2991C33
:1021300012F8100C06AA52FA81F111F8102C42EA9A
:102140000022C2F30A0206A962805A1D043351FA22
:1021500082F251FA83F312F8102C13F8103C43EA80
:102160000223C3F30A03A38054E029463846FFF74D
:102170009AF974E76FF0070071E7012F96D02846AF
:10218000FEF77DFF00287FF468AF2B46012202A9ED
:102190006B20FEF7C8FF00287FF461AF9DF8083080
:1021A000ADF80800C3F34013237002222B4602A9A6
:1021B0004B20FEF7B8FF00287FF451AF9DF80830A0
:1021C0005B08E3719DF80930C3F38011DA09A1704F
:1021D000C3F3810103F003036270E17023714AB914
:1021E0002B46012204F108014D20FEF79CFF002838
:1021F0007FF435AF2B46012202A94420FEF793FF5E
:1022000000287FF42CAF9DF808301A0903F00F0363
:10221000A2716371343430E748B1836B3BB1C36B57
:102220002BB1006CB0FA80F04009404270474FF08B
:10223000FF30704710B50446FFF7EEFF034610BBB2
:1022400024222270104AA264627A02B90123E37246
:1022500023690BB90D4B23612046FFF71FFC90B992
:102260000B4BE3610B4B236241F20813A38207235C
:10227000A375094BE365082384F860302046BDE868
:102280001040FFF746BD10BD03000020D76B0200D1
:10229000D78B02000A8C02000802002058B1C368E4
:1022A0004BB103693BB143692BB14068B0FA80F090
:1022B0004009404270474FF0FF30704710F5805F93
:1022C00030B502D0D38C19B90BB9194830BD1946B5
:1022D0009B0393FBF1F1A1F5804109B201FB01F3EE
:1022E000802493FBF4F392F8244092F92550E40102
:1022F000614305FB03114FF4007391FBF3F192F975
:102300001A3001F58011A03359434FF4805391FBEB
:10231000F3F14FF40053484390FBF3F092F9183077
:1023200000B200EBC300102390FBF3F000B2CDE746
:102330000080FFFF10F5805F30B502D0D38C19B953
:102340000BB9194830BD19469B0393FBF1F1A1F578
:10235000804109B201FB01F3802493FBF4F392F86E
:10236000244092F92550E401614305FB03114FF429
:10237000007391FBF3F192F91B3001F58011A0334A
:1023800059434FF4805391FBF3F14FF4005348430A
:1023900090FBF3F092F9193000B200EBC300102368
:1023A00090FBF3F000B2CDE70080FFFF10F5804F07
:1023B00070B529D0B2F91E4034B3938B23B319B34F
:1023C000D68C0EB3B2F922508E1B4900451B4B43ED
:1023D000108C03F5004304EB234310FB06F00422AA
:1023E00090FBF2F0C0EBC53090FBF3F0074B984246
:1023F000B8BF184647F6FF739842A8BF1846102387
:1024000090FBF3F000B270BD0148FBE70180FFFFD5
:102410000080FFFFF8B5074618461D46FFF73EFF50
:10242000044640B939B132B12E696B683846B047BD
:1024300028722046F8BD4FF0FF34FAE7F8B506469B
:1024400018461C46FFF72AFF054660B959B1637864
:10245000E768012B18BF46F0800663683046B8472E
:1024600020722846F8BD4FF0FF35FAE773B502AC8D
:10247000002304F8013D06460D460B460122214685
:102480004B20FFF7DBFF78B99DF8073023F00103FD
:1024900033438DF8073001222B4621464B20FFF7AE
:1024A000B9FF08B985F82A6002B070BD38B5044696
:1024B000FFF7F4FE054660B994F82A304BB921467F
:1024C0000120FFF7D3FF63696168054640F6B83025
:1024D0009847284638BD10B586B00446002301460B
:1024E00001208DF80330FFF7C1FF002857D1636941
:1024F000616840F6B8309847234601220DF1030188
:102500004020FFF79BFF002849D19DF80330322B74
:1025100045D12370ADF80400CDE902000490ADF878
:1025200014002346022201A95D20FFF787FFB0BBFC
:102530002346042202A96220FFF780FF78BB2346CE
:102540000A2203A96820FFF779FF40BB9DF80430F9
:1025500023769DF8053063769DF80A30A3769DF8C2
:102560000B30E376BDF80E30A383BDF80C30E38367
:10257000BDF812302384BDF8083063849DF815300F
:1025800084F824309DF8143084F825309DF81130FB
:102590009DF810201B0203F4FE431343E38406B0AE
:1025A00010BD37B50B4604460D4601220DF107015B
:1025B0004C20FFF743FF80B99DF80700640020F02E
:1025C000060004F0060420438DF807002B46012284
:1025D0000DF107014C20FFF71DFF03B030BD10B512
:1025E000024608460C46FFF759FE034640BB5378A7
:1025F000042B23D8DFE803F0030D22151D00084645
:10260000FFF754FF0346D8B92146BDE81040FFF755
:10261000C8BF0846FFF74AFF034688B92146012094
:10262000F3E70846FFF742FF034648B92146032077
:10263000EBE70020BDE81040FFF718BF6FF0020382
:10264000184610BD13B500230446CDE90033082217
:102650000B464B206946FFF7F1FE80BB9DF8073023
:1026600023719DF80630E3709DF8053023749DF8C2
:102670000430E3739DF80330C3F3C2022270DA0919
:10268000A271C3F38012E271C3F380022272C3F31A
:10269000400203F00103A3729DF802306272DA096E
:1026A000E272C3F380122273C3F3C20203F0070382
:1026B000A3739DF801306273C3F3C203A37002B029
:1026C00010BD2DE9F7430023CDE9003307460B4643
:1026D0000E46082269464220FFF7B0FE804690BBB6
:1026E0009DF802509DF903209DF905909DF8064044
:1026F0009DF800309DF90100ED088DF8025045EA83
:1027000042159DF8042052088DF8042042EAC919A8
:102710009DF80720A408DB088DF8064044EA8214DF
:1027200043EA4010324621468DF80030FFF7C6FDDF
:10273000214638802846FFF7FDFD2146788048462F
:10274000FFF734FEB880404603B0BDE8F08313B510
:102750000346044601220DF107014820FFF76EFEF3
:1027600080B9234601220DF106014A20FFF766FEDB
:1027700040B99DF8073003F001029DF8063043EAA6
:102780000223238502B010BD002070470368C9B240
:102790001B68184749000023C161C0F82C327047FC
:1027A000036801211B6B184710B403689C6B01235D
:1027B000A4465DF8044B6047D0F82C32B3F5807F17
:1027C0001FBF5A1CC0F82C22C01880F82C1114BF4F
:1027D000012000207047D0F8280170477047C0F8EA
:1027E00030127047C0F834127047D0F82831A3B1C6
:1027F000D0F828318BB1D0F82431D0F8242103440B
:102800000132D2B293F82030C0F82421D0F8282128
:10281000013AC0F82821184670474FF0FF30704742
:10282000D0F828312BB1D0F82431184490F820008A
:1028300070474FF0FF30704710B5044B03600446FB
:1028400000F50E7008F0CCFF204610BD408C020051
:1028500038B503685B6A04469847A82008F04AFC2C
:1028600094F9192094F91810054604F0D7FD656114
:1028700038BD00007FB503685B6A04460E46984782
:10288000482008F037FC94F9192094F918100546EF
:1028900004F0FEFD71002846256104F015FE094B89
:1028A0000393094B01936946002304F50E700293CC
:1028B000009408F005FF039B13B19B686846984796
:1028C00004B070BD208C0200FB29010038B5D0F89F
:1028D0002C3214461A44B2F5807F88BFC3F5807449
:1028E000054600F596702246184410F0ABFBD5F86B
:1028F0002C322344C5F82C32204638BD38B5044666
:1029000040690D4608B104F0A9FC206920B12946B0
:10291000BDE8384004F0D6BD38BD38B5044640693E
:1029200010B10368DB68984723696BB104F50E7535
:10293000284608F033FF284608F07AFF206948212E
:10294000BDE8384008F0EABB38BD1FB50246D0F8F4
:102950002C32D469406981F0010100913BB9012317
:1029600003AA214604F0ADFCC0B204B010BD02F5CC
:102970009672214604F084FC002814BF0220002037
:10298000F3E770B5C2B083F00103009302AE0446D2
:102990001546134649003246406904F092FCC8B916
:1029A000A84218D0D4F82831B3F5807F10D0D4F8DD
:1029B0002031325C234483F82020D4F820310133C5
:1029C000DBB2C4F82031D4F828310133C4F82831FF
:1029D0000130E5E70025284642B070BD10B4D0E9CB
:1029E000013401686210E40701EB020048BF8A5815
:1029F0005DF8044B48BFD358184730B50446BDB006
:102A00000025206904F067FD0328FAD8DFE800F00C
:102A10004C021414D4F8343203B19847D4F82C2261
:102A200032B104F59671206904F059FDC4F82C52B6
:102A3000206904F05CFDE4E7C4F82051F022C4F8FA
:102A400024516946C4F82851206904F046FD00224B
:102A500082421DDAD4F82831B3F5807F18D0D4F83B
:102A60002831B3F5807F11D0D4F820311DF8021041
:102A7000234483F82010D4F820310133DBB2C4F8AA
:102A80002031D4F828310133C4F828310132DFE78E
:102A9000D4F82831002BB4DDD4F83032002BB0D07C
:102AA000D4F828019847ACE701F0C6FFA9E7000079
:102AB00073B54FF47A730025C0E901531A4B0360D4
:102AC0000446C0E904550176427629464FF48072E7
:102AD000203010F0B5FB154BC4F82051C4F8383243
:102AE0002946C4F82451C4F82C52C4F82851C4F81B
:102AF0003052C4F83452C4F8485204F51E7008F03D
:102B000039FD04F5237008F0D5FC04F50E76084B6A
:102B1000009330462B464FF40062182108F0C4FDA4
:102B2000204602B070BD00BF408C02008CA50200A0
:102B30002C8C0200F8B5122001F040FF054613204E
:102B400001F03CFF104C114E2946114D0246204623
:102B5000FFF7AEFF32462946204608F0C4F81E2093
:102B600001F02CFF07461F2001F028FF094C024608
:102B700039462046FFF79CFF324629462046BDE8ED
:102B8000F84008F0B0B800BF6C120020000200202E
:102B9000392801006015002030B5A1F1100400258E
:102BA00000F00F02D3B2092ACCBF373330338B7316
:102BB000CD7302398C424FEA1010F1D130BD222082
:102BC0007047000030B5012185B0192001F080FF69
:102BD0000121192001F0BAFF4FF080430022C3F811
:102BE0005C2503F588334FF48032C3F84823012174
:102BF000C3F80823212001F06BFF0121202001F000
:102C000067FF0121212001F0A1FF0121202001F017
:102C10009DFF104B01221A600F4A1368002BFCD055
:102C20000E4B0024C3F80045C3F800450C4B0FCBF6
:102C30006D4685E80F00234620464FF0FF3155F8DA
:102C400023200133042BC2F80005C2F86015F6D129
:102C500005B030BD04200040442100400020004069
:102C6000908C020038B54FF0805504462146D5F8C7
:102C7000A800FFF791FFD5F8A40004F11001FFF7B9
:102C80008BFF202038BD000072B64FF08043B02289
:102C9000C3F81C25BFF34F8F0549064BCA6802F4E1
:102CA000E0621343CB60BFF34F8F00BFFDE700BF6F
:102CB00000ED00E00400FA05F0B58BB041B3931EBF
:102CC000222B2FD80A2A06D1002804DA44420126F2
:102CD00001AB1D4610E004460026F9E7B4FBF2F014
:102CE00002FB1047092F044603F10103F8B294BF19
:102CF0003030573003F8010C002CEFD1AB42EDD04F
:102D00004EB12D204A1C0870AB4206D80023137028
:102D100008460BB0F0BD0A46F6E713F8010D02F8BD
:102D2000010BF1E70021F3E7FFF7C6BF70B590F89C
:102D3000343105461446F3B90368DB69984704F457
:102D40007063B3F5407F04F0F0030CBF0721082146
:102D500004F00F02302B0CBF02230123012A08D0FC
:102D6000901E42424241A869BDE87040006804F0EC
:102D700011BD0222F7E770BD10B590F8343104465A
:102D80002BB9A369186804F05BFD0028F9D010BDC9
:102D900038B590F834510446A5B983695BB1186819
:102DA00048B10368DB689847A3691D600421A069E6
:102DB00008F0B4F9A5610023C4F82431C4F828311F
:102DC000C4F82C3138BD13B590F8343104466BBBD0
:102DD000A369186804F0F6FC40B307F05BFCA36934
:102DE0001868036801225B690DF107019847D4F860
:102DF0002C31B3F5807F16D0D4F82C31B3F5807F19
:102E000011D0D4F824319DF80720234483F82420DE
:102E1000D4F824310133DBB2C4F82431D4F82C3196
:102E20000133C4F82C3107F04BFCD1E702B010BDE0
:102E30007FB590F8343104460D46002B34D18669B5
:102E400026B9042008F056F9A0610660A369186845
:102E500060BB4FF4867008F04DF92B4694F92120A1
:102E600094F92010064604F09DFFA3691E6094F9B2
:102E70002220531C06D0A06994F923300068032156
:102E800004F09EFFA369186870B10A4B03930022F7
:102E9000094B019369460094029204F0EEFC039BF7
:102EA00013B19B686846984704B070BD294604F08A
:102EB0005DFCDCE7A08C0200C72D010010B4D0E956
:102EC000013401686210E40701EB020048BF8A5830
:102ED0005DF8044B48BFD3581847000008B590F878
:102EE00034313BB1012001F095FD0648BDE80840B2
:102EF00001F028BA82691AB11368003318BF0123A0
:102F0000184608BD5820002070B504460D4601F053
:102F100019FA30B12368294620461B6CBDE8704081
:102F2000184770BDA0F5A070EEE7000013B590F84B
:102F300034318DF8071004462BB1C9B20B48FFF7A6
:102F4000E3FF02B010BDA369186804F079FC002803
:102F5000F9D0A3691868036801221B690DF1070104
:102F60009847013018BF0120EBE700BF5820002030
:102F70002DE9F04107468846164601F0E3F970B1A5
:102F80000024A6420CD9351B402D28BF402508EB54
:102F900004012A46384600F0BBFE2C44F1E7044603
:102FA0002046BDE8F081A0F5A070E1E770B590F88B
:102FB000343105460E4614462BB11048FFF7D8FFB2
:102FC0000446204670BDAB69186804F039FC00283F
:102FD000F9D0AB691868D0F8083101211B6B00F5F6
:102FE00084709847AB691868036822461B693146AC
:102FF0009847013008BF0024E3E700BF58200020B5
:1030000030B50446C3B001F017F9D4F85832C3F50F
:10301000807398420546C4BFD4F85852C5F58075F0
:103020002A4601AB02A9204600F05CFF019902ABE1
:103030006D1A00221D44D4F85832B3F5807F19D0A0
:103040008A4217D0D4F85832B3F5807F10D0D4F824
:103050005032A85C234483F85001D4F85032013335
:10306000DBB2C4F85032D4F858320133C4F85832C5
:103070000132E0E743B030BD38B5044600F0F0FA65
:103080002046FFF7BDFFD4F85852204600F0F0FA72
:10309000284638BDA0F5A070EEE7000010B590F806
:1030A000343104462BB10648FFF7E6FF04462046BC
:1030B00010BD07F0EFFAD4F82C4107F001FBF6E75A
:1030C0005820002038B5044600F0CAFA2046FFF721
:1030D00097FFD4F858324BB1D4F85432234493F8C4
:1030E0005051204600F0C4FA284638BD4FF0FF3555
:1030F000F7E7A0F5A070E5E710B590F83431044685
:103100002BB10B48FFF7DEFF0446204610BD07F049
:10311000C1FAD4F82C313BB1D4F82801044494F816
:10312000244007F0CDFAF0E74FF0FF34F9E700BF95
:103130005820002038B5044600F092FA2046FFF7E8
:103140005FFFD4F85832A3B1D4F85432234493F833
:103150005051D4F854320133DBB2C4F85432D4F8AD
:103160005832013BC4F85832204600F081FA284614
:1031700038BD4FF0FF35F7E7A0F5A070DAE70000A3
:1031800010B590F8343104462BB11148FFF7D2FF47
:103190000446204610BD07F07DFAD4F82C319BB1CF
:1031A000D4F82831234493F82400D4F8283101338B
:1031B000DBB2C4F82831D4F82C31013BC4F82C31EF
:1031C000044607F07DFAE4E74FF0FF34F9E700BF6B
:1031D0005820002008B54FF48072002110F030F81C
:1031E0000022C0F80021C0F80421C0F8082108BD61
:1031F0002DE9F047194C1A4F276000254FF47A78D3
:10320000C4E90158202604F12400C4E90565E561FC
:103210004FF00109FFF7DEFF284684F8349101F0F2
:10322000CDFB8246484601F0C9FB0E4CFF2384F8D3
:103230002100C4E9015804F124002760C4E90565B0
:10324000E56184F820A084F8223084F82330FFF769
:10325000C1FF84F83451BDE8F08700BF8C1900200D
:10326000B48C02005418002000207047704770474B
:1032700010B5D0F88C452CB1236820465B68984780
:10328000A468F8E710BD38B5D0F88C450D4634B1C8
:10329000236820469B6829469847A468F7E738BD0D
:1032A00000487047748D020010B5054B036004465A
:1032B00006F09BF8204606F0B1F8204610BD00BF8E
:1032C000F48C020010B50446FFF7EEFF20464FF4E1
:1032D000B26107F023FF204610BDF7B5D0F88C454A
:1032E00005460E460023A4B123683146DF680DF180
:1032F000030201AB2046B8479DF80310042903469A
:1033000005D0019A284605F0D5FA03B0F0BDA468AF
:10331000E9E7019A9DF80310F4E770B505460E46FB
:1033200022B10021BDE8704005F0C6B8D0F88C4548
:103330005CB1236800221B6931462046984710B1D2
:1033400001212846EEE7A468F2E72146F9E770B5C7
:10335000D0F88C450E46054600213CB12368314625
:1033600020465B699847A4680146F6E72846BDE811
:10337000704005F09BB9F8B5D0F88C4505460E466F
:1033800017463CB1236820469B693A463146984728
:10339000A468F6E728460121BDE8F84005F0E4B945
:1033A00070B5002186B0044605F07CFC0023ADF822
:1033B000063023898DF810301B0AA188E2888DF829
:1033C00011304FF4897540F20123ADF80450ADF887
:1033D0001230022540F20313EF268DF807508DF8C6
:1033E00009508DF80C100125090A8DF80E20ADF852
:1033F0001430120A04F10A038DF808608DF80A509F
:103400008DF80B008DF80D108DF80F2001AD05AE75
:103410001C462A4603CAB24218605960154603F199
:103420000803F6D112881A80204606B070BDF8B5A0
:10343000002406460D462746304610F0E1FAA04229
:1034400007D9335D05F8143005EB440301345F7090
:10345000F2E7400000F0FE00F8BD38B5D0F88C551A
:10346000044635B12B6828461B6A984710B9AD68E9
:10347000F7E7284640F20233A4F8483504F24A51EF
:10348000FFF7D5FF94F84835184484F8480504F54B
:10349000A96038BD40F2023310B500F20A5104466B
:1034A000A0F808350548FFF7C2FF94F8083518441E
:1034B00084F8080504F5A16010BD00BFE08C02008F
:1034C00040F2023310B50446A0F8C83400F2CA40F6
:1034D000FFF7C8FB94F8C834184484F8C80404F50E
:1034E000996010BD2DE9FF4100238DF80A3090F856
:1034F00088351B4A8DF80830012301928DF8093078
:103500003222C0238DF80B308DF80C2001AB04461D
:1035100000F54E7803CBC4F83803C8F8041088F8D7
:103520000820D4F88C6509258EB1336800211B680A
:1035300030469847478805F54E73093F00F1090169
:103540003A46E0180FF07EFD3D44B668ECE784F89B
:103550003A5340462D1284F83B5304B0BDE8F08145
:103560000902FFFF73B504460D46164608F04CFBF2
:103570004FF480730093014633462A46204605F0F7
:1035800059FB024B2360204602B070BDF48C020050
:1035900010B5D0F88C350446A3B9C0F88C1594F852
:1035A00088350B7194F888354A79134484F8883546
:1035B0000B6808465B6A98472389184420810120DC
:1035C00010BD13469A68002AFBD19960E7E71FB542
:1035D000044605F029FB0146684604F0B3FC40218F
:1035E000684604F02BFDD4F88C4534B1236820469E
:1035F000DB6969469847A468F7E7684604F0A9FCC8
:1036000004B010BD10B50446FFF7E1FF2046BDE849
:10361000104005F079BA000010B50D4C2378BFF3C7
:103620005B8FDB0712D4204607F070FB70B148F2C5
:103630005A0242F241310748FFF794FF204607F053
:1036400087FB054A0549034807F04DFB014810BDBB
:10365000C41A0020C81A002000020020A93201006C
:1036600010B5FFF7D9FF0368BDE810405B6F18473E
:1036700010B5FFF7D1FF0368BDE810409B6F1847F6
:1036800010B5FFF7C9FF0368BDE81040DB6F1847AE
:1036900004F014BE04F0D2BD04F000BE70477047C1
:1036A0007047436A93F878007047D0F82401704758
:1036B0000120704700487047DC8E02002DE9F04F72
:1036C000044697B00F464B22002103A80FF0B8FD27
:1036D000D4F82431267994F80EA094F80C90002B9D
:1036E00006F10105637B019314BF05200020EDB2B4
:1036F000002F40F0978040F20923ADF80C304FF4D2
:103700008173ADF8103080238DF8133032238DF89B
:10371000143008238DF815300B2301218DF8163055
:103720008DF8250040F2022342F205404FF0240CB0
:103730004FF0090E04274B22ADF818308DF82110F8
:1037400002238DF82410ADF826004FF01008052054
:103750008DF82A108DF82D108DF82F104FF0030BD7
:1037600006218DF80E208DF817608DF81A308DF82F
:103770001DE08DF81F608DF822308DF823308DF814
:103780002B008DF82CC08DF831C08DF832308DF8BB
:1037900033108DF834008DF835C08DF81E708DF81B
:1037A00029808DF82EB08DF830708DF836100721F5
:1037B0008DF839108DF8491044F20201ADF84C1023
:1037C00040F20751ADF850101D349DF804108DF8EB
:1037D00037608DF838508DF83A008DF842508DF8EA
:1037E0004A008DF852108DF8533044F203064023FE
:1037F00040F6022503A920468DF83BA0ADF83C60B9
:103800008DF83F808DF840E08DF84170ADF8445060
:103810008DF84B908DF854300FF014FC204617B003
:10382000BDE8F08F0020FAE738B505460A4B45F8A9
:10383000D03B0446FFF7F0FE05F0D7FD284604F024
:1038400097FC04F17C0004F093FC04F1700004F098
:103850008FFC204638BD00BF9C8E020010B5044688
:10386000FFF7E2FF20464FF4947107F057FC204623
:1038700010BDFFF705BF000010B5034B0360044601
:1038800004F0E6FA204610BDBC8D020010B50446D7
:10389000FFF7F2FF2046282107F040FC204610BD2C
:1038A00010B5034B0360044604F0D2FA204610BD65
:1038B0008C8D020010B50446FFF7F2FF204634213C
:1038C00007F02CFC204610BD10B5034B03600446E6
:1038D00004F0BEFA204610BDA48D020010B50446C7
:1038E000FFF7F2FF2046382107F018FC204610BDF4
:1038F00038B51C4B0D461968C0F80F1099889B7994
:1039000043750446A0F8131040220221284604F013
:103910008BFB402220730221284604F08AFB4022C0
:1039200060730321284604F07FFBA073284604F04F
:1039300011FB20B9AF220C490C4806F003FE00230E
:1039400004F18502C4E9322304F1D90284F8783005
:1039500084F8843084F8D830C4F81C21C4F82031AD
:1039600038BD00BFD88D0200778E0200828E020023
:103970002DE9F34104460E461546FFF781FEF28815
:1039800023799A4237D1002D35D17778012F2ED166
:10399000F378202B27D13289072A24D104F10F088C
:1039A00004F11605294640460FF01AFBD0B1D4F8B1
:1039B0001630C4F80F30207CE17B638BA4F8133001
:1039C00001EB0021607CE57C237F009501EB004149
:1039D0002568A07C637501EB0061237D627D6D6BC2
:1039E0002046A8473D46F378212B08BF01252846ED
:1039F00002B0BDE8F0810025F9E710B50446FFF7F5
:103A00003FFEFFF709FE217B05F094FB04F18503DF
:103A1000C4F8C8300023C4F8CC3084F8843004F1F2
:103A20007C0004F05AFB94F884302BB923682046BC
:103A3000DB6BBDE81040184710BD000070B50446B0
:103A4000FFF71EFED4F820512DB140F2DD120F49D0
:103A50000F4806F077FD04F1D903C4F81C31FFF7D5
:103A6000DBFD617B05F0C2FA84F8D850C4F8200170
:103A700004F1D00004F031FB94F8D8302BB923685E
:103A800020469B6BBDE87040184770BD778E0200E2
:103A9000E48D020010B4D0E9013401686210E4073B
:103AA00001EB020048BF8A585DF8044B48BFD35869
:103AB00018470000F0B5044687B002ADFFF7E0FDFF
:103AC0000026FFF7A9FDA17B009503234022059660
:103AD00005F034F82846FCF705FFFFF79DFD164B6F
:103AE000217B164F00954022CDE90336022305972E
:103AF000029405F023F82846FCF7F4FEFFF78CFD4E
:103B00000F4B617B00954022CDE9033602230597D8
:103B1000029405F013F82846FCF7E4FEFFF77CFD5D
:103B20004023D4F81C21617B05F000FA012084F8C1
:103B3000D80007B0F0BD00BFFB390100CC8D0200FA
:103B40003D3A010038B502234371002383600C4BDA
:103B5000044640F8703B154604F0B2FA04F17C00CC
:103B600004F0AEFA04F1D00004F0AAFAC4F824512B
:103B7000FFF752FD2146FFF70BFD204638BD00BF81
:103B80009C8E020070B504460D46FFF779FD84F85F
:103B90007850002D3ED194F8843033B1FFF73CFDCE
:103BA000217B05F09BF884F8845004F1850304F12F
:103BB0007C0600253046C4F8C830C4F8CC5004F068
:103BC0008CFA304604F082FA28B9154915484FF4AA
:103BD000A27206F0B7FC94F8D83033B1FFF71CFDA1
:103BE000217B05F07BF884F8D85004F1D903C4F8A0
:103BF0001C3104F1D00500232846C4F8203104F01C
:103C00006CFA284604F062FA20B94FF4A77204490E
:103C10000548DEE704F17000BDE8704004F05DBACD
:103C2000778E0200F28D0200038E020010B504466A
:103C3000FFF726FD20460021BDE81040FFF7A2BF98
:103C400038B50D460446FFF71BFD042D05D0204670
:103C50000021BDE83840FFF795BF38BDF8B51646DE
:103C600004460D461F46FFF70BFD04233370EA8818
:103C700023799A4225D16978012922D1EA78212A2B
:103C800008D0222A0BD0202A4FF000001BD1307020
:103C9000163401E031700F343C600720F8BDAB886A
:103CA00013F0010308BF19462046FFF76BFFAB88EE
:103CB00003F00103E366AB8803F00203A36602236B
:103CC00033700020EAE703233370E7E710B58AB0CA
:103CD0000446FFF7C5FC684604F0AEF80A4B0093B3
:103CE000694604F17000099404F00FFA2046FFF7CA
:103CF000BFFC064B00211A68684604F0E9F86846E4
:103D0000FFF7BAFD0AB010BDBC8D0200E08D0200C5
:103D100070B58EB0154604460E46FFF7A1FC01A80B
:103D200004F08AF80E4B0C9501A9002504F17C00E3
:103D30000193CDE90A468DF8345004F0E6F92046A7
:103D4000FFF796FC074B29461A6801A804F0C0F853
:103D500001A89DF83440FFF7A3FD20460EB070BDCA
:103D60008C8D0200E08D020010B50446FFF788FC40
:103D700094F884307BB9D4F8CC3063B1FFF74CFCB5
:103D8000D4F8CC30217B04F1850205F06FF910B135
:103D9000012384F8843010BD2DE9F8431E46044603
:103DA000894690469DF82070FFF75AFC0023336047
:103DB00094F87830E3B194F88430CBB9D4F8CC508F
:103DC000C5F14005454528BF4546B8F1000F05D06F
:103DD0002A464946D4F8C8000FF034F9D4F8CC305C
:103DE0002B44C4F8CC30356017B12046FFF7BCFF38
:103DF0002046BDE8F843FFF73BBCF0B50446406AF7
:103E000090F8785085B001262DB984F830503546A9
:103E1000284605B0F0BD04AB002743F8047DD4E983
:103E20000A120096FFF7B8FF0399E36AA26A5B1AC9
:103E30000A44E362A26213B984F83060E8E7606A7A
:103E4000FFF792FF3D46E3E72DE9F0431C4691B0B2
:103E5000904606468946FFF703FC002C08BF01ACDC
:103E60004FF00005256002A80CBF0127002703F0D2
:103E7000E3FF104B029302A906F1D000CDE90D84B7
:103E8000CDE90B698DF83C708DF83D5004F03DF99B
:103E90003046FFF7EDFB084B29461A6802A804F0EC
:103EA00017F802A89DF83D40FFF70EFD204611B01F
:103EB000BDE8F083A48D0200E08D020010B5D0F8BB
:103EC000203104466BB990F8D83053B9FFF7A4FB02
:103ED000402304F1D902617B05F028F8012384F81E
:103EE000D83010BD70B51E4604460023336094F8E8
:103EF00078300846EBB194F8D830D3B9D4F82051D3
:103F0000D4F81C11954228BF15462A460FF09AF89E
:103F10003560D4F81C31D4F820212B44551BC4F84B
:103F20001C31C4F8205125B92046BDE87040FFF788
:103F3000C5BF70BD37B50446406A90F878502DB9BA
:103F400084F835500125284603B030BD02AB00226D
:103F500043F8042DD4E90A12FFF7C4FF0199A26ABD
:103F60000A44A262226B13680B441360E36A01994E
:103F70005B1A94F83410E36209B9126802B91BB9EC
:103F8000012384F83530DEE7606AFFF797FF0025EC
:103F9000D9E76FF01500704700290CBF6FF01800CB
:103FA00000207047012070476FF0150070476FF0D8
:103FB00015007047112070477047704770470368BD
:103FC0009B6C1847A0F5A070F9E7704770477047E1
:103FD00070470368184710B50446012000F01AFD29
:103FE00094F8780010BDA0F5A070F4E738B54FF054
:103FF000FF320123FF210B480B4D07F01BFA00F0A5
:10400000F7FC044695F878301BB1012000F002FD62
:10401000F8E700F0EDFC001BC728F6D9BDE83840F2
:10402000FEF732BE102300205820002007B502AB57
:10403000012243F8041D1946FFF76AFE18B10198E2
:1040400003B05DF804FB4FF0FF30F9E7A0F5947082
:10405000FFF7ECBF07B502A9002301F8013D0122DB
:10406000FFF7F2FE20B19DF8070003B05DF804FBF6
:104070004FF0FF30F9E7A0F59470FFF7EBBF2DE9A3
:10408000F8430446884617461E46089DFFF7F8FA8F
:10409000D4F87092B9F1000F04D02B46324639465D
:1040A0004046C847C4F86082C4F86472C4F86862C5
:1040B000C4F86C52BDE8F88370B50646FFF7E0FA25
:1040C00006F51D740025D6F8B432AB4208D9204657
:1040D000103454F8043C1BB11B6898470135F2E7D3
:1040E00070BD0000B0F5966F03D10121014807F0C3
:1040F00083B970471023002010B4D0E9013401685F
:104100006210E40701EB020048BF8A585DF8044BD7
:1041100048BFD35818470000114B03F1780270B51F
:104120000360C0F8282103F1D802E8330446C0F840
:104130002C21C0F8403100F51D7600F52D75AE42FA
:1041400004D0103D2846FCF7CDFBF8E704F5947049
:1041500005F0C4FE2046FFF767FB204670BD00BF98
:104160001C8F0200A0F59470FFF7D6BFA0F59670E3
:10417000FFF7D2BF10B50446FFF7CEFF20464FF43D
:104180002E7106F0CBFF204610BDA0F59670FFF70C
:10419000F1BFA0F59470FFF7EDBF0000F7B504463E
:1041A00015461F460E4607F02FFDBDF8243001933B
:1041B000BDF8203000932A463B4601462046FFF7D3
:1041C000C1FC002104F5947005F05EFE4FF47A7393
:1041D000C4F84831174B236003F178020025C4F876
:1041E000282103F1D802E833C4F82C21C4F8445143
:1041F000C4F840314FF48072294604F5A8700FF0DE
:104200001FF8C4F85052C4F88052C4F85452C4F88D
:104210009052C4F85852C4F8A052C4F8B052C4F82E
:10422000B452C4F8705216B12046FFF74FFD204635
:1042300003B0F0BD1C8F020038B50546FFF710FA39
:1042400095F8D8304BB9D5F82041402C28BF4024F0
:104250002846FFF70DFA204638BD0024F8E7000095
:1042600070B5044686B0FFF7FBF92D4BC4F87032E9
:104270002046FFF7FDF92B4B05932B4B039320466C
:10428000002302940493FFF7EBF9D4F8B452032D02
:1042900013D804EB05166B1C06F51D76C4F8B43272
:1042A0003046FCF71FFB04EB0515059BC5F8803273
:1042B0001BB15B6802A9304698472046FFF7D8F942
:1042C00002A8FCF70FFBBC2006F014FF0026174BDA
:1042D0000360054631460661403007F04BF905F1B1
:1042E000540007F0E7F8124B00934FF48072334606
:1042F0002846182107F0D8F90E4B05930E4BC4F849
:104300005C5202A92846CDE90236049607F0D8F996
:1043100002A8FCF7E7FA2046FEF772FE06B070BD71
:10432000E5400100F48E0200013001008CA502007E
:104330000C8F0200008F0200ED3F0100A0F5A0707D
:10434000FFF78EBF90F878007047000037B50F4C2C
:104350000F4D204607F040F82A460E49204606F049
:10436000C2FC0D4C42F212030122CDE900320022C0
:1043700011464FF4F8532046FFF710FF07492A462D
:10438000204603B0BDE8304006F0ADBC102300204D
:1043900000020020FFB30100582000201941010055
:1043A00008B50DF089FC2DE9F04F027D012A85B09A
:1043B00005460E4640F0908000214FF0FF3B04463A
:1043C0000B465F4694F804C048B2BCF1000F75D1AB
:1043D00094F805C0BCF1000F70D1B7F1FF3F1BBFCF
:1043E00001335BB201233846934201DD1A4683460E
:1043F0000131082904F102045ED1002402EB0B0311
:10440000A1460293CB4502DC029B4B4559DC95F853
:10441000058095F804A04FEA28170AF00F03FAB2B6
:104420005FEA2A1A019208F00F0870D05FFA8AF149
:10443000BAF1090FD4BF303157313046039300F041
:10444000CFF8039B0444092B94BF03F1300103F11F
:1044500057013046039300F0C3F80444BAF1000F4B
:1044600002D1039B03B94FB1092F019FD4BF30374D
:104470005737F9B2304600F0B3F80444B8F1090FE9
:1044800094BF08F1300108F15701304600F0A8F858
:10449000B9F1070F044404D03A21304600F0A0F8E7
:1044A000044409F10109B9F1080F05F10205A9D188
:1044B000204605B0BDE8F08F074683E74FF0FF3098
:1044C00096E7CB45EDD1BBF1000FE5D13A2130465F
:1044D00000F086F80444DFE700F1100700F113094B
:1044E000002417F8011B0A22304600F0B7F82E21ED
:1044F0008046304600F074F8B94540440444F0D199
:104500000A22E97C304600F0A9F80444D0E7002BE9
:1045100099D1A8E710B5054B036004460175102238
:10452000002104300EF08CFE204610BD38900200B1
:1045300070B5074D0560837400259DF81030057532
:1045400045608560C56001744274C37470BD00BF6E
:104550003890020007B501210648FFF7DBFF002372
:1045600000931A4619460448FFF7E2FF03B05DF8CE
:1045700004FB00BF242300203C2300202DE9F04150
:1045800006460D4601EB02080C464445A4EB050720
:1045900007D0336814F8011B1B6830469847002881
:1045A000F3D13846BDE8F08170B5044608460D46A3
:1045B0000FF026FA23680246294620465B68BDE8CC
:1045C0007040184709B1FFF7EFBF0846704703680E
:1045D0008A685B680968184708B5FFF7F3FF08BDEC
:1045E00003681B68184700000149FFF7DDBF00BFE3
:1045F000BFA2020038B50546FFF7E9FF044628468A
:10460000FFF7F2FF204438BD70B58AB00D460AA905
:10461000002301F8043D012A98BF0A22B5FBF2F4F9
:1046200002FB1456F3B2092E94BF30333733DBB29A
:10463000254601F8013D002CF0D1FFF7C3FF0AB079
:1046400070BD10B42AB903685DF8044B1B68C9B289
:104650001847D2B25DF8044BFFF7D6BFFFF7F1BFA2
:104660002DE9F84F0A9E0746002E10461946B8BF9E
:10467000022614461D460CF0CDFE28B14C493846A2
:10468000BDE8F84FFFF790BF25F000494FF0FF322B
:10469000484B204649460CF0BDFE48B94FF0FF326A
:1046A000444B204649460CF097FE08B94249E6E7DC
:1046B0004FF06042414B204629460CF0A1FE08B164
:1046C0003F49DCE74FF060423E4B204629460CF064
:1046D00079FE0028F4D100220023204629460CF060
:1046E00071FED0B12D213846FFF77AFF05F1004366
:1046F00082461D463449DFF8D8904FF0000B002069
:104700004FF000085FFA8BF3B3420BF1010B06DAAE
:1047100042464B460CF00EFDF4E78246EAE70246BD
:104720000B46204629460CF025FA0D4604460CF0AF
:1047300087FE0A22014680463846FFF765FF82441D
:104740009EB340460CF052FB02460B4620462946DB
:104750000CF00EFA04460D4638461C49DFF87090FE
:10476000FFF722FF4FF00008824416F1FF361CD3FA
:104770004B464246204629460CF0B2FB0D46044605
:104780000CF05EFE0A22014683463846FFF73CFFE6
:10479000824458460CF02AFB02460B462046294626
:1047A0000CF0E6F904460D46DFE75046BDE8F88F09
:1047B0003C900200FFFFEF7F40900200FFFFEF41BF
:1047C00044900200FFFFEFC10000E03F7C9902002F
:1047D00000002440FFF744BF37B506990091054615
:1047E000FFF73EFF04462846FFF7FEFE204403B0D5
:1047F00030BD10B50446006808B10EF0DFF8204661
:1048000010BD10B50446006808B10EF0D7F80023BB
:104810002360C4E9013310BD38B504460D46006875
:1048200001310EF06DFD10B1C4E90005012038BD65
:10483000036810B5044623B143688B4201D30120BD
:1048400010BD2046FFF7E8FF0028F9D0A368002B31
:10485000F5D122681370F3E770B50E461146044691
:104860001546FFF7E5FF20B92046FFF7CAFF2046AF
:1048700070BD2A463146A56020680EF0E3FB226831
:10488000A3680021D154F2E738B500230446C0E9FB
:10489000003383600D4639B108460FF0B1F8294660
:1048A00002462046FFF7D8FF204638BD38B50546FA
:1048B00008460C460FF0A4F8214602462846BDE8FB
:1048C0003840FFF7C9BF10B504468AB00023C4E9D9
:1048D0000033A360084601A9FEF726FA204601A985
:1048E000FFF7E4FF20460AB010BD2DE9F041054670
:1048F0001746884619B900263046BDE8F0819AB1BE
:10490000846814442146FFF793FF06460028F2D03E
:10491000AB6828683A46184441460EF093FB2B6872
:10492000AC6000221A55E7E70126E5E738B50546F1
:1049300008460C460FF064F8214602462846BDE8BA
:104940003840FFF7D2BF09B1FFF7F0BF0846704704
:1049500010B58A6809680446FFF7C7FF10B92046FA
:10496000FFF74FFF204610BD10B5044621B9204681
:10497000FFF747FF204610BDFFF7E5FF0028F6D000
:10498000F8E7000010B500F049F8FEF71BF9FEF754
:1049900043FEFEF737FE4FF4E1310648064CFFF7C1
:1049A0005FFCFBF7FBFCFBF7D3FD002CFBD0AFF368
:1049B0000080F8E7582000200000000010B50446F1
:1049C000FEF7FDF884423BBF2401024B4FF0FF305D
:1049D000185710BD1802002010B5044603F08EF8D9
:1049E000204610BD10B5044603F088F8204610BDDF
:1049F00007B50749684603F0BEF84FF47A72002302
:104A0000DDE900010CF08CFD03B05DF804FB00BF94
:104A10005823002006F0DEBD06F0B4BC08B50448FB
:104A200003F076F80348BDE8084003F071B800BF12
:104A3000702300205823002006F0DCBD38B50A4C56
:104A40000A4D204603F0D4F82046094C09492A466D
:104A500006F049F9204603F0D6F82A4620460649D2
:104A6000BDE8384006F03FB9702300200002002066
:104A700058230020E5490100D949010008B590F903
:104A800000305A1C04D121220E490F4805F05AFD6E
:104A9000012259B11F2B86BF03F01F030B494FF0B2
:104AA000A04102FA03F3C1F8083508BD1F2B86BFE9
:104AB00003F01F0305494FF0A04102FA03F3C1F8C8
:104AC0000C35F2E7CF900200DD90020000030050A9
:104AD0002DE9F8431C4D4FEA001805EB0802044687
:104AE000D0680F4610B1012106F018FB2046FFF7F1
:104AF00065FF8146012006F0FDFA00260670494652
:104B0000044604F006FE05EB0803012FDC6010D01C
:104B100006D3022F12D0204602F02EFB012103E023
:104B2000204602F029FB31462046BDE8F84302F05A
:104B30002FBB2046BDE8F84302F012BB204602F02E
:104B40001BFB0321F0E700BF18020020F7B5064663
:104B50000F46FEF734F886421BD20F4D05EB0615C3
:104B6000EC687CB93046FFF729FF0646012006F0C5
:104B7000C1FA00230446037001220097314604F075
:104B8000D1FDEC603946204603B0BDE8F040FFF7A8
:104B900075BF03B0F0BD00BF180200201EF0040F67
:104BA0000CBFEFF30880EFF30980816911F8021C54
:104BB000002932D101B590E80F10E047BDE8005060
:104BC0008CE80300244B93E80600914208BF70472D
:104BD0001A6041B91EF0100F10D1204B186820F058
:104BE000010018600AE02CE9F00F1EF0100F08BF5A
:104BF0002CED108A81F822E0C1F838C0906B92F851
:104C0000221061F0FF0E1EF0100F08BFB0EC108AEA
:104C1000B0E8F00F80F309887047114A1368994291
:104C2000FAD801B552F821C00FC8E047BDE80050DE
:104C3000CCF80000704701B501F046FBBDE801402B
:104C4000EFF3098CBEE701B501F002FBBDE80140BE
:104C5000EFF3098CB6E700004C04002034EF00E0CD
:104C6000A891020008B5014630B96FF0030000F0CA
:104C7000EEF96FF0030008BD132001F0D3FE30B948
:104C80004FF0FF3000F0E3F94FF0FF30F3E7002082
:104C9000F1E7000008B5EFF305834BB9EFF310839C
:104CA00033B9EFF311831BB9DFF814C000DF08BD7F
:104CB0006FF0050000F0CBF96FF00500F7E700BFDB
:104CC000654C0100EFF310832BB9EFF3118000382E
:104CD00018BF0120704701207047000010B503463F
:104CE00028B30468806860B110F0030202D1DB6869
:104CF0000F2B25D86FF00801002002F0EFF80020FC
:104D000014E0DB68002BF5D1104BD3F8900080B194
:104D100000F013FCB0B1012383700023C0E902331B
:104D2000F3220A4B02700A4A44605A6610BD0446D8
:104D3000EAE7D3F880000122102100F08AFBE9E7BE
:104D40001346E9E76FF00401D7E700BF38040020FD
:104D5000254E010010B5044610B10378F32B07D09F
:104D600020466FF0030102F0B9F86FF0030010BDA8
:104D7000836863B1204601F003FC00226FF002015A
:104D800001F0A8FDA0680028F4D101F081FC002307
:104D90002370A378DB0701D40020E8E7064BD3F8A3
:104DA0009000214610B100F0E5FBF5E7D3F8800054
:104DB00000F082FBF0E700BF38040020930710B535
:104DC00002F0010422D400F10C0384B153E8000F77
:104DD00000EA01028A4203D0BFF32F8F002005E0D2
:104DE00020EA010243E8002404B1EFE710BD53E8D4
:104DF000000F084203D1BFF32F8F002005E020EA07
:104E0000010243E8002404B1F1E7EFE7C06801EADA
:104E100000031CB1994218BF0020E7E7002B08BF30
:104E20000020E3E7F8B58468054604B9F8BD94F8B6
:104E30002320616AA7682846FFF7C0FF064638B1FD
:104E4000204601F0A6FB00223146204601F042FD3B
:104E50003C46EAE7F8B50D4617461E46044620B123
:104E60000378F32B01D1002907DA20466FF0030104
:104E700002F034F86FF00300F8BDFFF79FFF002841
:104E8000FAD186B13146432001F0CCFD40B1074B49
:104E90005E692046314601F061FB756286F8237039
:104EA0006FF00100E8E76FF00200E5E7380400204A
:104EB0002DE9F041064620B10378F32B01D10029FA
:104EC00009DA6FF00301304602F008F86FF00305CD
:104ED0002846BDE8F08100F10C0353E8002F42EAB8
:104EE000010543E8005000B1F7E7B4681CB920465B
:104EF00001F0CEFBECE794F82320616AD4F8088037
:104F00003046FFF75BFF074678B194F823309B07E4
:104F100056BF656A054620EA0505204601F039FBC3
:104F200000223946204601F0D5FC4446DEE7000069
:104F300008B50246EFF3058333B100206FF0050199
:104F400001F0CCFF002008BDFFF7BCFE0028F4D123
:104F5000DFF808C0104600DFF5E700BFDD4C0100B8
:104F600038B502460D46EFF305834BB192B96FF0A9
:104F70000301104601F0B2FF6FF00304204638BD74
:104F8000FFF7A0FE0028F1D1DFF830C0104600DFA7
:104F90000446F3E71378F32BE9D1002DE7DB02F1A8
:104FA0000C0353E8001F41EA050443E8004000B148
:104FB000F7E7104601F0D0F9E0E700BFB14E01007D
:104FC000F8B504460E4617461D46EFF3058343B178
:104FD0008CB920466FF0030101F080FF6FF00300F1
:104FE000F8BDFFF76FFE0028F2D1DFF82CC0204695
:104FF0002B4600DFF4E72378F32BEAD1002DE8D12C
:10500000002EE6DB3A4631462046FFF7D7FE002861
:1050100008BF6FF00200E3E7554E010008B50246F5
:10502000EFF305833BB110466FF0050101F056FF29
:105030006FF0050008BDFFF745FE0028F3D1DFF84B
:1050400008C0104600DFF5E7554D01007047704776
:10505000EFF310832BB9EFF31180003818BF012054
:105060007047012070470000064BDA6A3AB1D069F8
:105070005B6C1BB11B69984228BF184670474FF004
:10508000FF30F5E738040020014BD868704700BFB7
:105090003804002070B5464C237A012B00F085803F
:1050A00033B14FF0FF3001F00DFF4FF0FF3070BD16
:1050B000404DD5E90B61EB68E3652B8AA4F85430C9
:1050C0003046AB68236400F0ADF908B1C4F88060E5
:1050D000D5E90561304600F0A5F908B9D4F880603B
:1050E0006667D5E90761304600F09CF908B9D4F845
:1050F0008060A667D5E90961304600F093F908B9E8
:10510000D4F88060E6676E6B3EB1D6E90223316861
:10511000304600F0F1F9C4F88460AE6B3EB1D6E9D8
:1051200002233168304600F0E7F9C4F88860EE6B7E
:105130003EB1D6E902233168304600F0DDF9C4F80B
:105140008C602E6C3EB1D6E902233168304600F007
:10515000D3F9C4F890606E6C3EB1D6E90223316891
:10516000304600F0C9F9C4F89460AE6C3EB1D6E99F
:1051700002233168304600F0BFF9C4F89860EE6C45
:105180003EB1D6E902233168304600F0B5F9C4F8E3
:105190009C602D6D3DB1D5E902232968284600F0B9
:1051A000ABF9C4F8A0500123237200207FE700BFB1
:1051B000380400203891020070B5274C237A012B67
:1051C00007D06FF0060001F07DFE4FF0FF35284656
:1051D00070BD01F069FC10B94FF0FF30F3E71F4AD2
:1051E000FF2382F8223092F8223063F0FF03DB4382
:1051F00004D1D268C2F30222531C08E0D268B3FA89
:1052000083F3C3F12003C2F302229342F4D9FE22B6
:1052100002FA03F3124E114A12497068DBB2D377D7
:1052200001F0ACFE05460028D6D101F0FBFE20615E
:1052300001F0E4FE0C4801F0A3F901F021FA336813
:10524000DB074CBF0223032383F31488BFF36F8F64
:1052500002232372BBE700BF3804002000ED00E00A
:1052600038910200474C01005404002010B50F4C47
:10527000237A022B13D101F0C9FE01236372BFF31D
:105280004F8F0B4A5168C90042BF4FF00061516017
:10529000A37204232372BDE81040FFF7E5BE6FF050
:1052A000070001F00FFE002010BD00BF38040020F1
:1052B00000ED00E038B51D4C237A042B054634D1AF
:1052C000FFF7D2FEE26A85422CBF00F1FF332B4686
:1052D00012B1D069C01AD061626C12B11069C01AE3
:1052E0001061E26813441544E360E3689D4213D102
:1052F00002230020237201F0CBF900236372BFF375
:105300004F8FA27A22B1A372094B4FF080525A609C
:10531000BDE8384001F072BE0133E36001F076F978
:10532000236D002BE1D09847DFE738BD380400201B
:1053300000ED00E0704738B504460D46FFF786FEE5
:1053400029462046BDE8384001F07EBD08B5FFF78C
:10535000F1FFEFF3058333B16FF0050001F0B2FD0B
:105360006FF0050008BDFFF773FE0028F4D1DFF8E9
:1053700008C000DFF6E700BF9550010008B5EFF365
:10538000058333B16FF0050001F09CFD6FF005005F
:1053900008BDFFF75DFE0028F4D1DFF808C000DF8C
:1053A000F6E700BFB951010008B5EFF305832BB153
:1053B0006FF0050001F086FD002008BDFFF748FEF4
:1053C0000028F5D1DFF804C000DFF6E76D520100D8
:1053D00008B50246EFF305832BB1BDE808406FF036
:1053E000050001F06FBDFFF733FE0028F5D1DFF8AF
:1053F00008C0104600DF08BDB552010008B5EFF344
:10540000058313B1054BD86808BDFFF721FE0028BE
:10541000F8D1DFF80CC000DFF6E700BF3804002049
:105420008950010010B5034688B1084310F0070009
:105430000DD117290AD9196008391022CC189C609F
:105440005A60585099684A60D860012010BD002009
:10545000FCE770B5034668B361B3032A2AD80F315D
:1054600021F0070600F10804214624684D68601AFF
:1054700025F00305401B864203D920680028F3D19C
:1054800070BD5D68186835445D600344083B58682A
:10549000854288BF5D604B6832431BB94A6001F1A9
:1054A0000800EDE723F00303C818CC504260086001
:1054B0000830E5E70020E3E710B5034680B1C9B145
:1054C000A1F1080400F108020021A24209D15068AC
:1054D00020F003045868001B586041B95160012056
:1054E00010BD106811460028FAD00246EDE7136897
:1054F0000B60F4E70846F3E730B5C0B189B1C2B13B
:10550000CBB10024C0E9014202FB01F41D19016086
:10551000C360436105611846013904D1A41A1951C9
:105520000121084630BD851805602846F4E701468C
:10553000F7E71146F5E71946F3E710B5034608B952
:10554000002010BD00F1140252E8000F10B9BFF3A3
:105550002F8F04E0016842E8001404B1F4E700284A
:10556000EED0043353E8002F511C43E8001404B17B
:10557000F8E7E6E730B5F0B1C3688B421BD80369A2
:105580008B4218D900F114031A680A60BFF35F8FC9
:1055900053E8002F0C689442F6D143E8001505B19A
:1055A000F2E7043050E8003F5A1E40E8002101B104
:1055B000F8E7002030BD6FF00300FBE7EFF3108346
:1055C0002BB9EFF31180003818BF0120704701207C
:1055D0007047D1E9013223B19A608A681AB15360E9
:1055E0007047C262F9E70363704700002DE9F84F86
:1055F0008946074638B131B1B0FA80F1B9FA89F37A
:105600000B441F2B08DC6FF00301002001F07CFC31
:1056100000242046BDE8F88F09F1030828F00308AC
:1056200008F10C0808FB00FB002A5AD09468D2F855
:1056300000A0D2E904653CB1A10702D1D368332BA5
:105640000DD86FF00801E0E7D368002BF9D126B33D
:10565000B20701D1AB4522D96FF00901D5E7B6B940
:10566000002DF9D12A4B0022D86F5946FFF7F1FEE1
:105670000646002844D13DB1254BD3F8A000214671
:10568000002838D0FFF776FF6FF00401BDE7B307BD
:10569000E2D1AB45E0D800250DE0002DDCD11C4B5C
:1056A000D3F8A00000B3FFF748FF04460028EBD072
:1056B0000125002ED6D0FA2323700023C4E90993D4
:1056C000C4E90B33A36042463346A570C4F804A076
:1056D000394604F10C00FFF70FFF0D4B0D4A1A6716
:1056E00097E792461646DAE7D3F880000122342184
:1056F000FFF7AFFED9E7D3F88000FFF7DDFEC3E781
:105700005A4600210DF09CFD45F00205D3E700BF8D
:1057100038040020A557010010B500F1280353E814
:10572000002F12B9BFF32F8F04E0511E43E800147D
:1057300004B1F4E70AB9002010BDC06A01220028B4
:10574000F9D0811CD1E84F3FC1E8442F04B1F9E7FB
:10575000DBB2002BF0D08068F1E7036B30B5E3B12A
:10576000CD780024DA78AA420FD31A46C1E9012481
:105770008AB19160A4B16160283050E8003F5A1CA2
:1057800040E8002101B1F8E730BD5A681C46002A04
:10579000ECD01346E6E7C162ECE7C1E90133C16230
:1057A0000163E9E7F8B5877804468FB3C568014619
:1057B00000272846FFF70DFF277005F10C0420464F
:1057C000FFF7D8FEAB68002B48D02046FFF7B5FEA8
:1057D0000446002842D0284600F0D2FE3A4606464B
:1057E000394601F077F8304600F040FF6A6A816878
:1057F000064604F10C000DF025FCF9232370A77078
:10580000F368E37021462846BDE8F840FFF7A5BFDE
:105810008568AB68002BF5D05B78832BF2D12846E6
:1058200000F0AEFE3A460646394601F053F83046DF
:1058300000F01CFF06466A6A806804F10C010DF056
:1058400001FCF3680BB1E2781A7000232370214643
:1058500005F10C00BDE8F840FFF78CBEF8BD000074
:105860002DE9F0410E4617469846044618B10378D4
:10587000FA2B00D141B920466FF0030101F044FB3F
:105880006FF00300BDE8F0818368BBB15B78832BC8
:1058900014D100F075FE01220546002101F01AF82E
:1058A000284600F0E3FE0546626A806831460DF046
:1058B000C9FBEB6803B11F700020E3E704F10C00A3
:1058C000FFF73BFE054670B13146626A0C300DF0C1
:1058D000B9FBF9232B700023AB70EF7029462046EB
:1058E000FFF73BFFE8E7B8F1000F11D041469320E6
:1058F00001F098F810B96FF00100C3E7064B20469D
:10590000596900F02BFEEFF30983C3E90267F2E760
:105910006FF00200B6E700BF380400202DE9F04127
:105920000F4616469846044618B10378FA2B00D164
:1059300041B920466FF0030101F0E6FA6FF0030071
:10594000BDE8F081FFF7E8FE054600283AD00146A1
:105950002046FFF73EFE626A05F10C0138460DF065
:1059600071FB0EB1EB783370002704F10C062F7039
:1059700029463046FFF7FEFDA3680BB90020DFE79C
:105980003046FFF7DAFD05460028F7D0204600F044
:10599000F7FD39460646012200F09CFF304600F034
:1059A00065FE626A8168064605F10C000DF04AFB4F
:1059B000F9232B70AF70F368EB7029462046FFF790
:1059C000CCFEDBE7B8F1000F11D04146832001F097
:1059D00029F810B96FF00100B2E7064B204659696B
:1059E00000F0BCFDEFF30983C3E90276F2E76FF044
:1059F0000200A5E73804002008B5064B08219A6E7E
:105A0000D86EFFF7F3FD044BD864B0FA80F040097C
:105A1000404208BD38910200380400202DE9F041D1
:105A200006460F4690461C46EFF305834BB196B9E8
:105A300030466FF0030101F067FA6FF00300BDE834
:105A4000F081FFF7BBFD0028F1D1DFF84CC03046F4
:105A5000234600DFF3E73378FA2BE9D1002FE7D0B4
:105A6000002CE5D106F10C00FFF767FD054680B17B
:105A7000726A39460C300DF0E5FAF9232846C5E97B
:105A800001762B70AC7085F8038000F065FC204631
:105A9000D5E76FF00200D2E761580100F8B504467F
:105AA0000F4616461D46EFF3058343B18CB92046D9
:105AB0006FF0030101F028FA6FF00300F8BDFFF763
:105AC0007DFD0028F2D1DFF848C020462B4600DFDC
:105AD000F4E72378FA2BEAD1002FE8D0002DE6D1A5
:105AE0002046FFF719FE054670B100F10C01626A0D
:105AF00038460DF0A7FA0EB1EB7833702846EC600B
:105B000000F02AFC0020D9E76FF00200D6E700BFC2
:105B10001D590100EFF310832BB9EFF3118000380A
:105B200018BF0120704701207047000038B50446B7
:105B300040B3D0E90025806860B110F0030302D1C2
:105B4000E1681B2927D86FF00801002001F0CCF98B
:105B5000002016E0E368002BF5D11446104BD3F873
:105B6000940088B1FFF7E9FCB8B1012383700023EA
:105B7000C0E90233C0E90433F5220270C570446005
:105B8000037638BD0546E9E7D3F8800001221C21E1
:105B9000FFF75FFCE8E71446E8E76FF00401D5E79C
:105BA00038040020294B70B55D6904460E4635B9AE
:105BB0006FF0070101F098F94FF0FF3070BD10B1A0
:105BC0000378F52B07D020466FF0030101F08CF924
:105BD0006FF00300F2E7037E53B9C0E90353EB6AA9
:105BE000436103B11861EC62012323760020E5E7ED
:105BF000C278D1070ED5C168A9420BD1FF2B06D1BF
:105C00006FF00F0101F070F96FF00200D6E7013379
:105C1000DBB2EAE7002EF7D093070AD5E06895F9E2
:105C2000203090F920209A4203DA80F8203000F0EA
:105C3000B9FC3146532000F0F5FE10B96FF00100B9
:105C4000BCE72946204600F089FCF7E7380400202D
:105C50002F4B5A6970B5044632B96FF0070101F055
:105C600043F94FF0FF3070BD10B10378F52B07D02A
:105C700020466FF0030101F037F96FF00300F2E7FF
:105C8000037E33B96FF00E0101F02EF96FF00200C0
:105C9000E9E7C168914202D06FF00D01F4E7013BE2
:105CA000DBB203760BB10020DDE743690BB101697C
:105CB00019612169E9B14B6192F92130D56AD5B9F1
:105CC00082F82030A36883B1204600F059FC0646D4
:105CD0002A46294600F0FEFDF36A6361C4E90365C4
:105CE00003B11C610123F4622376002000F0D0FC94
:105CF000D9E7D362E0E7E978890706D5A96821B139
:105D000091F920108B42B8BF0B466D69D7E700BFF1
:105D10003804002010B5044610B10378F52B07D0E5
:105D200020466FF0030101F0DFF86FF0030010BDB3
:105D3000037EBBB16369C0680BB122691A61226935
:105D4000BAB1536190F92120C36AA3B990F9203008
:105D5000934203D080F8202000F024FCA068B0B962
:105D600000F096FC00232370A378DB0718D40020F2
:105D7000DDE7C362E6E7D978890706D5996821B1DE
:105D800091F920108A42B8BF0A465B69DDE72046D8
:105D900000F0F6FB00226FF0020100F09BFDDDE752
:105DA000064BD3F89400214610B1FFF7E3FBDEE782
:105DB000D3F88000FFF780FBD9E700BF380400204C
:105DC0002DE9F0410446002601270CB9BDE8F08119
:105DD000E378D4F814801B0712D5A36826767BB12C
:105DE000204600F0CDFB00220546114600F072FD72
:105DF000EB6A6361C4E9035603B11C61EC62277668
:105E00004446E2E710B4C3789B071DD5C06890F9FB
:105E10002120C36ADC78A40709D59C688C4208BF9E
:105E20008C6824B194F92040A242B8BF22465B6935
:105E3000002BEFD190F92030934205D080F820203C
:105E40005DF8044B00F0AEBB5DF8044B70470000FA
:105E500008B50246EFF3058333B100206FF005016A
:105E600001F042F8002008BDFFF754FE0028F4D1ED
:105E7000DFF808C0104600DFF5E700BF2D5B01002A
:105E800008B50246EFF305833BB110466FF00501FC
:105E900001F02AF86FF0050008BDFFF73BFE00286F
:105EA000F3D1DFF808C0104600DFF5E7A55B01007D
:105EB00008B50246EFF305833BB110466FF00501CC
:105EC00001F012F86FF0050008BDFFF723FE00286F
:105ED000F3D1DFF808C0104600DFF5E7515C0100A0
:105EE00008B50246EFF305833BB110466FF005019C
:105EF00000F0FAFF6FF0050008BDFFF70BFE002869
:105F0000F3D1DFF808C0104600DFF5E7155D0100AA
:105F1000EFF310832BB9EFF31180003818BF012085
:105F20007047012070470C30D0E85F3F13B9BFF3D2
:105F30002F8F04E05A1EC0E8512F01B1F4E798B248
:105F4000003818BF0120704730B500F10C02C1893C
:105F5000D2E85F3F994202D8BFF32F8F04E05C1C68
:105F6000C2E8554F05B1F3E7C0899BB2984294BF90
:105F70000020012030BD000070B54FF6FE730D46C5
:105F8000411E9942044601D8A84206D26FF003018F
:105F9000002000F0AFFF002070BD12B390681668BB
:105FA00040B110F0030302D1D2680F2A0DD86FF070
:105FB0000801EDE7D368002BF9D1104BD3F8980016
:105FC00088B1FFF7BAFAA8B1012383700023F62243
:105FD00083600A4B02700A4A46608581C4819A66D2
:105FE000DAE71646E9E7D3F8800001221021FFF72F
:105FF00030FAE8E76FF00401CBE700BF3804002077
:10600000B560010010B5044610B10378F62B07D037
:1060100020466FF0030100F06DFF6FF0030010BD2C
:1060200083683BB100F0ACFA0122002100F052FC81
:106030000020F4E7FFF788FF0028F9D120466FF031
:10604000100100F057FF6FF00200E8E710B50446BA
:1060500010B10378F62B07D020466FF0030100F053
:1060600049FF6FF0030010BD836863B1204600F064
:1060700087FA00226FF0020100F02CFCA0680028D3
:10608000F4D100F005FB00232370A378DB0701D4D3
:106090000020E8E7064BD3F89800214610B1FFF73F
:1060A00069FAF5E7D3F88000FFF706FAF0E700BFDA
:1060B00038040020836810B504465BB1FFF733FF56
:1060C00040B1204600F05CFA0022BDE810401146C5
:1060D00000F000BC10BD000038B50D46044610B1FC
:1060E0000378F62B07D020466FF0030100F002FF83
:1060F0006FF0030038BDFFF716FF68B975B1294688
:10610000632000F08FFC20B1064B2046596900F057
:1061100025FA6FF00100EDE70020EBE76FF00200D9
:10612000E8E700BF3804002010B50446EFF305830C
:1061300033B100206FF0050100F0DCFE002010BD3F
:10614000FFF7E6FE0028F4D1DFF808C0204600DFA4
:10615000F5E700BF795F010010B502460C46EFF38A
:10616000058343B182B910466FF0030100F0C2FE0F
:106170006FF0030010BDFFF7CBFE0028F2D1DFF86F
:1061800024C0104600DFF5E71378F62BEBD1002C86
:10619000E9D11046FFF7C7FE00280CBF6FF00200E0
:1061A0000020E7E7D960010010B50446EFF305834E
:1061B00043B184B920466FF0030100F09BFE6FF0FD
:1061C000030010BDFFF7A4FE0028F2D1DFF830C0B5
:1061D000204600DFF5E72378F62BEBD12046FFF7CA
:1061E000B3FE20B1204600F0B7F80020E9E72046D2
:1061F0006FF0100100F07EFE6FF00200E1E700BFDB
:106200000560010008B50246EFF305833BB1104677
:106210006FF0050100F06EFE6FF0050008BDFFF79E
:1062200077FE0028F3D1DFF808C0104600DFF5E75D
:106230004D60010010B5D0E85F3F5A1C914200D874
:106240000022C0E8542F04B1F5E798B210BD000059
:1062500038B51C4C00F0E0FEE3680133E36000F069
:10626000D5F9002000F014FA236D03B19847226C91
:1062700032B3A369E06BD969984202D0E36301B9F4
:10628000DA61DA69C2B9237A022B19D1656ABDB124
:10629000E36B95F9202093F920309A4210D12846DB
:1062A00000F077F9E06B00F08FF9284600F0E8F98C
:1062B000236CE563EB6103E0013ADA61002AE2D086
:1062C00038BD00BF3804002070B5224C04F15605DB
:1062D00004F15A06B4F85410D5E85F3F13B9BFF380
:1062E0002F8F04E05A1EC5E8502F00B1F4E79BB28F
:1062F0005BB33046FFF79EFFE36D53F8200020B3F9
:106300000378F13B082BE5D801A252F823F000BF37
:1063100035630100D56201003B630100D5620100D5
:10632000D56201003F63010043630100D5620100B3
:1063300047630100236E9847CCE7636EFBE7A36ECB
:10634000F9E7E36EF7E7236FF5E7BDE8704000205B
:1063500000F09EB93804002070B5164C0546B4F81C
:10636000541004F15602D2E85F3F994202D8BFF3BD
:106370002F8F04E0581CC2E8560F06B1F3E79BB21A
:10638000994205D829460220BDE87040FEF7D3BFE8
:1063900004F15800FFF74EFFE36D43F82050637A95
:1063A00023B9054B4FF080525A6070BD0123A37290
:1063B000FBE700BF3804002000ED00E0EFF310839E
:1063C0002BB9EFF31180003818BF0120704701206E
:1063D00070470378F12B00D07047C068F9E70000E0
:1063E00010B5C469621CD0E904310CD103B1596104
:1063F00042691AB113610023436101E0074A136344
:106400000023C36110BD1BB1DA6959612244DA610E
:106410004269002AEED1014AD362F1E73804002034
:1064200010B50A4A90F9201001234370536A1C32B8
:106430001BB193F920408C4205DCC0E90232906028
:1064400003B1D86010BD1A469B68F1E738040020FC
:10645000014B5869704700BF3804002010B5002375
:10646000038083789A07044608D513F0100F016B58
:106470000E4B0FD0D3F88400FFF77CF8A378DB072E
:1064800012D50A4BD3F88800214638B1BDE8104038
:10649000FFF770B8586FFFF70FF8EFE7BDE810404F
:1064A000D3F88000FFF708B810BD00BF3804002003
:1064B00008B500F02FFDDFF810C000DF4FF0FF310E
:1064C000002000F005FDFEE73D690100C278D2071B
:1064D000034601D4FFF7C2BF0422054942700022DF
:1064E000C2604A6B826002B1D0604B63704700BFEC
:1064F00038040020930710B502F0010422D400F103
:10650000280384B153E8000F00EA01028A4203D055
:10651000BFF32F8F002005E020EA010243E80024AA
:1065200004B1EFE710BD53E8000F084203D1BFF3F9
:106530002F8F002005E020EA010243E8002404B187
:10654000F1E7EFE7806A01EA00031CB1994218BF46
:106550000020E7E7002B08BF0020E3E710B591F922
:10656000202083681BB193F92040944205DAC1E9E9
:106570000230816003B1D96010BD18469B68F1E715
:106580000346806882689A6002B1D3600023C360CA
:106590007047C2682AB18368936003B1DA60002350
:1065A000C360704710B5044664B12378F12B07D05F
:1065B000FFF7EFFF01462046BDE81040FFF7CEBFD2
:1065C000E468F1E710BD0000012301464370014873
:1065D000FFF7C4BF5404002070B50B4D2E7A022E75
:1065E00010D16C6A74B1696994F9202091F9203056
:1065F0009A4207D12046FFF7CCFF0846FFF7E4FF99
:106600006670AC61002070BD3804002038B5164DAE
:10661000EC6A44B3E369013BE36123BB6378732B0A
:1066200006D009D8532B0BD003F0DF03432B0DD139
:106630002046FFF7CEFE09E003F0EF03832BF6E7D9
:106640002046FFF7C6FE2146FFF7DCFB2046FFF79A
:10665000A0FFFFF7B9FF246924B1E369002BDDD067
:1066600000236361EC6238BD3804002090F82230CA
:10667000826B13F0100F14BF20206020104470476D
:1066800002234370014B9861704700BF380400201B
:1066900070B5124D04462E7A696990B9022E0FD159
:1066A0006C6A6CB194F9202091F920309A4207DD90
:1066B0002046FFF76EFF0846FFF7B2FE6670AC613A
:1066C00070BD022E05D190F9202091F920309A4218
:1066D000F1DC2046BDE87040FFF776BF38040020AB
:1066E0002DE9F74F8046019140B96FF0030100F0AA
:1066F000EFFB0024204603B0BDE8F08F002A00F035
:10670000A88094689769D2E900ABD2E9045644B1F5
:10671000A10702D1D368432B23D86FF008010020D2
:10672000E5E7D368002BF8D1002D32D1002F3ED100
:106730001827002E41D1614BD3F88800002800F0C3
:106740008E80FEF7FAFE0446002800F0A280002D9D
:1067500040F0A9804FF001094EB15848002231465F
:1067600087E0B5B91FBB002E6ED1B9461827544A31
:106770005248566DD0F88420002A79D01046FEF792
:10678000DCFE054600287AD049F0100949F00203E2
:106790001FE06A0700D116B96FF00A01BFE7002FAA
:1067A00052D07B1E372B08D96FF00B01B7E77B1E49
:1067B000372BF9D8002E49D0002516F00703EBD16E
:1067C000404AA6F148019142E6D8002CB3D0002DF2
:1067D00062D0A3700023C4E90233C4E90433C4E9DE
:1067E0000633C4E90933C4E90B35A6F1400340F28E
:1067F000F1122B44C4E90E382280334B84F803B0E5
:106800007FB2FD22C4F804A084F8207084F82170BF
:10681000628466632B602A4B1B685B0745D4A36BBD
:106820003422002118460CF00BFD284A234BC0E906
:106830000D284FF08072C263019A0262244A1A66E0
:106840002046FFF725FF55E71827B6E774B9354608
:1068500071E7924615461827164693466BE7D3F81C
:10686000800001224421FEF7F4FD6CE7B1467EE78B
:106870003146406FFEF7EDFD0546002886D1B9F19F
:10688000000F06D00D4BD3F88800214630B1FEF73B
:1068900071FE6FF0040142E7A9465EE7D3F880007D
:1068A000FEF70AFEF5E7012393E726F00302443AD8
:1068B000CC21281D0CF0C4FCB1E700BF3804002037
:1068C00038910200B7FFFF7FA52E5AE2B1640100A4
:1068D000F968010038B505461446FFF7C7FE0160A8
:1068E0002846FFF77DFD1CB1BDE83840FFF7D0BE5C
:1068F000BDE83840FFF768BE10B54378332B044637
:106900000CD1416A90F82320FFF7F4FD014628B12D
:1069100020460022BDE81040FFF7DCBF10BD10B5D7
:106920000446806918B100221146FFF7D3FF63784F
:10693000232B02BFA36800229A6110BD70B50F4CD3
:10694000267A022E18D1636AB3B16569E86AFFF747
:1069500037FA2846FFF7E3FF04F11C00FFF710FEAB
:106960004670A061EFF30983AB630023636128469F
:10697000BDE87040FFF7AABD70BD00BF380400201D
:1069800010B5044610B10378F12B07D020466FF004
:10699000030100F09DFA6FF0030010BD437803F08F
:1069A0000F03022B1ED0032B2BD0012B2ED1FFF770
:1069B000F0FDE06AFFF704FA2046FFF7B0FF6178C8
:1069C000022926D11548FFF7DBFD154B4170986170
:1069D000EFF30982A26300225A612046FFF776FD99
:1069E0000020DAE70E4B1A7A022A02D15B6A002BEA
:1069F000DFD16FF00201204600F06AFA6FF002006A
:106A0000CBE7FFF7C6FDFFF7EBFCD2E76FF0020123
:106A1000F2E70020FFF73CFEDFE700BF5404002050
:106A20003804002038B51E4C237A022B024634D19C
:106A3000606AA0B163695A704A1C16D1226B0021AA
:106A400072B94FF0FF30C3E90421D86159B10B612D
:106A50001448FFF795FD02234370A061012038BD63
:106A600011461269ECE72363F2E7E26A002012B1F3
:106A7000D569A9420BD2C3E90420D96158B1036199
:106A8000002AE5D0D0695361401AD061E0E7104692
:106A9000491B1269EBE7E362F2E70020DFE700BF82
:106AA000380400205404002038B50D4C0D48A26D68
:106AB0000D4D0021FFF714FE636EA8625BB198478D
:106AC00058B9E26DE96C206EFFF70AFEA864003841
:106AD00018BF012038BD0120FCE70020FAE700BF05
:106AE00038910200416E01003804002010B50446C0
:106AF000EFF3058333B100206FF0050100F0E8F9F2
:106B0000002010BDFFF75AFC0028F4D1DFF808C0C0
:106B1000204600DFF5E700BFE166010008B5EFF3AE
:106B2000058313B1054B586908BDFFF747FC0028E2
:106B3000F8D1DFF80CC000DFF6E700BF3804002012
:106B40005164010008B5EFF305833BB100206FF0FD
:106B5000050100F0BDF96FF0050008BDFFF72EFC40
:106B60000028F3D1DFF804C000DFF6E7D9650100A3
:106B700010B5044600F0DAF9EFF305833BB1204687
:106B80006FF0050100F0A4F96FF0050010BDFFF7EC
:106B900015FC0028F3D1DFF808C0204600DFF5E738
:106BA0008169010030B50C4D6B6C002213B11C697A
:106BB0008C420AD9C0E9022301611BB11C699860AB
:106BC000641A1C612AB1D06030BD1A46091BDB680B
:106BD000ECE76864F8E700BF380400202DE9F041D5
:106BE000184D6C6C54B323696E69013B2361012716
:106BF000236913BBE3680BB1A2689A606B6400233E
:106C0000E86C1A4604F11801FEF708FF58B1D5E9FF
:106C10000583214603206B61FEF78DFB6B6913B979
:106C2000B04508BF0026E378012B09D161692046F1
:106C3000FFF7B8FF6C6C002CDAD16E61BDE8F08113
:106C40006770F7E73804002008B5FEF7D5FE18B9DD
:106C5000034B044A1A6508BD4FF0FF30FBE700BF45
:106C600038040020DD6B010007B504464FF0FF3308
:106C7000002269462046FEF711FF0028F6D1DDE923
:106C800000309847F2E7000008B5094B094A1A603E
:106C9000094B9B1A094A1360094B0A4A1A600A4BAE
:106CA0009B1A0A4A136000F051F800F069F800BF1F
:106CB0003C2A002000FC032000000420382A002089
:106CC000F0AE0020D8B6002000FC0320ECAE00207F
:106CD0000E4838B50E4B03600B250E4B45601C2447
:106CE000C4608360FFF7B4F80B4B18600B480C4B83
:106CF000C460C0E900350B4B8360FFF7A9F80A4B6D
:106D00001860BDE838400BF0ADBD00BF082A002078
:106D100020920200182A0020342A0020D8290020BE
:106D20002D920200E8290020042A0020FDF72ABE47
:106D3000024B4FF0FF311868FFF7A2B8342A002049
:106D4000014B1868FFF7B4B8342A002008B505F0E5
:106D500059FFBDE8084000F011B87047704708B50A
:106D600000F042F8FFF7F9FFFFF7B2FFFFF7F6FF79
:106D700003F0FAFDBDE80840FFF7D8BFFEF7E6BA1A
:106D8000114C124B23614FF4004363614423E360D1
:106D90000F4BA360182307B5A3610E480E4B236069
:106DA00022460021FFF7A2FE034628B90B490090B6
:106DB00022460B4803F0E0FDFEF7E0FA0023094904
:106DC00000931A46F5E700BFA8AA0020A82A0020D1
:106DD000602A00205F6D0100379202003C920200A1
:106DE0001D010180589202001FB5064B0FCB6C4667
:106DF00084E80F002046FFF72BF8034B186004B01F
:106E000010BD00BF809202005C2A002073B50646C8
:106E10000C46154603F0AAFD58B906342ABF064BA6
:106E2000064953F82410002300933246284603F005
:106E3000A3FD02B070BD00BF44940200989302000D
:106E400008B500F0F3F8000007B50023411E0093D9
:106E500002460023042919D8DFE801F003080C10CA
:106E600014000C490C48012203F086FD0B490C4824
:106E70000222F9E70B490C480322F5E70B490C48BD
:106E80000422F1E70B490C480522EDE70B490C48B9
:106E9000EAE700BF9092020025010280B192020051
:106EA00026010280D6920200270102800B93020085
:106EB00028010280469302002A0102808693020084
:106EC00000010280014A0146FFF7A0BF31010180A5
:106ED000014AFFF79BBF00BF32010180014AFFF763
:106EE00095BF00BF37010180014AFFF78FBF00BF88
:106EF0003301018011F1110F02D0024AFFF786BF62
:106F0000704700BF34010180014AFFF77FBF00BF17
:106F10003801018010B5FFF701FE034B1B6813B168
:106F2000BDE81040184710BDCCAA0020024B1B68DA
:106F300003B11847704700BFCCAA0020024B987AD3
:106F4000003818BF012070473804002008B5FEF74C
:106F50002BFA0749002203F0A1FDC31C04D90549FF
:106F600005488B2203F0EEFABDE80840FEF730BA80
:106F70003D6F01007F94020091940200B0F57A7F8A
:106F800038B50D4604D018491848322203F0DAFA11
:106F900002F0ECFF041E13DB04F1604303F56143D0
:106FA000E02283F800232946204604F0A1FF204672
:106FB00004F0A6FF85420AD00B490D483F22E5E7C1
:106FC0000C4B04F00F021344E0221A76EBE7002C7E
:106FD00007DB094A6109012304F01F04A34042F8BA
:106FE0002130002038BD00BF7F940200BE94020013
:106FF000CB940200FCEC00E000E100E008B503F0F7
:10700000D5FCBDE8084003F00FB80000014B18683C
:1070100002F0D2BF20AE0020014B186802F0BEBFC4
:1070200020AE002008B502F0A1FF08BD08B5024C53
:1070300023689847FCE700BFDC04002003680BB11D
:107040000846184770470000044B0022C3E900229D
:107050009A601A61024ADA60704700BFD0AA002025
:107060003D70010038B504460D46002100F8011BB3
:1070700010220CF0E5F86582204638BD08B542F6CE
:1070800002110248FFF7EEFF08BD00BFE4AA00208E
:10709000C36810B52BB9054905484FF4FD7203F0DC
:1070A00051FABDE810401B68184700BF1C9502004C
:1070B00027950200034B1A78034B53F8223003B193
:1070C00018477047E0040020F8AA0020074B1B78FF
:1070D0005BB1074B0122C3F80823064B5A78FF2AFD
:1070E00000D1FEE7044A12885A70704710AC0020A5
:1070F00000F000400CAB002012AC0020F8B50546B3
:10710000064655F8044B8CB90D4F386818B14FF04E
:10711000FF31FEF7B5FE346824B9284604F0CAF9F9
:107120002C463560386808B1FEF7C2FEAC4204D088
:10713000044905488B2203F005FA2046F8BD00BF3C
:107140005C2A002057950200669502000368012220
:107150001B6900211847036800221B691146184764
:1071600010B5044603F096FA2046012105F030FAE6
:10717000BDE8104003F0A4BA10B5044603F08AFA43
:107180002046002105F024FABDE8104003F098BA2B
:1071900038B504460D4603F07DFA2946204605F031
:1071A000F5F9BDE8384003F08BBA0246406830B4C8
:1071B00090B1D2E9034101F001052CB965B100EBB2
:1071C000610003681C5903E000EB6100002DF8D159
:1071D0002346916830BC184730BC704708B5431C43
:1071E00004D10E490E48212203F0ACF9012351B11C
:1071F0001F2886BF0B4A00F01F004FF0A0428340BB
:10720000C2F8083508BD1F2886BF064A00F01F00D7
:107210004FF0A0428340C2F80C35F3E7B695020068
:10722000DD90020000030050064B10B504460360D9
:10723000806A08B102F0D4FC201DF9F753FB204608
:1072400010BD00BFCC95020010B50446FFF7ECFF5F
:107250002046A82103F062FF204610BD036870B5E8
:1072600004460D461B68984704F13000A56729467F
:1072700005F00EFB236820465B68BDE870401847A8
:107280002DE9F34106461D4656F8303B1B6804467F
:107290000F46904698479DF8203083F001030093F5
:1072A00042462B463946304605F050FB23680646D9
:1072B0005B6820469847A81B18BF012002B0BDE8B4
:1072C000F0812DE9F34106461D4656F8303B1B6818
:1072D00004460F46904698479DF8203083F00103FE
:1072E000009342462B463946304605F011FB236891
:1072F00006465B6820469847A81B18BF012002B0CD
:10730000BDE8F0817FB500240126154623462246BC
:1073100002A800968DF8084002F004FA03A800962F
:107320002346224629468DF80C4002F0FBF903A8BB
:1073300005F0FEF818B96FF0010004B070BD02A8A6
:1073400005F0F6F8012801D10020F6E7214603A850
:10735000FFF71EFF03A8FFF703FF0A24002103A87D
:10736000FFF716FF00219DF90C00FFF737FF0520FE
:1073700004F008F8032103A8FFF70AFF9DF90C00A9
:107380000121FFF72BFF052003F0FCFF013CE5D1B5
:1073900002A8FFF7E5FE21469DF90800FFF71EFF52
:1073A000052003F0EFFF01219DF90C00FFF716FF08
:1073B000052003F0E7FF01219DF90800FFF70EFF0C
:1073C000052003F0DFFF02A8FFF7D6FE03A8FFF7B2
:1073D000D3FE03A805F0ACF80028ACD002A805F055
:1073E000A7F80028B0D1A6E710B500210446242252
:1073F00040F8041B0BF024FF204610BD08B57C307C
:10740000FFF77CFEBDE8084004F05CB808B57C30AE
:10741000FFF774FEBDE8084004F070B8F8B5194BEA
:1074200003600D46184B4361002100F1300704460C
:10743000C0E90711C0E90911016181851646806123
:10744000482238460BF0FCFE104BA36704F17C0089
:10745000FFF7CAFF2046FFF7D1FF3246294684F8DE
:10746000A45084F8A5602046FFF74CFF94F9A520AE
:1074700094F9A410384605F0C5F92046FFF7C6FF79
:107480002046F8BDCC950200AB710100A08601003A
:1074900070B504460D461646002148220BF0D0FE7A
:1074A00032462946204605F0ADF92046044905F04C
:1074B000EFF92046012105F06DFA204670BD00BFAE
:1074C000A086010005F0E4B9CAB2002342F001022F
:1074D000194605F0C7BA05F06FBA05F07FBA10B5C6
:1074E000144605F09DFA001B18BF012010BD05F0E1
:1074F000E7B9000010B5084B044640F8083B05F01A
:10750000BDF804F11C00F9F7EDF904F10C00F9F7EE
:10751000E9F9204610BD00BFE495020010B504460D
:10752000FFF7E8FF20462C2103F0F8FD204610BDB0
:107530000346024A083005F06DB800BF6D750100C2
:1075400070B5094B036000230446037183608361B7
:1075500083620D461646FFF7EBFF201D3246294693
:1075600002F0DAF8204670BDE4950200012908B562
:1075700002D0022907D008BD8369002BFBD00C3054
:10758000FFF786FDF7E7836A002BF4D01C30F7E79E
:1075900070470246406830B490B1D2E9034101F02F
:1075A00001052CB965B100EB610003681C5903E0CB
:1075B00000EB6100002DF8D12346916830BC1847DC
:1075C00030BC704770B500F14C0690F9DF2090F99F
:1075D000DE100446304605F0C1FDD4E939530DB93B
:1075E000DA070ED55A1004EB6300DB0748BFA35837
:1075F00094F8EC1048BF5D5994F9ED2094F9EE3001
:10760000A847D4F8D810304605F0BEFE22463046D2
:107610000249BDE8704005F097BF00BFAB7901009B
:107620002DE9F0411F46D0F8E03004460E461546DD
:107630002BB12849284840F2351202F083FF274A2F
:10764000C0E9392303681B68984784F8EC6084F824
:10765000ED5084F8EE70042E0CD8DFE806F0160327
:1076600011161A004FF0FF332A46012104F14C0095
:1076700005F040FF236820465B68BDE8F0411847ED
:107680002B464FF0FF320221F0E73B462A463146B7
:10769000ECE70120013584F804010AD003F02AFD4B
:1076A0000023054694F9ED10037002F032F8C4F897
:1076B000F05094F9EE300133DCD0012003F01AFDD4
:1076C0000022054694F9EE10027002F027F8C4F883
:1076D000F450CFE7059602001496020021760100CF
:1076E0002DE9F04198461E4B03601E4B4360002578
:1076F0001D4B85600446C0E90555C0E907550F4696
:107700001646C360858445634564A0F848506C22E2
:10771000294600614C300BF093FD40F20113A4F8B0
:10772000DC304FF47F43A4F8EC30FF232046C4E95B
:107730003558C4E93855C4E93E55C4F8C45084F8F6
:10774000DE7084F8DF60C4F8E85084F8EE30C4F8E6
:10775000005184F80451FFF735FF2046BDE8F08161
:1077600034960200C57501009375010070B5064698
:10777000044656F84C3B0D461B6898473046294650
:1077800005F002FE2368C4F8D85020465B68BDE8C7
:10779000704018472DE9F0410546984655F84C3B96
:1077A00004460E4617461B689847434628463A4605
:1077B000314605F069FE236820465B68BDE8F0416C
:1077C0001847000038B50546044655F84C3B1B6881
:1077D0009847284605F06CFF94F804310546BBB184
:1077E000D4F8F430A3B193F900305A1C04D11149F4
:1077F0001148212202F0A6FE012278B91F2B86BF74
:107800000E4903F01F034FF0A0419A40C1F808252C
:10781000236820465B689847284638BD1F2B86BFE3
:10782000064903F01F034FF0A0419A40C1F80C2510
:10783000EEE700BFB6950200DD90020000030050A5
:1078400038B50546044655F84C3B1B689847284612
:1078500005F04EFF94F80431054643B1D4F8F0002A
:1078600004F066FE002814BF002505F0010523681A
:1078700020465B689847284638BD03682DE9F041EB
:1078800005461B6816460F46984795F8DC303401CC
:1078900003B1AEB195F8DD300BB1012E10D0B83484
:1078A0002C44BC4206D02046F9F71CF83946204645
:1078B000F9F712F82B6828465B68BDE8F0411847D5
:1078C000B83402F0E7FE2C44FA68E36805F14C088E
:1078D0009AB10BB903F014F9A74206D02046F9F784
:1078E00001F839462046F8F7F7FF012231464046B5
:1078F00005F03AFE02F0E4FEDCE70BB103F016F906
:107900002046F8F7EFFF0022E260EFE730B51B4BAF
:10791000036085B000252A46694604460395FFF7B3
:10792000ACFF6846F8F7DEFF012269462046039562
:10793000FFF7A3FF6846F8F7D5FF94F8DC3013B9DA
:1079400094F8DD301BB104F14C0005F0E7FC04F1C4
:10795000C800F8F7C7FF04F1B800F8F7C3FF04F157
:107960003800F8F7BFFF04F12800F8F7BBFF206AE2
:1079700008B102F035F9204605B030BD349602005A
:1079800010B50446FFF7C2FF20464FF4847103F0A0
:10799000C5FB204610BD4C3005F012BE10B54C3072
:1079A0000C4605F04FFE204610BD00EB0110B8302C
:1079B00008B5C3680BB1FFF76BFB08BD036870B572
:1079C00004461B680D46984794F8DC30AB422FD034
:1079D000BDB904F14C0602F05DFE2A462946304648
:1079E00005F0C2FDD4F8C430ABBB02F069FE002341
:1079F00084F8DC3094F8DD30D3B9304605F08EFCE5
:107A000016E094F8DD304BB9A2686368511004EBBE
:107A10006200D20744BF6258D358984702F03AFE3A
:107A2000D4F8C43053B902F04BFE012384F8DC30A3
:107A3000236820465B68BDE87040184704F1B80031
:107A4000FFF726FB03F05CF80122002104F14C0053
:107A500005F08AFDE7E703F069F8C6E7036870B54B
:107A600004461B680D46984794F8DD30AB422FD092
:107A7000BDB904F14C0602F00DFE2A460121304644
:107A800005F072FDD4F8D430ABBB02F019FE002330
:107A900084F8DD3094F8DC30D3B9304605F03EFC94
:107AA00016E094F8DC304BB9A2686368511004EB1F
:107AB0006200D20744BF6258D358984702F0EAFDEB
:107AC000D4F8D43053B902F0FBFD012384F8DD3043
:107AD000236820465B68BDE87040184704F1C80081
:107AE000FFF7D6FA03F00CF80122114604F14C001E
:107AF00005F03AFDE7E703F019F8C6E7437D10B556
:107B000004461BB1037D0BB103F010F8204610BDF5
:107B100013B5044601A802F06BF8637D53B9237DC9
:107B20000BB102F0EDFF206902F01EF8C4E900017C
:107B30000123637501A802F061F802B010BD37B5EA
:107B400004460D4601A802F053F800230022C4E9C0
:107B500000236B7D4BB1286902F006F8D5E90032AD
:107B6000C01A61EB0201C4E9000101A802F046F865
:107B7000204603B030BD30B585B004460D4603A89D
:107B800002F036F829466846FFF7D9FFD5E9022109
:107B9000009B9B18019A03A842EB0102C4E9003242
:107BA00002F02CF8204605B030BD13B5044601A8FC
:107BB00002F01EF8206901F0D7FF00220023C4E97B
:107BC0000001C4E9022301A802F018F802B010BDB8
:107BD000D0B5002300260027C0E90067C0E902678E
:107BE0000446016102754375FFF7DFFF2046D0BDF3
:107BF00010B5044601F0E0FF012201462046FFF7E0
:107C0000E7FF204610BD10B5044601F0A5FD002297
:107C100001462046FFF7DCFF204610BD03681B68C5
:107C20001847000010B50446074B236000220023CC
:107C3000C4E9022300230846A161C4E904330349CF
:107C400001F020FF204610BD4C9602001D7C010073
:107C500007B5009000F10801806901F050FF03B002
:107C60005DF804FB00F10801806901F062BF0020AB
:107C700070476FF01C0070476FF01C0070476FF08A
:107C8000150070476FF01500704701207047012004
:107C90007047002070470020704770B511F0010454
:107CA00006460D4604D0FFF78DFD041E18BF0124C3
:107CB000EB0605D53046FFF7C3FD08B144F01004CC
:107CC000204670BDA0F58470FFF7E7BF08B5FFF749
:107CD00075FE002008BDA0F58470FFF7F7BF08B55A
:107CE000FFF7BCFE002008BDA0F58470FFF7F7BFCA
:107CF00010B5034B03600446FFF708FE204610BD95
:107D000058960200A0F58470F2E700BF10B5044653
:107D1000FFF7EEFF20464FF4867103F0FFF920468F
:107D200010BDA0F58470F1E72DE9F04106460D463F
:107D30001746C2B102F0ABFC80F0010313F0FF0460
:107D400003D0336830461B68984705EB070815F8E1
:107D5000011B3046FFF722FEA845F8D11CB133685D
:107D600030465B6898473846BDE8F081A0F58470DE
:107D7000FFF7DABF38B504460D4662B103681B68E9
:107D800098472046FFF707FE2870236820465B6867
:107D90009847012038BD1046FCE7A0F58470FFF736
:107DA000E9BF000010B50446FFF79AFC034B2360BF
:107DB0003C33C4F80831204610BD00BF589602007D
:107DC0002DE9F0411F46036804460D4616461B6820
:107DD00098473B46204632462946FFF721FC236858
:107DE00020465B68BDE8F041184730B5044685B0D1
:107DF00002F050FC04F108051022002168460BF047
:107E00001FFA29466846F8F767FD2846F8F76AFD25
:107E1000E0690023C4E9053308B103F0D1FB02F0A7
:107E20004FFC039B13B11B68684698476846F8F7F8
:107E300059FD05B030BD0000002204494260C0E990
:107E400005220160C2610284704700BF2C970200C6
:107E5000074B10B503608369044623B10549064802
:107E6000262202F06FFB0830F8F73CFD204610BDDB
:107E70002C970200F99602000597020070B504469F
:107E80000D4602F007FCA6691EB9BDE8704002F07D
:107E900017BC04F10800F8F725FD002301226361F7
:107EA00084F82020E36184F82150A36102F008FCEB
:107EB00021463046BDE8704000F039B908B103F002
:107EC00001BB02F0E7BB08B103F018BB02F0F8BB3E
:107ED0002DE9F041044686B00E46174602F0DAFB63
:107EE000A56902F0EDFB35B301AD0021284603F092
:107EF00041FB02F0CFFBD4E9068323B10F491048C0
:107F0000392202F01FFBE56102F0DAFBB8F1000F45
:107F10000ED03946284603F035FB48B93046FFF706
:107F2000CDFF20460121FFF7A9FF3046FFF7CBFF29
:107F3000284603F048FB06B0BDE8F081F996020040
:107F4000139702000022C0E901220122016002739E
:107F5000704770470346007B30B1D3E900201368B7
:107F600098428CBF0020012070472DE9F04106683F
:107F70000127054682F0010E07FA01F100230436BD
:107F80006AB916F813400C4227D014F0300428D1F7
:107F90000233202BF5D14FF0FF30BDE8F08116F809
:107FA00013400C4203D10233202BF8D1F3E704F045
:107FB0003004102CF7D043F00100D5F808C007FAC0
:107FC00000F818EA0C0F08D1202CE6D14EEA030481
:107FD00007FA04F414EA0C0FDFD00233202BCFD1C0
:107FE000D9E71846E9E770B50D4611462A4604461A
:107FF0001E46FFF7BAFF002802DA0020207370BD8A
:1080000025686368420805EB8205E98819446B79A5
:1080100006FB031363600121A36881400B4342EA1E
:10802000C010A360C0B2EAE713460A460121FFF779
:10803000DABF13460A460021FFF7D5BF38B50A4616
:1080400005460C460021FFF7EFFF22462846002197
:10805000BDE83840FFF7EDBF0022C0E900227047BD
:1080600070470068704700230B60436813B90160D4
:10807000416070471960FBE70346006828B1026859
:1080800002B95A601A6000230360704710B5046893
:10809000002223468B420ED10AB10B6813608C423A
:1080A00004BF0B68036043688B424FF0000308BFB6
:1080B00042600B6010BD002BFCD01A461B68E9E73C
:1080C00010B50446FFF7C8FF204610BD08B5FFF7FE
:1080D000C8FFB0FA80F0400908BD70B505462846D3
:1080E000FFF7BFFF044678B150F8043C061F9B68B9
:1080F0003046984740B12846FFF7BEFF54F8043C8D
:108100003046DB689847EAE770BD70B504460D4617
:10811000FFF7A7FFAC610646291D2046FFF7A3FF26
:1081200026B92046BDE87040FFF7D7BF70BD70B5D7
:1081300005460C46FFF795FF064604B10434214678
:108140002846FFF7A3FFA64204D12846BDE87040A9
:10815000FFF7C3BF70BD10B504462046FFF781FF8F
:1081600028B150F8043C0438DB689847F5E710BDA7
:1081700010B50446FFF7EFFF2046FFF771FF2046DA
:1081800010BD7047704703689B6D184770B586B087
:10819000154B01930023ADF808308DF80A3040F2FA
:1081A0000123ADF8123040F2031390F820434168E8
:1081B0000289ADF8143000F10A038DF80B400391E9
:1081C000ADF8102001AC05AE1D46224603CAB242EE
:1081D00018605960144603F10803F6D112881A801A
:1081E000284606B070BD00BF12010002004870476B
:1081F000609A0200004870474E9A0200004870479B
:10820000389A020000487047329A020000487047CE
:108210002A9A020000487047149A0200036810B5B9
:1082200004465B6F9847D4F8EC0203681B6F9847CD
:10823000236820469B6FBDE81040184738B5D0F83A
:108240003433012B044615D10025D4E9C93000F0A0
:10825000010243B972B1C4F8283304EB600002682C
:10826000D3589847F1E7C4E9C95504EB6000002AE8
:10827000F7D0F4E7D4F834332BB90649064840F276
:10828000C66202F05FF9013BC4F83433BDE8384000
:1082900002F016BA599702006797020008B5D0F8A5
:1082A00034332BB90349044840F2CD6202F04AF955
:1082B00008BD00BF599702006797020010B5044639
:1082C00002F0E8F9D4F834330133C4F834332BB96D
:1082D000034904484FF4D76202F034F910BD00BFDF
:1082E0005997020067970200036837B5DB6F0D46A8
:1082F0000446984715F0700F01D12B0706D10023D3
:108300001049114800931A4602F036FB6B0003F047
:108310001E0343EAD5118B1E182000FB034393F87C
:1083200031206AB1013900FB0140013A043083F881
:108330003120C36823B11B6803B0BDE83040184743
:1083400003B030BD7397020004011580036870B557
:108350000446DB6F9847B4F8F8522B0A022B1FD063
:10836000032B50D0012B04D1236820461B6B984768
:1083700008B9002070BD236820461B6B984705781C
:10838000122DF6D1236820461B6B98474378012BAA
:10839000EFD12368C4F804531B6B204698472CE0A8
:1083A0002368EDB25B6B2946204698470028E0D051
:1083B000236829465B6B204698470378092BD8D160
:1083C000236829465B6B204698474378022BD0D11F
:1083D000236829465B6B20469847236886785B6B49
:1083E000294620469847C37846EA03262368C4F8FE
:1083F00004635B6B294620469847C4F800030120BC
:1084000084F80803B6E7EDB2052DB2D8DFE805F031
:10841000030D17212B35236820469B6B9847037863
:10842000C4F8043323689B6BB7E723682046DB6BF3
:1084300098470378C4F804332368DB6BADE72368FF
:1084400020461B6C98470378C4F8043323681B6CE0
:10845000A3E7236820465B6C98470378C4F804338D
:1084600023685B6C99E7236820469B6C98470378E8
:10847000C4F8043323689B6C8FE723682046DB6CC9
:1084800098470378C4F804332368DB6C85E70B78DE
:10849000DB0913700B78C3F3411353700B7803F0AF
:1084A0001F0393704B78D3704B8893808B88D38055
:1084B000CB88138170470000036870B504465B6F7A
:1084C0000D46984794F80C33022B05D009490A4809
:1084D00040F23D1202F036F8084BC4F82433002372
:1084E000C4F82833236884F8105320469B6FBDE8F6
:1084F000704018475997020092970200CD890100F9
:10850000036810B50446DB6F984794F808330BB145
:10851000002010BDD4F8EC0203685B6C9847D4F8D7
:1085200004238242F4D3D4F80013121A0144C4F88D
:108530000013C4F80423A2B9022384F80C3394F87E
:108540000A334BB1236884F80A239B6E04F53D710E
:10855000204698470120DCE701212046FFF7ACFFC9
:10856000F8E7D4F8EC02D4F820430368A2421B6C6D
:1085700028BF22469847EDE7036813B50446DB6F32
:10858000984794F81C33012B06D800230F49009319
:108590001A460F4802F0F0F994F80C3323B1002387
:1085A0000C4900931A46F4E794F80B33032B0BD0D5
:1085B0002046FFF7A5FF38B9D4F8EC020368DB6C5E
:1085C00002B0BDE81040184702B010BDBD970200D0
:1085D0000E011580E597020038B503680446DB6F8D
:1085E000984794F80833012B37D1D4F8045325B9B0
:1085F00094F8093353B384F80953D4F82033D4F8EA
:10860000EC02D4F800139D4228BF1D4603682A4699
:108610009B6C9847D4F800332B44C4F80033D4F84B
:1086200004335B1BC4F8043383B994F809236AB993
:10863000022384F80C3394F80A334BB1236884F88E
:108640000A239B6E04F53D7120469847012038BDF2
:1086500001212046FFF730FFF8E70020F7E7000090
:10866000036813B50446DB6F984794F81C33012B5D
:1086700006D800230B490C4800931A4602F07CF9F7
:1086800094F80B33032B0BD02046FFF7A5FF38B926
:10869000D4F8EC020368DB6C02B0BDE81040184768
:1086A00002B010BDBD9702000E011580036870B5C1
:1086B00004465B6F0D46984794F80C33032B05D0A6
:1086C00009490A484FF4C37201F03CFF084BC4F853
:1086D00024330023C4F82833236884F81053204639
:1086E0009B6FBDE870401847599702002F98020011
:1086F0008394010010B503680446DB6F984701209E
:1087000004F21D3384F80803C4F80033C4F80403EA
:1087100010BD036810B50446DB6F984794F81C330E
:10872000042B01BFB4F82E33A4F8FA32012004F56B
:108730004C7303BF84F80803C4F80033C4F804037F
:10874000002010BD036810B5DB6F04469847042372
:1087500084F80C33236894F8F8221B6FB4F8FA12EB
:1087600020469847012010BD036870B504465B6F32
:108770000D46984794F80C33042B05D009490A4854
:108780004FF4EB7201F0DEFE084BC4F824330023F3
:10879000C4F82833236884F8105320469B6FBDE843
:1087A00070401847599702005B9802005D8A0100EB
:1087B000036810B50446DB6F984794F81C33042B0C
:1087C00002D0B4F8FA3233B994F8F632012B25D03E
:1087D000022B02D023B300201FE0B4F8FA2222F0CB
:1087E0008F03002BF7D112F00F030CD0530003F0CE
:1087F0001E0343EAD213023B182202FB034393F801
:108800003030C3F34003074AC4F80023138001202B
:108810000223C4F8043384F8080310BD0023F2E7F0
:108820000123F0E714AC002010B50368044690B0B3
:10883000DB6F9847D4F8EC02D4F82023036869462C
:10884000DB6B984704F53D7269462046FFF71FFE33
:108850000023C4F80833C4E9C033012384F80C337F
:10886000236811465B6E984710B010BD036813B5BE
:108870000446DB6F984794F81C33012B06D800237D
:108880000A490B4800931A4602F076F894F80C2334
:10889000012384F82C332AB9204602B0BDE81040E9
:1088A000FFF7C2BF84F82D3302B010BDBD970200A0
:1088B0000E0115802DE9F0411D46036804465B6FEB
:1088C0000F461646984794F80C33012B05D00B49F8
:1088D0000B4840F2BA2201F035FE0A4BC4F82433AB
:1088E0000023C4F82833236884F81073C4E9C565ED
:1088F00020469B6FBDE8F041184700BF5997020022
:1089000083980200F7920100036870B50446DB6F9C
:108910009847B4F8FC12A1B394F8F43294F8082301
:10892000012B16D1012A0DD1D4F804338B4235D94D
:10893000C4F80413022384F80B332046BDE87040CA
:10894000FFF74ABED4F8EC020368DB6CBDE8704068
:108950001847D4F8EC02002AF6D1D4F804338B423D
:10896000F2D10168012284F80B23D4F820230D6C86
:10897000D4F800139A4228BF1A462B46BDE870402F
:108980001847D4F8EC02D4F804230368002ADCD199
:10899000032184F80B139B6C1146EFE7CAD2D4F87D
:1089A0002013B3FBF1F001FB1033002BC2D184F88C
:1089B0000923BFE710B503680446DB6F984700231F
:1089C00084F82D33032384F80B3310BD036810B5EE
:1089D000DB6F04469847002284F80C2394F82D237B
:1089E00094F8103322B12046BDE81040FFF7E2BFF3
:1089F00033B9D4F8EC020368BDE81040DB6C1847CB
:108A000094F80B33012B0AD1D4F8EC02032384F839
:108A10000B3303689B6CBDE8104011461847022BCE
:108A200007D1D4F8EC02032384F80B3303681B6CE2
:108A3000F1E710BD036810B5DB6F044698470023CB
:108A400084F82C3394F80C3323B92046BDE8104049
:108A5000FFF7B0BF012384F82D3310BD036810B5B4
:108A6000DB6F04469847002284F80C2394F82D23EA
:108A700094F8103322B12046BDE81040FFF79ABFAA
:108A800063B1B4F8FA32A4F82E33B4F8F83284F8AB
:108A900030332046BDE81040FFF736BFD4F8EC0273
:108AA0000368BDE81040DB6C1847036810B5044646
:108AB0005B6F984794F8F03283B9D4F8EC020368FE
:108AC00021469B689847D4F8EC02036840219B6BD1
:108AD00098470123C4F8200384F8F0322368204625
:108AE0009B6FBDE81040184738B5036804465B6FBC
:108AF000984794F81C53236820469B6FEDB2984723
:108B00002B1F5842584138BD036810B55B6F0446AF
:108B100098472046FFF7C9FF94F8F1323BB9D4F8E3
:108B2000EC0203685B699847012384F8F1322368FB
:108B300020469B6FBDE81040184700002DE9F04F1C
:108B4000904685B002680391526F0293DDF8389029
:108B500005469047039911F0700F03D111F00F0FE4
:108B6000029B06D100232B492B4800931A4601F0A3
:108B700003FF95F8F2723FB92B6828469B6F984720
:108B8000384605B0BDE8F08F4C0004F01E0444EAFE
:108B9000D114A61E4FF0180B0BFB065A9AF8302082
:108BA000D20705D51D491E484FF48E6201F0CAFC5C
:108BB000B8F5806F04D919491A4840F27142F5E7B7
:108BC000D5F8EC020268176D4246B8470746002800
:108BD000D2D0013C0BFB045404344C450BD020464E
:108BE000F7F780FED9F80C30CAF828301BB15B6863
:108BF000494620469847182303FB065696F830301E
:108C0000A6F82C8043F0010386F83030002386F864
:108C10003130B1E7739702000401158059970200C3
:108C2000A6980200C8980200D0F8EC0203685B6BBB
:108C300018470000F8B50F461949044640F81C1BB8
:108C40000025064604F53B71F56018368E42FBD1CF
:108C5000E380BDF818302381A28000214FF43472E4
:108C60000AF0EEFA2822002104F53D700AF0E8FA35
:108C7000C4E9C855C4E9CA55012384F8305384F8BF
:108C80001D53C4F8EC72A4F8F05284F8F252C4F800
:108C9000345384F81C3384F81E532046F8BD00BFBB
:108CA0009499020038B503685B6F0D4604469847F7
:108CB0002B071FBF6B0003F01E0343EAD513023BD3
:108CC0001BBF182202FB0343D4F820539D8D236859
:108CD00020469B6F9847284638BD00000368F7B5CB
:108CE0005B6F0E460546984736F08F0701D1320775
:108CF00006D100231749184800931A4601F03CFE9C
:108D0000740004F01E0444EAD6141823023C03FB4A
:108D1000045494F83030DB0709D42846FFF7E4FE0A
:108D200080B10E490E4840F28C5201F00BFC94F8D1
:108D300031303BB1D5F8EC0203683146DB6E984721
:108D400084F831702B689B6F284603B0BDE8F04073
:108D5000184700BF7397020004011580599702005D
:108D6000E0980200036873B55B6F0E4604469847AF
:108D700016F0700F01D1310706D100231A491B48A4
:108D800000931A4601F0F8FD750005F01E0545EA4E
:108D9000D6151823023D03FB054595F83030DA0758
:108DA00009D42046FFF7A0FEB0B11149114840F2A6
:108DB000CC4201F0C7FB43F0020385F83030D4F811
:108DC000EC02036831469B6D984795F831301BB132
:108DD00031462046FFF782FF23689B6F204602B092
:108DE000BDE87040184700BF73970200040115806A
:108DF00059970200E0980200036810B50446DB6F43
:108E0000984794F81C33042B02D0B4F8FA32A3B973
:108E100094F8F632022B10D1B4F8FA1231F08F0028
:108E20000BD111F00F030AD0B4F8F83223B9204661
:108E3000C9B2FFF797FF012010BD0020FCE71846DC
:108E4000FAE700000368F7B55B6F0E4604469847E3
:108E500016F0700F01D1310706D100231C491D48BF
:108E600000931A4601F088FD750005F01E0545EADD
:108E7000D615023D182707FB054393F83020D2078B
:108E800009D42046FFF730FED0B11349134840F211
:108E9000F14201F057FB93F831301BB131462046C7
:108EA000FFF71CFF07FB0545314695F8303023F0EE
:108EB000020385F83030D4F8EC020368DB6D984784
:108EC00023689B6F204603B0BDE8F040184700BF01
:108ED000739702000401158059970200E098020080
:108EE000036810B50446DB6F984794F81C33042BD5
:108EF00002D0B4F8FA32A3B994F8F632022B10D1AA
:108F0000B4F8FA1231F08F000BD111F00F030AD030
:108F1000B4F8F83223B92046C9B2FFF793FF012015
:108F200010BD0020FCE71846FAE700002DE9F341E8
:108F3000984603680D465B6F17460646984735F01E
:108F40008F0201D1290706D100232249224800932C
:108F50001A4601F011FD6C0004F01E0444EAD51419
:108F60001823023C03FB046494F83030DB0709D477
:108F70003046FFF7B9FD80B11849194840F2AF52A9
:108F800001F0E0FAA38D434504D916491648009232
:108F90001346DEE794F8312042B1336830469B6FC8
:108FA00098470025284602B0BDE8F081D6F8EC02CB
:108FB00002682946D2F860803A46C047054620B18B
:108FC00094F83130013384F83130336830469B6F88
:108FD0009847E7E77397020004011580599702004C
:108FE000E0980200EE98020005011580036837B58D
:108FF0005B6F0D460446984715F0700F01D12A07A4
:1090000006D100231549164800931A4601F0B4FC16
:109010006B0003F01E0343EAD513023B182202FB48
:10902000034393F83030DB070AD42046FFF75CFD9A
:10903000054660B10B490C4840F2E95201F082FA52
:10904000D4F8EC02036829465B6E9847054623680E
:1090500020469B6F9847284603B030BD73970200A7
:109060000401158059970200E09802002DE9F743AA
:109070001F4603680D465B6F06469046984735F0DD
:109080008F0301D1290706D10023244924480093E6
:109090001A4601F071FC6C0004F01E0444EAD51479
:1090A0001822023C02FB046494F83020D20709D451
:1090B0003046FFF719FD80B11A491B4840F20A6299
:1090C00001F040FAA28DBA4204D218491848009320
:1090D0001A46DEE794F8313043B1336830469B6F6F
:1090E00098470025284603B0BDE8F083D6F8EC0287
:1090F00003682946D3F8689042463B46C847054670
:1091000050B194F83130E785013384F83130336859
:1091100030469B6F9847E5E7E085F8E73F99020006
:109120000401158059970200E09802005D99020041
:1091300005011580036837B55B6F0D4604469847F7
:1091400015F0700F01D1290706D1002312491348E9
:1091500000931A4601F010FC6B0003F01E0343EA73
:10916000D5131822023B02FB034393F83020D207A9
:109170000AD42046FFF7B8FC054630B10849094833
:1091800040F2496201F0DEF9DD8D236820469B6FD5
:109190009847284603B030BD73970200040115803C
:1091A00059970200E0980200036870B50446DB6F2F
:1091B0000D46984794F81C2384F81C53AA42D3B256
:1091C0001ED0032B19D9032D10D84FF4347200216F
:1091D00004F11C000AF034F8002384F81D3384F8ED
:1091E000F232012D02D82046FFF724FC23682946DD
:1091F00020461B6EBDE870401847012BF6D9F0E7FA
:1092000070BD036810B50446DB6F9847D4F8EC02D4
:1092100094F8F8120368DB6A9847B4F8F8322BB96F
:1092200002212046FFF7C0FF012010BD0321F8E70F
:10923000036810B50446DB6F984794F8F81284F879
:109240001D1351B9D4F8EC0203681B6A9847032137
:109250002046FFF7A9FF012010BD012384F8F23258
:10926000032384F80C3323682046DB6E9847F2E72B
:10927000036810B50446DB6F984794F8F532C3BB1A
:1092800094F8F7320B2B34D8DFE803F0060B3310D9
:1092900033151A331F24292E2046BDE81040FFF74E
:1092A00087BA2046BDE81040FFF71ABE2046BDE849
:1092B0001040FFF7A1BD2046BDE81040FFF7A1BF59
:1092C0002046BDE81040FFF741B82046BDE81040F9
:1092D000FFF710BA2046BDE81040FFF7A9BF2046AF
:1092E000BDE81040FFF715BA2046BDE81040FFF773
:1092F00029BA002010BD036810B5DB6F04469847FB
:10930000002084F80C0394F82D0394F81033D4E96A
:10931000C52190B1012B0BD8022384F80C332368AC
:1093200004F53D7120469B6EBDE8104001221847B0
:109330002046BDE81040FFF73DBB042B12D120466C
:10934000FFF796FF30B9D4F8EC020368BDE810408F
:10935000DB6C184794F80C3373B92046BDE8104015
:10936000FFF7D2BA032BEED00120C4E9C02184F864
:109370000A0384F80833F0E710BD036810B5DB6F0B
:109380000446984720460221FFF70EFF002384F889
:109390001E332046FFF74EFB23682046DB6DBDE8F9
:1093A00010401847036810B504465B6F984794F85F
:1093B000F1323BB1D4F8EC0203689B699847002373
:1093C00084F8F13294F81C33012B03D90121204693
:1093D000FFF7EAFE002384F81D3384F81E33236868
:1093E00020469B6FBDE810401847036810B504463F
:1093F0005B6F984794F8F03253B12046FFF7D2FFE5
:10940000D4F8EC020368DB689847002384F8F03254
:10941000236820469B6FBDE8104018470D4B70B580
:10942000036090F8F03204462BB10B490B4840F230
:10943000625201F087F8FFF7D8FF04F53B7504F19D
:109440001C06B54204D0183D2846F7F74BFAF8E75A
:10945000204670BD94990200599702007E9902003F
:1094600038B503680D46DB6F0446984745B994F854
:109470001C332BB129462046BDE83840FFF794BE87
:1094800038BD036870B50446DB6F984794F82D33F8
:1094900094F8106383B97EB184F80C33D4F8EC02ED
:1094A0000368DB69984720460421FFF77DFE2046CC
:1094B000BDE87040FFF728BA2046FFF715FB0546C8
:1094C00050B901464FF4347204F11C0009F0B8FEA3
:1094D00084F81D5384F8F252002384F80C3394F876
:1094E0002D3323B12046BDE87040FFF763BAD4F8AE
:1094F000EC020368002ED1D1BDE87040DB6C184748
:1095000038B500230446836519B90A4600F011F8FE
:1095100003E0002AFAD100F043F8204638BD10B528
:10952000044600F04FF804F14C00F7F7DBF9204651
:1095300010BD032938B5044607D9D31C23F0030313
:109540009A1A891A21F003011A460023E260636126
:109550000D4615BBC4E9065123612262256000F067
:109560005CF800F05DF8C4E90A5560602581A572D9
:1095700084F8245004F1300000F06EF800280BDB72
:1095800004F1440000F064F8002805DB04F1480011
:1095900000F05EF800EAE07038BD01336D08D8E7EE
:1095A00070B5054608460E4609F000FA044630B18B
:1095B000024631462846FFF7BCFF6C6170BD4FF094
:1095C000FF30FBE770B505680446B5B9A36A1BB167
:1095D000E06A4FF0FF31984704F1480000F03AF894
:1095E00004F1440000F036F804F1300000F03CF8DB
:1095F0006069BDE8704009F0E1B9EE6836B9EB6921
:1096000013B105F124009847AD68DEE7F36913B1A3
:1096100006F124009847F668F0E701F0C7B90000AA
:1096200007B501F02EF870B1084B6846196800F0D4
:10963000DBFCDDE900014FF47A72002307F070FFD4
:1096400003B05DF804FB01F0F7FEF9E720AE00205F
:10965000002070477047000008B5024901F0C6FEBF
:10966000002008BD649A020001F0C9BE70B50E4624
:109670000446154602F038FF013609D02046002185
:1096800002F0A6FF29462046BDE8704002F07EBFEA
:1096900070BD000008B5431C04D10E490E482122BC
:1096A00000F050FF012351B11F2886BF0B4A00F084
:1096B0001F004FF0A0428340C2F8083508BD1F28A4
:1096C00086BF064A00F01F004FF0A0428340C2F858
:1096D0000C35F3E7B6950200DD9002000003005060
:1096E000F8B50F46044615461E4602F0FDFE01374A
:1096F0000ED094F900003146FFF7CCFF204601213F
:1097000002F066FF29462046BDE8F84002F03EBF61
:10971000F8BD0322FFF7AABFFFF7A8BF1346002238
:10972000FFF7DEBF2DE9F0411746069E04460D46C1
:109730001A4657B9FFF79AFF01350BD094F900008C
:109740003146BDE8F041FFF7A5BF3346BDE8F04123
:10975000FFF7C6BFBDE8F081004870476C9A020071
:10976000024B1B680BB1024818477047E404002005
:109770006C9A0200F8B5446894F832608EBB0368B6
:109780005B689847226A82422BD023692062821A42
:109790001A40A368A2FB03C194F93420CAB1606ADD
:1097A00010EB0C0541F10001002A1BDBC2F1200087
:1097B000A2F1200325FA02FC01FA00F021FA03F3DA
:1097C0004CEA000C4CEA030CD1400CFA02F2AA1A43
:1097D0006262D4E90A3213EB0C0341EB0202C4E9E2
:1097E0000A32F8BDE76833463A46284607F0E8FEF5
:1097F000844607FB10506062EBE7824206D98A423A
:109800000BD9884294BF002001207047884206D9B6
:109810008A428CBF00200120704701207047002041
:10982000704700002DE9F0414668336B23F07F4814
:1098300028F0FF080546B8F1000F5CD1FFF79AFF4A
:109840007368002B59D0D3E90003D6E90A1281428C
:109850009A4104D32B68BDE8F0415B6918476C68F6
:10986000D4E90A12401A63EB020CD4E90572E369E9
:10987000824273EB0C031FD3E368A3FB000103FBDD
:109880000C1194F93330A3B1A26802F1FF3C1CEB38
:10989000000041F10001002B1BDBC3F1200CA3F100
:1098A0002002D84001FA0CFC40EA0C0021FA02F236
:1098B0001043874228BF0746236A1F4423691F407D
:1098C000336ABB4209D11249124840F2C91200F072
:1098D00039FE434607F074FEEBE72B6838461B69F8
:1098E00098472B685B6898473A460146306AFFF70D
:1098F00084FF0028AED1BDE8F0817369306A326917
:1099000018442B681040BDE8F0411B69184700BFA0
:10991000AD9A0200BF9A02004368F7B593F8302071
:109920000546002A7ED193F83230002B7AD10368A5
:109930001B6898472B68DB69984703682BB93A493D
:109940003A4800931A4601F017F8394A1F46144660
:10995000B7FBF2F204FB12722746002AF7D16E68B9
:109960003349B1FBF4F11F22B1600127013A03D35F
:1099700007FA02FC6145F9D186F83320B3FBF4F213
:10998000B2F1004FF2604FF01F0306D00124013BFB
:1099900003D304FA03F7BA42F9D186F834304068A9
:1099A000071F1C2F05D900232249234800931A467C
:1099B000C9E720281CBF012383404FF0070404FAA5
:1099C00007F414BF03F1FF334FF0FF3333617461C9
:1099D000E017A4FB0143002701FB0031531E47F1B0
:1099E000FF3CE01841EB0C013B4607F0E9FD2B681A
:1099F000C6E90601C6E900775B6898476B68306284
:109A0000002101220020C3E90A015F6228461A866C
:109A100083F83270FFF7AEFE284603B0BDE8F04091
:109A2000FFF700BF03B0F0BDE39A02000E0104800F
:109A300040420F00FC9A020005010480F3B445681F
:109A4000069C8C60C1E900236C68002734B9CC60A7
:109A50007FB9696002B0F0BCFFF7E4BE66680196AA
:109A60002668B242019E73EB0606F0D32746E468EF
:109A7000ECE7F960D5E90A4194429941EAD202B093
:109A8000F0BC704738B505460C46FFF745FF00F0BF
:109A900001FE6B681C60BDE8384000F011BE70B577
:109AA000054600F0F7FDD5E90034DB68984794F8E7
:109AB00032301BB1BDE8704000F002BE012384F8D3
:109AC00031306368A3B12846FFF754FE6368D4E9D8
:109AD0000A62D3E9000186428A4109D36A68DB68D9
:109AE000526863602368002BEBD090689847E8E7E2
:109AF000002384F831302846FFF794FEDAE72DE999
:109B0000F34104460D4617461E46DDF8208000F05E
:109B1000C1FD2046FFF72EFECDF800803A463346C1
:109B200029462046FFF78AFF02B0BDE8F04100F069
:109B3000C7BD38B505460C4600F0ACFD6A685368F1
:109B4000A34209D1DB6853602846FFF76BFEBDE8EE
:109B5000384000F0B5BD1346002BF8D0DA68A242B9
:109B6000F9D1E268DA60F2E738B50446FFF7D4FECF
:109B700000F090FD2046FFF7FDFD6368D3E90A453C
:109B800000F09EFD2046294638BD08B5FFF7ECFFE2
:109B900008BD0000024B00221A7003F09DBE00BFFA
:109BA00050AC002008B503F005FE024B01221A70EC
:109BB00008BD00BF50AC002000487047389B020031
:109BC000024B1B680BB1024818477047E80400209D
:109BD000389B020091F90C2091F9041003F0BEBAF1
:109BE000024B1B6803B11847704700BF90AC0020C0
:109BF00010B5044600F04EFD204610BD10B50446D9
:109C000000F05EFD204610BD007B704738B50D4B5F
:109C100003600023C0E90131027304460A480D467F
:109C2000FDF76CFA01F04EFC55B1084B1A68626002
:109C30001C600548FDF762FA01F060FC204638BD63
:109C40006560F6E7749B020098AC0020C0AC002071
:109C5000144B10B5036004461348FDF74FFA01F0AA
:109C600031FCA3682BB1114962680B68A34212D181
:109C70000A600F4B0C481A68A24204BF00221A6007
:109C8000FDF73CFA01F03AFC237B13B9201F01F0E9
:109C900049FA204610BD19465B68A342FBD14A60D1
:109CA000E7E700BF749B020098AC0020C0AC002026
:109CB00094AC002010B50446FFF7CAFF20461021DF
:109CC00001F02CFA204610BDF8B5064617480D469F
:109CD000FDF714FA01F0F6FB154B1C6884B9072D4B
:109CE0001BD114482A46314609F07AF9A8B90F4821
:109CF000FDF704FA01F002FC0F4B1C682046F8BD8A
:109D0000A76887B1384609F07BFEA8420BD12A46E6
:109D10003146384609F064F928B90448FDF7EEF9F0
:109D200001F0ECFBEAE76468D8E700BF98AC0020DC
:109D3000C0AC0020649B020094AC0020002070475F
:109D4000036870B51B690122002104469847051E6F
:109D50000DDB236802221B690021204698472368F7
:109D6000064629461B690022204698473546284664
:109D700070BD000070B50E460024C0E900440E49D5
:109D80000546304609F0AAFE3044034621461A78BB
:109D90002F2A07D101332B6049B9084908482A22E4
:109DA00000F0D0FB002AF6D001310133EFE7FFF7D6
:109DB0008BFF6860284670BDCC9B0200E89B0200C8
:109DC000F59B020000687047406808B520B1FFF7B6
:109DD0001BFF431E5842584108BD10B50446FFF70B
:109DE000F3FF10B1606800B1043810BD406808B5D9
:109DF00020B1FFF709FFB0FA80F0400908BD10B5A7
:109E00000446FFF7F3FF10B1606800B1043810BDDD
:109E10004068003818BF0120704700207047F8B52F
:109E200003681B6D0D4604468F1898472E46BE42A8
:109E3000236806D09B6C16F8011B2046984701301A
:109E4000F5D1236820465B6D9847701BF8BDF8B5C7
:109E500003681B6D0E4604468F1898473546BD4271
:109E6000236805D1236820465B6D9847A81BF8BD81
:109E7000DB6C20469847431CF4D005F8010BEEE755
:109E800000207047704700000F4B13B500220446B6
:109E900040F8043BFFF7BAFE0C4B2360603363606D
:109EA000002363610A49204601F09AF90346606184
:109EB00028B9009002460749074800F05DFD00F010
:109EC00019FF204602B010BD849B02007C9C02005A
:109ED000FE9B0200019C020019010180094B10B594
:109EE0000360603304464360406907F05BFF064B44
:109EF00023602046503340F8043FFFF7A9FE204678
:109F000010BD00BF7C9C02001C9C020008B50249E9
:109F100002488E2200F016FBFE9C02000B9D020000
:109F200010B504460846FFF71FFEC4E900012046AD
:109F300010BD000010B50446FDF774FE20460A4B24
:109F400040F8203BA169FFF7EBFFD4E90823C4E9FF
:109F50000A2300220023C4E90C230023C4E90E33A2
:109F600084F84030204610BD3C9D02004FF0FF3089
:109F7000704738B590F83F5004460DB1FFF7C6FF63
:109F8000FDF770FE94F84030A5872BB184F840505F
:109F9000BDE8384000F0CABD38BD000008B5012159
:109FA000383000F0F5FA18B1024B4FF080625A6079
:109FB00008BD00BF00ED00E010B50446FDF752FEFD
:109FC000002384F83F30024B4FF000725A6010BDFE
:109FD00000ED00E010B5044601F1300000F0EAFAAF
:109FE000C4E90001204610BD10B589690446FFF799
:109FF00097FF204610BDD0E90C32013342F1000238
:10A00000C0E90C32D0E90A3213F57A7342F100024A
:10A01000C0E90A327047D0E90A2312F57A7243F197
:10A020000003FDF715BE000008B5012380F83F309E
:10A03000836B1BB1034B4FF080625A60FFF7EBFF5D
:10A0400008BD00BF00ED00E090F83C3010B50446BC
:10A050004BB1002380F83C3090F83E3013B9012317
:10A0600080F83D3010BD90F83F30002BFAD0836B64
:10A0700001338363044B4FF080625A60FFF7BBFFEC
:10A080002046FFF7C8FFEDE700ED00E037B50D46CD
:10A09000044689696846FFF743FFD5E90A3200980C
:10A0A0000199C01A61EB0201B0F57A7F71F10003EA
:10A0B00006D200220023C4E90023204603B030BDAD
:10A0C000B0F5FA6F71F1000301D20122F2E7002925
:10A0D0004FF47A724FF00003D8BF002107F070FAF6
:10A0E000C4E90001E9E7000091F83F30F7B5054603
:10A0F0000C4613B991F83C6026B112491248E5228A
:10A1000000F020FA6846FFF7C1FFDDE900304FF4A8
:10A110007A71A3FB017201FB0022A663D4E90A163F
:10A12000C91942EB0602C4E90A12D4E90C125B1801
:10A1300042EB00022846C4E90C32C5E9003203B004
:10A14000F0BD00BFFE9C0200159D0200F7B51F4642
:10A1500090F83F300446164623B11F491F48582245
:10A1600000F0F0F990F83C305BB901466846FFF723
:10A17000BBFF009BB342019BBB4104D3012384F886
:10A180003D3003B0F0BD21466846FFF723FF4FF492
:10A190007A73A6FB032603FB0766D4E90831D518BA
:10A1A00094F840204FF0010346EB0106A38742B923
:10A1B000A269126892F820201AB984F8403000F0A1
:10A1C0009FFC002384F83E302A463346204603B0E5
:10A1D000BDE8F040FDF73CBDFE9C02000B9D020077
:10A1E000102300F007B8202300F004B8302300F05B
:10A1F00001B840239C46F0B404AE7546E80801D38C
:10A20000EFF309860E4F0FCE0FC70FBC0FC74046A6
:10A21000494652465B460FC71DCE3100A60A00D301
:10A2200004316E0900D248311FC7EFF30980694637
:10A23000EFF3148663C76046014900F079F800BF68
:10A24000C4AC0020F0B52C4E2C4F85B00024354610
:10A25000214656F8042B3846013400F0FFF90D2C46
:10A26000F6D1AB6C02936B6C01932B6C244C009376
:10A27000D5E90E23696B234800F0F0F921682248E4
:10A2800000F0ECF9E16AA26AA36AA06A266BE76BA8
:10A29000000CCDE901670090C3F307231B48D2B23D
:10A2A00000F0DCF9A36A1E0603D5616B184800F0C4
:10A2B000D5F9A36A180403D5A16B164800F0CEF9AE
:10A2C000EB6C190712D5144800F0C8F92B6DDA07AA
:10A2D0000FD5124800F0C2F9EB6C5B074CBF104879
:10A2E000104805B0BDE8F04000F0B8B90E4800F0E5
:10A2F000B5F90E48EEE700BFC4AC0020409D020057
:10A3000000ED00E04E9D02009D9D0200AB9D02000D
:10A31000FA9D0200089E0200169E0200259E020081
:10A32000559E0200619E0200459E0200329E020080
:10A3300007B504460D461A48012100F032F968BB02
:10A34000184800F08BF9302C19D0402C1CD0202C50
:10A350001FD11548154C00F081F9154800F07EF921
:10A36000FFF770FF134800F079F90D4B00221A70C7
:10A370000023114900932A46204600F0FDFA0F48B9
:10A380000F4C00F06BF9E8E70E480F4C00F066F94F
:10A39000E3E70E480E4C00F061F9DEE70024E7E742
:10A3A000D1AD00206D9E0200969E02003E01FF800E
:10A3B000C39E0200CE9E0200ED9E0200A59E0200FA
:10A3C0003F01FF80AE9E02004001FF80B99E020067
:10A3D0003D01FF80F8B516460C4629B151F8087CBE
:10A3E00026B900252846F8BD0F46F9E7304608F0A3
:10A3F000DDFA05460028F4D0B7423A46214628BF88
:10A40000324608F01FFE204608F0D8FAEAE738B5D1
:10A4100002FB01F5284608F0C9FA044618B12A469D
:10A42000002108F00DFF204638BD000070B506463B
:10A430001D481E4C0D46FCF761FE01F043F815F176
:10A44000090F2CD805F10801304608F0BFFA30B3E7
:10A45000A268174B05602A444360A2602269236802
:10A460000132226162682B44934250F8042C88BF69
:10A4700063602360002AA0F10403B8BF9B18A2699F
:10A480001B68521B23F00103134400F10806A3616B
:10A490000548FCF733FE01F031F8304670BD6369C2
:10A4A000013363610026F3E734AD002018AD0020CE
:10A4B000EFBEADDE00B572465DF804EBFFF7B6BF48
:10A4C00038B5054619480C46FCF718FE00F0FAFFAF
:10A4D0001CB354F8042C164B9A4225D154F80C1C8A
:10A4E00054F8082CA4F10C030029B8BF5B181968B4
:10A4F000002344F8043C0F4B1868801A1860186950
:10A5000001381861986921F001010244521A9A61D8
:10A51000A4F10801284607F0BFFE0448FCF7EEFD51
:10A52000BDE8384000F0EABF2146F3E734AD002033
:10A53000EFBEADDE18AD002000B572465DF804EB4D
:10A54000FFF7BEBF07B50B46009201460022014847
:10A5500000F012FA4401FF8003460122D3E84F0FB6
:10A56000C3E8412FC0B20029F8D17047D0E85F3F5F
:10A570005B18C0E8523F002AF8D198B27047D0E883
:10A580005F3F5B1AC0E8523F002AF8D198B270478B
:10A59000034653E8000F401A43E80002002AF8D1AE
:10A5A00070470346D3E84F0FC3E8421FC0B2002AEA
:10A5B000F8D1704738B5044600F06CF8D4E900458E
:10A5C00000F07EF82046294638BD08B500F062F854
:10A5D000FEE773B5002201460446022000F032FC7B
:10A5E0000D2600F057F80022254614F8013B23B948
:10A5F00002B0BDE8704000F063B80A2B09D10D2A03
:10A6000007D001220DF1070102208DF8076000F04C
:10A6100019FC01222946022000F014FC14F8012C38
:10A62000E2E7000000B5A3B002460B4601A8842172
:10A630000AF0D6FC832806D9074B1A681B79CDF897
:10A6400083208DF88730002802DD01A8FFF7C1FFC5
:10A6500023B05DF804FB00BFFD9E02000FB407B5F8
:10A6600004A951F8040B0191FFF7DCFF03B05DF87A
:10A6700004EB04B07047EFF31080C04300F001001A
:10A680007047EFF30580003818BF0120704701F0D4
:10A690000FBE000008B501F0FBFD064A1368591C07
:10A6A00004D1054905483F22FFF74CFF01331360F1
:10A6B00008BD00BF5CAD00201C9F02002C9F020063
:10A6C000044A136823B1013B13600BB901F0E8BDE4
:10A6D000704700BF5CAD002008B50B48FFF73CFF9A
:10A6E00028B1FFF7D7FFBFF34F8F20BFFDE7FFF77C
:10A6F000C8FF08B1FFF769FFFFF7BDFF0028F9D0D9
:10A70000012000F0F2FA00BFD0AD00202DE9F041A9
:10A71000494C0E462168C1F34173032B0CBF4D42D7
:10A720008DB298B08046174644482A46C1F3074385
:10A73000FFF794FF6FF498721544132D0FD8DFE8DC
:10A7400005F00A35383B3E4441470E0E0E0E0E0E04
:10A750000E0E0E0E0E4AA1683948FFF77FFF4046E5
:10A76000FFF737FF61683748FFF778FF4EB136488B
:10A77000FFF72FFF3046FFF72CFF34483946FFF72D
:10A780006DFFA1683248FFF769FF2368314A1A4418
:10A79000012A02D9304A934221D1A3681BBBE36846
:10A7A0000BB1596801B92D492D4A25E0A1682D4802
:10A7B000D3E7A1682C48D0E7A1682C48CDE7A16871
:10A7C0002B48CAE7A1682B48C7E7A1682A48C4E715
:10A7D000A1682A48C1E72A48FFF740FFBFE7294A96
:10A7E0009342DCD1D9E7DB6C1B07D8D4E3680BB10B
:10A7F000596801B91949244AE0690390A069029097
:10A8000060690190206900902048FFF727FF04A8A5
:10A8100000F08EFD079B01939DF81830009321688E
:10A820001B48DDE90423FFF719FF1A48FFF716FF5D
:10A8300018B0BDE8F08100BF64AD0020729F020037
:10A84000C39F02006BA002007CA0020084A0020053
:10A8500088A00200C2FE007F4001FF805D9F0200D1
:10A86000EC9E0200D99F0200E99F0200F89F0200BF
:10A870000BA002001FA0020033A0020042A00200B1
:10A8800058A002003D01FF80679F02009CA00200CB
:10A89000F5A002006FA102007047000070B5294BBF
:10A8A0008EB010EA200538BF1D460C461646002122
:10A8B000302202A808F0C4FC234B01952B44012B45
:10A8C000039402D9214B9D4233D1E36B0293636B16
:10A8D00008931F4B5B690493DA6B05925A6B1B6BF1
:10A8E00006920793FFF7D6FE1A4A13680133012B2D
:10A8F000136009D101AD0FCD174C0FC40FCD0FC49C
:10A900000FCD0FC42B68236001AC0FCC134D0FC5C6
:10A910000FCC0FC50FCC0FC523682B60104B1B68E5
:10A92000A5F130005BB19847FFF7CAFE00200EB0DA
:10A9300070BD0C4B9D42C8D0029601ABC8E7FFF733
:10A94000ABFFF1E70101FF80C2FE007F4001FF8005
:10A9500038040020CCAD002098AD002064AD00206C
:10A9600060AD00203D01FF8000207047014B18784A
:10A97000C0B27047D1AD002080B506460C460A48EB
:10A980000121F04617461D46FFF70BFE48B9424627
:10A9900039463046FFF782FF029A29462046FFF7E4
:10A9A000B5FEFFF799FE00BFD1AD002038B5064CCB
:10A9B00023683BB9FEF7D0FE044D01462846FFF759
:10A9C000B9FA2560206838BD20AE0020D8AD00203F
:10A9D00008B5836823B9054B1B6893F83D0008BD93
:10A9E000C06898470028F6D0F9E700BF20AE0020E5
:10A9F000F7B5194F04464FF0FF356FF0004620467B
:10AA0000FFF7E6FF30BBD4E90023B34208BFAA42F8
:10AA100002D03868FFF79AFB01A8FFF7E9F8204653
:10AA2000FFF7D6FF98B9D4E90023B34208BFAA4282
:10AA300007D100F09FF801A8FFF7E0F8BFF36F8F90
:10AA4000DDE73B6893F83C30002BF2D1F3E701A837
:10AA5000FFF7D4F803B0F0BD20AE002030B587B0CA
:10AA6000CDE902230A9B0C4D04930B9B05930446EE
:10AA7000FFF79CFF02A8FFF7BBFF2868FFF779FAF2
:10AA800068462968FFF730FBDDE900232046C4E96A
:10AA9000002307B030BD00BF20AE00202DE9F041FB
:10AAA000DFF83C8086B005460E4604A8D8F80010B2
:10AAB0001746FFF78FFAD8F80020DDE90443926BC0
:10AAC000A41A63EBE2732A1943F1000302A8CDE94B
:10AAD0000067FFF7C3FF0298001B06B0BDE8F081D6
:10AAE00020AE002010B5054C236813B9FEF734FEE4
:10AAF00020602068BDE81040FFF736B824AE002083
:10AB000013B5074C01212046FFF730FD034628B955
:10AB10000090228803490448FFF72EFF02B010BDC1
:10AB200038AE002089A102002301048013B5094C2E
:10AB300001212046FFF723FD4FF6FF73984206D10F
:10AB400000230093228804490448FFF715FF02B050
:10AB500010BD00BF38AE0020ABA10200240104806C
:10AB6000034B188880B2B0FA80F04009704700BFEC
:10AB700038AE002070B5FFF78DFDFFF7B3FF044638
:10AB80000D46FFF7EDFF90B102F0FAFDFFF7AAFFC7
:10AB90000A4ED6E900321B1B62EB05021B1842EB82
:10ABA0000102C6E90032BDE87040FFF789BD02F03E
:10ABB000C3FD034EFFF796FFEBE700BF28AE002072
:10ABC00030AE00206FF01C0070476FF0150070472A
:10ABD000012070470020704770470000034B186841
:10ABE00018B14FF0FF31FBF74BB970475C2A0020DA
:10ABF000024B186808B1FBF75BB970475C2A00206C
:10AC0000F8B5074F15460C468E18B44201D12846B8
:10AC1000F8BD14F8011B384602F014FDF5E700BF3B
:10AC20001CB1002038B511F001040D4605D00848CC
:10AC300002F03EFD041E18BF0124EB0605D50448B2
:10AC400002F056FD08B144F01004204638BD00BFA4
:10AC50001CB1002010B5044607F0B0FE204610BD20
:10AC600010B510460C4622B1024802F0A9FC207033
:10AC7000012010BD1CB1002038B5084B0360084B03
:10AC80001B680446154633B90648FEF7A3FF05487E
:10AC9000294602F079FB204638BD00BFE8A2020039
:10ACA00088B100201CB100200020704700207047B0
:10ACB000074A084913681844884289BF064B106048
:10ACC0000C224FF0FF308CBF1A601846704700BF4F
:10ACD000EC04002000FC0320B0B6002008B508B149
:10ACE000FFF773FCFEE70120704708B5FFF7F6FF9A
:10ACF00001207047002108F0B3BB08B5FCF718F835
:10AD000008BD08B5FCF71CF808BD000010B50446E6
:10AD1000037803F00303012B08D0FFF75FFF2378CC
:10AD200003F00302012A03D1FFF762FF002010BDE8
:10AD30002AB1054905484FF4D462FFF703FC43F0FC
:10AD4000020323700120F2E7E3A10200F5A1020053
:10AD500008B5037803F00302022A05D00749084822
:10AD600040F2A962FFF7EEFB23F0030343F0010377
:10AD70000370BDE80840FFF73BBF00BFE3A102003E
:10AD800013A202003F2870B504462CDC174E56F87B
:10AD900020305A1C25D1022823DCFFF787FF034609
:10ADA000E8B92046FFF780FF0346C0B9104D2B6875
:10ADB000BFF35B8FDB0711D42846FFF7A7FF68B10D
:10ADC0000C490D484FF4E132FFF756FF0B4A0C498E
:10ADD0000948FFF788FF2846FFF7BAFF064B46F8F9
:10ADE0002430184670BD0023FBE700BFF0040020AC
:10ADF0003CAE002030A3020040AE00200002002044
:10AE0000D9AB010038B50446FFF7BCFF0B4B00255A
:10AE100043F8245030B906F057FF092303604FF080
:10AE2000FF3038BD03685B699847041E04DA06F0FA
:10AE30004BFF64420460F2E72846F2E7F00400208A
:10AE4000FFF7E0BF38B50C461546FFF79BFF38B952
:10AE500006F03AFF092303604FF0FF34204638BD67
:10AE600003682146DB682A469847041EF6DA06F096
:10AE70002BFF64420460EFE738B50C461546FFF738
:10AE800081FF38B906F020FF092303604FF0FF343B
:10AE9000204638BD036821469B682A469847041E11
:10AEA000F6DA06F011FF64420460EFE710B5FFF731
:10AEB00069FF30B906F008FF09230360002420462B
:10AEC00010BD0368DB699847041EF8DA06F0FCFE43
:10AED00064420460F2E737B54023CDF8010005462F
:10AEE00068468DF8003007F07FF9044630B12846F7
:10AEF000FFF7DCFF10B12046FFF7FCFE204603B051
:10AF000030BD00002DE9F74F06460F469046FFF78B
:10AF1000B8FB054630B100232C492D48009332463A
:10AF2000FFF72AFDFFF7A7FB0028F4D0B8F1000FC8
:10AF300009DA06F0C9FE162303604FF0FF342046FD
:10AF400003B0BDE8F08F3046FFF7B0FF044640B1D4
:10AF5000DFF880A01AF806902C464FF00D0BA8459C
:10AF600011DCA045EBDDA8EB040239193046FFF7F0
:10AF700069FF0028E1DB24181FBF3F19154B17F8A4
:10AF8000012C9A55DBE77A5D0A2A1AD1B9F10D0F27
:10AF900017D0AC420BDA2A1B39193046FFF752FFA3
:10AFA0000028CADB0444A542C9DC0AF806900A4915
:10AFB00001223046FFF746FF0028BEDBBFD00AF86B
:10AFC00006B017F805900135C9E700BF4AA2020094
:10AFD0002F01018044AE002084A20200FFF766BF6B
:10AFE0007FB504460D461646FFF74BFB30B10023F4
:10AFF0001F49204800932246FFF7BEFCFFF73BFBAA
:10B000000028F4D0002E07DA06F05EFE1623036057
:10B010004FF0FF3004B070BD2046FFF747FFF8B196
:10B02000154E01220DF10F012046FFF725FF0028E4
:10B03000EEDBEFD09DF80F300D2B08D1325D0A2AE0
:10B040000AD01A460A2332552B700120E2E70A2B58
:10B0500004D1325D0D2AF3E73355E2E71A46F2E7F1
:10B0600032462946204604B0BDE87040FFF704BFD1
:10B0700086A202002F01018084AE002038B50C4664
:10B080001546FFF77FFE38B906F01EFE0923036060
:10B090004FF0FF34204638BD036821461B692A461D
:10B0A0009847041EF6DA06F00FFE64420460EFE7EC
:10B0B000FFF7E4BF38B50D46FFF764FE044630B92C
:10B0C00006F002FE092303604FF0FF3038BD03682D
:10B0D000DB69984700280CBF4FF400434FF400533E
:10B0E0006B60236820469B6A984728610020EDE743
:10B0F000FFF7E0BF13B5044607F058FC034628B934
:10B100000090034903482246FFF736FC02B010BD09
:10B11000C2A202001F01018007F048BC07F04EBC2C
:10B1200007F04CBC10B504460B48FBF7E7FF00F0F6
:10B13000C9F90023094A194652F8040B0133A04209
:10B1400008BF42F8041C402BF6D10348FBF7D6FF9A
:10B15000BDE8104000F0D2B9C4AE0020F0040020D9
:10B1600010B51248FBF7CAFF00F0ACF9104B0324EE
:10B1700053F8242072B10134402CF9D106F0A4FD1B
:10B18000182303600948FBF7B9FF00F0B7F94FF047
:10B19000FF3408E04FF0FF32044843F82420FBF767
:10B1A000ADFF00F0ABF9204610BD00BFC4AE0020DB
:10B1B000F004002010B50446FFF7D2FF002807DB9B
:10B1C000044B054A43F8204000231354034A135408
:10B1D00010BD00BFF004002084AE002044AE00206B
:10B1E00070B505460E46FFF7E5FF041E01DA0020A4
:10B1F00070BD3146FFF76FFE0028F9D1064B53F8BA
:10B200002420954202D143F82400F0E706F05CFDCB
:10B2100009230360EBE700BFF00400200EB42DE922
:10B22000F04185B00546FFF79BFF041E13DB0023AA
:10B23000294602A80193FEF79DFD02A8FEF7E8FD4E
:10B240001E4E054668B906F03FFD1323036046F81D
:10B2500024504FF0FF34204605B0BDE8F04103B064
:10B26000704702A8FEF7C2FD074602A85FB1FEF7CD
:10B27000C6FD0190019B124A46F824300023135565
:10B28000104A1355E7E7FEF7A8FD05460028DAD077
:10B29000036802A8D3F80880FEF794FD0B9B0246D2
:10B2A00001A92846C04705460028E3D006F00CFD5A
:10B2B0006D42056046F82470CBE700BFF004002023
:10B2C00084AE002044AE002070B50E4615490546F8
:10B2D00008F02AFA044618B9FFF754FD204670BD5D
:10B2E0001149284608F020FA20B90120FFF74AFD4D
:10B2F0000124F3E70D49284608F016FA20B9022088
:10B30000FFF740FD0224E9E72B78402B02D1D5F866
:10B310000140E3E726F480312846BDE87040FFF79E
:10B320007DBF00BF58A3020050A3020048A3020043
:10B3300010B5044620B90F490F489022FFF702F9D3
:10B340004C220021043007F07BFF4FF2A003236062
:10B350004FF0005323614FF4802323624FF4801396
:10B360002364064B1B68636002232372044BE36073
:10B3700010BD00BF79A3020086A3020000ED00E02B
:10B3800088D5010070B50446FEF716FC0646FEF7A8
:10B39000FCFB05463046FEF7F8FB431BA342F9D3FE
:10B3A00070BD00001FB50023CDE90013031D044646
:10B3B0000293684610230393F9F7BAFD206020B981
:10B3C000034904483522FFF7BDF804B010BD00BFA3
:10B3D000AAA30200B9A3020010B503490446FFF76F
:10B3E000E1FF204610BD00BFBDA3020010B504461A
:10B3F000FFF7D8FF204610BD0068F9F7B1BD10B5C2
:10B4000004460068F9F70AFE204610BD10B49DF806
:10B4100004400CB942F0020200685DF8044BF9F7F1
:10B42000CFBD07B5009313460022FFF7EFFF03B02F
:10B430005DF804FBFFF7F5BF38B5FFF72BF9F9F717
:10B44000DDFF08490B6808608342074B82BF1A681A
:10B4500001321A601D680446FFF732F9204629467A
:10B4600038BD00BFF4AE0020F8AE00201FB50023A9
:10B4700003620D4B002918BF0B460093031D029376
:10B480001C230446039368460B230193FAF7E0FC60
:10B49000206038B9FFF76AFA20B9044904483D2210
:10B4A000FFF750F804B010BDDDA302000DA40200A8
:10B4B00017A4020010B500210446FFF7D7FF20466D
:10B4C00010BD000037B504464FF0FF310068FAF7B1
:10B4D000D7FC054648B1FFF749FA034640B900904A
:10B4E000044905482A46FFF747FA236A01332362D5
:10B4F00003B030BD3BA4020015010280036A013B8A
:10B5000013B503620068FAF7D3FC044648B1FFF7AD
:10B510002DFA034628B90090034904482246FFF754
:10B520002BFA02B010BD00BF4DA40200170102802B
:10B5300010B504460068FAF7D3FC204610BD0000A1
:10B540001FB504460023CDE90033231D10460293A6
:10B550006A4610230393FAF7E7FD206020B90349F8
:10B5600003483722FEF7EEFF04B010BD77A40200B7
:10B5700085A4020010B54FF6FF720446FFF7E0FF06
:10B58000204610BD13B500680C46FAF7E5FD0246EB
:10B5900070B1C11C4FF0000006D15CB100900649AB
:10B5A00006480023FFF7E8F9931CF7D102B010BD5D
:10B5B0000120FBE72046F9E794A402001401028071
:10B5C0000068FAF7F1BD10B504460068FAF71AFEF4
:10B5D000204610BD08B538B1F9F75CFB20B103492E
:10B5E0000348E322FEF7AEFF08BD00BFC3A402007C
:10B5F00057A50200FBF7A6BA036910B504462BB99C
:10B600000B490C484FF4FD72FEF79CFF1B68043099
:10B61000984704F15400FFF755FF002363610123AD
:10B6200084F83D3004F14000BDE81040FFF7C8BF8A
:10B630001C950200279502002DE9F047DDE9085727
:10B6400099466B07044618BF25F0070688469246C0
:10B650004FF000014FF0440200F178000CBF2E467D
:10B66000083607F0EDFDB5FA85F300215B0984F893
:10B670003C30616184F83D10202204F11C0007F089
:10B68000DFFD4D44074BC4F830A0AD1B25F0070586
:10B69000002F08BF1F46E562A761A662C4F8348088
:10B6A000BDE8F08766A5020013B5049CCDE900341F
:10B6B00013460A460021FFF7BFFF02B010BD00008D
:10B6C000F8B5044600F1540528460E46FFF7FAFE89
:10B6D000636913B994F83D302BB12846FFF70EFF8C
:10B6E0006FF00300F8BDD4E90A3093B32749002373
:10B6F000E26AB3EB920F3FD34423271D6362B74244
:10B7000004F17803236209D03846F5F7EBF8F368C3
:10B7100023611BB15B683146384698471C4804F1E9
:10B7200018022146FBF7E2F9606150BB94F83C3007
:10B730002BB1A06A08B1FFF7F3FC0023A3622846EF
:10B74000FFF7DCFE04F14000FFF73AFF6FF0020064
:10B75000C8E7104B1049984294BF20F003004FF007
:10B76000FF30FFF7D9FCA0620028BFD12846FFF7C1
:10B77000C5FE6FF00400B5E7A26A42F8231001335A
:10B78000B6E72846FFF7BAFE0020ABE7A52E5AE23F
:10B79000F9B50100FBFFFF7F64A9020070B500F15D
:10B7A000540504462846FFF78DFE04F14000666903
:10B7B000FFF706FF0023636194F83D302BB10024AE
:10B7C0002846FFF79BFE204670BD012384F83D30DC
:10B7D000002EF4D03046FBF7CBF90446F0E700002A
:10B7E00010B50D4B03600446FFF7D8FF94F83C30CA
:10B7F0002BB1A06A08B1FFF793FC0023A36204F108
:10B800005400FFF795FE04F14000FFF7DCFE201D19
:10B81000F5F768F8204610BD8CA5020010B5044667
:10B82000FFF7DEFF2046BC21FFF778FC204610BD65
:10B8300038B5044600F154052846FFF743FE646915
:10B8400014B1A26B246B141B2846FFF757FE204649
:10B8500038BD4FF08043D3F8383413F0010004D0E2
:10B8600013F0020F0CBF012002207047704708B58B
:10B87000FFF7EFFF012804D0FFF7EBFF831E5842CC
:10B88000584108BD704701230372704700230372BB
:10B89000704770470048704794A6020010B5F42125
:10B8A0000446FFF73BFC204610BD08B50023437259
:10B8B00003F0B0F908B103F02FFD03F0A1F918B1BE
:10B8C000BDE8084003F04ABD08BD03F007BA70B5F3
:10B8D0004C00E4B2054604EBD11408460C214C435D
:10B8E00004F11C06A919002625444E608E60C5E9A6
:10B8F000072303F009FAB0FA80F0400970BD70B573
:10B900004C00E4B2054604EBD11408460C214C432C
:10B9100004F11C01294400262C444E608E60C4E9C9
:10B9200007231BB9636A43F00103636203F0ECF978
:10B93000B0FA80F0400970BD002003F05BBA084601
:10B9400003F058BA03F0F1BA38B508460C4615466C
:10B9500003F04EFD2046A9B203F06AF92046BDE887
:10B96000384003F0ABB901F07F03082B10B50C464B
:10B9700002D0084603F064FA2046BDE8104003F008
:10B9800007BD084603F04EBA10B508460C4603F052
:10B9900055FA10B1204603F085FD204603F050FA19
:10B9A000204603F0F5FC2046BDE8104003F020BD22
:10B9B000084603F07DBB0000036810B59B69044690
:10B9C000984703F037F820B1074908488422FEF76A
:10B9D000B9FD04F0FBF863680BB1FFF7A7F8044A60
:10B9E00000236360136010BDF2A5020004A60200EC
:10B9F000F8AF002008B501234372FFF72AFF0128A2
:10BA000010D103F0FDF808B903F024F8FFF721FF87
:10BA1000022807D103F0FEF820B9BDE80840012054
:10BA200003F0C2B808BD000038B51E4B80220446A2
:10BA30000D46C3F88420BFF34F8FBFF36F8F436869
:10BA40000BB9FFF75DF86560002004F09BF820B1AA
:10BA5000582215491548FEF775FD154804F0D2F82F
:10BA6000144803F0EBF8054608B16422F1E74021E1
:10BA700003F0DEF84021802003F0DAF80E4B0F4A85
:10BA80001C600F4B0F491D70D2F8303543F0010395
:10BA9000C2F83035272000F02BFABDE8384004F01A
:10BAA000B7B800BF00E100E0F2A5020004A6020062
:10BAB000D8A6020019BE0100F8AF002000700240B5
:10BAC000F4AF00207DBE010070B503460C46F1B90D
:10BAD000EAB990F91210002919DA802003F08CF9E4
:10BAE000154B68B1D3F8002242F00402C3F80022DB
:10BAF000124B01221A70124B8022C3F8042170BD30
:10BB000001221A65BFF36F8FBFF34F8FF0E7002557
:10BB100003F11C06C3E907425D6203F0C3F9314635
:10BB2000284603F0F1F80028E9D00649064840F21B
:10BB30004312FEF707FD00BF00700240F4AF002083
:10BB400000E100E0F2A5020004A6020010B50B46D9
:10BB500000293AD1FAB9038B1BB190F91230002BAE
:10BB600029DB002003F048F91C4B68B1D3F8002210
:10BB700042F00402C3F80022194B01221A70194B3B
:10BB80008022C3F8042110BD01221A65BFF36F8F14
:10BB9000BFF34F8FF0E700F1280183620363C262B5
:10BBA000802003F0B1F80028EDD00F490F4840F293
:10BBB0007112FEF7C7FC00F128018262C2620263C3
:10BBC000036B43F001030363EAE70024C0E90A3290
:10BBD00000F128010463002AF2D0E1E7007002407E
:10BBE000F4AF002000E100E0F2A5020004A602008C
:10BBF000044A0260002242600281827201220274C1
:10BC0000704700BF20A6020010B50B4C2368BFF39D
:10BC10005B8FDB070ED42046FFF778F850B107485A
:10BC20000749FFF7E5FF074A0448FFF75CF820469D
:10BC3000FFF78EF8014810BDFCAE002000AF0020D9
:10BC40006DB801000002002010B5044603F046F86C
:10BC500003F068F9064A00238021A372C2F8841118
:10BC6000044AC2F8FF3FBFF36F8FBFF34F8F10BD81
:10BC700000E100E000600340034B8022C3F8842110
:10BC80005A6003F0C5BF00BF00E100E0837A012BDA
:10BC900010B504464FD1037B062B1DD8DFE803F017
:10BCA000150E04091C3D220040680368DB69012170
:10BCB0002CE040680368DB69002127E0FFF7C4FF40
:10BCC000606803689B68984706E0037A23B1406880
:10BCD000E18903681B6A98470023A372BDE81040FE
:10BCE000FFF7CABFC37B002BF6D1807B03F0A6F819
:10BCF0000028F1D194F90E206068A17B0368002A26
:10BD000006DA4A0601D15B69DDE79B6A9847E3E7FB
:10BD100009B91B69D7E75B6AF8E7802003F0C2FB2B
:10BD2000002003F0BFFB04F1120003F099F86068F3
:10BD30000368DB68C7E7022B1ED1037C012B0FD001
:10BD4000022B11D0002BC7D1437A002BC4D002F0B4
:10BD500057FF08B902F07EFE606803689B69A6E79A
:10BD6000406803689B69A7E702F054FF0028B3D13D
:10BD7000012002F019FFAFE7032BADD194F9122097
:10BD80004068002A0368BEDAC3E70000044B802243
:10BD9000C3F88420BFF34F8FBFF36F8F03F03FBF13
:10BDA00000E100E038B50C46FFF7F0FF402C28BF5B
:10BDB0004024A5B22946002002F03AFF29468020FF
:10BDC00002F036FFFFF758FF204638BD70B5164623
:10BDD00005460C46FFF7DAFF082E324605F1120140
:10BDE000204628BF082207F02DF9BDE87040FFF774
:10BDF00043BF000010B50446FFF7C8FF054B22689B
:10BE00001B685868DA6001229A720368BDE8104026
:10BE1000DB6A1847F8AF0020024B1B680BB1FFF735
:10BE2000E9BF7047F8AF002010B50446FFF7AEFF3A
:10BE3000054B1B6858681C7402229A720368BDE89F
:10BE40001040DB6A184700BFF8AF0020024B1B68A8
:10BE50000BB1FFF7E9BF7047F8AF002010B5FFF74F
:10BE600095FF054B1B68586803229A720368BDE86A
:10BE70001040DB6A184700BFF8AF002010B5074C30
:10BE8000237833B1064B1B680BB1FFF7E7FF0023A4
:10BE90002370BDE8104003F049B900BFF4AF0020A3
:10BEA000F8AF00200749084A084B9B1A03DD043B02
:10BEB000C858D050FBDC06488047064880470648F3
:10BEC0000047000028AC02000002002010100020F3
:10BED0002DBF0100E1CB010041010100FEE7FEE7BB
:10BEE000FEE7FEE7FEE7FEE7FEE7FEE7FEE7FEE72A
:10BEF000024B103043F82010704700BF00000020B4
:10BF0000024B103053F82000704700BF00000020A3
:10BF10004FF08053D3F83021082A03BFD3F83401FF
:10BF2000B0FA80F0400900207047000008B5FFF724
:10BF3000EFFF40B14FF080430022C3F80C21C3F85B
:10BF40001021C3F83825FFF7E3FF002846D04FF053
:10BF50008052674BD2F80414C3F82015D2F80814A5
:10BF6000C3F82415D2F80C14C3F82815D2F810140D
:10BF7000C3F82C15D2F81414C3F83015D2F81814DD
:10BF8000C3F83415D2F81C14C3F84015D2F82014A5
:10BF9000C3F84415D2F82414C3F84815D2F828146D
:10BFA000C3F84C15D2F82C14C3F85015D2F830143D
:10BFB000C3F85415D2F83414C3F86015D2F8381405
:10BFC000C3F86415D2F83C14C3F86815D2F84014CD
:10BFD000C3F86C15D2F84424C3F87025FFF798FF16
:10BFE00018B1444B444AC3F88C26FFF791FF18B1AF
:10BFF000424BFB22C3F81825FFF78AFF70B14FF0C0
:10C0000080414FF08053D1F8E42ED3F8583222F01B
:10C010000F0203F00F031343C1F8E43EFFF778FF6C
:10C0200020B1374B4FF40072C3F84026FFF770FF82
:10C0300048B14FF08043D3F80024D20744BF6FF0DB
:10C040000102C3F800242F4AD2F8883043F4700369
:10C05000C2F88830BFF34F8FBFF36F8F4FF01023BC
:10C06000D3F80022002A03DBD3F80432002B2EDAA7
:10C07000254B0122C3F80425D3F80024002AFBD065
:10C080004FF010221221C2F80012D3F80024002A27
:10C09000FBD04FF010231222C3F804221A4BD3F81E
:10C0A0000024002AFBD00022C3F80425D3F8002482
:10C0B000002AFBD0BFF34F8F1249144BCA6802F419
:10C0C000E0621343CB60BFF34F8F00BFFDE7104B1F
:10C0D000104A1A604FF0804301220021C3F818254E
:10C0E000C3F804119A60D3F80421002AFBD008BDDC
:10C0F00000C00040005000404881030000F00040B4
:10C100000090024000ED00E000E001400400FA056C
:10C11000F00500200090D0030F4BD3F8042182B02B
:10C1200052B10022C3F80421D3F804210B49019233
:10C13000019A0A6801320A60D3F84421084B0AB90F
:10C140001A7832B11A780AB100221A7002B0FDF7DB
:10C1500007BB02B0704700BF0010014000B00020D4
:10C16000FCAF0020F0B5244F3A7885B06AB1234B7C
:10C170000022C3F84421D3F844210192019A4FF4DC
:10C180000032C3F8082305B0F0BD4FF08043C3F878
:10C19000042101229A60D3F80421002AFBD0174C15
:10C1A000174900250126656011206660FFF7A0FE93
:10C1B000C4F80855C4F84451D4F844310393039BA0
:10C1C000C4F80451D4F804310293029B4FF00213D7
:10C1D000C4F848330223C4F804330A4B4FF4003246
:10C1E0004021C4F8082383F81113C3F880211A6092
:10C1F00026603E70C7E700BF04B000200010014079
:10C2000019C1010000E100E0084A012353604FF426
:10C210000033C2F80833064AC2F88030BFF34F8FAC
:10C22000BFF36F8F034B00221A707047001001405C
:10C2300000E100E004B0002073B504460E46154648
:10C24000FEF728FA114B24F07F40D3F80445A042B2
:10C2500004D0013424F07F44844202D1023020F023
:10C260007F4006F5A87643F82600D3F804232A4039
:10C2700007D1C3F84421D3F844210192019AC3F8AD
:10C28000045302B0BDE87040FEF71ABA0010014036
:10C29000024803780BB101F03BBB7047F405002066
:10C2A000024B012200201A7001F040BBF40500206F
:10C2B000024B1878B0FA80F040097047F40500206E
:10C2C0001F288ABF00F01F0303461A4A1A4998BF65
:10C2D0004FF0A04203F5E07330B452F82320D1E9C7
:10C2E0000035C0F12004A0F12001C34005FA04F498
:10C2F000234325FA01F1C2F301420B43032A03F061
:10C30000010302D17BB930BC7047002BFBD00B4B33
:10C310001B5C9B06F7D50221094B0A4A1B6852F8A1
:10C32000200030BC1847054B1B5C5A06EBD5012199
:10C33000F2E700BF0003005008B00020D4B0002096
:10C34000D0B0002010B00020114930B4D1E9002550
:10C35000C0F1200405FA04F4A0F12001C2402243F8
:10C3600025FA01F10A43D40703460ED5094A115CA8
:10C37000C1F30012890703D51AB930BC03F096B98E
:10C380001AB130BC184603F0E1BA30BC704700BFA8
:10C3900008B10020D4B000202DE9F743DFF8449124
:10C3A0004A4D19F8003013F0010F0446C0F1200780
:10C3B000A0F1200601D1D80678D519F804309907E4
:10C3C000224603D5C3F30011DB0654D50023ADF894
:10C3D000053003238DF8043019F80430C3F38101CC
:10C3E000012901D0032901D18DF8051019F8043075
:10C3F000D80622D5364A01A9204603F0BDF9354AB0
:10C40000D2E9003202FA07F1E3400B43F240134352
:10C41000D907804609D519F804305A0601D49B067D
:10C4200003D50121204603F025FAB8F1040F12D1FB
:10C4300029492A489822FEF785F81F2C9DF80530D7
:10C4400086BF274904F01F024FF0A04102F5E072B9
:10C450009B0041F822300123D5E9000103FA06F2DE
:10C4600023FA07F73A43A34003430A43C5E90032DE
:10C4700003B0BDE8F0831F2C88BF194BADF8041042
:10C4800094BF4FF0A04304F01F02D3F804358DF899
:10C49000061098BF2246D34003F0010301A92046AD
:10C4A0008DF8053003F098F88046BEE7012303FAC3
:10C4B00006F623FA07F703FA04F1D5E900323E4302
:10C4C00023EA010322EA0602D0E700BF08B10020F8
:10C4D000C1C2010008B0002016A7020021A7020077
:10C4E00000030050D4B000204B1C10B5044601706E
:10C4F00014D0C9B22F2904D909490A485422FEF799
:10C5000021F809490620FFF7F3FC03F025F8074955
:10C5100094F900208B5C43F001038B5410BD00BFE5
:10C5200016A702003FA70200C1F90100D4B0002005
:10C5300008B590F90030591C04D1104910485F2209
:10C54000FEF700F80F4AD25C92070CD51F2B8ABF6A
:10C550000D4A4FF0A04203F01F03D2F80405D84063
:10C5600000F0010008BD1F2B8ABF074A4FF0A04210
:10C5700003F01F03D2F81005F1E700BF16A7020071
:10C58000DD900200D4B000200003005038B504460E
:10C5900090F90000431C0D4604D10A490A48AE2216
:10C5A000FDF7D0FFC0B2FFF7CFFE94F90000074BB4
:10C5B0001A5C65F383021A54BDE83840C0B2FFF735
:10C5C000EBBE00BF16A70200DD900200D4B0002031
:10C5D00038B5044690F90000431C0D4604D10A49C1
:10C5E0000A48B922FDF7AEFFC0B2FFF7ADFE94F9DD
:10C5F0000000074B1A5C65F341021A54BDE838404D
:10C60000C0B2FFF7C9BE00BF16A70200DD9002004E
:10C61000D4B000202DE9F04198464B1C07460C464B
:10C6200016461FD0CDB22F2D04D90F490F48CB226B
:10C63000FDF788FF02F090FF2846FFF785FE0C4BC0
:10C64000195D21F01C0141F010011955094B3C60A6
:10C6500043F82480084B28461E60FFF79DFE00200B
:10C66000BDE8F0810846FBE716A702003FA70200DD
:10C67000D4B0002010B00020D0B0002010B5044687
:10C68000006803F063F92068064B1A5C6FF304122C
:10C690001A54054B002243F82020BDE81040C0B2D8
:10C6A000FFF77ABED4B0002010B0002000280CDBC9
:10C6B0004309064900F01F0020330122824041F85F
:10C6C0002320BFF34F8FBFF36F8F704700E100E06F
:10C6D0000023435082B043580193019B02B070473E
:10C6E0000378012B10D0022B10D0002B0CBF082395
:10C6F0000223CA690B6213420AD08B6943B100223C
:10C700008A6101220A7518470423F2E71023F0E733
:10C71000704700002DE9F0410668044686B03046B7
:10C7200000F0AEF9844205D12369022B02D1237DAA
:10C73000002B3CD02F4D2146304600F099F90223C2
:10C74000236155F83630D3F80035F7005BB194F823
:10C7500024307BB3284807EB0008404604F0D2F8A9
:10C76000404604F067F8254B53F8260040F30730A5
:10C77000FFF79CFF94F8253094F9050094F9041014
:10C780000BB394F826301C4C049100225B083C4407
:10C79000CDE90220019301A907232046ADF814201A
:10C7A0008DF8163003F0C4FF204604F077F806B089
:10C7B000BDE8F08105EB0708404603F07FFD4046E9
:10C7C00003F096FDCFE7A36803930723ADF810307D
:10C7D000A369CDE901013D444BB1094A234601A9B2
:10C7E000284603F0D5FC284603F058FDDFE71A463B
:10C7F000F5E700BFD4A70200C4A70200E4A7020027
:10C80000E1C6010070B50E461546044604F06EF907
:10C81000184B0268B3FBF2F3174A294630461360FF
:10C8200000F038F9012804DD144915487E22FDF78F
:10C8300089FE00234FF0CC72C4E902230122227545
:10C84000104A206011782671C4E9063365712361AE
:10C850002362A38484F8263051B10B49137003205E
:10C86000FFF746FBBDE8704008490420FFF740BBD6
:10C8700070BD00BF40420F00F805002098A70200DD
:10C88000A2A70200F5050020950A0200A10A0200F5
:10C8900090F8253063B9084B99420ADD074B99425D
:10C8A000CCBF4FF0CD614FF08061012381600375F3
:10C8B00070474FF0CC71F8E78FD003007F1A060065
:10C8C0000268114B2DE9F04153F822500F4F4FF4FD
:10C8D000827104462846FFF7FBFE01236B6104F0DA
:10C8E0000DF93B6842F20F7803FB00F6D5F80431EE
:10C8F00033B904F003F93B6843439B1B4345F5D927
:10C900000020E060BDE8F081E4A70200F805002007
:10C910002DE9F0411C4601230375D0F800800E4636
:10C920001746FFF7F7FE084823463A46C6F3470185
:10C9300000EBC80003F0A6FD00280CBF20464FF016
:10C94000FF30BDE8F08100BFD4A702002DE9F3411C
:10C950001D4601230375D0F800800E461746FFF7E9
:10C96000D9FE089C0A48B4FA84F4640900942B4662
:10C970003A46C6F3470100EBC80003F06BFD002800
:10C980000CBF28464FF0FF3002B0BDE8F08100BF79
:10C99000D4A70200C368003918BF01214BB190F839
:10C9A000253080F82430012380F825100375FFF727
:10C9B000B1BE0B46F5E7000010B50368064C04EB6A
:10C9C000C304204604F00AF818B9204603F0F6FF25
:10C9D00010BD0320FCE700BFC4A702002DE9F04111
:10C9E000D0F800800D4F0D46164607EBC8042046D0
:10C9F00003F0F4FF0028FAD032462946204603F01F
:10CA0000B9FF204604F00AF80028FAD157F8383068
:10CA1000D3F83C05C0B2BDE8F08100BFC4A7020056
:10CA20002DE9F041D0F800800D4F0D46164607EB7A
:10CA3000C804204603F0C2FF0028FAD03246294637
:10CA4000204603F073FF204603F0D8FF0028FAD1F8
:10CA500057F83830D3F84C05C0B2BDE8F08100BFBC
:10CA6000C4A702000121017580F82620FFF752BEFD
:10CA70000228DCBF014B43F82010704710B10020A2
:10CA80000228DABF024B53F820004FF0FF30704706
:10CA900010B100202A4B70B502461C46002093F9C5
:10CAA00000506E1C03D193F90160013612D09542FB
:10CAB0002BD193F901508D4227D104EBC004214DB5
:10CAC000606800EB40042B192A55FF2459709C70B4
:10CAD000431C19D11B4B93F90040A24207D193F993
:10CAE0000100884203D193F90200013025D093F967
:10CAF000030082420CD193F904508D4208D193F97E
:10CB00000550013504D1012070BD01300833C6E75E
:10CB10005D782C409D782C40FF2C0CD01C79204057
:10CB20005C792040FF2808D1012000EB40041D194A
:10CB30001A556970E8E70020F7E70020E4E700BF36
:10CB40009CA5020000060020234B70B502461C463F
:10CB5000002093F90060751C13D093F90150B5F1D2
:10CB6000FF3F0ED096421FD18D421DD104EBC00471
:10CB70001A4B606803F8102003EB4003461C597001
:10CB800011D1164B93F90040A24203D193F9010051
:10CB900088420CD093F9020082420AD193F90350E3
:10CBA0008D4206D1012070BD01300833D1E700204D
:10CBB000F9E75D782C40FF2C0BD0DC782040FF2873
:10CBC0004FF00100EFD103F8102003EB4003597040
:10CBD000E9E70020F7E700BF94A50200FC0500206C
:10CBE00008B5054B05494FF48072184606F02AFA3D
:10CBF000034A906008BD00BF000000200000010053
:10CC000000ED00E000F0D0BD0023435082B0435857
:10CC10000193019B02B070472822074B50431A181A
:10CC20001B58002151741A6A22B1586A800701D535
:10CC3000D8691047704700BFF8B10020074B282281
:10CC400050431A18002151731B581A6A2AB1596AA5
:10CC5000C90702D5D869012110477047F8B10020F3
:10CC6000084B282250431A180021D17351731B58C6
:10CC70001A6B2AB1596B490702D5042199631047F1
:10CC8000704700BFF8B1002008B5174B1A7832B1D1
:10CC900000201870154BDB7BF3B1FFF7E1FF144B5D
:10CCA0001A781AB100201870FFF7B6FF114B1A78E6
:10CCB00042B100221A700D4B93F8373001207BB13E
:10CCC000FFF7CEFF0C4B1A786AB100221A70BDE84C
:10CCD00008400120FFF7A0BF1846FFF7AFFFDEE7CF
:10CCE000FFF7ACFFEEE708BD8FB10020F8B10020E0
:10CCF0008EB100208DB100208CB1002008B5114B01
:10CD0000024653F82000104BC0F808334FF4A671C8
:10CD1000FFF77AFF4FF48871FFF776FFD0F8003203
:10CD200023F02003C0F80032084B282101FB023316
:10CD300001221A74002283F824201023C0F804333F
:10CD400008BD00BF8CA8020010000800F8B1002048
:10CD5000184B2DE9F04153F82080174F174EC8F8B3
:10CD60000863282303FB00F43D190434686900F0CC
:10CD700014FE20234FF4A6714046AB61FFF744FF39
:10CD80004FF48871FFF740FFD8F8003243F02003DA
:10CD9000C8F8003200233C440122AB74C8F8344583
:10CDA0002B74C8F8382585F82430C8F80463BDE82A
:10CDB000F08100BF8CA80200F8B10020100008002C
:10CDC00040B9074B01221A70064B4FF48012C3F88A
:10CDD000002170470128FCD1034B1870F4E700BF15
:10CDE0008FB1002000E100E08DB100202DE9F74F68
:10CDF000DFF84481044658F82000D0F81031EBB138
:10CE00004FF48871FFF700FFDFF81CA1282363436C
:10CE10000AEB030B9BF81060002E43D000228BF826
:10CE200010208BF80E205AF80330D3E90F212AB1D5
:10CE3000C80503D54FF480715964904758F82450C1
:10CE4000D5F84C31FBB1D5F81031E3B94FF4A671E8
:10CE50002846FFF7D9FE3448282363431A1D0344AC
:10CE6000997C81F001010A440244186AC5F834250E
:10CE7000411C4FF00102C5F8382504D099690329F7
:10CE80004CD902F069FCD5F82031002B49D0284656
:10CE90004FF49071FFF7B8FE204603B0BDE8F04FA5
:10CEA000FFF78EBF9BF81250D0F83C9585F0010239
:10CEB0008BF81220B9F1000FC0D01D4403F1180700
:10CEC000033557445544DBF8140001A900F087FDF1
:10CED00088B115F8013F0370DBF8140001A900F0D8
:10CEE000A8FD57E8002F013A47E80023002BF8D1AE
:10CEF0000136B145E7D1282303FB04A35A7C002A5D
:10CF00009CD101225A744FF48011084B24B908486F
:10CF10000270C3F8001191E70648F9E783F824206E
:10CF2000B1E703B0BDE8F08FF8B1002000E100E008
:10CF30008EB100208CB100208CA802000120FFF7E8
:10CF400055BF0020FFF752BF2DE9F843044628B92A
:10CF50005B495C4840F24222FDF7F4FA4268551CF6
:10CF600018D01F2A4FF0010385BF02F01F0003FAFB
:10CF700000F103FA02F1544B9CBF4FF0A04310465E
:10CF800000F5E07094BFC3F80815C3F80815032135
:10CF900043F82010A168481C0CD01F298BBF01F05A
:10CFA0001F030B4648484FF0A04003F5E0730025EF
:10CFB00040F823502368454E56F82300C0F80C254E
:10CFC000C0F81415227D012A15D1E268511C0CD03D
:10CFD0001F2A8BBF02F01F0111463B4D4FF0A045A9
:10CFE00001F5E071002745F821704FF0FF31C0F8DE
:10CFF0000815C0F81025364D2169282707FB035373
:10D000001A6A91424ED0187F02F0C4FE20B140F25D
:10D010006F222B492F489FE7236807FB03531B6AA6
:10D02000013302D0206902F041FB2069431C33D058
:10D03000294902F0D1FA082806D1206902F036FB0E
:10D040002549206902F0C8FA10B140F28622E0E7D3
:10D050002368206956F823704FF0280808FB035214
:10D0600007F5887792F81C9002F068FB3946024673
:10D07000484602F059FE10B14FF42372C9E7236805
:10D0800008FB0353187F02F06FFE10B140F28F22AD
:10D09000BFE7206902F040FB2368282202FB03550A
:10D0A00023692B622368217D56F82320637D0B437F
:10D0B000C2F86C35A369C2F82435BDE8F88300BF17
:10D0C00026A8020033A80200000300508CA802002A
:10D0D000F8B1002004A6020086A8020070B504463C
:10D0E00028B91A491A484FF43C72FDF72BFA056823
:10D0F000184E28236B43F218F358834202D193F859
:10D100002C1081B12046FFF71FFF28236B432846D0
:10D11000F450002384F82C3094F82D304BB1BDE846
:10D120007040FFF7EBBD93F82D30127C4BB93AB14C
:10D130002846FFF70DFE084B53F8253001221A60F0
:10D1400070BD002AFCD12846E9E700BF26A80200EE
:10D1500033A80200F8B100208CA802002DE9F84F96
:10D1600088461746044628B95749584840F237328E
:10D17000FDF7E8F9564B574D1A78002A5ED0002289
:10D180001A7002F01FFA08B902F0E6F9524E53493C
:10D190001420FEF7ADFEE02386F814334FF480131D
:10D1A000C6F880313360DFF86C914D4901232122AC
:10D1B000484600F0DFFB00234A48C5F814902B6076
:10D1C00002F084FD814620B14FF456723E49464834
:10D1D000CEE7464B46494FF0FF3AC5F820A0022063
:10D1E000C3F808A3FEF784FE042386F80293C6F86A
:10D1F00080313360DFF820B13E49012321225846B7
:10D2000000F0B8FB3C48C5F82890C5F83CB002F0E7
:10D210005DFD814610B140F26E32D7E7374BC5F85D
:10D2200048A03749C3F808A32820FEF761FE4FF451
:10D23000807386F82893C6F8843173603946404677
:10D24000FFF782FC28234343EA18206096680136E2
:10D25000012E96601ED12B4A52F820000822C0F8F9
:10D2600000250C334FF0FF32C0F80C251D44C0F8E8
:10D2700014254FF08052C0F824254FF49071C0F867
:10D280004455C0F84865FFF7BFFC8660D0F81C31F4
:10D29000002BFBD01C4BA3614FF0FF33C4E90333D9
:10D2A0000023A3822362194B9C4208BF184A4FF007
:10D2B0000103C4E9018708BF136084F82C302046BD
:10D2C000BDE8F84FFFF70ABF26A8020033A8020006
:10D2D00009060020F8B1002000E100E089CC01003F
:10D2E000D4B1002014B2002004A6020000200040A7
:10D2F00043CF0100A0B100203CB2002000800240DA
:10D300003DCF01008CA80200005027001CB1002076
:10D3100088B10020C4B1002090B1002008B528B920
:10D32000134914484FF47572FDF70CF9026812495D
:10D33000282303FB02118B6883B1013B8B606BB91F
:10D340000E4951F82210C1F8003501213AB90C4BB1
:10D35000C3F8FC2FD3F8FC2FC3F8FC1F08BD094A03
:10D36000C2F8FC3FD2F8FC3FC2F8FC1FF6E700BF52
:10D3700026A8020033A80200F8B100208CA8020001
:10D38000002000400080024008B528B934493548E3
:10D3900040F20242FDF7D6F8B1F5166F39DBB1F570
:10D3A000965F39DBB1F5165F39DBB1F5615F38DBCC
:10D3B000B1F5964F37DBB1F5E14F36DB47F6112378
:10D3C000994234DDB1F5164F33DBB1F5614F33DBF4
:10D3D000B1F5963F33DBB1F5E13F33DBB1F5613FAA
:10D3E00032DB214B994232DDB1F5E12F32DBB1F571
:10D3F000612F32DB1D4B9942CCBF4FF080514FF073
:10D40000706183698B421EBF0123816180F82C30DB
:10D4100008BD4FF49E21F4E74FF41D21F1E71449B4
:10D42000EFE71449EDE71449EBE71449E9E714493C
:10D43000E7E74FF40001E4E74FF41D01E1E74FF4A3
:10D440006B01DEE70F49DCE74FF0EB71D9E74FF0F6
:10D450006C71D6E74FF08061D3E74FF0E861D0E719
:10D4600026A8020033A802008FD003003F420F001D
:10D4700000B013000050270000F03A0000A04E005A
:10D4800000C0750000903A0108B528B91449154844
:10D4900040F24242FDF756F8082904D010491248DC
:10D4A00040F24742F6E732B1022A09D00C490F4850
:10D4B0004FF48962EEE7012B0CD1417D31B908BDF3
:10D4C000012B07D1427D0E2AF9D00E22427580F839
:10D4D0002C30F4E70249064840F24942DAE700BF3F
:10D4E00026A8020033A8020037A8020046A80200BE
:10D4F00077A8020008B528B91149124840F26A42DB
:10D50000FDF720F8B3F1FF3F14D0012912D14FF0FD
:10D51000FF33C3609A4201D14FF0FF32003918BF88
:10D5200001210123017580F82C300261BDE808401B
:10D53000FFF7D4BDC360531CEED00229EBE700BF58
:10D5400026A8020033A8020008B528B904490548F6
:10D5500040F2D642FCF7F6FFC0E9072108BD00BF44
:10D5600026A8020033A80200F8B50E4628B91149D2
:10D57000114840F2EB42FCF7E5FF01290768446AD5
:10D580000CBF0125022582B125434562FFF7A6FDA8
:10D59000012E0DD1094B53F82730D3F81C313BB184
:10D5A0003846BDE8F840FFF70BBC24EA05044462A6
:10D5B000F8BD00BF26A8020033A802008CA8020014
:10D5C000F7B528B91C491D4840F21452FCF7BAFFC0
:10D5D000002207681A4C80F82D20FFF77FFD2823D2
:10D5E00003FB07435D696A89EB8892B29BB29A425A
:10D5F000F9D001A9284600F02CFA01A906462846D0
:10D6000000F052FA282303FB0743183353E8001FA6
:10D61000013143E80012002AF8D1282303FB074414
:10D6200094F8243023B1206A84F8242002F094F87E
:10D63000307803B0F0BD00BF26A8020033A8020076
:10D64000F8B1002038B50D4628B91549154840F203
:10D650004552FCF777FF0468FFF740FD124B53F883
:10D660002400D0F81C31002BFBD04FF48E71FFF753
:10D67000CBFA28220D4B54431A190C341C44157351
:10D680000122C0F844454FF49071C0F84825FFF7D7
:10D69000BBFA4FF48073C0F80433826038BD00BF1A
:10D6A00026A8020033A802008CA80200F8B10020CE
:10D6B00010B528B90B490C4840F26D52FCF742FFF7
:10D6C000002280F82D200468FFF708FD074B282270
:10D6D00002FB04335B695889DB88C01A18BF01203C
:10D6E00010BD00BF26A8020033A80200F8B1002038
:10D6F00008B528B90C490D4840F28A52FCF722FFC0
:10D7000002680B4B282101FB02335B7BDBB243B980
:10D71000084B53F82230D3F81C01003818BF012001
:10D7200008BD0020FCE700BF26A8020033A80200C5
:10D73000F8B100208CA802000E4B1A6942F01002CA
:10D740001A61F1EE102A22F09F02E1EE102AF1EEAA
:10D75000102A094A4021C2F884114FF08042012169
:10D76000D16740BF20BF5A68044B134003B920BFA4
:10D77000704700BF00ED00E000E100E03FF0439E95
:10D78000074808B5037813B1064B01225A60FFF72A
:10D79000D3FF037813B1034B01221A6008BD00BF09
:10D7A00048B20020009000407047000000487047D9
:10D7B00094A8020073B5224E224C327862B1002345
:10D7C000C4F84031D4F840310093009B4FF48033CB
:10D7D000C4F8083302B070BD01254FF48033656092
:10D7E000C4F80833D4F80435174923F00303C4F808
:10D7F0000435D4F8103523F00F0343F00403C4F8C4
:10D800001035D4F8083543F00303C4F80835C4F8DC
:10D810004025C4F84021D4F8403101930920019BF0
:10D82000FEF766FB094B402283F809234FF4007290
:10D83000C3F880211A60256065643570CAE700BFAF
:10D8400048B2002000900040C19B010000E100E0D0
:10D85000024B01225A64D3F84405704700900040FF
:10D8600013B50446FCF716FF0B4BC3F84045D3F83D
:10D87000042312F4803209D1C3F84021D3F84021A7
:10D880000192019A4FF48032C3F8042302B0BDE83C
:10D890001040FCF715BF00BF00900040024B4FF452
:10D8A0000072C3F80021704700E100E0024B4FF422
:10D8B0008032C3F80823704700900040054B0022D7
:10D8C00082B0C3F84021D3F840310193019B02B0EC
:10D8D000704700BF009000400A4B01225A601A6155
:10D8E0004FF48032C3F80823074B4FF40072C3F89B
:10D8F0008020BFF34F8FBFF36F8F044B00221A704D
:10D90000704700BF0090004000E100E048B20020F6
:10D9100072B6054A1378191E18BF01210133017030
:10D9200013700020704700BF49B20020044B1A78E2
:10D9300018B1013A1A7000207047187062B6FAE701
:10D9400049B2002010B5034653E8002F02EA010057
:10D9500043E8000494F0000FF6D110BD10B5034663
:10D9600053E8002FA2EB010043E8000494F0000FFD
:10D97000F6D110BD10B561B1B2FBF3F403FB142472
:10D98000A4B244B9C0E9001484608281C3812046F6
:10D9900010BD0E20FCE70920FAE782B050E8022F04
:10D9A000C188B2EB324F4FF0000317BF92B241EA89
:10D9B000014142EA014104E04268B2EB324F08BF44
:10D9C000012340E80212002AE8D18DF807309DF8C3
:10D9D0000730002B0CBF1120002002B0704737B574
:10D9E00050E8013F9DB2C48925448489A54228BFDF
:10D9F0002D1B0489A54202BFBFF32F8F002207E031
:10DA0000C5EA030540E80154002CE9D14FF00102BA
:10DA10008DF803200193019A0A609DF8031001F02C
:10DA2000FF0321B1006810FA82F003B030BD184640
:10DA3000FBE70A884B889A4209D150E8012FC2EAD5
:10DA4000024240E80123002BF7D10120704700205B
:10DA5000704737B550E8023F1FFAA3F5C488A542C6
:10DA600002BFBFF32F8F00220DE0C48925448489B3
:10DA7000A54228BF2D1BC3EA054540E80254002CEF
:10DA8000E8D14FF001028DF803200193019A0A605A
:10DA90009DF8031001F0FF0321B1006800EB124074
:10DAA00003B030BD1846FBE70A884B889A4209D17B
:10DAB00050E8022FC2EA224240E80223002BF7D1AD
:10DAC000012070470020704770B5064E05460024BF
:10DAD00056F8043B0BB1284698470134042CF7D183
:10DAE00070BD00BFBCB200204388033300EB83034A
:10DAF000994209D382884FF6FF739A4206D0008874
:10DB0000B0FA80F04009704702207047012070474A
:10DB10000B4A0C495388142000FB0311CB6833B91E
:10DB20000420496810700122074800F0DEBB074955
:10DB30000523137002238B80012209680023F3E779
:10DB40006CB2002084B20020FC0F00207CB20020C8
:10DB500007B5002305490093054A096805480823CD
:10DB600000F095FB03B05DF804FB00BF7CB2002021
:10DB7000A8A80200FC0F002007B50023014600936F
:10DB8000034A0448082300F082FB03B05DF804FB5D
:10DB9000A0A80200FC0F002013B500230C46009340
:10DBA0000146084A0848042300F071FB38B90749C8
:10DBB000142202FB041101230B7402B010BD0E20CD
:10DBC000FBE700BF9CA80200FC0F002084B20020ED
:10DBD00037B50A480A4B42689C8819685388032560
:10DBE000033305709BB2002000909B0001EB840181
:10DBF000044800F04CFB03B030BD00BF6CB2002005
:10DC00007CB20020FC0F002038B5144B14220D46C6
:10DC100002FB00335C682B6804F58051A3B15C887B
:10DC2000033403EB84048C4215D22368013312D0F1
:10DC30002046FFF759FF012808D002280BD0002802
:10DC4000F1D12C60012038BD0834ECE76388033340
:10DC500004EB8304E7E70020F5E700BF84B200206F
:10DC60004368F7B505460E461BB1234AD1688B427F
:10DC700006D200240027022C34802AD1002022E082
:10DC800012699342F5D813F00304F2D11B4A0189BB
:10DC900012899142EED101689A689142EAD11849FD
:10DCA0004A68934203D902F5805293420DD38A69A0
:10DCB00093420CD902F58052934208D2012333805B
:10DCC000B4FA84F0400903B0F0BD2346F7E70A2414
:10DCD000F6E7019701A92046FFF796FF10B9013436
:10DCE000A4B2C8E7019B2A6899689142F2D16B609F
:10DCF000024B1B892B81E6E7FC0F00206CB2002051
:10DD000084B200202DE9F0471C461D4B1B780746C6
:10DD1000884616467BB382B37CB3DFF86C904FF035
:10DD2000140AA588012D01D90A2022E00AFB05F377
:10DD300019F803302BB921462846FFF765FF18B9BB
:10DD400020600135A580ECE723681FB199883A88E7
:10DD50009142F0D1B8F1000F04D01988B8F8002032
:10DD60009142E8D19A68C6E90023064B1B893381AA
:10DD70000020BDE8F0870220FBE70520F9E700BF9F
:10DD8000D0B200206CB2002084B2002008B5074B4E
:10DD90005888191DFFF738FF18B1BDE80840FFF794
:10DDA00017BFBDE80840FFF7B3BE00BF6CB200204C
:10DDB0002DE9F0479C4FDFF8948288B006463B6817
:10DDC00023B99A484146FFF744FE38603D682978F8
:10DDD0004B1E052B00F21481DFE813F006006900EA
:10DDE000690009010901720146B1914B0021596096
:10DDF000142203A805F024FA012407E12B79032B50
:10DE00001CD8DFE803F01402303B8A4A1378022B57
:10DE10001DD0137D022B4FF001031AD114214B4367
:10DE2000D1180020D0544868FFF7A6FE03E0012374
:10DE30002B71FFF78DFE002800F0D3807C4B002172
:10DE4000142203A859600E2405F0FAF9DEE000233D
:10DE5000E4E7774A002113705160142203A805F00B
:10DE6000EFF90024D2E074497448002302222B7198
:10DE70008A800968012200F038FADCE76E4C00263F
:10DE80002E712068FFF778FE6D4BDFF8A8C15B8824
:10DE90002568142253430CEB03020CF8036051680D
:10DEA0005560A588158102222160A280C3E7B5F8DC
:10DEB00014A0AA7DDFF87C91B6B1022AEB8806D9BE
:10DEC000142101FB0A91DA1C088902440A811422F8
:10DED00002FB0A99C3F57F43B9F80A10FD330B44DE
:10DEE000A9F80A30002184E7142303FB0A93188958
:10DEF0005C6804EB8004062A05D8DFE802F0355B95
:10DF00004351256775000F24AA7DEB88022A06D9A4
:10DF1000142101FB0A91DA1C088902440A811422A7
:10DF200002FB0A99C3F57F43B9F80A20FD33134475
:10DF3000A9F80A301422002103A805F081F941F65E
:10DF40001D539C428DD061E03E483F490023436011
:10DF5000AB690360FFF784FE014628B9142203A8C9
:10DF600005F06EF90A2451E00223AB7500230093FB
:10DF70000423EA182146314800F089F9002830D0FE
:10DF80000E24C1E72B69002B0CBF01230323AB75C3
:10DF90000023009305F10C02042304F10801EAE7D1
:10DFA0000123AB750022EB8800922A699B0004F1E3
:10DFB0000C01E0E7032914BF06230523AB750023FA
:10DFC0000093042305F10802E118D4E70623AB759A
:10DFD0001D4B19881B4B5868FFF7DEFD04460028CF
:10DFE00092D108B0BDE8F08741F61D548CE70EB120
:10DFF000142277E72B79012B47D0022B57D03BB364
:10E000001422002103A805F01BF90F243B68049497
:10E010001A78023A042A00F20781DFE812F0E800D9
:10E02000F40016011E01250168B20020ACB20020E8
:10E03000D0B2002084B200207CB20020FC0F00206F
:10E040006CB2002058B2002054B2002064B200200C
:10E0500002232B710DF10A01EB68039303A8CDE9AC
:10E060000466FFF7FDFD10B91422314677E70498E6
:10E07000BDF80A108388EB8003882B81FFF78CFDA5
:10E080000446002C7FF456AFABE7DFF8F89103AA03
:10E090004B463146A81DFFF735FE044650B9B9F886
:10E0A00004100498FFF778FD0A280446E9D11422E9
:10E0B0000021D3E60A28C9E900667FF43BAFF6E702
:10E0C000002E95D16A4B197B1A78A9B11E731A7864
:10E0D000013A062A94D801A151F822F083E1010007
:10E0E000A9E10100C7E10100CDE1010001E001006B
:10E0F000D3E10100E5E10100072AE8D801A151F8C8
:10E1000022F000BF25E10100CFE00100CFE00100D7
:10E110004BE101005FE101007FE101007FE10100CF
:10E1200047E101001A89534901321A8100225A80BD
:10E130001A730A78B2FA82F252099A720A7DB2FA16
:10E1400082F25209DA72012207E04B4958688A8844
:10E150004088033202448A8002221A70B7E75C8842
:10E16000444A4549142505FB042208685468506058
:10E170008888108102228A800C600622EDE707223F
:10E18000EBE79A7A32B9DA7A8AB9002119705980A4
:10E19000596062E6374900229A72CA68002AF2D1B1
:10E1A000097C0029EFD05A80FFF7F0FD68E70022D4
:10E1B000DA72304A116A0029E7D192F82420002A45
:10E1C000E3D00122EFE7FFF703FD59E7FFF7A0FCDB
:10E1D00056E75A88274B142101FB02335868FFF792
:10E1E000CBFC4DE700225A60FFF7B2FC48E7012262
:10E1F0008DF80C201A89ADF818209A88DB68ADF8E4
:10E200001A20059310E002228DF80C201A89ADF82F
:10E2100018209A88ADF81A20DA689B7D05929A1F1B
:10E22000534253418DF81C3003A8FFF74DFC0026E4
:10E23000414612483E60FFF737FC11480121FFF7C5
:10E240008DFB00287FF4BBADCBE603228DF80C20BC
:10E25000DA88ADF818201A89D0E704228DF80C204E
:10E26000DB88ADF81830DFE705238DF80C30DBE7ED
:10E270006CB2002084B200207CB20020ACB200203E
:10E28000CCB200204CB200204068FFF791BD2DE9D0
:10E29000F04308B302B3D0F800E0BEF1000F1ED087
:10E2A000FBB14768D7F80490B3FBF9F709FB1737C0
:10E2B000BFB942EA010C1CF0030F14D1C768B94280
:10E2C00011D305694C1E1C44AC420CD8DEF80C403E
:10E2D000A446BDE8F04360470E20BDE8F083082067
:10E2E000FBE70920F9E71020F7E7F0B5D8B1D0F83F
:10E2F00000C0BCF1000F18D0CAB14768D7F800E0E1
:10E300000EF1FF370F4214D1C768B94211D3056926
:10E310004C1E0EFB0244AC420BD8DCF81040A44665
:10E32000BDE8F04060470E20F0BD0820FCE7092062
:10E33000FAE71020F8E7FCF7ADB9FCF7C1B900F136
:10E34000804000F51C3001230360BFF36F8FBFF3E3
:10E350004F8F7047020713D400F00F0310F0800FA7
:10E36000084A0BBF03F5887303F5847302EB83023D
:10E3700052F8230008BF5068431E58425841704766
:10E38000002070470070024010F0080F074B06D0C5
:10E39000D3F8C00410F4803F18BF0020704700F08D
:10E3A0000F0000F5947053F8200070470070024091
:10E3B0004FF08053D3F83021082A05D1D3F8340127
:10E3C000003818BF012070470020704730B5D1E9F0
:10E3D00000549C4229BFC0E900530021E41AED1803
:10E3E00032BFC0E900514C600D60934203D1201E42
:10E3F00018BF012030BD0020FCE74B6810B59A42E1
:10E400000C6828BF1A46C0E90042981A0B68486099
:10E41000134400380B6018BF012010BD30B54C68A4
:10E420000B68A24228BF2246002A14BF1D460025C1
:10E43000A4EB02041344C0E900524C600B6014BF0B
:10E440000120002030BD0000054B10F0800FA3F12B
:10E45000900208BF134600F00F0003EB0010704756
:10E4600080B40020C343C3F3C01300F00F0000EBDF
:10E4700003107047034A0023C2F81C3C024A137081
:10E48000704700BF0070024014B5002007B5074A6E
:10E4900000231370064A137001230193054B01A852
:10E4A0001B68984703B05DF804FB00BF21B500204E
:10E4B00020B5002024B5002013B5124C012223689A
:10E4C00002FA01F10B4323600F4B1B68194003064E
:10E4D0000DD551B906238DF804308DF806008DF85E
:10E4E00007100A4B01A81B68984702B010BD00290D
:10E4F000FBD106238DF804308DF806008DF8072037
:10E50000EFE700BF1CB5002018B5002024B500209F
:10E5100008B5054B1A781046FFF7A4FFBDE8084080
:10E5200001461046FFF7C8BF20B500201C4B13B5AD
:10E53000D3F80044C3F80044BFF36F8FBFF34F8F8D
:10E54000BFF36F8FBFF34F8FE10508D5154B012245
:10E550001A7002230193144B01A81B689847A20567
:10E5600008D5104B00221A70032301930E4B01A80B
:10E570001B689847630511D50A4B1A7872B10022BF
:10E580001A70074B0122C3F808255820FFF7D7FE61
:10E5900004230193044B01A81B68984702B010BDE7
:10E5A0000070024021B5002024B500204B689A423B
:10E5B00028BF1A460A4B70B50C460646096818462D
:10E5C000154604F03FFDC6E9000560682368401B5E
:10E5D00060602B440038236018BF012070BD00BF6D
:10E5E000D8B200204B689A4228BF1A4670B506463A
:10E5F0000D46144682B10968084804F023FD074B14
:10E60000C6E900346B681B1B6B602B68201E23441B
:10E610002B6018BF012070BD1346F1E7D8B200206F
:10E6200008B5FFF727FF084B93F89E20032A06D171
:10E63000BDE8084005486FF00101FFF783B9D3F842
:10E640009030002BF4D008BDF0B3002018B50020A6
:10E650000A4AD2F86834C2F86834BFF36F8FBFF348
:10E660004F8F012103B9704793FAA3F2B2FA82F2F5
:10E6700001FA02F223EA0203F4E700BF007002404D
:10E6800008B5FFF7F7FE0146FFF7DEFE837B032B9D
:10E690000AD10846FFF7E6FE01218140BDE80840A7
:10E6A0000348C943FFF74EB90368002BF1D008BDFA
:10E6B00018B500208720FFF7E3BF8620FFF7E0BFF3
:10E6C0008520FFF7DDBF8420FFF7DABF8320FFF747
:10E6D000D7BF8220FFF7D4BF8120FFF7D1BF000052
:10E6E0002DE9F04FDFF8589199F8003085B0002BF4
:10E6F0005CD1DFF844A1DFF84C81DAF80060D8F88B
:10E7000000301E4052D096FAA6F6002E51D0B6FA2E
:10E7100086F30F2B1E464EDDA6F11004E4B2204610
:10E72000FFF792FE05462046FFF72EFE2F68AA89C6
:10E7300069680346834602A8B847029B002B46D16E
:10E7400000B92860394B8222C3F81C2CD8F800107D
:10E75000012289F80020B24021EA0201C8F8001025
:10E76000039AA96867B21144002FA96004F0080059
:10E77000029904F00F0449DA00283FD0C3F8A0162C
:10E78000C3F8A426042000EB8400FFF7D8FD284A34
:10E79000284B13EA270338BF134633F8143003F12C
:10E7A000804303F51C331A68002AFCD005B0BDE88D
:10E7B000F08F2026B0E743F080042046FFF744FEA8
:10E7C000036882894168054602A89847B8E7039B19
:10E7D0009B45B5D901210227B140AF73C943164803
:10E7E000FFF7B0F806238DF80430144B8DF806407F
:10E7F0001B688DF8077001A898477EE7142000FB7E
:10E800000433C3F80016C3F80426BBE728B1C3F8E5
:10E81000A017C3F8A4272820B5E7142000FB043371
:10E82000C3F80017C3F80427F5E700BF00700240E3
:10E83000C2A80200D4A8020018B5002024B5002008
:10E8400014B500201CB5002037B5FFF713FE0446B1
:10E85000FFF7FAFD837B032B0DD12046FFF702FE65
:10E8600001218140C9431048FFF76CF803B0BDE8AF
:10E870003040FFF735BF0568002DF7D12046FFF780
:10E88000F1FD01218140C9430748FFF75BF80623EA
:10E890008DF80430054B8DF806401B688DF8075045
:10E8A00001A89847E2E700BF18B5002024B5002072
:10E8B0000720FFF7C9BF0620FFF7C6BF0520FFF7F7
:10E8C000C3BF0420FFF7C0BF0320FFF7BDBF022076
:10E8D000FFF7BABF0120FFF7B7BF000007B500235D
:10E8E0008DF804300B4BD3F82025ADF80620D3F873
:10E8F000C034094A002B136814BF4FF001214FF4B4
:10E9000080710B431360054B01A81B68984703B047
:10E910005DF804FB007002401CB5002024B5002007
:10E9200007B5FFF7A7FD114B93F81E21032A07D166
:10E930000F486FF4807103B05DF804EBFFF702B885
:10E94000D3F8103173B90A486FF48071FEF7FAFFFB
:10E9500006238DF804308823ADF80630054B01A856
:10E960001B68984703B05DF804FB00BFF0B30020BC
:10E9700018B5002024B5002007B5FFF77BFD0D4B2F
:10E9800093F88E20032A11D0D3F8803073B90A4847
:10E990006FF08071FEF7D6FF06238DF80430082350
:10E9A000ADF80630054B01A81B68984703B05DF829
:10E9B00004FB00BFF0B3002018B5002024B50020F0
:10E9C00038B51A4BD3F86C44C3F86C44BFF36F8F5F
:10E9D000BFF34F8FBFF36F8FBFF34F8FFFF7E8FC8D
:10E9E00038B9134A136823F0011103F001130C43E3
:10E9F000136001251CB9BDE83840FFF771BE94FAD9
:10EA0000A4F171B1B1FA81F30F2B19460BDDA1F11D
:10EA10001000C0B205FA01F324EA0304FFF74CFD2D
:10EA2000E8E72021F3E743F08000F3E700700240BD
:10EA300010B50020054B1A78012A01BF044A0020B6
:10EA40001060187018BF0820704700BF28B500205C
:10EA500024B500204E4B4FF4006210B5C3F80024DB
:10EA6000BFF36F8FBFF34F8FFFF7A2FC98B1002069
:10EA7000FFF761FC474BD3F8001C0322002979D132
:10EA800049F27531C3F8001CC3F8142DC3F8001CFB
:10EA90000020FFF752FC0020FFF74DFC3D4BD3F860
:10EAA000001CC022002968D149F27531C3F8001C4E
:10EAB000C3F8142CC3F8001C0020FFF73EFC344BB5
:10EAC0000122C3F80025BFF36F8FBFF34F8FD3F838
:10EAD00000241205FBD54FF40062C3F80024BFF3F5
:10EAE0006F8FBFF34F8F0020FFF725FC294BD3F822
:10EAF000001C002944D149F27532C3F8002CC3F838
:10EB0000141CC3F8002C0020FFF717FC204B40F228
:10EB1000E372C3F800284022C3F80428BFF36F8FC4
:10EB2000BFF34F8F8022C3F81C251B4B40F2FF120E
:10EB30001A601A4B00241C60FFF79CFC184B1C70D9
:10EB4000184B02221A70FFF733FC00B32046FFF780
:10EB5000F2FB104BD3F8001CB1B949F27532C3F87F
:10EB6000002CC3F8141DC3F8002CBDE81040002091
:10EB7000FFF7E3BBC3F8142D8AE7C3F8142C9BE717
:10EB80000022C3F8142CBEE7C3F8144DEDE710BD06
:10EB90000070024000E006401CB5002018B50020BF
:10EBA00020B5002028B5002008B5104B00221A70AF
:10EBB000C8B9FFF7FDFB0E4B0E4A002808BF1346ED
:10EBC0000D4AC2F804330D4BE02183F8271380214E
:10EBD000C3F8841159600123C2F80435BFF36F8F65
:10EBE000BFF34F8F08BD034BEAE700BF21B50020FC
:10EBF0000714C0010714E0010070024000E100E0CA
:10EC0000034B1878012894BF00200120704700BFF3
:10EC100028B50020044B1B78012B83BF034B586899
:10EC2000C0F3C0100020704728B5002000E100E0CC
:10EC300008B5FFF709FC818108BD000070B5002808
:10EC400033D01C4B1C7894BB1B4A106001221A70F5
:10EC5000264664F07F0514F0080FEDB214BF4FF4A0
:10EC6000007140212846FFF7E3FF2846FFF7ECFB41
:10EC70000134092C867306608660EAD1002425469B
:10EC800014F0080FE6B214BF4FF400714021304673
:10EC9000FFF7CEFF3046FFF7D7FB0134092C857311
:10ECA00005608560ECD1002070BD0720FCE70820DE
:10ECB000FAE700BF28B5002024B50020064A10F06E
:10ECC000800F00F00F0314BFD2F81005D2F814051E
:10ECD000D84000F00100704700700240084B094A1C
:10ECE000C3F8082341F20402C3F804230122C3F845
:10ECF0001025C3F81425BFF36F8FBFF34F8F7047F4
:10ED000000700240F8EB1F002DE9F8430546002093
:10ED10008846FFF710FB15F00F0103D12A4B1B7833
:10ED2000AB424CD1294B2A4F1C683E682846FFF75E
:10ED300099FBE443A4B24FF00109344309FA00F906
:10ED400014EA09043DD12846FFF77EFB0C232A066E
:10ED5000844601FB03F32ED5D8F80020D8F808101C
:10ED600002F06042B2F1005F01F0010120D1194AC6
:10ED70001948002908BF024618490B44CCF8002066
:10ED800098E8070083E80700CCF804300023CCF8AB
:10ED900008308CF80E30124B46EA090680223E609D
:10EDA000C3F804210020FFF7C8FA2046BDE8F88325
:10EDB0000C4A0D48DDE70D4A13440D4ADEE71024E6
:10EDC000F0E71124EEE700BF20B500201CB50020BD
:10EDD00018B500201DE40100FBE3010084B300200E
:10EDE00000E100E0E5E50100ADE5010018B3002019
:10EDF000CDE30100FFF7C8BA08B5084B1A68084B05
:10EE0000D2431B6892B21A43FFF72CFB01238340C5
:10EE1000134214BF0120002008BD00BF1CB5002014
:10EE200018B50020044B40F48070C3F81805BFF3F8
:10EE30006F8FBFF34F8F704700700240FFF78ABAA1
:10EE4000064BC3F80C05BFF34F8F40F48070C3F836
:10EE50000C05BFF36F8FBFF34F8F704700700240F8
:10EE60000023036043600E4BD3F880240270D3F874
:10EE700084244270D3F88824D3F88C1442EA012207
:10EE80004280D3F89024D3F8941442EA012282807D
:10EE9000D3F89824D3F89C3442EA0323C380704704
:10EEA0000070024008B5FFF783FA58B9EFF31082FB
:10EEB00072B64C20FFF743FA4C20FFF740FA82F37A
:10EEC000108808BDBDE808404C20FFF738BA0000A4
:10EED00013B5FFF7CFFA104B9A7B032A09D10F48DD
:10EEE0006FF48031FEF72EFD02B0BDE81040FFF751
:10EEF000D9BF1C68002CF7D16FF480310748FEF7AA
:10EF000021FD06238DF80430054BADF806401B6843
:10EF100001A8984702B010BDF0B3002018B500203A
:10EF200024B500205020FFF70ABA5420FFF707BA93
:10EF300070B50446FFF73CFA1D4E0546E0B9FFF7F1
:10EF4000FAF92046FFF78EFA012303FA00F033683E
:10EF500004F00F0423EA000333606400154B04F24D
:10EF6000C574C3F80048C3F80458D3F80438BDE8A2
:10EF700070400020FFF7E1B90020FFF7DCF92046E0
:10EF8000FFF770FA012303FA00F0336814F0080267
:10EF900023EA00033360EAD104F00F04054B04F5C3
:10EFA000947443F82420BFF36F8FBFF34F8FDEE7D5
:10EFB0001CB50020007002402DE9F34104460020FA
:10EFC000FFF7B9F92046FFF73FFA14F0800F3449F4
:10EFD00005461ED12046FFF745FA0A68012303FAC9
:10EFE00000F030EA02030AD02046FFF7A1FF032316
:10EFF000AB73002002B0BDE8F041FFF79EB922EAF2
:10F0000000022B600A60274A136823EA000313609A
:10F01000EDE7230715D4802C234B35D004F00F02E5
:10F0200002F2DA325200C3F80028D3F80428D3F8E9
:10F030000408D2B242F002020243C3F80428D3F813
:10F040000438184F0E683A682046FFF70BFA012380
:10F0500066EA020803FA00F018EA000FC9D026EAAF
:10F06000000600230E602B6003230243AB738DF870
:10F0700007300E4B3A6006221B688DF804208DF88D
:10F08000064001A89847B4E740F2B472C3F80028DC
:10F09000D3F80428D3F80408D2B242F00402CBE734
:10F0A00018B500201CB500200070024024B50020D7
:10F0B000FFF782BF184BD3F8002273B522F0040289
:10F0C000164CC3F80022D3F880542368144EDA4358
:10F0D000144B31781B6892B208461A43FFF7C2F905
:10F0E00001238340134202D00846FFF765FF6FF00B
:10F0F000011125F07F050B483570FEF723FC2368CE
:10F1000043F00103236005230193074B01A81B680B
:10F11000984702B070BD00BF007002401CB50020CF
:10F1200020B5002018B5002024B500205F4B2DE944
:10F13000F041D3F804430021224601250E46002A5F
:10F1400040F09180FFF734F900287DD1584B1B78AF
:10F15000002B79D18D0277D5544B544F40F2A972D0
:10F16000C3F80028D3F8040810F0FF001CBFD3F840
:10F170000428104040F2AA72C3F80028D3F80428EB
:10F1800012F0FF021CBFD3F804381A4040F2AB73F0
:10F19000C7F80038D7F8043813F0FF031CBFD7F8BE
:10F1A00004582B4040F2AC75C7F80058D7F8045803
:10F1B0002840404D0AD02E6806432E6040F2A976C2
:10F1C000C7F80068C7F80408D7F80408374840F2C1
:10F1D000AD76C0F80068D0F8046832400BD02E68D5
:10F1E00046EA02462E6040F2AA76C0F80068C0F8EF
:10F1F0000428D0F804282D4A40F2AE70C2F8000866
:10F20000D2F80428134010D0D80748BF41F40001B9
:10F21000DA06264A40F2AB70C2F80008C2F8043899
:10F22000D2F8043848BF41F001012B6833F00112D5
:10F230001CBF04F08070014313F0011F04D063056C
:10F2400044BF2A6041F480611B4F01F4000621F4A1
:10F2500000044FF00108D4B9FFF742FA1EB3BDE82D
:10F26000F041FFF727BF154892FAA2F3B3FA83F3F0
:10F270009F00384405FA03F307682FB10660BFF317
:10F280006F8FBFF34F8F194322EA030257E794FAB7
:10F29000A4F5B5FA85F557F8253008FA05F598472D
:10F2A00024EA0504D7E7BDE8F08100BF0070024002
:10F2B00014B5002010B50020E8A80200007102403B
:10F2C000F8B5134E134B34681B68240C24041C43FC
:10F2D00001271CB940F2FF133360F8BD94FAA4F57E
:10F2E00095B1B5FA85F30F2BC6BFA3F11000C0B2DC
:10F2F00043F080001D46030701D4FFF75DFE07FAC7
:10F3000005F524EA0504E4E720251020F5E700BF11
:10F310001CB5002018B5002038B50E4C8025C4F867
:10F32000845163681B0613D5FFF7CAFF0A4B0022FE
:10F33000C3F80425BFF36F8FBFF34F8FC4F8845019
:10F34000BFF34F8FBFF36F8F4FF0FF32C3F8082327
:10F3500038BD00BF00E100E00070024008B5FFF7D3
:10F36000DBFF094BD3F80423C3F808230022C3F8BA
:10F370000025BFF36F8FBFF34F8FFFF77BF8034B71
:10F3800001221A7008BD00BF0070024028B500209D
:10F3900010B50446FFF710FE04F00F000123834070
:10F3A00014F0800F0F4A6FEA030310D0D2F8101543
:10F3B0000B40C2F81035BFF36F8FBFF34F8F0A4B6E
:10F3C0001A5C01239340074AC2F8083310BDD2F8F3
:10F3D00014150B40C2F81435BFF36F8FBFF34F8F76
:10F3E000024BEDE700700240B9A80200B0A802008D
:10F3F00010F0800F70B52749044600F00F034FF05E
:10F40000010516D0244AD25C05FA02F2C1F80423A1
:10F41000D1F81025DA40D0070AD4D1F8102505FA22
:10F4200003F31343C1F81035BFF36F8FBFF34F8F52
:10F4300070BD1A4AD25C05FA02F2C1F80423D1F871
:10F440001425DA40D207F3D4D1F8140505FA03F2F3
:10F450000243C1F81425BFF36F8FBFF34F8F002B0A
:10F46000E6D014F00806E3D13046FEF764FF2046EC
:10F47000FFF75EFD2046FEF7F5FF094A136805FA1F
:10F4800000F023EA00033046BDE870401360FEF749
:10F4900054BF00BF00700240B9A80200B0A802002B
:10F4A00018B50020030610B5044605D4FEF752FF38
:10F4B00010B12046FFF73CFD034BC3F81845BFF3DE
:10F4C0006F8FBFF34F8F10BD0070024000F180407E
:10F4D00000F5C040002382B0036003680193019BE4
:10F4E00002B0704703681F2B83BF03F01F03036044
:10F4F00001484FF0A04070470003005007B501904D
:10F5000001A8FFF7EFFF019B00EB8300D0F8003765
:10F5100023F44033C0F80037D0F8003743EA014104
:10F52000C0F8001703B05DF804FBC208012300F027
:10F5300007008340885C03438B547047054B4FF0B2
:10F54000FF32072843F8202084BF1B1883F8682067
:10F55000704700BF2CB5002038B5164D95F87E4099
:10F560002CBB3022FF2105F1400003F069FEE0B220
:10F570000134FFF7E3FF102CF9D10F4B00221A6082
:10F580009A800E4BE02183F806134021C3F88011C6
:10F5900019604FF4BE70FFF799FF094B4FF000411F
:10F5A000C3F80413012385F87E30104638BD0820C7
:10F5B000FCE700BF2CB50020A4B5002000E100E06E
:10F5C00000600040034B93F87E00003818BF012014
:10F5D000704700BF2CB5002037B5324B1A180446CF
:10F5E00092F9400001305AD1887800284BD0184653
:10F5F000002250F8045B01353FD1181980F84020F3
:10F60000002043F82200920002F1804202F5C0423D
:10F610000B78D2F81055487825F499151B0400058D
:10F6200025F4F85500F4801003F44033C2F8105567
:10F6300003432002D2F8105500F47C5003432B43BF
:10F64000C2F810354A780194012A01A81FD1FFF7AA
:10F6500049FF019B9A40C0F8082501A80194FFF7D3
:10F6600041FF019B104903F5E073032240F823207A
:10F670002046FFF75AFF002003E00132082AB8D1E4
:10F68000042003B030BDFE2382F84030DAE7FFF7F4
:10F6900029FF019A01239340C0F80C35DDE70820CB
:10F6A000EFE700BF2CB50020A4B5002037B5174CFC
:10F6B0002518014695F84000072809D8FFF73EFFB6
:10F6C00095F94030124A03F5A273002042F8230056
:10F6D0000C44FF2384F840300E4DCC0801F00703A2
:10F6E00001229A402B5D13420DD001A80191FFF732
:10F6F000F9FE019B03F5E073022140F823102B5D16
:10F7000023EA02032B5503B030BD00BF2CB5002007
:10F7100000600040A4B50020074B034493F940303B
:10F720009B0003F1804303F5C043D3F8102542F05A
:10F730000302C3F8102570472CB50020054B034485
:10F7400093F940008000C0B200F1804000F5C04055
:10F75000704700BF2CB50020064B0344012293F9EB
:10F76000403018339B00DBB203F1804303F5C04304
:10F770001A6070472CB500202DE9F341DFF8F080C6
:10F7800008EB0003044693F94030002B0F466BDA78
:10F790008978C1F34001002915BF002308230826FA
:10F7A0001026B34203D1042002B0BDE8F08158F81E
:10F7B000230001304FEA83053ED108EB04005EB21E
:10F7C00048F8232080F8406011B9434483F868402A
:10F7D000BB78590712D4DA0730D501A80194FFF796
:10F7E00081FE019B00EB8300D0F8003723F0020379
:10F7F000C0F800371D492046FFF797FEBB783A78DE
:10F800009B0727D505F1804303F5C0432402D3F8B5
:10F81000101521F44F3121F44071C3F81015120472
:10F82000D3F8101504F47C5402F4403214430C4312
:10F83000C3F810450020B7E70133B2E701A87A7892
:10F840000194FFF74FFE019B03F5E073920040F82F
:10F850002320CFE7083E48FA86F696F8703043EA50
:10F86000821386F87030E5E708209DE7A4B50020F4
:10F870002CB5002037B5224D2B18044693F94020B3
:10F88000072A1DDD083A45FA82F292F870309B098A
:10F89000032B10D1019001A8FFF724FE019BD0F8A3
:10F8A0001015D94001F001010231204603B0BDE836
:10F8B0003040FFF723BE012B0CBF02210321F4E7E8
:10F8C000D3B2072B1AD8930003F1804303F5C0434A
:10F8D000D3F8100540F00100C3F8100502F1400014
:10F8E00040B2800080B2FFF7F1FD39B155F8223007
:10F8F00023B101239340034AC2F8043303B030BD5F
:10F900002CB50020006000400E4B034493F94020CA
:10F91000072A02DD0021FFF7F1BDD3B2072B0FD874
:10F92000930003F1804303F5C043D3F8101521F091
:10F930000101C3F8101501239340034AC2F80833AC
:10F94000704700BF2CB5002000600040F7B50446AA
:10F95000FFF7DAFF174A184E1119E50891F9403000
:10F9600091F8401007299FBF144903F5A2730020A6
:10F9700041F8230004F0070301219940735D0B4215
:10F980000DD001A80194FFF7ADFD019B03F5E073D5
:10F99000022740F82370735D23EA01037355144472
:10F9A00094F84000FFF7CAFDFF2384F8403003B00D
:10F9B000F0BD00BF2CB50020A4B5002000600040C1
:10F9C0002DE9F04F002489B0CDE90244644D4FF495
:10F9D0008072012102F1804303F5C0431B68012BB3
:10F9E00007D1D5F804330B4203D090B2FFF76EFD78
:10F9F0000C430432B2F5907F4FEA4101EAD1584BF3
:10FA0000D3F87C31012BE2B22BD14FF4BE70FFF75B
:10FA10005DFD4FF0A043D3F810350293514BD3F85E
:10FA2000103503930AB344F000444F4F01260025DC
:10FA3000344210D0AB0003F1804303F5C043D3F848
:10FA40001005D3F8101557F8253023B1C1F3014143
:10FA5000C0F3052098470135082D4FEA4606E7D147
:10FA600001E0002AE1D1002C77DA0023CDE904334C
:10FA70004FF0FF3306930025DFF8F0B00793A84658
:10FA80001BF9014F631C4ED0C4F3C2070122E3B23D
:10FA900004F03F0604F0070402FA04F407F1200220
:10FAA0000DEB020717F8082C22423CD04FEA931ABC
:10FAB0002D4B9A1992F9402053F82290B9F1000F7A
:10FAC00007D1BAF1030F2ED104A93046FFF72DFD5F
:10FAD00002E0BAF1030FF7D001A80196FFF702FD8B
:10FAE000019A17F8181C02F5E072214250F8222002
:10FAF000C2F3014206D0022A15D1BAF1030F0CD18C
:10FB0000514605E0032A0ED1BAF1030F05D10221B7
:10FB10003046FFF7F3FC0135EDB2B9F1000F02D02A
:10FB200051463046C84708F10108B8F1080FA7D17F
:10FB30009DB14FF0A0430299D3F8102503F540730F
:10FB40009142D3F8103502D10399994205D002921F
:10FB5000049A03930692059B8DE709B0BDE8F08FE8
:10FB600000600040000300502CB500209BB5002031
:10FB700000F180431A68002A1BBF002201200020E8
:10FB80001A6070470F4A1378D3B903784FF0804159
:10FB9000C3F34003C1F88035037803F00103C1F8D3
:10FBA0007835094B1968C90706D4E02183F800139A
:10FBB0000121C3F8801119600123137000207047E0
:10FBC00085207047B8B5002000E100E0084B012215
:10FBD000C3F88020BFF34F8FBFF36F8F054A002318
:10FBE0001360054A1360054A1360054A1370704795
:10FBF00000E100E0B4B50020B0B50020ACB50020B5
:10FC0000B8B50020014B02681A607047ACB50020FF
:10FC10004FF080434FF46072C3F8042370474FF0F5
:10FC200080434FF46072C3F8082370474FF080435D
:10FC300010B5D3F80443620707D54FF48470FFF77B
:10FC400097FF10B11E4B1B689847A30608D54FF4C9
:10FC50008A70FFF78DFF18B11A4B00201B68984778
:10FC6000600608D54FF48C70FFF782FF18B1154B72
:10FC700001201B689847210608D54FF48E70FFF7C6
:10FC800077FF18B1104B00201B689847E20508D594
:10FC90004FF49070FFF76CFF18B10B4B01201B68FD
:10FCA0009847A3050AD54FF49270FFF761FF28B17A
:10FCB000054BBDE810401B680220184710BD00BF6F
:10FCC000B4B50020B0B50020ACB500202DE9F04758
:10FCD000134EDFF85090804600254FF0010AECB239
:10FCE00000200AFA04F4FEF726FB34420AD1002071
:10FCF000FEF723FBA64305F10105F0D104273846A2
:10FD0000BDE8F087D9F8003014EA0307EFD11C43AF
:10FD100088F800503846C9F80040FEF70EFBEEE7C1
:10FD2000FFFF0F00BCB5002010B5A1B19AB10123AF
:10FD30008340C3F3130484B10A4C246823420ED0D9
:10FD4000C00000F1804000F5F830C0F81015C0F890
:10FD50001425002010BD0E20FCE70720FAE708203C
:10FD6000F8E700BFBCB50020012303FA00F0C0F3A0
:10FD700013031BB1054B1B68184204D0044BC3F896
:10FD80000405002070470820704700BFBCB5002064
:10FD900000F00140012303FA00F0C0F313031BB18C
:10FDA000054B1B68184204D0044BC3F8080500201B
:10FDB00070470820704700BFBCB5002000F001402C
:10FDC000074B0022C3F8002182B0D3F80021019232
:10FDD000019AD3F80805034B1B68C0B202B018475C
:10FDE00000D00040C0B500200023435082B04358EB
:10FDF0000193019B02B070472DE9F84398460B78B8
:10FE0000089F9DF8249004460E465BB9D0F8243133
:10FE10001568E3B14FF49271FFF7E6FF01236361C8
:10FE2000337032E04FF49271FFF7DEFF4FF48E71C2
:10FE3000FFF7DAFF4FF48471FFF7D6FFD4F80431EF
:10FE4000C3B14FF482712046FFF7CEFF1AE0D0F81D
:10FE50001C31EBB14FF48E71FFF7C6FFD0F824319F
:10FE6000002BD7D1BD4208D218F80530C0F81C3598
:10FE7000013515600120BDE8F8830123B9F1000FB9
:10FE800002D0C3610020F6E74361BD42F2D1D5E75D
:10FE9000D0F80831002BF8D04FF48471FFF7A4FF9D
:10FEA000D0F82431002BB5D1BD42EED2D0F81835B0
:10FEB00008F805301368013313607A1E934205D1A8
:10FEC0000223C0F8003201232362D3E79F42FAD114
:10FED000DBE700002DE9FF470C4605464FF4827131
:10FEE00020461F46384B03939DF83080FFF77CFF78
:10FEF0004FF49271FFF778FF4FF48E71FFF774FFA4
:10FF00004FF48471FFF770FF00230121C4F8003221
:10FF100016466B6385F82E302162A160DFB113783D
:10FF2000C4F81C3569632B68E3B905F1340A05F19F
:10FF30002E09039B002B1FDC95F82E3053BB0020AD
:10FF4000039B002B15DC0023C4F800350523C4F8FF
:10FF5000003503200DE0B8F1000F01D0E161E2E7C8
:10FF60006161E0E740F28623AB60AB68C4F804331C
:10FF7000002004B0BDE8F087CDE900783346524652
:10FF800049462046FFF738FF0028D5D0039B013BA8
:10FF90000393CEE7D4F8C434C4F8C434002BCED0D5
:10FFA00013F0010F14BF4FF40240032048F2012266
:10FFB00013F0020F18BF104613F0040F48F202238B
:10FFC00018BF1846BCE700BFA08601002DE9FF4717
:10FFD0000C4605461E462046364B03934FF482716D
:10FFE000FFF702FF4FF49271FFF7FEFE4FF48E71A0
:10FFF000FFF7FAFE4FF48471FFF7F6FE0023012E9F
:020000040002F8
:10000000D5F800806B6385F82E3017464FF001035A
:1000100006BF0222C4F80022C4F800322362236023
:10002000B8F1000F15D105F1340A05F12E09039B33
:10003000002B18DC95F82E301BBB0020039B002BF7
:100040000EDC0023C4F800350523C4F80035032076
:1000500006E040F28623AB60AB68C4F804330020AE
:1000600004B0BDE8F087CDE900683B4652464946FA
:100070002046FFF7C1FE0028DCD0039B013B039321
:10008000D5E7D4F8C434C4F8C434002BD5D013F069
:10009000010F14BF4FF40240032048F2012213F075
:1000A000020F18BF104613F0040F48F2022318BFC6
:1000B0001846C3E7A0860100F0B589B091F82C304E
:1000C00001938B6A00934B6A0C4601F134022E3186
:1000D0000746FFF791FEE8B994F82EE0D4F820C067
:1000E000BEF1000F1FD1207B831E012B1BD8626A3B
:1000F000A3699A4217D1E26963696262CCF3401145
:100100000328A36284F82C1006D1009120463946BA
:10011000FFF7E0FE09B0F0BD3946204609B0BDE862
:10012000F040FFF753BF04F10C060FCE03AD0FC52F
:1001300033682B60BEF1000F17D0D7F8C434C7F86E
:10014000C4349A070DD501238DF8083000231CF024
:10015000040F84F82F30DDD1D4E9003102A898478C
:10016000D8E75B07F2D50223EEE78DF808E0EDE76C
:1001700001490248FFF7A0BFC4B50020003000408D
:1001800002494FF04020FFF797BF00BF00B60020A4
:100190002DE9F84F06793D4D4FF03C0A0AFB06FA6F
:1001A00005EB0A079B4697F82D3080460C46914692
:1001B000002B66D1364B006853F8261000F076FC11
:1001C000002860D12168637B87F838301F298CBFF5
:1001D00001F01F030B4603F5E07388BF2D4AB8609A
:1001E00098BF4FF0A04240F20C6C87F82F0042F805
:1001F00023C06268C7F804B01F2A8CBF02F01F0337
:10020000134687F8300003F5E07388BF214F45F8A7
:100210000A9098BF4FF0A04747F823C0D8F80030A5
:10022000C3F80815C3F80C25A268C3F82425B9F152
:10023000000F19D0227B43F307335201002BD2B2B7
:100240001ADB03F1604101F5614181F8002303F0FD
:100250001F015B099B0003F1604303F56143012229
:100260008A40C3F880211A603C2303FB0655012312
:1002700085F82D30BDE8F88F074903F00F03CA5405
:10028000F2E70820F6E71120F4E700BFC4B500202C
:100290004CA902000003005014ED00E0036802794D
:1002A0000521C3F80015044B3C2101FB0233022257
:1002B00083F82D20704700BFC4B5002003680A4AA8
:1002C0000179C3F80823D3F8002222F00302C3F80F
:1002D00000220022C3F80025044B3C2202FB01331C
:1002E000012283F82D20704786420400C4B5002007
:1002F00070B50679234D3C2373430446EB5893B104
:10030000036843F30733002B0DDB5A09012103F087
:100310001F03994002F120031B4A42F82310BFF348
:100320004F8FBFF36F8F2046FFF7C8FF206800F0A4
:10033000D5FB3C2303FB065393F83830DBB9226826
:10034000D2F808351F2B86BF03F01F030F484FF06C
:10035000A04003F5E073022140F82310D2F80C35D9
:100360001F2B86BF03F01F03084A4FF0A04203F57E
:10037000E07342F823103C2303FB0655002385F865
:100380002D3070BDC4B5002000E100E00003005036
:100390002DE9F74F2D4F0679D0F800902C4BC9F876
:1003A00008333C2505FB0675C6EB061C95F82F3077
:1003B0008E46144607EB8C0C03F0FF0B33B1AB6891
:1003C000C9F80433112003B0BDE8F08F82F00403B4
:1003D000C3F3800385F82F302A628A46BAE80F00FB
:1003E00005F10C08A8E80F00DAF80030C8F8003072
:1003F000DEF80430AB62DEF80C206A629EF8011071
:10040000C9F888159EF80010012917D0A1B9C4F3C6
:1004100040143C2101FB0671604681F82C40009499
:100420004946FFF757FD3C235E43BA19BB59002BE1
:10043000C9D182F82F30C6E70124EAE74946604671
:1004400085F82CB0FFF7C2FDEDE700BFC4B5002072
:1004500086420400F0B587B004460F4615460021D9
:10046000142201A81E4602F0EBFE9DF830208DF804
:100470000570520101A9204602960495FFF788FFF6
:1004800007B0F0BDF0B587B004460F461546002111
:1004900012220DF106001E4602F0D2FE01230022B8
:1004A00001A920468DF804308DF805700296049558
:1004B000FFF76EFF07B0F0BD00280CDB43090649CB
:1004C00000F01F0020330122824041F82320BFF3B7
:1004D0004F8FBFF36F8F704700E100E00023435060
:1004E00082B043580193019B02B070474358002BE0
:1004F00010B50A4614BF0124002401D0FFF7EEFF17
:10050000A2F58070800804FA00F010BD03680BB1FA
:1005100008461847704707B5002A8DF80010416853
:1005200008BF4FF4807201920A4342606946FFF7A8
:10053000EDFF03B05DF804FB8B7AF7B506460F4676
:10054000002B4BD101238B724D7A4FF48271FFF750
:10055000CDFF4FF4927104463046FFF7C7FF4FF4CA
:10056000A67104433046FFF7C1FF4FF4A87104435E
:100570003046FFF7BBFF4FF4B27104433046FFF73C
:10058000B5FF4FF4B47104433046FFF7AFFF0443A7
:10059000EDB220D0013D032D03D8DFE805F02A306D
:1005A000525814F0020304D034F00204F9D10025AB
:1005B00011E014F0806231D014F4801F8DF8003007
:1005C00024F0C3640CD0694638468DF80430FFF738
:1005D0009DFFA4B9022500237D72BB7203B0F0BD5C
:1005E0000125694638468DF80450FFF78FFF002C2F
:1005F000F1D02B4B1C4246D034F48014EAD0294B66
:100600001C4240D001238DF80030D6F84C35DBB2C7
:10061000694638460193FFF779FFC5E7A30129D55D
:10062000032514F4002F8DF8005024F0C36417D173
:100630000123694638468DF80430FFF767FF002C28
:10064000C9D0194B1C4224D034F4002410D0154BCF
:100650001C421ED004238DF80030D6F83C35D6E776
:10066000694638468DF80420FFF750FF002CEED184
:100670000425B0E7D6F8D024C6F8D02406213846A1
:10068000FFF749FF93E7D6F8D024C6F8D02402211B
:10069000F5E7D6F8D024C6F8D0240521EFE700BF4F
:1006A000020010060200000602000806037906494F
:1006B0000C225A438A5832B903EB4303006801EB1A
:1006C0008301FFF739BF70473CB60020014902485B
:1006D000FFF732BF3CB600200030004002494FF027
:1006E0004020FFF729BF00BF48B600201F2886BF63
:1006F00000F01F00054A4FF0A04240F2026300F5EF
:10070000E07043EA810142F8201070470003005076
:100710001F2886BF00F01F00044B4FF0A04300F5D8
:10072000E070022243F82020704700BF0003005011
:100730002DE9F84FDFF8F8A090F804900C2303FBA4
:1007400009A30D461B7A9046002B68D10668364BEC
:10075000304653F8291000F0A9F90746002860D167
:100760004FF0FF3B46F30734C6F80005C6F808B55E
:100770002046C6F80CB5FFF79FFEC6F808B3297CE3
:10078000A868FFF7B3FF697CE868FFF7AFFFD5E91A
:10079000003253EA02013BD0003B18BF01230AB1EB
:1007A00043F00203AA7C002C4FEA4212D2B231DBA2
:1007B00004F1604101F5614181F8002304F01F015B
:1007C0006409A40004F1604404F5614401228A40F4
:1007D000C4F880212260D5E90221C6F808252A78CC
:1007E000C6F80C15C6F888252A79C6F88C25C6F8EF
:1007F00094350C2303FB09F90AEB090300229A72D2
:100800004AF809805A7201221A723846BDE8F88FF8
:100810000123C7E7054904F00F040A55DBE7082761
:10082000F3E71127F1E700BF54A9020014ED00E03F
:100830003CB6002073B504680579D4F80C15D4F8DB
:10084000080502AB03E903004FF0FF360023C4F8AC
:10085000003544F30730C4F80865C4F80C65FFF7A9
:100860002BFEC4F80863009B002B02DB0098FFF707
:100870004FFF019B002B02DB0198FFF749FF204649
:1008800000F02CF904490C236B43C8180022CA500D
:10089000027202B070BD00BF3CB6002010B5034626
:1008A0004FF4827100681C79FFF718FE4FF49271C3
:1008B000FFF714FE4FF4A671FFF710FE4FF4A87176
:1008C000FFF70CFE4FF4B271FFF708FE0C224FF455
:1008D000B471FFF703FE6243084B9A5812B1084AFD
:1008E000C0F804230922C0F800250C2202FB0433BF
:1008F000022100225A6019725A7210BD3CB60020C3
:1009000002021806036807490279C3F80813002198
:10091000C3F80015044B0C2101FB023301221A72AB
:10092000704700BF020218063CB6002030B5104BDD
:1009300004790C2505FB04331B7A022B11D101F03D
:100940006043B3F1005F0ED1B2F5803F0DD2036872
:10095000D2B2C3F84415C3F8482501225A630020D7
:1009600030BD0820FCE71020FAE70920F8E700BFB7
:100970003CB6002030B5104B04790C2505FB043340
:100980001B7A022B11D101F06043B3F1005F0ED14D
:10099000B2F5803F0DD20368D2B2C3F83415C3F864
:1009A000382501221A63002030BD0820FCE7102002
:1009B000FAE70920F8E700BF3CB6002010B504466E
:1009C000FFF774FE2279044B0C2101FB0233587AA5
:1009D000431E5842584110BD3CB6002010B5044695
:1009E000FFF764FE2279044B0C2101FB0233587A95
:1009F000C31E5842584110BD3CB6002010B50446F5
:100A0000FFF754FE2279044B0C2101FB0233587A84
:100A1000831E5842584110BD3CB6002010B5044614
:100A2000FFF744FE2279044B0C2101FB0233587A74
:100A3000031F5842584110BD3CB600200E4B98424F
:100A4000024610D0B0F1402F0FD003F5003398428A
:100A50000DD0A3F5803398420BD0084908488A424C
:100A600018BF00207047074870470748704707487D
:100A700070470748704700BF00300040002000402A
:100A800054B6002074B600206CB6002064B6002076
:100A90005CB60020014B1B68184700BF74B60020ED
:100AA000014B1B68184700BF6CB6002038B50D46D7
:100AB000FFF7C4FF044608B9002038BD0020FDF749
:100AC0003AFC207920B10020FDF737FC1120F4E733
:100AD000012325602371FDF730FCEDE708B5FFF732
:100AE000ADFF10B100230360037108BD00487047DB
:100AF0005CA90200FBF736BBFBF786BB014BD3F8C2
:100B000004057047001001404FF400320121FBF74B
:100B100093BB000008B5F9F7BDFD064B01221A7022
:100B2000054B4FF40032C3F80021BDE80840F9F747
:100B3000C7BD00BFFCAF002000E100E0024B4FF456
:100B40000032C3F80823704700100140054B002213
:100B500082B0C3F84421D3F844310193019B02B021
:100B6000704700BF0010014081F0004102E000BF6B
:100B700083F0004330B54FEA41044FEA430594EA5D
:100B8000050F08BF90EA020F1FBF54EA000C55EA98
:100B9000020C7FEA645C7FEA655C00F0E2804FEA69
:100BA0005454D4EB5555B8BF6D420CDD2C4480EA4B
:100BB000020281EA030382EA000083EA010180EA7B
:100BC000020281EA0303362D88BF30BD11F0004FC9
:100BD0004FEA01314FF4801C4CEA113102D04042FF
:100BE00061EB410113F0004F4FEA03334CEA13333A
:100BF00002D0524263EB430394EA050F00F0A78052
:100C0000A4F10104D5F1200E0DDB02FA0EFC22FA4C
:100C100005F2801841F1000103FA0EF2801843FA40
:100C200005F359410EE0A5F120050EF1200E012A31
:100C300003FA0EFC28BF4CF0020C43FA05F3C0186F
:100C400051EBE37101F0004507D54FF0000EDCF1E8
:100C5000000C7EEB00006EEB0101B1F5801F1BD391
:100C6000B1F5001F0CD349085FEA30004FEA3C0C95
:100C700004F101044FEA445212F5800F80F09A808B
:100C8000BCF1004F08BF5FEA500C50F1000041EB8F
:100C9000045141EA050130BD5FEA4C0C404141EB93
:100CA000010111F4801FA4F10104E9D191F0000FBA
:100CB00004BF01460020B1FA81F308BF2033A3F13D
:100CC0000B03B3F120020CDA0C3208DD02F1140C34
:100CD000C2F10C0201FA0CF021FA02F10CE002F16F
:100CE0001402D8BFC2F1200C01FA02F120FA0CFC68
:100CF000DCBF41EA0C019040E41AA2BF01EB0451B1
:100D0000294330BD6FEA04041F3C1CDA0C340EDCAE
:100D100004F11404C4F1200220FA04F001FA02F3F1
:100D200040EA030021FA04F345EA030130BDC4F1AF
:100D30000C04C4F1200220FA02F001FA04F340EAA4
:100D40000300294630BD21FA04F0294630BD94F055
:100D5000000F83F4801306BF81F480110134013D3C
:100D60004EE77FEA645C18BF7FEA655C29D094EAAD
:100D7000050F08BF90EA020F05D054EA000C04BF2B
:100D80001946104630BD91EA030F1EBF0021002016
:100D900030BD5FEA545C05D14000494128BF41F0B5
:100DA000004130BD14F580043CBF01F5801130BD19
:100DB00001F0004545F0FE4141F470014FF00000A4
:100DC00030BD7FEA645C1ABF194610467FEA655C55
:100DD0001CBF0B46024650EA013406BF52EA0335F7
:100DE00091EA030F41F4002130BD00BF90F0000FE5
:100DF00004BF0021704730B54FF4806404F1320421
:100E00004FF000054FF0000150E700BF90F0000FD9
:100E100004BF0021704730B54FF4806404F1320400
:100E200010F0004548BF40424FF000013EE700BFD0
:100E300042004FEAE2014FEA31014FEA02701FBF60
:100E400012F07F4393F07F4F81F06051704732F092
:100E50007F4208BF704793F07F4F04BF41F40021E9
:100E6000704730B54FF4607401F0004521F0004147
:100E70001CE700BF50EA010208BF704730B54FF0D1
:100E800000050AE050EA010208BF704730B511F0D2
:100E9000004502D5404261EB41014FF4806404F10A
:100EA00032045FEA915C3FF4D8AE4FF003025FEA90
:100EB000DC0C18BF03325FEADC0C18BF033202EB14
:100EC000DC02C2F1200300FA03FC20FA02F001FA6E
:100ED00003FE40EA0E0021FA02F11444BDE600BF11
:100EE00070B54FF0FF0C4CF4E06C1CEA11541DBFC0
:100EF0001CEA135594EA0C0F95EA0C0F00F0DEF88B
:100F00002C4481EA030621EA4C5123EA4C5350EA6F
:100F1000013518BF52EA033541F4801143F48013C0
:100F200038D0A0FB02CE4FF00005E1FB02E506F051
:100F30000042E0FB03E54FF00006E1FB03569CF0A6
:100F4000000F18BF4EF0010EA4F1FF04B6F5007FAC
:100F500064F5407404D25FEA4E0E6D4146EB06061E
:100F600042EAC62141EA55514FEAC52040EA5E50A7
:100F70004FEACE2EB4F1FD0C88BFBCF5E06F1ED851
:100F8000BEF1004F08BF5FEA500E50F1000041EB88
:100F9000045170BD06F0004646EA010140EA020035
:100FA00081EA0301B4EB5C04C2BFD4EB0C0541EA57
:100FB000045170BD41F480114FF0000E013C00F36C
:100FC000AB8014F1360FDEBF002001F0004170BD90
:100FD000C4F10004203C35DA0C341BDC04F11404A9
:100FE000C4F1200500FA05F320FA04F001FA05F235
:100FF00040EA020001F0004221F0004110EBD37002
:1010000021FA04F642EB06015EEA430E08BF20EA2D
:10101000D37070BDC4F10C04C4F1200500FA04F3D0
:1010200020FA05F001FA04F240EA020001F0004162
:1010300010EBD37041F100015EEA430E08BF20EAD5
:10104000D37070BDC4F1200500FA05F24EEA020E1D
:1010500020FA04F301FA05F243EA020321FA04F04C
:1010600001F0004121FA04F220EA020000EBD37003
:101070005EEA430E08BF20EAD37070BD94F0000F03
:101080000FD101F00046400041EB010111F4801F37
:1010900008BF013CF7D041EA060195F0000F18BFE8
:1010A000704703F00046520043EB030313F4801F24
:1010B00008BF013DF7D043EA0603704794EA0C0FDE
:1010C0000CEA135518BF95EA0C0F0CD050EA4106F4
:1010D00018BF52EA4306D1D181EA030101F0004171
:1010E0004FF0000070BD50EA410606BF1046194699
:1010F00052EA430619D094EA0C0F02D150EA0136A5
:1011000013D195EA0C0F05D152EA03361CBF1046E5
:1011100019460AD181EA030101F0004141F0FE4184
:1011200041F470014FF0000070BD41F0FE4141F408
:10113000780170BD70B54FF0FF0C4CF4E06C1CEA08
:1011400011541DBF1CEA135594EA0C0F95EA0C0FBD
:1011500000F0A7F8A4EB050481EA030E52EA033578
:101160004FEA013100F088804FEA03334FF0805599
:1011700045EA131343EA12634FEA022245EA1115C6
:1011800045EA10654FEA00260EF000419D4208BF77
:10119000964244F1FD0404F5407402D25B084FEA24
:1011A0003202B61A65EB03055B084FEA32024FF4D0
:1011B00080104FF4002CB6EB020E75EB030E22BF2D
:1011C000B61A754640EA0C005B084FEA3202B6EBED
:1011D000020E75EB030E22BFB61A754640EA5C009C
:1011E0005B084FEA3202B6EB020E75EB030E22BF2C
:1011F000B61A754640EA9C005B084FEA3202B6EB2D
:10120000020E75EB030E22BFB61A754640EADC00EB
:1012100055EA060E18D04FEA051545EA16754FEA4D
:1012200006164FEAC30343EA52734FEAC2025FEA6B
:101230001C1CC0D111F4801F0BD141EA00014FF0FA
:1012400000004FF0004CB6E711F4801F04BF0143CB
:101250000020B4F1FD0C88BFBCF5E06F3FF6AFAEE7
:10126000B5EB030C04BFB6EB020C5FEA500C50F177
:10127000000041EB045170BD0EF0004E4EEA1131FA
:1012800014EB5C04C2BFD4EB0C0541EA045170BD01
:1012900041F480114FF0000E013C90E645EA060E45
:1012A0008DE60CEA135594EA0C0F08BF95EA0C0F73
:1012B0003FF43BAF94EA0C0F0AD150EA01347FF4BB
:1012C00034AF95EA0C0F7FF425AF104619462CE792
:1012D00095EA0C0F06D152EA03353FF4FDAE1046F5
:1012E000194622E750EA410618BF52EA43067FF446
:1012F000C5AE50EA41047FF40DAF52EA43057FF4D6
:10130000EBAE12E74FF0FF3C06E000BF4FF0010CE0
:1013100002E000BF4FF0010C4DF804CD4FEA410C44
:101320007FEA6C5C4FEA430C18BF7FEA6C5C1BD011
:1013300001B050EA410C0CBF52EA430C91EA030F92
:1013400002BF90EA020F0020704710F1000F91EAEF
:10135000030F58BF994208BF90422CBFD8176FEABD
:10136000E37040F0010070474FEA410C7FEA6C5C8B
:1013700002D150EA013C07D14FEA430C7FEA6C5C92
:10138000D6D152EA033CD3D05DF8040B704700BFBE
:101390008446104662468C461946634600E000BF0C
:1013A00001B5FFF7B7FF002848BF10F1000F01BDDE
:1013B0004DF808EDFFF7F4FF0CBF012000205DF8A9
:1013C00008FB00BF4DF808EDFFF7EAFF34BF01202E
:1013D00000205DF808FB00BF4DF808EDFFF7E0FFC7
:1013E00094BF012000205DF808FB00BF4DF808ED18
:1013F000FFF7CEFF94BF012000205DF808FB00BF7F
:101400004DF808EDFFF7C4FF34BF012000205DF860
:1014100008FB00BF4FEA410C7FEA6C5C02D150EA46
:10142000013C0AD14FEA430C7FEA6C5C02D152EADC
:10143000033C02D14FF0000070474FF001007047AD
:101440004A0011D212F5001211D20DD56FF4787343
:10145000B3EB62520ED44FEAC12343F0004343EA98
:10146000505323FA02F070474FF00000704750EAE3
:10147000013002D14FF0FF3070474FF0000070474D
:101480004FEA4102B2F1E04324BFB3F5001CDCF1A6
:10149000FE5C0DD901F0004C4FEAC0024CEA5070DE
:1014A000B2F1004F40EB830008BF20F0010070470D
:1014B00011F0804F21D113F13872BCBF01F0004010
:1014C000704741F480114FEA5252C2F11802C2F142
:1014D000200C10FA0CF320FA02F018BF40F00100C3
:1014E0004FEAC1234FEAD32303FA0CFC40EA0C0075
:1014F00023FA02F34FEA4303CCE77FEA625307D1B2
:1015000050EA01331EBF4FF0FE4040F440007047E8
:1015100001F0004040F0FE4040F40000704700BF82
:101520007BB972B90029BEBF00204FF0004106E030
:1015300008BF00281CBF6FF000414FF0FF3000F0E3
:10154000BDB9ADF1080C6DE904CE002909DB002B13
:101550001ADB00F04DF8DDF804E0DDE9022304B009
:101560007047404261EB4101002B1BDB00F040F86B
:10157000DDF804E0DDE9022304B0404261EB410103
:10158000524263EB43037047524263EB430300F064
:101590002FF8DDF804E0DDE9022304B0404261EBFE
:1015A00041017047524263EB430300F021F8DDF83C
:1015B00004E0DDE9022304B0524263EB43037047C9
:1015C00053B94AB9002908BF00281CBF4FF0FF31AA
:1015D0004FF0FF3000F072B9ADF1080C6DE904CEA8
:1015E00000F006F8DDF804E0DDE9022304B07047FE
:1015F0002DE9F047089E04468846002B4BD18A42CD
:10160000154667D9B2FA82F24AB1C2F1200701FA4F
:1016100002F320FA07F7954047EA030894404FEA9F
:10162000154E230CB8FBFEF71FFA85FC0EFB17883E
:1016300043EA084307FB0CF1994209D9EB1807F17B
:10164000FF3080F01B81994240F21881023F2B4409
:101650005B1AA4B2B3FBFEF00EFB103344EA034462
:1016600000FB0CFCA44509D92C1900F1FF3380F0D4
:101670000781A44540F2048102382C4440EA074027
:10168000A4EB0C0400271EB1D4400023C6E900439C
:101690003946BDE8F0878B4209D9002E00F0EB8077
:1016A0000027C6E9000138463946BDE8F087B3FA9D
:1016B00083F7002F47D18B4202D3824200F2FA8097
:1016C000841A61EB030301209846002EE0D0C6E99E
:1016D0000048DDE702B9FFDEB2FA82F2002A40F0EC
:1016E0008F80491B4FEA154E1FFA85F80127B1FB81
:1016F000FEFC230C0EFB1C1143EA014308FB0CF11A
:10170000994207D9EB180CF1FF3002D2994200F24E
:10171000CD808446591AA3B2B1FBFEF00EFB101423
:1017200043EA044408FB00F8A04507D92C1900F14E
:10173000FF3302D2A04500F2B6801846A4EB08049D
:1017400040EA0C409FE7C7F1200CBB4022FA0CFE98
:101750004EEA030E01FA07F420FA0CF521FA0CF315
:101760004FEA1E482543B3FBF8F92C0C08FB19334C
:101770001FFA8EFA44EA034309FB0AF49C4202FA78
:1017800007F200FA07F10BD91EEB030309F1FF3052
:1017900080F087809C4240F28480A9F10209734462
:1017A0001B1BADB2B3FBF8F008FB103345EA034452
:1017B00000FB0AFAA24508D91EEB040400F1FF332E
:1017C0006BD2A24569D90238744440EA0940A0FBB3
:1017D0000289A4EB0A044C45C2464B4654D351D06F
:1017E000002E69D0B1EB0A0564EB030404FA0CFC8B
:1017F000FD40FC404CEA0505C6E90054002747E7D8
:10180000C2F1200320FA03F7954001FA02F021FA11
:1018100003F34FEA154E3843010CB3FBFEF71FFAF2
:1018200085F80EFB173341EA034107FB08F38B42AF
:1018300004FA02F407D9691807F1FF3C2FD28B4252
:101840002DD9023F2944CB1A81B2B3FBFEF00EFB27
:10185000103341EA034100FB08F38B4207D96918B2
:1018600000F1FF3C17D28B4215D902382944C91A1E
:1018700040EA07473BE73746304609E70746E7E6D1
:101880001846FBE64145ABD2B8EB020A69EB0E0203
:1018900001381346A4E76046E9E7184695E767462E
:1018A000D1E781467CE702382C4447E7ACF1020CD3
:1018B0002B442FE7384608E73746E9E6704700BF74
:1018C00000F054B810B52DED028B8AB008EE100A66
:1018D00000F006F9234B93F90040631C09D0B4EEE5
:1018E000488AF1EE10FA04D6B5EEC08AF1EE10FA8D
:1018F00003D40AB0BDEC028B10BD01231A4A009339
:1019000018EE100A002301920893FFF791FA0022C3
:10191000CDE90401CDE902010023ACB1104619461E
:10192000FFF708FC022CCDE906010FD100F0CCF93D
:1019300021230360089B7BB9DDE90601FFF7A0FDC9
:101940000AB0BDEC028B10BDCDE90623684600F05D
:10195000CFF80028EED1E9E700F0B6F9089B036064
:10196000EAE700BF0A06002068A9020030B583B08C
:1019700007EE900A0191019B23F00042B2F1FF4F64
:1019800017DC20F00041B1F1FF4F054611DCB3F147
:101990007E5F3FD09C1704F0020444EAD07481B902
:1019A000022C4CD09FED437A032C08BFF0EE477A0F
:1019B00003E09DED017A77EE277A17EE900A03B0E7
:1019C00030BDF2B1B2F1FF4F29D0B1F1FF4F18D0C5
:1019D0008A1AD2153C2A35DC002B36DA3C3234DA4E
:1019E000DFED357A012C47D0022C3CD0002CE4D01E
:1019F000DFED326A9FED327A77EEA67A77EEC77A1C
:101A0000DBE7DFED307A9FED307A002DB8BFF0EEE6
:101A1000477AD2E703B0BDE8304000F06BB8B1F1CF
:101A2000FF4F30D0022C0AD0032C39D0DFED277ABB
:101A30009FED217A012C18BFF0EE477ABDE7DFED6C
:101A4000207ABAE7DFED1F7ACCE7019807EE100A9B
:101A5000C7EE877A17EE900A00F02AF900F04AF8EC
:101A600007EE900ABEE7DFED156A9FED157A77EE77
:101A7000A67A77EE677AA0E717EE903A03F1004373
:101A800007EE903A99E7022C10D0032C0BD0DFED33
:101A9000107A9FED107A012C18BFF0EE477A8CE790
:101AA000DFED047A89E7DFED0C7A86E7DFED0B7A6C
:101AB00083E700BFDB0F49C0000000002EBDBB3331
:101AC000DB0F4940DB0FC93FDB0FC9BF00000080BF
:101AD000DB0F49BFDB0F493FE4CB16C0E4CB164018
:101AE00007EE900AF1EEE77A17EE900A704700BF12
:101AF0000020704738B520F00044B4F1A14F07EE44
:101B0000900A05460DDBB4F1FF4F5CDC9FED557A82
:101B1000DFED557A0028C8BFF0EE477A17EE900A3D
:101B200038BD524B9C4261DCB4F1445F50DB4FF056
:101B3000FF3327EEA76A9FED4E1A9FED4E2ADFED89
:101B40004E1ADFED4E2A9FED4E3ADFED4E3A9FEDF5
:101B50004E4ADFED4E4A9FED4E5A9FED4E7ADFED35
:101B60004E5A66EE066A5A1CA6EE812AE6EEA12AB5
:101B7000A2EE263AE2EEA63AA3EE264AE3EEA64A03
:101B8000A4EE265AA4EEA67AE5EE265A27EE267A89
:101B9000A5EE867A27EE277A3FD04049404A9B003F
:101BA0001944D1ED006A37EE667A134437EE677A4E
:101BB000D3ED007A77EEC77A002DB8BFF1EE677AE1
:101BC00017EE900A38BD77EEA77A17EE900A38BD67
:101BD0009FED347A37EE877AF7EE006AB4EEE67A54
:101BE000F1EE10FAA3DD17EE900A38BD00F060F8B0
:101BF0002D4B9C4207EE100A14DCA3F5D0039C4247
:101C000025DCF0EE007AFFEE006AE7EE276A00239B
:101C100037EE277AC6EE877A8BE777EEC77A17EE2C
:101C2000900A38BD214B9C420BDCF7EE087AF7EEA8
:101C3000006AE7EE276A022337EE677AC7EE267A54
:101C400077E7FFEE006AC6EE877A032371E7F7EEC7
:101C5000007A77EE676A37EE277A0123C6EE877A35
:101C600067E700BFDB0FC93FDB0FC9BFFFFFDF3EE8
:101C7000D769853C59DA4B3D21A215BD6BF16EBD8C
:101C8000356B883D95879DBD6E2EBA3D388EE3BD80
:101C90002549123ECDCC4CBEABAAAA3E80A902007B
:101CA00070A90200CAF24971FFFF973FFFFF1B4076
:101CB00020F00040704700BF08B5062001F0C4FCCA
:101CC0000120F9F70BF800BF014B1868704700BFFF
:101CD0000C06002070B5002948D005460C4610B10E
:101CE000836B002B48D0626EB4F90C30D00740D41F
:101CF000990530D52146284600F05CF8E36A06468F
:101D000033B1E169284698470028B8BF4FF0FF3645
:101D1000A3891A063CD4216B41B104F140039942D6
:101D200002D02846F8F708FC00232363616C21B138
:101D30002846F8F701FC0023636400F0E9F9636EBC
:101D40000022DB07A2811FD5A06D00F0B1FD00F0DD
:101D5000E5F9304670BDA06D00F0ACFDB4F90C3073
:101D6000002BC7D1666E16F0010616D0002630464D
:101D700070BD002BFAD0BDE700F04CF9626EB4F9EB
:101D80000C30D007F5D4B3E7A06D00F095FDDBE78C
:101D900021692846F8F7D0FBBDE7A06D00F08CFD67
:101DA000304670BD024B01461868FFF793BF00BF75
:101DB0000C060020B1F90C309AB22DE9F0410C4626
:101DC0001107804644D4626843F40063002AA3816B
:101DD00059DDA56A002D53D000229BB2D8F80060CF
:101DE000E169C8F8002013F4805240F08380012399
:101DF0004046A847421C4AD0A389A56AE1695B070F
:101E000005D56268236B801A0BB1E36BC01A0246DA
:101E100000234046A847471C45D0B4F90C3022693E
:101E2000226023F400630022A381DB04626000D5FA
:101E30002065216BC8F8006011B304F1400399429A
:101E400002D04046F8F778FB00202063BDE8F0811F
:101E50002669AEB12568266092070CBF636900232E
:101E6000AD1BA3600AE02B463246676AE169404633
:101E7000B8470028A5EB000506442BDD002DF2DC59
:101E80000020BDE8F081E26B002AA2DCF8E7D8F878
:101E90000030002BB0D01D2B01D0162B2CD1C8F850
:101EA00000600020EDE7D8F800101D291AD8154B66
:101EB000B4F90C20CB40DB4313F0010314D12569A6
:101EC00022F40062C4E90053D504A281B1D50029EF
:101ED000AFD1ADE7A38943F04003A3814FF0FF30BA
:101EE000BDE8F081B4F90C2042F04002A2814FF02D
:101EF000FF30C6E7206D82E7A38943F04003A3814A
:101F0000BFE700BF0100402038B50D46044608B1C8
:101F1000836BA3B1B5F90C00B8B16B6EDB0701D4CC
:101F200081051AD520462946FFF744FF6B6EDA0774
:101F3000044602D4AB899B050AD5204638BD00F083
:101F400069F8B5F90C000028E7D10446204638BDF1
:101F5000A86D00F0B1FC204638BDA86D00F0AAFCC9
:101F6000E0E700BF20B1054B01461868FFF7CCBF82
:101F7000034B0449186800F04BBC00BF0C0600205E
:101F800094AA0200091F020010B5002304468181B3
:101F9000C281C0E9003383604366C0E904338361D2
:101FA000194608225C3001F04BF907480749084AF6
:101FB000084BE362C4E90740C4E9091204F1580080
:101FC000BDE8104000F072BC85360200A936020060
:101FD000E536020005370200014900F019BC00BFD8
:101FE000D51C020070B54A1E682505FB02F50E4699
:101FF00005F17401F8F75EFA044640B100210C3097
:10200000666005F168022160A06001F019F92046C0
:1020100070BD00BF10B50446124800F04BFCA26B27
:10202000D2B904F53B731048C4F8E8320321C4F870
:10203000E022E063C4F8E41260680421FFF7A4FF23
:1020400001220921A068FFF79FFF02221221E06808
:10205000FFF79AFF0123A3630248BDE8104000F098
:102060002BBC00BFB4B60020D91F020070B50646D5
:10207000244800F01FFC244B1D68AB6B83B305F5AF
:102080003875D5E90134013B05D525E0013B5A1CE3
:1020900004F1680420D0B4F90C20002AF6D1002500
:1020A0001A4BE36004F15800656600F0FFFB154829
:1020B00000F002FC2560C4E90155C4E90455A5619E
:1020C0002946082204F15C0001F0BAF8C4E90C5575
:1020D000C4E91155204670BD2C682CB12546D0E7C7
:1020E0002846FFF797FFCAE704213046FFF77AFF3B
:1020F000044628600028F1D1024800F0DDFB0C23E3
:102100003360E7E7C0B6002094AA02000100FFFF99
:10211000014800F0CFBB00BFC0B60020014800F06E
:10212000CBBB00BFC0B60020F0B5134683B00F464E
:1021300001AA1946064603F021FF002836D00546BD
:102140003046FFF793FF044600282FD039464FF45E
:10215000DB73019A304601F0BDF8071E30DB636E79
:10216000DB0715D51C4B1D491D4AE781C4E9074310
:10217000C4E909121B4BA581E905E3620FD4636E24
:10218000DA0702D4A3899B0514D5204603B0F0BD1D
:10219000A3899805E6D4A06D00F08CFBE2E73046F9
:1021A00002230022214600F06BF9E8E700242046D4
:1021B00003B0F0BDA06D00F07FFB204603B0F0BD82
:1021C0000025FFF7A5FFA581A06D00F071FB2C464F
:1021D000FFF7A4FFD9E700BF85360200A936020049
:1021E000E536020005370200024B0A460146186830
:1021F000FFF79ABF0C060020F8B5244F0C460646A0
:10220000F8F77BFDBB685D68C4F57E610F3125F092
:102210000305294421F47F6121F00F01A1F58054C9
:10222000B4F5805F07DB0021304601F007F9BB6899
:102230002B44984204D03046F8F763FD0020F8BDE7
:102240006142304601F0FAF801300DD0104BBA6807
:1022500019682D1B45F001053046091B55601960B2
:10226000F8F74FFD0120F8BD0021304601F0E6F8F7
:10227000BA68831A0F2BDEDD064C0549246843F04B
:102280000103001B53600860D5E700BFA40B0020CA
:102290007CB60020AC0F0020002953D0F8B50C46C6
:1022A0000646F8F72AFD54F804CC714F2CF00101D2
:1022B000A4F108056B18B8685A68984222F0030226
:1022C00053D01CF0010F5A6003EB02003BD154F8CD
:1022D00008CC4068A5EB0C0507F1080EAC68744506
:1022E000614400F0010075D0D5F80CC0C4F80CC0F2
:1022F000CCF8084060B341F001036B606950B1F560
:10230000007F50D34B0A042B70D88B0903F139049A
:10231000E40003F1380238193B590838984278D064
:102320005A6822F003028A4271D99B689842F7D119
:10233000C368C5E902039D60C5603046BDE8F8404A
:10234000F8F7DFBC7047406800F001000028D2D1E8
:102350009868484C1144A04241F0010262D0DB6809
:10236000C36098606A606950C9E71CF0010F0A44B5
:1023700007D154F8083CED1A1A44D5E90213CB6092
:1023800099603D4B1B6842F0010193426960BD605A
:1023900004D83A4B30461968FFF72EFF3046BDE8A7
:1023A000F840F8F7AEBCC90878684A1C01238910C8
:1023B0008B40034307EBC20157F832007B600839BA
:1023C000C5E9020147F83250C5603046BDE8F84023
:1023D000F8F797BC002845D10A44D3E9021342F02C
:1023E0000100CB6099606860AA50D7E7142B08D928
:1023F000542B1ED80B0B03F16F04E40003F16E02A3
:1024000089E703F15C04E40003F15B0283E718460B
:102410008EE793107968012202FA03F30B437B6085
:10242000034686E7C7E90455C5E902006A606950BA
:10243000B4E7B3F5AA7F06D8CB0B03F17804E40028
:1024400003F1770267E740F25452934206D88B0CAF
:1024500003F17D04E40003F17C025CE74FF47E7439
:102460007E2258E741F001026A60196096E700BFDA
:10247000A40B0020AC0B0020B00F0020ACB6002055
:1024800000F000B82DE9F04F0C4697B091461F467A
:10249000064618B1836B002B00F08F80626EA38913
:1024A000D20702D49D0540F1A18003F48473B3F5F3
:1024B000847F00F09680D4F82880B8F1000F7FD098
:1024C000012F13D0022F00F08780002F00F08480AE
:1024D000636E1622D907326002D4A3899A0577D594
:1024E0004FF0FF35284617B0BDE8F08F2146304643
:1024F000FFF70AFDA38913F4805240F03181E169AE
:102500003B463046C047411C054600F0DC80A389AD
:1025100022695F0740F1E8806368216BED1A09B119
:10252000E06B2D1AA9444FF0010A0027002A00F0A1
:10253000E580B4F90C3040F61A019AB20A4208D18B
:10254000520566D4944A904500F0FB8043F4006342
:10255000A38121463046FFF7D7FC002840F0BF801A
:102560003B464A46E1693046C047013000F0B7803B
:10257000216B41B104F14003994202D03046F7F794
:10258000DBFF00232363A3892269226023F4026313
:102590000021A3816160082204F15C0000F050FE7C
:1025A000656E15F0010503D1A3899B0540F1938069
:1025B0000025284617B0BDE8F08FFFF72BFD6DE72B
:1025C000636E1D22D80732608AD4A3899A0587D406
:1025D000A06D00F071F983E74FF0000A22695546BB
:1025E000A4E721463046FFF78FFC64E7A06D00F0BA
:1025F00061F9A38959E7019AB4F90C3002F47042E9
:10260000B2F5004FA2D143F480634FF48062A381FE
:10261000E264002F40F08880CB46BAF1000F72D1FF
:10262000A389DB047ED452460123E1693046C047CA
:10263000451C8ED06368216BC51A1A46002968D0E4
:10264000E06B2D1AA26BD4F810C01D44A2EB0C0253
:10265000AD1A0244AB4580F28580E56CE1696D42BC
:1026600005EA0B052A4600233046C04701303FF4F7
:1026700070AF2369216B23600023636041B104F1D3
:102680004003994202D03046F7F756FF00232363F8
:10269000A389BBEB050B23F02003A38110D02146B7
:1026A000304600F03FFE00287FF453AF63685B457F
:1026B000FFF44FAF2268A3EB0B035A44C4E9002395
:1026C0000822002168E7636EDA073FF509AFA389A6
:1026D0009B053FF505AFA06D00F0EEF802E7636ED5
:1026E000D9077FF5FAAEFBE618077FF51BAF236825
:1026F000002B3FF417AF9B1A1D4413E721463046C9
:1027000000F00AF915E7216B11B16368E06B99E7F6
:1027100062682068D4F810C0A0EB0C002D1A0244A7
:10272000002197E7206D85E76A46B4F90E10304620
:1027300000F034F800287FF40CAF049B09EB030B86
:102740006BE7B4F90E100029FFF600AF6A46304679
:1027500000F024F800283FF44EAFB4F90C30F5E651
:10276000256DD5E6AB185B457FF677AFABEB05057E
:102770000CEB0503521BC4E9003241B104F14003E4
:10278000994202D03046F7F7D7FE00232363A3898E
:1027900023F02003A38193E7E536020038B50B460A
:1027A000074C05461146184600232360F8F7A0FCA5
:1027B000431C00D038BD2368002BFBD02B6038BDF4
:1027C000B0B600202DE9F04110F538771BD08846CF
:1027D0000026D7E90154013D0FD4A389012B05F14F
:1027E000FF35204605D9B4F90E30013301D0C0477A
:1027F00006436B1C04F16804EFD13F68002FE8D159
:102800003046BDE8F0813E463046BDE8F08100BF6D
:102810002DE9F84310F538771FD0884606464FF06B
:102820000009D7E90154013D11D4A389012B05F119
:10283000FF352146304606D9B4F90E30013302D0B7
:10284000C04749EA00096B1C04F16804EDD13F68F8
:10285000002FE6D14846BDE8F883B9464846BDE8B2
:10286000F88300BF70B50D4E0D4D761BB61006D027
:102870000024013455F8043B9847A642F9D1094E8B
:10288000094D761B03F0B8FFB61006D000240134C2
:1028900055F8043B9847A642F9D170BDB80F002007
:1028A000B80F0020DC0F0020B80F0020704700BFD9
:1028B000704700BF704700BF704700BF70B50C463F
:1028C000B1F90E10002996B015461E460FDAA289FE
:1028D000002312F08000336004D14FF480632B603A
:1028E00016B070BD402218462A6016B070BD6A4608
:1028F000FFF754FF0028EADB019B03F47043A3F5C4
:102900000053B3FA83F35B094FF480624FF4006025
:1029100033602A6016B070BD8A8992070B4606D5CF
:1029200001F1430201211A60C3E90421704770B527
:1029300082B001AB6A460C460546FFF7BFFF00991F
:1029400006462846F7F7B6FDB4F90C30D8B116495B
:10295000E963019A0099206043F08003A381C4E9F0
:1029600004011AB93343A38102B070BD2846B4F9FB
:102970000E1003F03DFBA0B1A38923F0030343F045
:1029800001031BB2EEE79A05EED423F0030304F132
:10299000430243F002030121A3812260C4E9042120
:1029A000E2E7B4F90C30DDE7D91F0200024B014623
:1029B0001868F7F77FBD00BF0C060020024B0146E8
:1029C0001868F7F7B9BD00BF0C0600202DE9F04FDD
:1029D00001F10B05162D83B0064623D8102900F20D
:1029E000B980F8F78AF9102518230220C54F3B4417
:1029F000A3F108025C68944200F06681636823F0EA
:102A000003032344D4E902515A68E96042F0010209
:102A10008D6030465A60F8F774F90834204603B0E8
:102A2000BDE8F08F35F0070500F19480A94200F26F
:102A30009180F8F762F9B5F5FC7FC0F083816B0AED
:102A400000F08F80042B00F24681AB0903F13900BE
:102A500003F1380CC300AB4F3B44A3F108015C68A1
:102A6000A14206D10CE0002A80F21D81E468A14257
:102A700006D0636823F003035A1B0F2AF3DD604678
:102A80003C69DFF894C2644571D0636823F00303A6
:102A90005A1B0F2A00F34481002AC7E904CC80F2B4
:102AA0002681B3F5007F80F06981DB08591C7A68C4
:102AB00057F83180C4F808804FF0010E9B100EFAD1
:102AC00003F307EBC10E1343AEF10802E2607B6033
:102AD00047F83140C8F80C408210012494409C42D1
:102AE0004BD81C4206D120F0030064001C4200F1C8
:102AF0000400FAD007EBC009CE468046DEF80C3061
:102B00009E4507D122E1002A80F22981DB689E459B
:102B100000F01C81596821F003014A1B0F2AF2DDE5
:102B2000D3E9028E5C1945F001055D6042F00105B4
:102B3000C8F80CE03046CEF80880C7E90444C4E980
:102B400002CC65605A500193F8F7DBF8019B03F162
:102B5000080463E700240C232046336003B0BDE87B
:102B6000F08F4FF4007340204FF03F0C73E77B6809
:102B70008210012494409C42B3D9BC68636823F05E
:102B80000309A94503D3A9EB05030F2B7BDC5E4B9F
:102B9000DFF888A11A68DAF80030013305EB020883
:102BA00000F0488108F5805808F10F0828F47F6884
:102BB00028F00F084146304600F040FCB0F1FF3FDE
:102BC000834600F0048104EB0900584500F2FD80C3
:102BD0004E4A13684344136000F04D81DAF8001048
:102BE00001311BBFABEB00001B18CAF800B013602B
:102BF0001BF0070300F03481C3F10801C3F58053D3
:102C00008B440833D844C8F30B08A3EB08084146AB
:102C10003046019200F012FC431C019A00F04681FC
:102C2000A0EB0B01414441F001011368C7F808B063
:102C30004344BC42CBF80410136015D0B9F10F0F18
:102C400040F230816068A9F10C0121F0070100F029
:102C5000010004EB010C08434FF0050E0F296060E2
:102C6000CCE901EE00F23A81294A2A481168BC6891
:102C70008B42016888BF136062688B4222F00302B6
:102C800088BF0360A7E0621943F0010345F0010526
:102C900065603046BA605360F8F733F80834204670
:102CA00003B0BDE8F08F2344E1685A68A56842F09C
:102CB0000102E96030468D605A60F8F722F8083466
:102CC000204603B0BDE8F08FDC68A34208BF0230A5
:102CD0003FF4D6AE92E6142B71D9542B00F2AD809E
:102CE0002B0B03F16F0003F16E0CC300B3E623441A
:102CF00030465A6842F001025A600834F8F701F889
:102D00008CE600BFA40B0020ACB600207CB60020EF
:102D1000A4B60020A8B60020AC0B0020AC0F002009
:102D2000611945F0010E42F00105C4F804E0304697
:102D3000C7E90411C1E902CC4D60E250F7F7E1FFA9
:102D400008346BE6E80805F108034FE608F10108CE
:102D500018F0030F0EF1080E7FF4D0AE52E01944C4
:102D60001C464A68DB6854F8085F42F001024A607A
:102D70003046EB609D60F7F7C4FF4FE65A0A042A1D
:102D800035D9142A6FD802F15C01C9005B3207EB18
:102D9000010E7958AEF1080E8E4558D04A6822F0DF
:102DA00003029A4202D989688E45F7D1D1F80CE026
:102DB0007B68C4E9021ECEF80840CC608CE603F1C3
:102DC0005C0003F15B0CC30045E6BC4272D0BC68FA
:102DD000626822F003029542A2EB050302D80F2B92
:102DE0003FF751AF3046F7F78CFF002416E69A09FB
:102DF00002F13901C9003832C9E7D9F80090994584
:102E000040F0838010F0030FA9F1080300F1FF30B8
:102E1000F3D17B6823EA04037B6064009C423FF6A5
:102E2000ACAE1CB9A9E6640008F104081C42FAD053
:102E300040465FE608F11008BCE6B3F5AA7F26D845
:102E4000EB0B03F1780003F1770CC30003E67B681A
:102E500092104FF0010808FA02F213437B60A8E7D2
:102E60004FF48053CEE6542A29D81A0B02F16F0191
:102E7000C9006E328BE7C0F30B0100297FF4AEAEC0
:102E800009EB0802B96842F001024A60ECE640F240
:102E9000545293421CD8AB0C03F17D0003F17C0C1F
:102EA000C300D8E50123CBF804309BE701214FF0A4
:102EB0000008BAE6164A1368434413608EE6B2F57A
:102EC000AA7F14D8DA0B02F17801C90077325EE7E5
:102ED0004FF47E737F204FF07E0CBCE504F10801B7
:102EE00030460192F7F728FB019A1368BCE640F2DE
:102EF00054518A4205D89A0C02F17D01C9007C32F6
:102F000045E74FF47E717E2241E77B6885E700BF8D
:102F10007CB6002082B049B15AB16BB113780B6016
:102F20001278101C18BF012002B0704701A9002AB6
:102F3000F3D1104602B070476FF00100F4E700BF14
:102F400001F0FF01102A2BDB10F0070F08D010F85A
:102F5000013B013A8B422DD010F0070F42B3F6D15E
:102F6000F0B441EA012141EA014122F007047FF077
:102F700000070023F0E80256083C85EA010586EACE
:102F8000010685FA47F5A3FA87F586FA47F6A5FA0A
:102F900087F68EB9EED1F0BC01F0FF0102F0070216
:102FA00032B110F8013B013A83EA010313B1F8D1C1
:102FB0000020704701387047002D06BF35460338A2
:102FC000073815F0010F07D1013015F4807F02BFDB
:102FD000013015F4C03F0130F0BC0138704700BF2C
:102FE000032A70B414D940EA0105AD0704460B4624
:102FF00022D11D682668AE421946204603F104031B
:1030000004F1040418D1043A032A20461946F0D8E2
:10301000541E72B102780B789A4208BF641806D029
:103020000CE010F8012F11F8013F9A4206D1A1429D
:10303000F7D1002070BC7047541EEBE7D01A70BC6B
:10304000704700BF844641EA000313F003036DD1CB
:10305000403A41D351F8043B40F8043B51F8043B5B
:1030600040F8043B51F8043B40F8043B51F8043B62
:1030700040F8043B51F8043B40F8043B51F8043B52
:1030800040F8043B51F8043B40F8043B51F8043B42
:1030900040F8043B51F8043B40F8043B51F8043B32
:1030A00040F8043B51F8043B40F8043B51F8043B22
:1030B00040F8043B51F8043B40F8043B51F8043B12
:1030C00040F8043B51F8043B40F8043B51F8043B02
:1030D00040F8043B403ABDD2303211D351F8043BA2
:1030E00040F8043B51F8043B40F8043B51F8043BE2
:1030F00040F8043B51F8043B40F8043B103AEDD251
:103100000C3205D351F8043B40F8043B043AF9D2A1
:10311000043208D0D2071CBF11F8013B00F8013B74
:1031200001D30B8803806046704700BF082A13D381
:103130008B078DD010F003038AD0C3F10403D21A99
:10314000DB071CBF11F8013B00F8013B80D331F8CD
:10315000023B20F8023B7BE7043AD9D3013A11F84D
:10316000013B00F8013BF9D20B7803704B784370B8
:103170008B788370604670478842F0B40DD98B1805
:1031800083420AD9841832B1224613F8014D02F85D
:10319000014D9942F9D1F0BC70470F2A49D940EA54
:1031A00001039B0747D1A2F110031B0901F120077E
:1031B00007EB031701F1100400F1100554F8106C2F
:1031C00045F8106C54F80C6C45F80C6C54F8086C0D
:1031D00045F8086C54F8046C45F8046C1034BC4293
:1031E00005F11005EAD1013302F00F051B01032D93
:1031F0001944034421D91F1F0E462C46043C56F89F
:1032000004CB47F804CF032CF8D82C1F24F0030478
:1032100004342344214402F00302002ABBD0013BC2
:103220000A4411F8014B03F8014F9142F9D1F0BC67
:1032300070470346F1E70346F1E72A46EDE700BF92
:10324000F0B4860743D0541E002A3ED0CAB20346CB
:1032500002E014F1FF3438D303F8012B9D07F8D1B5
:10326000032C2BD9CDB245EA05250F2C45EA05459F
:1032700016D9A4F110073F0903F1200606EB071643
:1032800003F1100242E9045542E902551032B242FC
:10329000F8D104F00F040137032C03EB07130DD909
:1032A0001E462246043A032A46F8045BFAD8221F37
:1032B00022F003020432134404F003042CB1C9B217
:1032C0001C4403F8011B9C42FBD1F0BC7047144620
:1032D0000346C5E770B50D46084C114606461A462A
:1032E000284600232360F7F7EFFF431C00D070BD92
:1032F0002368002BFBD0336070BD00BFB0B6002048
:10330000024B0A4601461868F7F764B80C0600201D
:10331000838903F00903092B01D000207047FEF7D1
:1033200021BE00BFF8B50C46054610B1836B002BDB
:1033300040D0B4F90C309AB2970407D4626E43F4CB
:10334000005322F400526266A3819AB200219606CD
:10335000616038D450071AD4D10662D512074ED412
:1033600043F00403A3812369002B55D0B4F90C70FA
:10337000BEB2B3072AD12269226028466369256A52
:10338000E169A8470028606017DD0020F8BD216BC7
:103390000029E8D004F14003994202D02846F7F70B
:1033A000CBF8E36B636000202063002BDBD0A36BC2
:1033B0002360F8BDFEF72EFEBBE7B4F90C3016D142
:1033C00043F02003A3814FF0FF30F8BD194B1A4999
:1033D00018680123A38106F00906FFF7F3F9092E07
:1033E000A781C8D121462846FEF7E4FCC3E743F095
:1033F00040030022A38162604FF0FF30F8BD2146F8
:103400002846FEF781FD0028DDD1B4F90C30A0601C
:10341000A06123F00803A3E721462846FFF77CFAC2
:10342000A4E743F0400309222A604FF0FF30A38154
:10343000F8BD00BF94AA02001133020038B5074C52
:103440000023054608462360F7F732FC431C00D0F2
:1034500038BD2368002BFBD02B6038BDB0B60020F0
:1034600000290CBF022200224FF4806300F000B854
:103470002DE9F0435D4C256883B004468846164626
:103480001F4615B1AB6B002B7ED0022E05D0012E4E
:1034900000F2A980002FC0F2A680636EDA0735D54E
:1034A00021462846FEF730FD216B41B104F140036F
:1034B000994202D02846F7F73FF800232363B4F976
:1034C0000C3000221806A261626061D423F44A63C2
:1034D00023F00303022EA3811FD10025616E00207B
:1034E00004F1430243F00203A060C9074FF001005A
:1034F000A3812260C4E9042004D49B0502D4A06DFA
:10350000FFF7DAF9284603B0BDE8F083A3899B05ED
:10351000C6D4A06DFFF7CEF9C2E701AB6A462146DB
:103520002846FFF7CBF9A3891843A081002F36D195
:10353000009F3846FFF73AFA8046002842D0A38918
:1035400043F08003A381AB6B7BB3009AB4F90C30DA
:10355000C4F80080BA421CBF43F40063A381012E6B
:1035600004BF43F00103A3819BB213F00802C4E936
:1035700004871ED1A260656E15F00105BDD000253F
:10358000284603B0BDE8F0832846FEF743FD7CE7FC
:1035900021692846F6F7D0FFB4F90C3096E7B8F168
:1035A000000FC6D0AB6B002BCFD12846FEF732FD03
:1035B000CBE7DA0704D57F420022A761A260DAE7F1
:1035C000A760D8E7DDF80090B94504D1B4F90C3014
:1035D0004FF0FF3582E74846FFF7E8F980460028BC
:1035E000F4D04F46ABE74FF0FF358BE70C060020D9
:1035F0001F2938B522D8D0F8DC3205460C466BB10D
:1036000053F8212052B1012A12D0511C12D00025AA
:10361000204643F824509047284638BD284600F0FD
:103620002FF8224601462846BDE8384000F014B87D
:10363000002038BD16230360012038BD1623036027
:103640004FF0FF3038BD00BF024B01461868FFF74E
:10365000CFBF00BF0C06002038B50B46074C05460F
:10366000114618460023236003F0BEF8431C00D027
:1036700038BD2368002BFBD02B6038BDB0B60020CE
:1036800003F0AAB810B50C46B1F90E1002F0ECFF29
:10369000002803DB236D0344236510BDA38923F4B5
:1036A0008053A38110BD00BF2DE9F0411646B1F94A
:1036B0000C201F46D3050C460546B1F90E1007D560
:1036C0000022022302F0B4FCB4F90C20B4F90E106D
:1036D00022F48052A2813B4632462846BDE8F041A2
:1036E00001F09CBC10B50C46B1F90E1002F0A0FC24
:1036F000A389421C0EBF23F4805343F480532065FA
:10370000A38110BDB1F90E1001F09EBC00000000B5
:1037100000000000000000000000000000000000A9
:10372000A2EB0300704700BF02780B78012A28BF84
:103730009A42F5D16DE9044540EA0104CDE90267FA
:103740006FF0000C4FEA447212B380EA010414F0E7
:10375000070F6AD100F0070420F0070004F003050A
:1037600021F007014FEAC505F0E8042314F0040F27
:10377000F1E804670CFA05F462EA040266EA04065A
:103780000AD063EA0403624667EA0407664603E078
:10379000F0E80423F1E8046782FA4CF582EA0604B3
:1037A000A4FA8CF46CBB83FA4CF583EA0705A5FAFE
:1037B0008CF595B950E9022351E9026782FA4CF57C
:1037C00082EA0604A4FA8CF483FA4CF583EA07052E
:1037D000A5FA8CF52543DBD09CB92DBAB5FA85F452
:1037E00024F0070427FA04F1DDE9026723FA04F361
:1037F00003F0FF0001F0FF01FDE80445A0EB01002C
:10380000704724BAB4FA84F424F0070426FA04F1C9
:10381000DDE9026722FA04F202F0FF0001F0FF0185
:10382000FDE80445A0EB0100704714F0030F3CD104
:1038300010F0030428D150F8082B51F8083B82FA05
:103840004CF582EA0305A5FA8CF55DB950F8042C15
:1038500051F8043C82FA4CF582EA0305A5FA8CF58E
:10386000002DE8D02DBAB5FA85F424F0070423FA28
:1038700004F122FA04F202F0FF0001F0FF01FDE87A
:103880000445A0EB010070474FEAC40420F0030098
:1038900050F8082B21F0030151F8083B0CFA04F40E
:1038A00062EA040263EA0403C9E710F003041AD0D1
:1038B000A1EB040120F00300E40750F8042B06D02C
:1038C0000FD28B785FFAA2F4E41A06D12BB1CB7831
:1038D0005FFAB2F4E41A00D11BB920465DF8104B30
:1038E000704701F1040150F8042BCC0721F00301CB
:1038F00051F8043B48D824D222F07F4482FA4CF598
:1039000094EA1325A5FA8CF50AD165B951F8043B60
:1039100084EA0204B4EB036F0ED150F8042BEBE7FA
:103920004FEA132355E035F07F454DD10878FDE887
:103930000445C0F1000070474FEA126203F0FF0334
:1039400047E002EA1C4482FA4CF594EA1345A5FAD2
:103950008CF50AD165B951F8043B84EA0204B4EB52
:10396000034F0CD150F8042BEBE74FEA134330E040
:1039700015EA1C4528D10B884FEA124229E04FEA8C
:10398000124203EA1C4324E002F0FF0482FA4CF5E1
:1039900094EA1365A5FA8CF50AD165B951F8043B90
:1039A00084EA0204B4EB032F09D150F8042BEBE7AF
:1039B0004FEA13630DE015F0FF0F05D10B684FEAD6
:1039C000122223F07F4304E04FF00000FDE804459D
:1039D000704712BA1BBA82FA4CF482EA0304A4FAC2
:1039E0008CF5B5FA85F402FA04F203FA04F34FEA0F
:1039F0001260FDE80445A0EB136070470000000072
:103A000090F800F06DE9024520F007016FF0000C1E
:103A100010F0070491F820F040F049804FF00004C6
:103A20006FF00700D1E9002391F840F000F10800A1
:103A300082FA4CF2A4FA8CF283FA4CF3A2FA8CF3D9
:103A40004BBBD1E9022382FA4CF200F10800A4FA40
:103A50008CF283FA4CF3A2FA8CF3E3B9D1E9042394
:103A600082FA4CF200F10800A4FA8CF283FA4CF3CB
:103A7000A2FA8CF37BB9D1E9062301F1200182FA85
:103A80004CF200F10800A4FA8CF283FA4CF3A2FA8B
:103A90008CF3002BC6D0002A04BF04301A4612BA99
:103AA000B2FA82F2FDE8024500EBD2007047D1E99C
:103AB000002304F00305C4F100004FEAC50514F02B
:103AC000040F91F840F00CFA05F562EA05021CBFFC
:103AD00063EA050362464FF00004A9E770B4047876
:103AE000A4B10D7806464DB1A5420AD00A4601E0C0
:103AF000A34206D012F8013F002BF9D1801B70BC05
:103B0000704710F8014F002CEDD1F7E72046F6E79B
:103B10002DE9F04FC5B00C460C9191460F930D90D6
:103B200002F078FA036818931846FFF769FFA38933
:103B300017901D0603D52369002B00F01D879FED0C
:103B4000947B00238DED147BCDE928330DF1D00853
:103B50001393169319930A93CDF89C80C246CB46D3
:103B60009BF80030002B00F09980252B5C4602D199
:103B70001CE0252B03D014F8013F002BF9D1A4EB56
:103B80000B0585B1DDE9283201332A44072BCAF839
:103B900000B0CAF80450CDE9283277DC0AF1080AEF
:103BA0000A9B2B440A932378002B77D000231A46D4
:103BB0008DF87F3019460B931F464FF0FF30637826
:103BC000099004F1010B0BF1010B9946A9F12003B7
:103BD000582B00F27583DFE813F0C30273037303FD
:103BE000BE02730373037303730373037303B2029D
:103BF000AD02730367034C0373036C03B600B60096
:103C0000B600B600B600B600B600B600B600730344
:103C100073037303730373037303730373037303F4
:103C200073033703E4027303E40273037303730340
:103C30007303DF0273037303A5007303730373033A
:103C4000730373037500730373038D0273037303AC
:103C500073037303730373037303730373037303B4
:103C60007C012F01E402E402E4022A012F01730324
:103C700073031D0173030901A700CA00C500730384
:103C8000E1007303770073037303CB0227AADDE916
:103C90000C1002F0FFFC40B9C24681E7299B23B11A
:103CA0000D980C9927AA02F0F5FC0C9B9B8913F048
:103CB000400F0A9B18BF4FF0FF330A930A9845B094
:103CC000BDE8F08F47F01007BE0640F127850F9D35
:103CD000073525F0070303F10802D3E900450F92E9
:103CE0000123099A002601328DF87F6000F02884B4
:103CF00027F08002079254EA050240F0C080099A3A
:103D0000002A40F0B386002B40F0D68417F0010360
:103D10000E9300F0488544AB1A46302302F8413D2B
:103D20001192CDE047F0100717F0200300F0008556
:103D30000F9D073525F0070303F10802D3E900457D
:103D40000F920023CDE7A9F1300300201BF8019B5F
:103D500000EB800003EB4000A9F13003092BF5D9FB
:103D60000B9033E747F020079BF800302BE70F9AC2
:103D7000094B14681693043247F63003ADF88030CF
:103D800047F002070F92002502234FF07809A8E7B9
:103D90000000000000000000CCAA02000F9A136887
:103DA000119300248DF87F40151D002B00F00E8626
:103DB000099A531C00F0B68621461198FFF7C0F807
:103DC000002800F09C87119B0994C31A0E930F954D
:103DD000079723EAE3739DF87F6008931294002EFF
:103DE00000F08980089B0133089384E0002A41F0A9
:103DF000AE800F9AB90652F8043B0F9200F112857B
:103E0000FA0600F109867F0640F10686BDF82820F3
:103E10001A80A5E69BF800306C2B03BF9BF801309D
:103E200047F020070BF1010B47F01007CBE647F0F6
:103E300040079BF80030C6E6002A41F06A80BC06C5
:103E400040F10A820F9D073525F00703D3E90045AD
:103E500003F108020F92002C75F10003C0F2AF8449
:103E6000099B9DF87F60013300F0B48427F0800245
:103E7000079254EA05024FF001033FF440AF012BD3
:103E800000F06283022B00F08283414600E011467D
:103E9000E20842EA4572E80804F0070305461446C2
:103EA000303354EA050001F8013C01F1FF32EED154
:103EB00007981192C00700F15984A8EB02030E93F2
:103EC000099B0E9A9342B8BF13460893002312939E
:103ED00085E70F9900230A688DF87F301E468DF81C
:103EE000A82001230A1DCDE90773CDE90E322AABC4
:103EF000099612961193079B13F0020702D0089BB4
:103F000002330893079B299C13F0840310933FD13D
:103F10000B9B089A9D1A002D3ADD102D289B29DD58
:103F200052462146AA461026DDE90C5406E0AAF1C5
:103F3000100ABAF1100F02F1080218DD0133BB4874
:103F40001031072BCDE92831C2E90006EFDD27AAA1
:103F50002946204602F09EFB00287FF4A6AEAAF177
:103F6000100ABAF1100FDDE928314246E6DC554669
:103F70000C4692460133AD4A2C44072BCDE9283438
:103F8000CAE9002500F34C859DF87F600AF1080A14
:103F900076B1289B013301340DF17F010122072BFB
:103FA000CDE92834CAE9001200F3DB820AF1080ADD
:103FB0006FB1289B0133023420A90222072BCDE9DF
:103FC0002834CAE9001200F3D7820AF1080A109BCC
:103FD000802B00F0E781099B0E9A9D1A002D31DDA0
:103FE000102D289A924F22DD534621461026DDE9F6
:103FF0000CA404E0103D102D03F1080315DD01327F
:104000001031072ACDE92821C3E90076F2DD27AA7D
:104010005146204602F03EFB00287FF446AE103D9C
:10402000102DDDE928214346E9DC9A460C46013291
:104030002C44072ACDE92824CAE9007500F3BC8284
:104040000AF1080A079BDF0500F15081289B119AAD
:10405000CAF800200E9ACAF8042001331444072B32
:104060002994289300F30E820AF1080A079B5A0745
:1040700031D50B9B089A9D1A002D2CDD102D289B05
:104080001FDD1026DDE90C9704E0103D102D0AF12C
:10409000080A16DD0133654A1034072BCDE92834B0
:1040A000CAE90026F1DD27AA4946384602F0F2FAAD
:1040B00000287FF4FAAD103D102DDDE92834C2460A
:1040C000E8DC0133594A2C44072BCDE92834CAE9EE
:1040D000002500F35E83DDE90A3208998A42ACBF0D
:1040E0009B185B180A93002C40F0958100232893BD
:1040F000C24635E5002A40F01A874E4B1693B906A2
:104100003DD50F9D073525F00703D3E9004503F1A1
:1041100008020F92FE0740F1D18054EA050300F037
:10412000CD8030238DF880308DF8819047F00207E4
:104130000223D6E59BF8003001222B2143E50F989E
:104140009BF8003004680B94002C00F10400C0F2CE
:104150000D840F9037E547F001079BF8003032E5FA
:104160009BF8003000297FF42EAD012220212AE5A2
:10417000002A40F0F086304B1693B906C1D40F9B4D
:10418000FA0653F8044B0F9300F111837B0640F1BC
:104190000E83A4B20025BDE747F008079BF8003066
:1041A00011E5002A40F0C7860F9D073525F0070569
:1041B00095ED007B52EC171B22F000431B938DED15
:1041C0001A7A05F10804DDE91A014FF0FF321B4BA2
:1041D0000F948DED147BFDF71DF9002840F031831D
:1041E0004FF0FF32154BDDE91A01FDF7F5F8002815
:1041F00040F0278300220023DDE91401FDF7E2F8F7
:10420000002840F02A859DF87F600D4A0D4B032160
:10421000002027F08004B9F1470FD8BF1A46CDE936
:104220000810079411920E911290D8E5ECAA0200A2
:10423000FCAA0200B8AA0200CCAA0200FFFFEF7F8E
:10424000ACAA0200A8AA0200002A40F0788647F033
:104250001007BC063FF5F6AD0F9BF80653F8044B6C
:104260000F9300F1A682790640F1A38224B2E517EC
:10427000F1E59BF80090B9F12A0F0BF1010000F075
:104280002286A9F13003092B834600F20C85002019
:104290001BF8019B00EB800003EB4000A9F1300309
:1042A000092BF5D9099091E49BF8003047F00407F9
:1042B00089E447F080079BF8003084E4022310E58E
:1042C000002A40F04086B9F1000F3FF4E7AC00232C
:1042D00001221E468DF87F30099312932AAB089273
:1042E0008DF8A89007970E92119304E6B9F1650F27
:1042F00040F3D38000220023DDE91401FDF758F8D4
:10430000002800F06981289BB14ACAF800200133D7
:1043100001340122072BCDE92834CAF8042000F328
:10432000D1830AF1080A219B139A299C934280F2B7
:104330002B82289B189ACAF80020179ACAF80420E2
:1043400001331444072BCDE9283400F334830AF1F8
:10435000080A139B5D1E002D7FF788AE102D289A4A
:104360009C4F40F3888323461026DDE90C4905E085
:104370000AF1080A103D102D40F37C8301321033FE
:10438000072ACDE92823CAE90076F1DD27AA2146CC
:10439000484602F07FF900287FF487ACDDE9282346
:1043A000C246E7E70B9B089A9D1A002D7FF713AED4
:1043B000102D289A874F22DD534621461026DDE92D
:1043C0000CA404E0103D102D03F1080315DD0132AB
:1043D0001031072ACDE92821C3E90076F2DD27AAAA
:1043E0005146204602F056F900287FF45EAC103D9D
:1043F000102DDDE928214346E9DC9A460C460132BE
:104400002C44072ACDE92824CAE9007500F33D832E
:104410000AF1080ADFE527AADDE90C1002F03AF9F3
:1044200000283FF463AE40E427AADDE90C1002F057
:1044300031F900287FF439AC219B299CC2461BB975
:10444000139A002A00F07883289A1899CAF8001065
:104450001799CAF8041001320C44072A29942892AB
:1044600000F358840AF1080A002BC0F29184139BD0
:10447000119901321C44072ACDE92824CAE9001306
:104480007FF7F2AD27AADDE90C1002F003F900284E
:104490007FF40BAC299CC246E8E5139A289B012ABD
:1044A00004F1010403F101050AF1080640F34A8111
:1044B0000123119ACAF80020072DCDE92854CAF823
:1044C000043000F3BB82179B189A01351C44072D5A
:1044D000CDE92854C6E9002300F3BC8208366B1CE2
:1044E0001F46B946139F0E93013F00220023DDE9CA
:1044F0001401099706F1080AFCF75AFF002840F05A
:10450000E180119B776001333C44B9F1070F3360C0
:104510002994CDF8A09000F33E8206F1100305F136
:10452000020956469A46199A7260144423ABB9F1AF
:10453000070F2994CDF8A09033607FF797ADA1E7DE
:10454000012B07977FF49EAC002D08BF0A2C80F04A
:10455000478144AB303403F8414D119301230E934E
:10456000AEE427AADDE90C1002F094F800287FF4ED
:104570009CAB299CC2461BE527AADDE90C1002F082
:1045800089F800287FF491AB299CC2461FE5169F4D
:104590004246230904F00F0043EA057329091C462B
:1045A0000D463B5C02F8013D54EA0503F1D1A8EB4E
:1045B000020311920E9383E427AADDE90C1002F0A6
:1045C00069F800287FF471AB299CC2463AE500BF28
:1045D000E8AA0200FCAA0200219B002B40F36182A2
:1045E000DDE912329342A8BF1346002B1D460EDDB3
:1045F000289B119ACAF8002001332C44072B2994D8
:10460000CAF80450289300F31D830AF1080A129B8C
:10461000002DA8BF5B1B002B1D4600F38381219B4F
:10462000139A9342C0F2E781079AD00700F1E38121
:10463000139A1298D31A151A9D42A8BF1D46002D31
:104640000FDD289A1199CAF80450013201442C4414
:10465000072ACAF80010CDE9282400F328830AF1BC
:10466000080A002DACBF5D1B1D46002D7FF7FEAC78
:10467000102D289ABF4F40F3FE8123461026DDE916
:104680000C4905E00AF1080A103D102D40F3F281B3
:1046900001321033072ACDE92823CAE90076F1DD7B
:1046A00027AA2146484601F0F5FF00287FF4FDAA1D
:1046B000DDE92823C246E7E7099B0E93CDF8448045
:1046C000FFF7FEBB099A002A7FF72DAF102AA94FEA
:1046D00040F3F483334692464FF0100922460E9D74
:1046E000DDE90C6407E00833AAF1100ABAF1100FF3
:1046F00040F3F28101351032072DCDE92852C3E98C
:104700000079F0DD27AA3146204601F0C3FF0028DA
:104710007FF4CBAADDE928524346E5E70F9BFD066F
:1047200053F8044B0F9376D500250123FFF7D9BA30
:104730000F9A52F8044B0F9217F0100279D000250F
:10474000FFF7CFBA079AD1073FF5B2AE0122119910
:10475000CAF80010072DCDE92854CAF8042000F348
:104760001A8103F102090AF1100ADCE6302B00F08D
:104770003C81119A0239302302F8013CA8EB010375
:104780000E931191FFF79CBB079BDE073FF5D1AD60
:104790006CE427AADDE90C1001F07CFF00287FF40F
:1047A00084AA299C97E4CDF84480FFF789BB0025B3
:1047B000B0E4E517002C75F10003BFF651AB099B7F
:1047C00064424FF02D0665EB450501338DF87F609F
:1047D0007FF44CAB002D08BF0A2C0797FFF4B9AE4D
:1047E0004746204629460A220023FCF7E9FE3032DC
:1047F00007F8012D2046294600230A22FCF7E0FE97
:1048000004460D4654EA0503EBD1A8EB07031197C4
:104810000E93FFF755BB780648BFA4B200250123CD
:10482000FFF75FBA0A9A1046D117C3E90001FFF7F4
:1048300097B917F040031CBF1346A4B20025FFF739
:1048400050BADDE9140102460B46FCF7E3FD0028EF
:1048500040F00D83099B5A1C29F0200600F04C8281
:10486000472E00F06E81159B47F48072002B079253
:10487000C0F210829DED147B8DED1C7B0023109304
:10488000B9F1660F00F02682B9F1460F00F064829C
:10489000452E00F05B8125A822A921AA0223099CAC
:1048A0000292CDE9031000930194DDE91C230D98D9
:1048B00000F06EFCB9F1670F119040F03683FB07F2
:1048C00040F16B81119B099A9C1800220023DDE9BD
:1048D0001C01FCF76DFD002800F0D0812346119AE1
:1048E0009B1A1393472E219B129300F05F81B9F11D
:1048F000660F40F06381129B002B099B40F3D78227
:10490000002B40F0C082FD0700F1BD82129B08938E
:104910000E93109B002B40F07C8109939DF87F60E3
:10492000FFF75DBA102B289A124F40F3EF80234611
:104930001026DDE90C4905E00AF1080A103D102DAA
:1049400040F3E38001321033072ACDE92823CAE976
:104950000076F1DD27AA2146484601F09BFE00289B
:104960007FF4A3A9DDE92823C246E7E764420B945C
:104970000F909BE4FCAA020040210D98F5F79AFDE8
:104980000C9B18601861002800F0C7820C9A402325
:104990005361FFF7D4B827AADDE90C1001F07AFEC5
:1049A00000287FF482A9DDE928340DF1D80A03F14B
:1049B00001094646B7E527AADDE90C1001F06AFEB9
:1049C00000287FF472A9299CC246C2E4099B119E6B
:1049D0000996062B28BF062308930E93BB4B0F9511
:1049E000079712961193FFF7FAB9119BA8EB0303EF
:1049F0000E93FFF765BA289A1899CAF8001017990C
:104A0000CAF8041001320C44072A2994289200F3B2
:104A100029810AF1080A0BE60A9A1A60FFF7A0B882
:104A200027AADDE90C1001F035FE00287FF43DA92E
:104A30009DF87F60299CC246FFF7AABA27AADDE944
:104A40000C1001F027FE00287FF42FA9DDE928547F
:104A5000464638E527AADDE90C1001F01BFE0028C8
:104A60007FF423A9DDE92854464638E5012B7FF47D
:104A700009AA6EE51C4601322C44072ACDE92824F8
:104A8000CAE900757FF7F0AAFCE427AADDE90C105B
:104A900001F000FE00287FF408A9299CC246FFF718
:104AA0009ABA289A8A49CAF80010013201340121C1
:104AB000072ACDE92824CAF804103FF7B5AC0AF15B
:104AC000080ABCE427AADDE90C1001F0E3FD002888
:104AD0007FF4EBA8C24626E414461E46CDF824A077
:104AE00005F1010903F10802099BCDF8A0901C44CF
:104AF000B9F1070F2994C6E900733FF74CAF09F1EC
:104B0000010902F1080A16460DE51C4601322C4443
:104B1000072ACDE92824CAE9007500F32E810AF19D
:104B2000080A7CE511980994FEF76AFF0797CDE91A
:104B30000E050346FFF74DB9079AD5077FF596AAEC
:104B400082E4002B08BF012309938CE6099B25A86A
:104B50005D1C22A921AA0223CDE903100292009331
:104B60000195DDE91C230D9800F012FB1190B9F1BD
:104B7000470F40F0C881FB0740F1BE81119BB9F19E
:104B8000460F03EB05047FF4A0AE119B1B78302B7E
:104B900000F05F81219D2C4497E6219A259B12927B
:104BA000119A472EA3EB0203139307D1129BDA1C31
:104BB00002DB099A9A4233DAA9F10209129B8DF8B5
:104BC0008C90013B002B2193BDBF129BC3F10103CD
:104BD0002D222B22092B8DF88D2000F306813033F6
:104BE00030228DF88F308DF88E2024AB23AA9B1AAB
:104BF000139A1993012A13440E9340F34E810E9B8E
:104C0000179A13440E9323EAE37308930023129335
:104C10007FE62D2600238DF87F600993FFF7E2B829
:104C2000DDE912318B42C0F28380F80740F10A813E
:104C3000129B179A13440E9323EAE37308934FF0E1
:104C4000670966E627AADDE90C1001F023FD0028BC
:104C50007FF42BA8299CC246D9E42D268DF87F60CD
:104C6000FFF7D3BA27AADDE90C1001F013FD0028E5
:104C70007FF41BA8219B299CC246D9E4259BA34213
:104C8000BFF42DAE30215A1C25921970259B9C42F1
:104C9000F9D824E6DDE9141202F100431D932D2317
:104CA0001C911093ECE500230993FEF78FBF27AA10
:104CB000DDE90C1001F0EEFC00287EF4F6AF219B3C
:104CC000139A299CD31AC246CBE400BFE0AA020083
:104CD000E8AA0200099D019525A822A921AA03237B
:104CE000CDE90310029200930D98DDE91C2300F03A
:104CF0004FFA1190441948E706230993B3E5099B3D
:104D000008930E9309900F95079712909DF87F6076
:104D1000FFF765B827AADDE90C1001F0BBFC0028FD
:104D20007EF4C3AF219BDDE92824C246FFF79CBB7C
:104D3000179A139B1344129A0E93002A06DC129BB7
:104D40000E9AC3F101031A4413460E9223EAE37349
:104D500008934FF06709DCE525A822A921AA0323BF
:104D6000099D0292CDE9031000930195DDE91C2312
:104D70000D9800F00DFA119000E727AADDE90C105C
:104D800001F088FC00287EF490AF299CC24646E4DE
:104D90005D421033724F1CDA1026DDF8349004E0C7
:104DA0000AF1080A103D102D13DD01321034072AD4
:104DB000CDE92824CAE90076F2DD27AA0C994846F5
:104DC00001F068FC00287EF470AFDDE92824C246BB
:104DD000E8E701322C44072ACDE92824CAE9007506
:104DE0007DDC0AF1080AFFF742BB0DF19B04204667
:104DF0005C4D00E01046A5FB0312D20802EB8201D5
:104E0000A3EB410303F130011346092B00F8011C09
:104E100000F1FF32EEDC30330238D9B2844202F8BE
:104E2000011C73D90DF18E00134601E013F8011B2C
:104E300000F8011B9C42F9D127AB9B1A0DF18E02A1
:104E40001344D3E623EAE37208920E934FF0670906
:104E50005FE500220023DDE91C01FCF7A9FA002828
:104E60007FF498AEC5F1010521952C442DE5159BE5
:104E70003D4A002BB6BF2D269DF87F608DF87F60E0
:104E80003A4BFFF7C4B9129B179A1344099A1A4474
:104E900022EAE2730E9208933BE517F001031293A6
:104EA0007FF4ADAE0E9B23EAE373089331E53BB983
:104EB000FC0705D4012308930E932AE5524613E616
:104EC000179B0133E2E70F9D9BF801302C68834666
:104ED00044EAE474281D09940F90FEF774BE27AAD3
:104EE000DDE90C1001F0D6FB00287EF4DEAEDDE932
:104EF0002824C246FFF7BBBA219A259B1292119A29
:104F00009B1A139352E6119B5C19DEE40DF18E039C
:104F10006CE68DF87F10FEF792BF0D9A0C2313609C
:104F20004FF0FF330A93FEF7C9BE099D1FE68DF8C7
:104F30007F10FFF7E2B88DF87F10FFF735B98DF8D5
:104F40007F10FFF784B98DF87F10FFF7BCB98DF89B
:104F50007F10FEF74EBF8DF87F10FFF70CB900BF32
:104F6000FCAA0200CDCCCCCCB4AA0200B0AA0200AC
:104F700070B5141E9AB005462CDB1A464FF4027326
:104F800000910491ADF80C3013D0013C4FF6FF7640
:104F90001E9B029469460594ADF80E60FEF7B8FDBD
:104FA000421C01DA8B232B60009B00221A701AB07E
:104FB00070BD1E9B02944FF6FF7669460594ADF8CE
:104FC0000E60FEF7A5FD431C01DB1AB070BD8B23FC
:104FD0002B60FAE78B2303604FF0FF30F5E700BF4B
:104FE00010B582B0054C0093246813460A4601466A
:104FF0002046FFF7BDFF02B010BD00BF0C06002029
:1050000021B1FF2A04D80A70012070470846704772
:105010008A2303604FF0FF30704700BF70B50D4624
:10502000084C114606461A46284600232360F5F729
:1050300069FF431C00D070BD2368002BFBD0336098
:1050400070BD00BFB0B6002038B5074C0023054640
:1050500008462360F5F7F4FE431C00D038BD2368F2
:10506000002BFBD02B6038BDB0B600202DE9F04FEF
:1050700003690F69BB4283B0C0F28680013F01F132
:10508000140900F1140A59F827205AF82730BC00F7
:105090000132B3FBF2F80AEB0403009409EB040BB2
:1050A0000193B8F1000F38D000252E46CE46D446E5
:1050B0005EF8044BDCF80030A2B208FB0255220C6B
:1050C0002C0C08FB0242ADB2751B96B2C6EB134620
:1050D00015FA83F306EB23469BB243EA0643F345F6
:1050E0004FEA12454CF8043B4FEA2646E0D2009BBB
:1050F0005AF803308BB9019A131F9A450CD252F813
:10510000043C4BB9A2F1080302E01A68043B1AB947
:105110009A4507F1FF37F8D30761044601F0B4F967
:1051200000282DDB08F101085546002359F8041B1F
:1051300028688AB29A1A0B0C12FA80F2C3EB104359
:1051400003EB224392B242EA0342CB4545F8042BDB
:105150004FEA2343EAD25AF827200AEB87037AB9A9
:105160001A1F92450BD253F8042C42B9083B02E0B7
:105170001A68043B1AB99A4507F1FF37F8D327613B
:10518000404603B0BDE8F08F002003B0BDE8F08FCB
:105190002DE9F04F016C97B014461D468346CDE9CA
:1051A000024549B1426C4A60012393408B6000F094
:1051B0007BFF0023CBF840302E1E239AB4BF01237F
:1051C00000231360784BBCBF26F000460396B34320
:1051D00000F0A880DDE9028900220023404649460C
:1051E000FCF7E6F8054678B1229A01231360249B68
:1051F000002B00F0C4806D4B249A1360013B049394
:10520000049817B0BDE8F08F14AA15ABCDE90032B1
:10521000584642464B4601F0C9F9340D824640F0EB
:10522000A380DDE914542C4404F23243202B40F3D4
:105230001384C3F140039E40029B04F2124023FA00
:1052400000F03043FBF7D2FD01238046013CA1F181
:10525000F87912930022564B40464946FBF788FCEA
:105260004BA3D3E90023FBF73BFE4BA3D3E9002379
:10527000FBF780FC064620460F46FBF7C7FD48A318
:10528000D3E90023FBF72CFE02460B463046394695
:10529000FBF770FC06460F4601F076FA00220590F7
:1052A000002330463946FCF78DF8002840F06C8228
:1052B000059E162E00F25D823E4B03EBC603D3E93A
:1052C0000001DDE90223FCF79BF8002800F0C08311
:1052D000731E059300230A932C1B059BB4F1010850
:1052E00046BFC4F101094FF000084FF00009002B40
:1052F000C0F242829844099300230893209B092B13
:1053000060D8052B40F3A683043B20930025209B07
:10531000023B032B00F28984DFE813F0C503A503E9
:10532000CF03E604229A42F20F731360029B7BB90B
:10533000C6F3130666B9249B002B00F00E861E4BA5
:1053400004930833249A0498136017B0BDE8F08FD3
:10535000249B2BB9194B0493049817B0BDE8F08F28
:10536000164B04930333EDE7C9F3130343F07F595E
:105370001295A4F2FF3449F44019149D6AE7104BCA
:105380000493049817B0BDE8F08F00BFAFF300801E
:1053900061436F63A787D23FB3C8608B288AC63F3B
:1053A000FB799F501344D33F0000F07FE9AA02002D
:1053B0000000F83F48AB02000CAB020018AB020043
:1053C000E8AA02004FF0FF340125CDE9064500238D
:1053D000209321930021CBF844100B94584600F001
:1053E0003DFE0E2C0490CBF8400000F2F780002D1B
:1053F00000F0F4809DED027B059900298DED0C7B7A
:1054000040F3D183C14B01F00F0203EBC20393EDD4
:10541000007B0C11E3068DED027B40F18684BC4BD2
:10542000DDE90C01D3E90823FBF784FECDE90E0189
:1054300004F00F0403267CB1DDE90201B44DE70757
:1054400004D5D5E90023FBF74BFD0136641005F1C7
:105450000805F4D1CDE90201DDE90223DDE90E0101
:10546000FBF768FECDE902010A9B43B10022A94B7C
:10547000DDE90201FBF7A6FF002840F0E984304691
:10548000FBF7C4FCDDE90223FBF72AFDA24B002257
:10549000FBF770FB069B0646A1F15077002B00F04E
:1054A0000884059B1393069B0E93DDE9020101F02E
:1054B0006BF90E9A954B03EBC20313ED027B00F1DF
:1054C00030058DED107BFBF7A1FC02460B46DDE9B4
:1054D0000201CDE90267FBF74BFB049B06460798E8
:1054E0005C1CEDB20F46DDE91023002800F0438478
:1054F00000208A49FBF71EFEDDE90223FBF738FB9B
:10550000049A3B4615703246CDE90201FBF778FF5D
:10551000002840F0ED8432463B4600207D49FBF7F1
:1055200027FB02460B46DDE90201FBF769FF002875
:1055300040F0E3840E9901294CD0049ACDF83890BC
:105540001144CDF84080DDE90289CDF808A08A46F3
:105550000CE000206F49FBF70BFB42464B46FBF784
:1055600031FF002840F0C78454452DD040464946BD
:1055700000226B4BFBF7B4FC0022694B8046894646
:1055800030463946FBF7ACFC0F46064601F0FCF806
:105590000546FBF73BFC02460B4630463946FBF717
:1055A000E7FA3035EDB242464B4604F8015B064659
:1055B0000F46FBF707FF32463B460028C9D0139B36
:1055C000DDF808A0059317E2DDF83890DDF840809B
:1055D000DDF808A0DDE90C34CDE90234159B002B81
:1055E000C0F2AD80059A0E2A00F3A980474B03EB69
:1055F000C203D3E90089219B002BC0F2B182DDE90F
:10560000026742464B4630463946FBF793FD01F0B0
:10561000BBF80546FBF7FAFB42464B46FBF760FC3E
:1056200002460B4630463946FBF7A2FA049A05F1CA
:1056300030031370069B012B06460F4602F101044E
:1056400046D00022364BFBF74BFC002200230646D7
:105650000F46FBF7ADFE002840F0CE81CDF808A044
:10566000DDF818A0CDF818B0DDF810B00AE0FBF7AF
:1056700037FC0022002306460F46FBF799FE002860
:1056800040F03C8342464B4630463946FBF752FDDC
:1056900001F07AF80546FBF7B9FB42464B46FBF7AB
:1056A0001FFC02460B4630463946FBF761FA05F10E
:1056B000300C04F801CBA4EB0B0CE24506460F4678
:1056C0004FF00002164BD2D1DDF808A0DDF818B07B
:1056D00032463B4630463946FBF74CFA42464B468B
:1056E00006460F46FBF78CFE58B942464B463046FD
:1056F0003946FBF75DFE002800F07E81EB0740F1A4
:105700007B8114F8015C049A12E000BF48AB0200F0
:1057100020AB02000000F03F00001C400000E03F12
:10572000000024409A4200F01C8313F8015C1C46E0
:10573000392D04F1FF33F5D001351D705CE1079A76
:1057400092B3209A012A40F30082069B5F1E089BB9
:10575000BB42C0F2D882DF1B069B002BC0F2F7824F
:105760004C46984499440121584600F037FD0546BF
:105770001DE001230A93AFE5059BA9EB03095B42FA
:10578000089300230993B9E5DDF814804046FBF740
:105790003DFB32463B46FBF70BFE00287FF488AD0D
:1057A00008F1FF33059383E5089F079D4C46002CC5
:1057B0000BDDB8F1000F08DD44452346A8BF434682
:1057C000A9EB0309E41AA8EB0308089B6BB1079A3D
:1057D000002A00F08C82DE1B002F40F08C815146A5
:1057E0003246584600F0AAFD82460121584600F094
:1057F000F5FC099A0646002A40F01681209B012BF1
:1058000040F35E810120404410F01F0000F007814A
:10581000C0F12003042B40F3A483C0F11C00814499
:1058200004448044B9F1000F05DD51464A4658460C
:1058300000F0D4FD8246B8F1000F05DD3146424646
:10584000584600F0CBFD06460A9B002B73D1069B01
:10585000002B40F30782079B002B00F08580002C73
:1058600000F35E81099B002B40F0C681A846029A96
:10587000049F02F001020992069A7B1E1A440792C5
:1058800031465046FFF7F2FB2946814608905046C4
:1058900000F0FAFD314602904246584600F010FEF4
:1058A000C368044609F130090146002B40F0D58158
:1058B000504600F0E9FD21460690584600F0F4FB02
:1058C000069B33B9209A22B9099B002B00F019835B
:1058D000209B029A002AC0F21E8205D1209A1AB992
:1058E000099A002A00F01782002B07F1010400F347
:1058F0002382079B87F80090BB4200F02C82514620
:1059000000230A22584600F0D9FB45458246294625
:105910004FF000034FF00A02584600F0988100F063
:10592000CDFB4146054600230A22584600F0C6FB3F
:1059300027468046A4E73146504600F0A5FD0028E2
:1059400085DA059F514600230A225846013F0597F4
:1059500000F0B4FB079B8246002B40F0E2820B9BD9
:10596000002B40F3EA820693DDF81080069F444640
:1059700002E000F0A3FB824631465046FFF776FB7B
:1059800000F1300904F8019BA4EB08039F424FF09B
:105990000A024FF0000351465846EADC0023029306
:1059A00051460122584600F019FD3146824600F06A
:1059B0006BFD002814F8012C40F3B980049905E030
:1059C000994200F05C8113F8012C1C46392A04F13D
:1059D000FF33F5D001321A703146584600F064FBAF
:1059E00055B1029921B1A94202D0584600F05CFBA2
:1059F0002946584600F058FB5146584600F054FBE3
:105A00000022059B2270229A01331360249B002BF5
:105A10003FF4F6AB04981C6017B0BDE8F08F1C2073
:105A2000814404448044FDE60146584600F086FC6B
:105A3000209B012B064640F3F38000230993336932
:105A400006EB8303186900F079FBC0F12000DAE669
:105A50000A9041E401255AE4C3F12006029B03FAAF
:105A600006F0FFF7EFBB00230793059B219A134431
:105A70000B930133012B1E460693B8BF012600216C
:105A8000172ECBF84410069C7FF7A8AC0122042304
:105A90005B0003F11400B042114602F10102F7D994
:105AA000CBF844109AE400230793219B002B40F38A
:105AB000ED800B9306931E46E1E701230793F4E77D
:105AC000029B002B7FF49EAEDDE90212C2F31303AA
:105AD000002B40F0998122F000431B0D1B0523B1E0
:105AE00009F1010908F101080123099A0993002A23
:105AF0003FF488AEA3E73A462946584600F01EFC1C
:105B0000524601460546584600F072FB514607468C
:105B1000584600F0C9FABA46002E3FF466AE5EE67B
:105B200029462246584600F059FC05469AE607D118
:105B300019F0010F7FF442AF02E014F8022C1C466A
:105B4000302A04F1FF33F8D046E7129A002A00F019
:105B5000538103F233434C4698449944089F02E62C
:105B6000069B002B3FF74BAD40F0BB800022B24BB1
:105B700040464946FBF7B4F9DDE90223FBF736FC62
:105B8000069E3546002875D1059A01320592049A81
:105B900031231370541C3146584600F085FA002D0D
:105BA0007FF426AF28E700F03F81059B5C42A34BC2
:105BB00004F00F0203EBC203D3E90023DDE90C017B
:105BC000FBF78EF92411CDE9020100F0BB819C4D59
:105BD00000230226E20705D5D5E90023FBF780F96B
:105BE00001360123641005F10805F3D1002B3FF4C1
:105BF0003BACCDE9020137E46968584600F02EFA63
:105C00002B6902339A00044605F10C010C30FDF7B4
:105C100019FA21460122584600F0E0FB804626E6AC
:105C2000029B002B3FF450AF07E70024CBF8444021
:105C30002146584600F012FA4FF0FF330B930693BB
:105C4000012304902194CBF840000793C6E400F0B0
:105C500035FA27460546804612E6584600F024FAF3
:105C6000012336E6209B022B7FF7F5AD069B002B28
:105C700000F0CC80219B049CDB4305938BE7059AC5
:105C800001320592049A31231370A5E60124219470
:105C90000694FFF79FBB3046FBF7B8F8DDE9022317
:105CA000FBF71EF90022674BFAF764FF0646A1F1E5
:105CB00050770022604BDDE90201FAF759FF3246C6
:105CC0003B4604460D46FBF79BFB002846D1324677
:105CD00007F1004320462946FBF774FB00283FF4F8
:105CE00079AC00263546C5E701230793BDE651464A
:105CF000089A584600F022FB824676E5DDF808A0B7
:105D0000DDF818B078E6089B099AFB1A1A44CDE929
:105D10000872002720E5002B07F1010400F3BC8086
:105D2000029587F80090454656E69DED0C7B0226CD
:105D30008DED0E7BFFF77FBBB9F1390F00F0BE8010
:105D400009F10109029587F80090454644E6069B53
:105D5000A9EB030407E50295454621E600263546F2
:105D600012E7049A30231370059B14F8015C013389
:105D700005931346E0E4DDE90201FBF7B1F8049B6B
:105D80001D700E9B012BCDE9020123D00E9B049ABE
:105D9000CDF838901344C146984600222A4B30462D
:105DA0003946FBF79DF80F46064600F0EDFC054628
:105DB000FBF72CF8303502460B4630463946FAF7E9
:105DC000D7FE04F8015B444506460F46E5D1C846B8
:105DD000DDF838901D4B0022DDE90201FAF7CAFE1A
:105DE00032463B46FBF7EEFA00286DD0139B059335
:105DF00014F8015C049A9BE4149B089FC3F13603DA
:105E00004C4698449944AEE400236EE631460522A0
:105E1000584600F053F901460646504600F034FB60
:105E200000283FF7B1AE25E79DED0C7B02268DEDF6
:105E3000027BFFF719BB00BF0000144048AB020013
:105E400020AB020000001C40000024400000E03FA6
:105E5000069B002B3FF41FAF0B9C002C7FF7BAABC7
:105E60000022424BDDE90201FBF73AF8CDE90201DD
:105E7000701CFAF7CBFFDDE90223FBF731F83C4B4E
:105E80000022FAF777FE059B0E94013B0646A1F12E
:105E900050771393FFF709BB51460122584600F093
:105EA0009DFA3146824600F0EFFA002832DDB9F162
:105EB000390F03D0089B03F1310931E739220295EC
:105EC0003A704546049981E5DDE90223002029491D
:105ED000FAF74EFE32463B46FBF792FA10B9FFF74F
:105EE00079BB144614F8013C302B04F1FF32F8D092
:105EF000139B059380E5DDF808A0139B0593049A96
:105F000016E4B9F1390F07F10104D7D0029B002B39
:105F1000D0DC05E77FF404AF19F0010F3FF400AFC8
:105F2000C5E7294600230A22584600F0C7F80B9B14
:105F3000002B054609DD069391E4209B022B09DC2A
:105F40000B9B10E50226FFF78FBA209B022B01DC8A
:105F50000B9BF0E70B9B069388E6074B0493FFF738
:105F60004FB93FF45FACC0F13C0059E5000024405C
:105F700000001C400000E03F0CAB02000B78722BCD
:105F800030B431D0772B2AD0612B04D01623036094
:105F900030BC002070474FF4027501244FF4847028
:105FA00011F8013F8BB1622B16D0782B11D02B2B1F
:105FB000F6D111F8013F20F01C0024F0030440F05A
:105FC000100044F00204002BEDD12C43146030BCCF
:105FD000704744F40064E3E744F48034E0E74FF4AE
:105FE000C06501240820DBE700252C460420D7E704
:105FF00038B5074C0023054608462360F4F7EEFF4A
:10600000431C00D038BD2368002BFBD02B6038BD6B
:10601000B0B60020044A054B1268506B002808BF38
:106020001846F030704700BF0C060020380A0020E8
:1060300070B50D46084C114606461A462846002300
:106040002360F5F735F8431C00D070BD2368002BA2
:10605000FBD0336070BD00BFB0B60020C36C70B51C
:1060600005460C464BB153F8240080B1026843F852
:1060700024200023C0E9033370BD21220421F4F75A
:10608000C6F90346E8640028EDD1002070BD012167
:1060900001FA04F6721D28469200F4F7B8F90028B8
:1060A000F3D0C0E90146E4E731B1C36C4A6853F864
:1060B0002200086043F82210704700BFF0B50C6959
:1060C00083B00D46064601F1140C0027DCF80000F1
:1060D00081B202FB0133010C180C02FB01019BB2DF
:1060E000013703EB0143BC424CF8043B4FEA114338
:1060F000ECDC3BB1AA68A24207DD05EB8402013467
:1061000053612C61284603B0F0BD696801930131E9
:106110003046FFF7A3FF2A69023205F10C0107465A
:1061200092000C30FCF78EFFF26C6968019B52F80C
:106130002100286042F821503D46DEE7020C12049F
:106140000346C2B90304102013F07F4F04BF1B02A3
:10615000083013F0704F04BF1B01043013F0404FA0
:1061600004BF9B000230002B04DB5B0001D5013033
:106170007047202070470020E6E700BF036813F057
:106180000702014607D0DA071FD498071FD55B081E
:106190000B600120704798B2A0B1104613F0FF0FBA
:1061A00004BF1B0A08301A0704BF1B0904309A07F2
:1061B00004BF9B080230DA0702D45B080BD0013021
:1061C0000B6070471B0C1020E8E7002070479B080D
:1061D0000B60022070472020704700BF10B50C46AE
:1061E0000121FFF73BFF0122C0E9042410BD00BFDD
:1061F0002DE9F04F0E691469A64283B00F4615468B
:1062000004DA32462F4626460D461446D7E90113D6
:1062100006EB04084345B8BF0131FFF71FFF00F14B
:10622000140909EB880EF145009005D24B46002277
:1062300043F8042B9E45FBD805F1140A0AEB8404AD
:1062400007F11403A24503EB860C61D2641B153CD5
:1062500024F00304CDF804E0A24405F110029E46A8
:1062600005E02D0C2BD1924509F104094ED052F8CE
:10627000045F1FFA85FBBBF1000FF2D077464E4654
:10628000002000E0264657F8041B34688BB2A5B204
:10629000090C240C0BFB035303440BFB014000EBE4
:1062A000134034469BB243EA0043BC454FEA1040DA
:1062B00044F8043BE6D8706015682D0CD3D0D9F8AB
:1062C000003076461846CB46002100E0A3463488CD
:1062D000000C05FB040001449BB25C4643EA014309
:1062E00044F8043B56F8043BDBF804001B0C87B26F
:1062F00005FB037303EB1143B4454FEA1341E5D8A3
:106300009245CBF8043009F10409B0D1DDF804E07E
:10631000B8F1000F0BDD5EF8043CAEF1040E1BB1CA
:1063200005E05EF8043D13B9B8F10108F9D1009811
:10633000C0F8108003B0BDE8F08F00BF12F0030377
:106340002DE9F041144607462ED10D46A4101CD06D
:10635000BE6C96B3E3074FF0000806D4641014D067
:106360003068A8B10646E307F8D5324629463846D4
:10637000FFF73EFFB5B16A68FB6C641053F822105A
:10638000296043F822500546EAD12846BDE8F0814D
:10639000324631463846FFF72BFF3060C0F80080A8
:1063A0000646E0E70546D9E7013B0B4A52F82320B1
:1063B0000023FFF783FE0546C8E701213846FFF7B3
:1063C0004DFE40F271234361012200230261064623
:1063D000B8640360BEE700BF10AC02002DE9F047CF
:1063E00091460A690E464FEA6914D1E9011304EB9C
:1063F000020808F101059D42074604DD5B009D424D
:1064000001F10101FADC3846FFF728FE002C00F10B
:10641000140337DD03EB8401002243F8042B8B4285
:10642000FBD1346906F1140319F01F0903EB840C46
:1064300020D0C9F1200E002200E051461C688A4697
:1064400004FA09F414434AF8044B53F8042B634547
:1064500022FA0EF2F1D34A600AB108F10205FB6C90
:106460007268013D53F822100561316043F82260E3
:10647000BDE8F087043953F8042B41F8042F9C45FC
:10648000F9D8ECE71946CCE730B40B69054600694A
:10649000C01A0FD19B001435143119442B4401E06C
:1064A0009D4207D253F8044D51F8042D9442F7D081
:1064B00002D3012030BC70474FF0FF30FAE700BF35
:1064C0002DE9F04113690D69ED1A002D0E46904635
:1064D00001F1140402F1140714D19B00E2183B44AB
:1064E00001E0A24259D952F804CD53F8041D8C455D
:1064F000F7D009D2224633463C46464617469846D0
:10650000012501E0F6DB00257168FFF7A7FDD8F84B
:1065100010303669C56007EB830EBC4600F11405E8
:1065200004EB860700235CF8041B54F8048B8AB242
:1065300013FA88F3090C9A1AC1EB184303EB2243B0
:1065400092B242EA0342E64545F8042B4FEA234360
:10655000E9D8A74217D9AE46A4465CF8042B13FA33
:1065600082F3191401EB12419BB243EA01426745E1
:106570004EF8042B4FEA2143EFD8E443274427F099
:10658000030704373D44043D22B955F8043D013E5C
:10659000002BFAD00661BDE8F0810021FFF75EFD17
:1065A00001220023C0E90423BDE8F0812DE9F04376
:1065B00083B001211F4616460A9DFFF74FFDC7F322
:1065C0000A548146C7F313030CB143F48013002E21
:1065D000019323D002A840F8086DFFF7CFFD0028F3
:1065E00035D1DDE90023C9F81420002B0CBF0121AF
:1065F0000221C9F81830C9F81010DCB909EB810381
:10660000A0F2324028601869FFF798FD0B9BC0EBA1
:1066100041101860484603B0BDE8F08301A8FFF7B9
:10662000ADFD019BC9F8143001212030C9F81010CC
:10663000002CE3D0A4F2334808EB00032B600B9B43
:10664000C0F135001860484603B0BDE8F083DDE9CD
:106650000013C0F1200203FA02F20A43C34001937F
:10666000C9F81420C1E700BF70B50D46084C1146AB
:1066700006461A46284600232360F4F7B1FC431C63
:1066800000D070BD2368002BFBD0336070BD00BF0D
:10669000B0B600202DE9F04F936883B09046002BF0
:1066A0006CD017688D6882460C460868083742E04F
:1066B000A38913F4906F2DD0D4E9041505EB45059B
:1066C000A0EB010B05EBD575701C6D105844A8426A
:1066D0002A4684BF05462A465B0536D511465046F4
:1066E000F3F7E8FE00283AD05A4621690190FCF7FA
:1066F000A9FCA289019B22F4906242F08002A2814F
:10670000A5EB0B0203EB0B00656123612060A26027
:106710003546B3465A464946FCF72EFDD8F80830B0
:10672000A2682068551B58449E1BA5602060C8F8CD
:1067300008601EB3083757E90296AB46002EF9D021
:10674000AE42B5D23546B346E4E75046F3F742FED3
:1067500003460028D4D121695046F3F7EDFE0C23FF
:10676000CAF80030A389002243F040034FF0FF3005
:10677000A381C8E9012203B0BDE8F08F0020C8F86A
:10678000040003B0BDE8F08F4FEA410212F5001299
:1067900015D211D56FF47873B3EB625212D94FEA68
:1067A000C12343F0004343EA505311F0004F23FA52
:1067B00002F018BF404270474FF00000704750EAA7
:1067C000013005D111F0004008BF6FF00040704764
:1067D0004FF00000704700BF024B58221A604FF084
:1067E000FF307047B0B60020024B58221A604FF0BD
:1067F000FF307047B0B60020F8B500BFF8BC08BC49
:106800009E467047F8B500BFF8BC08BC9E4670476E
:106810002C00000000002041000000400000C040AB
:1068200000000041000070410000A0410000C8418C
:106830000000F0416576656E7473004572726F7288
:10684000205B005D203A204E756C6C20706F696E85
:10685000746572005D203A20436F6D6D756E6963DB
:106860006174696F6E206661696C757265005D2088
:106870003A20446576696365206E6F7420666F7593
:106880006E64005D203A204F7574206F662072613F
:106890006E6765005D203A20496E76616C69642000
:1068A000616363656C20636F6E666967757261749E
:1068B000696F6E005D203A20496E76616C696420D4
:1068C0006779726F20636F6E66696775726174694C
:1068D0006F6E005D203A20496E76616C69642061BC
:1068E0006363656C2F6779726F20636F6E6669678B
:1068F00075726174696F6E005D203A20496E766131
:106900006C69642073656E736F72005D203A20437A
:106910006F6E66696775726174696F6E206C6F6106
:1069200064696E67206572726F72005D203A20495B
:106930006E76616C6964207061676520005D203A45
:1069400020496E76616C6964206665617475726554
:1069500020626974005D203A20496E76616C69643A
:1069600020696E746572727570742070696E005D56
:10697000203A2053657474696E6720616476616E95
:1069800063656420706F776572206D6F6465206643
:1069900061696C6564005D203A20496E76616C69BE
:1069A0006420617578696C6C6961727920636F6EBF
:1069B00066696775726174696F6E005D203A204187
:1069C0007578696C6C696172792062757379005DA4
:1069D000203A2053656C6620746573742066616983
:1069E0006C6564005D203A2052656D617070696E5F
:1069F00067206572726F72005D203A204779726F6E
:106A00002075736572206761696E207570646174AA
:106A100065206661696C6564005D203A2053656C91
:106A2000662074657374206E6F7420646F6E6500E9
:106A30005D203A20496E76616C696420696E7075DC
:106A400074005D203A20496E76616C69642073742D
:106A500061747573005D203A204352542065727250
:106A60006F72005D203A2053656C66207465737404
:106A700020616C72656164792072756E6E696E67F3
:106A8000005D203A2043525420726561647920668B
:106A90006F7220444C206661696C2061626F727471
:106AA000005D203A20444C206572726F72005D20B8
:106AB0003A20505245434F4E206572726F72005D0E
:106AC000203A2041626F7274206572726F72005DAD
:106AD000203A204779726F2073656C662074657365
:106AE00074206572726F72005D203A204779726F70
:106AF0002073656C6620746573742074696D656FAE
:106B00007574005D203A205772697465206379635B
:106B10006C65206F6E676F696E67005D203A205765
:106B200072697465206379636C652074696D656F43
:106B30007574005D203A2053656C6620746573742B
:106B4000206E6F742072756E6E696E67005D203AFC
:106B5000204461746120726561647920696E746596
:106B60007272757074206661696C6564005D203AAC
:106B700020496E76616C696420464F4320706F73C4
:106B80006974696F6E005D203A20556E6B6E6F7789
:106B90006E206572726F7220636F64650000000082
:106BA0000000000000000000F30501008306010062
:106BB000D90601003B060100AD06010019070100DE
:106BC000590701009F070100B50701004B080100AC
:106BD000DD070100FBFAF9C82E002E802E3DB1C85A
:106BE0002E002E802E9103802EBCB0802EA303C8D1
:106BF0002E002E802E00B05030212E59F51030215D
:106C00002E6AF5802E3B03000000000819010022C7
:106C100000750000100010D100B343802E00C18029
:106C20002E00C1802E00C1802E00C1802E00C180A8
:106C30002E00C1802E00C1802E00C1802E00C18098
:106C40002E00C1802E00C1802E00C1802E00C18088
:106C50002E00C1802E00C1802E00C1802E00C18078
:106C60002E00C1802E00C1802E00C1802E00C18068
:106C70002E00C1802E00C1802E00C1802E00C18058
:106C80002E00C1802E00C1802E00C1802E00C18048
:106C90002E00C1802E00C1802E00C1802E00C18038
:106CA0002E00C1802E00C1802E00C1802E00C18028
:106CB0002E00C1802E00C1802E00C1802E00C18018
:106CC0002E00C1E05F000000000100000000000095
:106CD0000000000000920000000000000000000022
:106CE00000000000000000081900008800000000FB
:106CF00000000005E0AA3805E09030FA0096004B4D
:106D0000091100110002002D01D47B3B01DB7A0444
:106D1000003F7BCD6CC3048509C304ECE60C46013F
:106D200000270019009600A00001000C00F03C00B4
:106D3000010100030001000E00000032000500EE1A
:106D4000060400C80000000400A805EE060004BC0C
:106D500002B30085070000000000000000000000F2
:106D6000000000000000000000B4000100B90001B4
:106D700000980000000000000000000100800004F6
:106D80000000000000000000000000000000000003
:106D900000000000000000000000000000000000F3
:106DA00000000000000000000000000000000000E3
:106DB00000000000000000000000000000000000D3
:106DC00000000000000000000000000000000000C3
:106DD00000802E00C1FD2DDE00EB00DA00000CFF6C
:106DE0000F0004C0005BF5C9011EF280003FFF19CF
:106DF000F458F566F564F5C0F1F000E000CD01D37C
:106E000001DB01FF7FFF01E40074F7F300FA00FFEC
:106E10003FCA036C3856FE44FDBC02F90600FC1262
:106E200002AE0158FA9AFD7705BB02960195017FE3
:106E30000182018901870188018A018C018F018DFE
:106E40000192019101DD009F017E01DB00B601701E
:106E50006926D39C071F059D000008BC0537FAA2D0
:106E600001AA01A101A801A001A805B401B401CEA5
:106E700000D000FC00C501FFFBB10000380030FD70
:106E8000F5FCF5CD01A0005FFF0040FF0000806D24
:106E90000FEB007FFFC2F568F7B3F1670F5B0F617F
:106EA0000F800F58F75BF7830F8600720F850FC6B0
:106EB000F17F0F6CF700E000FFD1F5870F8A0FFF1D
:106EC00003F03F8B008E009000B9002DF5CAF5CB82
:106ED0000120F2000000000000000000000000009F
:106EE00000000000000000000000000000000000A2
:106EF0000000000000000000000000000000000092
:106F00000000000000000000000000000000000081
:106F10000000000000000000000000000000000071
:106F20000000000000000000000000000000000061
:106F30000000000000000000000000000000000051
:106F40000000000000000000000000000000000041
:106F50000000000000000000000000000000000031
:106F60000000000000000000000000000000000021
:106F70000000000000000000000000000000000011
:106F80000000000000000000000000000000000001
:106F900000000000000000000000000000000000F1
:106FA00000000000000000000000000000000030B1
:106FB00050982ED70E5032982EFA030030F07F00F2
:106FC0002E002ED02E002E018008A2FB2F982EBA64
:106FD00003212E1900012EEE0000B2072F012E19F9
:106FE0000000B2032F01500352982E07CC012EDD72
:106FF0000000B2272F052E8A000552982EC7C10324
:107000002EE90040B2F07F082F012E190000B204D3
:107010002F0030212EE900982EB4B1012E18000067
:10702000B2102F0550982E4DC30550982E5AC79870
:107030002EF9B4982E54B2982E67B6982E17B21027
:1070400030212E7700012EEF0000B2042F982E7A07
:10705000B70030212EEF00012ED40004AE0B2F011B
:107060002EDD0000B2072F0552982E8E0E00B202C0
:107070002F1030212E7D00012E7D000090902EF1EA
:1070800002012ED70000B2042F982E2F0E003021BF
:107090002E7B00012E7B0000B2122F012ED40000A7
:1070A00090022F982E1F0E092D982E810D012ED49F
:1070B000000490022F5032982EFA030030212E7BCC
:1070C00000012E7C0000B2902E0903012E7C0001ED
:1070D00031010800B2042F982E47CB1030212E77B3
:1070E000008130012E7C00010800B2612F032E893F
:1070F00000012ED40098BC98B805B20F58232F0772
:107100009009540030372F15410441DCBE44BEDCE9
:10711000BA2C0161000F564A0F0C2FD14294B8C10E
:10712000421130052E6AF72CBD2FB980B208229883
:107130002EC3B7212D6130232ED400982EC3B70063
:1071400030212E5AF5182DE17F5030982EFA030F7A
:10715000520750504270300D5442427E82E26F809E
:10716000B24242052F212ED4001030982EC3B7030F
:107170002D6030212ED400012ED4000690182F014E
:107180002E76000B540752E07F982E7AC1E16F08EB
:107190001A4030082F212ED4002030982EAFB7503F
:1071A00032982EFA03052D982E380E0030212ED459
:1071B000000030212E7C00182D012ED40003AA01DE
:1071C0002F982E450E012ED4003F8003A2012F00E0
:1071D0002E022D982E5B0E3030982ECEB700302127
:1071E0002E7D005032982EFA03012E770000B22433
:1071F0002F982EF5CB032ED5001154010ABC8483A1
:1072000086212EC901E0401352C4408240A8B952E1
:107210004243BE5342040A5042E17FF0314140F202
:107220006F25BD0808020AD07F982EA8CF06BCD1D2
:107230006FE26F080A8042982E58B70030212EEE78
:1072400000212E7700212EDD00802EF4011A242249
:1072500000802EEC011050FB7F982EF3035750FB5B
:107260006F013071541142420EFC2FC02E0142F0CA
:107270005F802E00C1FD2D01000000000000000015
:107280000000009A0134030000000000000000002C
:1072900000000000000000000000000000000000EE
:1072A00000000000000000000000000000000000DE
:1072B00000000000000000000000000000000000CE
:1072C00000000000000000000000000000000000BE
:1072D00000000000000000000000000000000000AE
:1072E000000000000000000000000000000000009E
:1072F0000000000000000000002050E77FF67F063D
:10730000320F2E61F5FE09C0B3042F17302F2EEF78
:10731000002D2E61F5F66FE76FE05FC82E2050E775
:107320007FF67F46300F2EA4F1BE0980B3062F0DE5
:107330002ED40084AF022F16302D2E7B0086302DE8
:107340002E60F5F66FE76FE05FC82E012E77F70924
:10735000BC0FB800B21050FB7F10300B2F032E8AE9
:107360000096BC9FB840B2052F032E68F79EBC9FC5
:10737000B840B2072F032E7E004190012F982EDCDB
:1073800003032C0030212E7E00FB6FF05FB82E200F
:1073900050E07FFB7F002E2750982E3BC829509845
:1073A0002EA7C80150982E55CCE16F2B50982EE097
:1073B000C9FB6F0030E05F212E7E00B82E735001B4
:1073C0003057541142420EFC2FB82E212E59F51081
:1073D00030C02E212E4AF19050F77FE67FD57FC432
:1073E0007FB37FA17F907F827F7B7F982E35B70010
:1073F000B2902E97B0032E8F00072E9100052EB16C
:10740000003FBA9FB8012EB100A3BD4C0A052EB1B2
:107410000004BEBFB9CB0A4FBA22BD012EB300DCB7
:107420000A2FB9032EB8000ABE9A0ACFB99BBC0135
:107430002E97009FB8930A0FBC910A0FB8900A25A7
:107440002E1800052EC1F52EBD2EB9012E190031C2
:10745000308A040090072F012ED40004A2032F01CC
:107460002E180000B20C2F19500552982E4DB7055A
:107470002E780080901030012F212E7800252EDDEF
:1074800000982E3EB700B202300130042F012E19B1
:107490000000B2002F2130012EEA00081A0E2F231F
:1074A0002EEA0033301B500B090140175646BE4BE5
:1074B000084C0A01420A8015520142002E012E1882
:1074C0000000B21F2F032EC0F5F030480847AA7401
:1074D00030072E7A0061224B1A052F072E66F5BF62
:1074E000BDBFB9C0900B2F1D562B30D242DB4201DD
:1074F00004C24204BDFE808184232E7A000242022F
:1075000032252E62F5052ED6008184252ED6000266
:1075100031252E60F5052E8A000B50900880B20BA5
:107520002F052ECAF5F03E9008252ECAF5052E59D6
:10753000F5E03F9008252E59F5906FA16FB36FC409
:107540006FD56FE66FF76F7B6F826F705FC82EC06D
:1075500050907FE57FD47FC37FB17FA27F877FF686
:107560007F7B7F002E012E60F5607F982E35B7025D
:1075700030636F1552507F627F5A2C02321A090015
:10758000B3142F00B2032F092E180000910C2F43C3
:107590007F982E97B71F50028A02320430252E643E
:1075A000F51552506F436F4443252E60F5D908C03E
:1075B000B2362F982E3EB700B2062F012E190000CA
:1075C000B2022F506F00900A2F012E7900009019FF
:1075D0002F1030212E79000030982EDC03132D015E
:1075E0002EC3F50CBC0FB81230100403B0262521B1
:1075F000500352982E4DB71030212EEE000230600D
:107600007F252E7900606F0090052F0030212EEA33
:10761000001550212E64F51552232E60F5023250CC
:107620006F0090022F0330272E7800072E60F51A86
:10763000090091A32F19090091A02F906FA26FB19B
:107640006FC36FD46FE56F7B6FF66F876F405FC856
:107650002EC050E77FF67F26300F2E61F52F2E7C4F
:10766000000F2E7C00BE09A27F807F80B3D57FC42F
:107670007FB37F917F7B7F0B2F23501A25124042CF
:107680007F74821240527F002E0040607F982E6AE5
:10769000D68130012E7C00010800B2422F032E89D2
:1076A00000012E890097BC06BC9FB80FB80090233C
:1076B0002ED800103001302A2F032ED40044B205FA
:1076C0002F47B200302D2F212E7C002B2D032EFDB5
:1076D000F59EBC9FB84090142F032EFCF599BC9FDB
:1076E000B840900E2F032E49F125544A08409008C7
:1076F0002F982E35B700B21030032F5030212ED4E2
:1077000000102D982EAFB70030212E7C000A2D05D9
:107710002E69F72DBD2FB980B2012F212E7D0023B8
:107720002E7C00E031212E61F5F66FE76F806FA2AD
:107730006FB36FC46FD56F7B6F916F405FC82E6062
:10774000510A253688F47FEB7F00323152323013F4
:1077500030982E15CB0A253384D27F433005502D27
:1077600052982E95C1D26F2752982ED7C72A25B08E
:1077700086C07FD37FAF842950F16F982E4DC82AE1
:1077800025AE8AAA88F26E2B50C16FD36FF47F9812
:107790002EB6C8E06E00B2322F33548386F16FC329
:1077A0007F04303030F47FD07FB27FE330C56F5636
:1077B000404541280803140EB408BC8240100A2F2B
:1077C000542605917F4428A37F982ED9C008B93349
:1077D000305309C16FD36FF46F831747406C15B2F4
:1077E0006FBE09750B90424542510E32BC0289A111
:1077F0006F7E86F47FD07FB27F0430916FD62FEBFF
:107800006FA05EB82E032E97001BBC60509FBC0C6F
:10781000B8F07F40B2EB7F2B2F032E7F0041400159
:107820002EC800011A112F3758232EC8001041A06E
:107830007F38810141D07FB17F982E64CFD06F0710
:1078400080A16F1142002EB16F01421130012EFC58
:107850000000A80330CB224A25012E7F003C893549
:10786000520554982EC4CEC16FF06F982E95CF0458
:107870002D0130F06F982E95CFEB6FA05FB82E03DF
:107880002EB3000232F030033130508A080808CBA2
:1078900008E07F80B2F37FDB7F252F032ECA0041F3
:1078A00090042F0130232ECA00982E3F03C0B2054A
:1078B0002F032EDA0000304104232EDA00982E9296
:1078C000B21025F06F00B2052F012EDA0002301041
:1078D00004212EDA0040B2012F232EC801DB6FE015
:1078E0006FD05F802E95CF0130E06F982E95CF112D
:1078F00030232ECA00DB6FD05FB82ED0500A25335C
:10790000845550D27FE27F038CC07FBB7F0030055F
:107910005A39545141A57F967F807F982ED9C00552
:1079200030F57F2025916F3B583D5C3B56982E6784
:10793000CCC16FD56F52405043C17FD57F10259881
:107940002EFEC91025982E74C0866F3028926F8243
:107950008CA56F6F52690E3954DB2F19A0153003B7
:107960002F0030212E81010A2D012E810105284290
:1079700036212E8101020E012F982EF3035750124B
:10798000300140982EFEC9516F0B5C8E0E3B6F5735
:10799000580230212E9501456F2A8DD27FCB7F135F
:1079A0002F02303F50D27FA80E0E2FC06F535402CB
:1079B000005154420E103059520230012F002E0354
:1079C0002D504242421230D27F80B2032F0030212C
:1079D0002E8001122D012EC9000280052E8001117A
:1079E0003091280040252E8001100E052F012E7F9A
:1079F000010190012F982EF303002EA0410190A6C3
:107A00007F902EE3B4012E950100A8902EE3B45B85
:107A1000549580824080B202402D8C3F52967F90D8
:107A20002EC2B3290E762F012EC9000040812845B1
:107A300052B330982E0FCA5D54807F002EA1407241
:107A40007F82808240607F982EFEC91025982E7418
:107A5000C0626F05308740C0910430052F052E832A
:107A60000180B21430002F0430052EC900736F81DD
:107A700040E2406904110FE1401630FE29CB40027C
:107A80002F836F830F222F4756130F1230772F4902
:107A900054420E1230732F00910A2F012E8B0119C0
:107AA000A802306C2F6350002E17420542682C123A
:107AB000300B25080F5030022F212E8301032D405B
:107AC00030212E83012B2E85015A2C123000912B50
:107AD00025042F635002301742172C0242982EFEC5
:107AE000C91025982E74C0052EC90081845B308290
:107AF00040372E8301020E072F5F52403062404113
:107B000040910E012F212E830105302B2E8501126D
:107B100030362C16301525817F982EFEC9102598F9
:107B20002E74C019A21630152F052E9701806F8272
:107B30000E052F012E86010628212E86010B2D030E
:107B40002E87015F544E289142002E8240900E01F4
:107B50002F212E88010230132C0530C06F081CA87D
:107B60000F163005305B50092F02802D2E82010543
:107B7000420580002E02423E80002E0642023090D6
:107B80006F3E88014004414C2801420780102524A3
:107B900040004000A8F522232944427A827E88438F
:107BA00040044100ABF523DF284342D9A0142F0045
:107BB00090022FD26F81B2052F6354062890428520
:107BC00042092C02305B500380292E7E012B2E822D
:107BD00001054212302B2E83014582002E40407A4F
:107BE0008202A0082F63503B301542054237803790
:107BF0002E7E0105421230012EC900028C404084C5
:107C0000417A8C040F032F012E8B0119A4042F2B12
:107C10002E8201982EF303123081906152082F6555
:107C20004265424380398482880542454285420547
:107C300043002E80410090902EE1B46554C16F80C6
:107C40004000B243586950442F555CB7878C0F0DE4
:107C50002E9601C440362F41568B0E2A2F0B52A16F
:107C60000E0A2F052E8F011425982EFEC94B5402A3
:107C70000F695005306554152F032E8E014D5C8E13
:107C80000F3A2F052E8F01982EFEC94F54820F05F3
:107C90003069506554302F6D521530428C45420486
:107CA000302B2C84436B52428C002E85431530249C
:107CB0002C45428E0F202F0D2E8E01B10E1C2F232E
:107CC0002E8E011A2D0E0E172FA10F152F232E8D7C
:107CD00001132D982E74C04354C20E0A2F65500410
:107CE000800B3006820B42798041401230252E8C69
:107CF00001014205306950655484824384BE8C84FE
:107D000040864126299442BE8ED57F19A143400B5F
:107D10002E8C018440C7415D29272945428442C2F7
:107D20007F012FC0B31D2F052E940199A0012F8034
:107D3000B3132F80B3182FC0B3162F1240014092F7
:107D40007F982E74C0926F100F2030032F103021B7
:107D50002E7E010A2D212E7E01072D2030212E7E20
:107D600001032D1030212E7E01C26F012EC900BCEF
:107D700084028082400040900ED56F022F1530980B
:107D80002EF30341910530072F67503D802B2E8F36
:107D90000105420480002E0542022C00300030A272
:107DA0006F988A864080A7052F982EF303C0302154
:107DB0002E950106251A25E26F768296405643518C
:107DC0000EFB2FBB6F305FB82E012EB80001314182
:107DD0000840B22050F2300208FB7F0130102F051E
:107DE0002ECC008190E07F032F232ECC00982E55BF
:107DF000B6982E1DB51025FB6FE06FE05F802E95C5
:107E0000CF982E95CF1030212ECC00FB6FE05FB8BD
:107E10002E00510558EB7F2A2589526F5A8950133D
:107E2000410640B3011642CB160640F302134265E9
:107E30000EF52F054014302C29044208A100309083
:107E40002E52B6B388B08AB684A47FC47FB57FD5DE
:107E50007F927F73300430554042408A17F3086B9D
:107E600001900253B84B82ADBE717F450A0954841C
:107E70007F982ED9C0A36F7B54D042A37FF27F603E
:107E80007F2025716F755A7758795C7556982E67E3
:107E9000CCB16F626F5042B17FB3301025982E0F76
:107EA000CA846F2029716F926FA56F76826A0E73F4
:107EB000300030D02FD26FD17FB47F982E2BB715E2
:107EC000BD0BB8020AC26FC07F982E2BB715BD0B31
:107ED000B8420AC06F081741188916E118D018A1D6
:107EE0007F27251625982E79C08B54907FB330823A
:107EF0004080900D2F7D52926F982E0FCAB26F90D6
:107F00000E062F8B501430426F516F1442124201F3
:107F100042002E316F982E74C0416F807F982E746E
:107F2000C0826F10044352010F052ECB00003004B5
:107F300030212F516F43588C0E04301C2F858841FF
:107F40006F04418C0F0430162F8488002E044104E6
:107F5000058C0E04300F2F8288316F044104058C8C
:107F60000E0430082F8388002E04418C0F04300249
:107F70002F212EAD0114300091142F032EA10141A9
:107F8000900E2F032EAD0114304C28232EAD014648
:107F9000A0062F81848D5248828240212EA1014269
:107FA000425C2C0230052EAA0180B20230552F030C
:107FB0002EA901926FB330982E0FCAB26F900F00A6
:107FC0003002304A2FA26F875291008552510E0223
:107FD0002F002E432C0230C26F7F52910E02303C94
:107FE0002F516F8154982EFEC91025B3302125984A
:107FF0002E0FCA326FC07FB3301225982E0FCA429F
:108000006FB07FB3301225982E0FCAB26F902883BD
:1080100052982EFEC9C26F900F003002301D2F05FE
:108020002EA10180B212300F2F426F032EAB0191AF
:108030000E0230122F526F032EAC01910F02300C42
:108040002F212EAA010A2C1230032ECB008D5808A6
:1080500089414011430043252EA101D46F8F520066
:10806000433A89002E10431043610EFB2F032EA0CC
:1080700001111A022F0225212EA001EB6F005FB81B
:108080002E915210300230955652424B0EFC2F8DDD
:10809000548882935680425342404242868354C061
:1080A0002EC242002EA3520051524047401A2501D1
:1080B0002E97008FBE7286FB7F0B307CBFA55010C1
:1080C00008DFBA7088F8BFCB42D37F6CBBFCBBC55E
:1080D0000A907F1B7F0B43C0B2E57FB77FA67FC4AA
:1080E0007F902E1CB7072ED200C0B20B2F975201E3
:1080F0002ECD00827F982EBBCC0B30372ED2008243
:108100006F906F1A2500B28B7F142FA6BD25BDB6C8
:10811000B92FB980B2D4B00C2F99549B560B300BA9
:108120002EB100A1589B42DB426C092B2EB1008B73
:1081300042CB42867F7384A756C3083952055072DA
:108140007F637F982EC2C0E16F626FD10A012ECD8E
:1081500000D56FC46F726F97529D5C982E06CD2329
:108160006F906F9952C0B204BD5440AFB94540E121
:108170007F0230062FC0B20230032F9B5C12309476
:1081800043854303BF6FBB80B3202F066F260116C4
:108190006F6E034542C090292ECE009B52142F9B38
:1081A0005C002E93418641E304AE0780AB042F8030
:1081B000910A2F866F730F072F836FC0B2042F545D
:1081C0004245421230042C1130022C113011300281
:1081D000BC0FB8D27F00B20A2F012EFC00052EC7BB
:1081E00001101A022F212EC701032D022C0130018C
:1081F00030B06F982E95CFD16FA06F982E95CFE2AB
:108200006F9F52012ECE00824050420C2C424211F0
:1082100030232ED2000130B06F982E95CFA06F0181
:1082200030982E95CF002EFB6F005FB82E8386010D
:10823000300030944024180600530E4F02F92FB836
:108240002EA952002E604041400DBC98BCC02E01AA
:108250000A0FB8AB52533C524040404B00821626A6
:10826000B901B84140100897B80108C02E1130017B
:1082700008438625400440D8BE2C0B2211544203EB
:10828000804B0EF62FB82E9F501050AD52052ED3B6
:1082900000FB7F002E13409342410EFB2F982EA52A
:1082A000B7982E87CF012ED90000B2FB6F0B2F019C
:1082B0002E69F7B13F01080130F05F232ED900216C
:1082C0002E69F7802E7AB7F05FB82E012EC0F80322
:1082D0002EFCF51554AF5682080B2E69F7CB0AB168
:1082E000588090DDBE4C085FB959228090072F035B
:1082F00034C308F23A0A080235C0904A0A4822C03C
:108300002E232EFCF51050FB7F982E56C7982E4931
:10831000C31030FB6FF05F212ECC00212ECA00B8B5
:108320002E032ED30016B802344A0C212E2DF5C090
:108330002E232ED30003BC212ED500032ED50040C2
:10834000B21030212E77000130052F052ED8008085
:1083500090012F232E6FF5C02E212ED900113081D0
:1083600008012E6AF7713F23BD0108020AC02E21C1
:108370002E6AF730250030212E5AF51050212E7B21
:1083800000212E7C00FB7F982EC3B74030212ED4D5
:1083900000FB6FF05F0325802EAFB7802E00C180F9
:1083A0002E00C1802E00C1802E00C1802E00C18011
:1083B0002E00C1802E00C1802E00C1802E00C18001
:1083C0002E00C1802E00C1802E00C1802E00C180F1
:1083D0002E00C1802E00C1012E5DF708BC80AC0EBE
:1083E000BB022F003041048206C0A40030112F4090
:1083F000A9032F40910D2F00A70B2F80B3B3580274
:108400002F90A12613202380901030012FCC0E0036
:108410002F0030B82EB550180808BC88B60D17C606
:10842000BD56BCB758DABA04011D0A1050053032E7
:10843000254503FB7FF6302125982E37CA16B59ABD
:10844000BC06B880A8410A0E2F8090022F2D5048FC
:108450000F092FBFA0042FBF90062FB754CA0F03D8
:108460002F002E022CB7522D52F233982ED9C0FB7A
:108470006FF137C02E0108F05FBF56B954D040C429
:10848000400B2EFDF3BF529042944295420530C1FD
:10849000500F88064004419642C54248BE73300DD5
:1084A0002ED8004FBA8442034281B3022F2B2E6F85
:1084B000F5062D052E77F7BD569308252E77F7BBC9
:1084C00054252EC2F5072EFDF34230B433DA0A4CA0
:1084D00000272EFDF34340D43FDC084342002E002A
:1084E0002E43402430DC0A43420480032EFDF34A2D
:1084F0000A232EFDF36134C02E0142002E60501A73
:10850000257A86E07FF37F0325C3524184DB7F33E6
:1085100030982E16C21A257D82F06FE26F32251632
:10852000409440260185408E17C4426E0395424117
:108530000EF42FDB6FA05FB82EB051FB7F982EE8B2
:108540000D5A25982E0F0ECB583287C47F65896B44
:108550008DC55A657FE17F837FA67F747FD07FB60C
:108560007F947F1730C752C954517F002E856F42C8
:108570007F002E51414581424113403B8A00404BD0
:1085800004D006C0AC857F022F02305104D30641CF
:108590008405305D02C916DF08D3008D02AFBCB17F
:1085A000B9590A656F1143A1B45241534101433493
:1085B0007F657F2631E56FD46F982E37CA326F758D
:1085C0006F83404241237F127FF63040255125982A
:1085D0002E37CA146F2005706F256F6907A26F319F
:1085E0006F0B3004429B428B425542327F40A9C3FD
:1085F0006F717F0230D040C37F032F4091152F0051
:10860000A7132F00A4112F84BD982E79CA556FB7D8
:108610005454418200F33F4541CB02F630982E3747
:10862000CA356FA46F4143032C0043A46F356F1705
:1086300030426F516F934042820041C30003435167
:108640007F002E944041414C02C46FD156630E749A
:108650006F5143A57F8A2F092ED80001B3212FCB5C
:1086600058906F1341B66FE47F002E9141144092F1
:10867000411540172E6FF5B67FD07FCB7F982E0027
:108680000C0715C26F140B292E6FF5C3A3C18FE41D
:108690006FD06FE62F1430052E6FF5140B292E6F57
:1086A000F5182DCD560432B56F1C0151415241C30E
:1086B00040B57FE47F982E1F0CE46F2187004304B0
:1086C00032CF545A0EEF2F1554092E77F7220B296B
:1086D0002E77F7FB6F505EB82E1050012ED400009D
:1086E000B2FB7F512F01B2482F02B2422F039056A6
:1086F0002FD75279804240818400404242982E9385
:108700000CD954D750A14098BD82403E82DA0A4429
:10871000408B16E3005342002E43409A025242001F
:108720002E414015544A0E3A2F3A820030414021E2
:108730002E850F40B20A2F982EB10C982E450E9818
:108740002E5B0EFB6FF05F0030802ECEB7DD52D374
:108750005442424F847330DB5283421B306B4223BE
:1087600030272ED700372ED400212ED6007A84173A
:108770002C42423030212ED400122D2130003023E3
:108780002ED400212E7BF70B2D1730982E510CD5AF
:10879000500C8272302F2ED400252E7BF7404200E1
:1087A0002EFB6FF05FB82E70500A253986FB7FE1F3
:1087B000326230982EC2C4B556A56FAB08916F4B8C
:1087C00008DF56C46F23094DBA93BC8C0BD16F0BD5
:1087D00009CB52E15E5642AF094DBA23BD940AE57A
:1087E0006F68BBEB08BDB963BEFB6F5242E30AC0C2
:1087F0002E4342905FD150032E25F3134000409B3F
:10880000BC9BB408BDB8B998BCDA0A08B68916C0D2
:108810002E190062021050FB7F982E810D012ED47C
:108820000031300804FB6F0130F05F232ED60021A9
:108830002ED700B82E012ED700032ED600480E01E9
:108840002F802E1F0EB82EE350213401428230C1FA
:1088500032252E62F50100223001404A0A0142B859
:108860002EE354F03B8340D808E552834200308326
:10887000305042C432272E64F5940050424042D317
:108880003F84407D82E30840428342B82EDD52009F
:108890003040427C86B952092E700FBF54C442D377
:1088A000865440554094428542212ED700424025AF
:1088B0002EFDF3C0427E82052E7D0080B2142F056E
:1088C0002E890027BD2FB98090022F212E6FF50C25
:1088D0002D072E710F14301C09052E77F7BD564752
:1088E000BE9308940A252E77F7E75450424A0EFCAF
:1088F0002FB82E505002304386E550FB7FE37FD2E5
:108900007FC07FB17F002E414000404804982E7404
:10891000C01EAAD36F1430B16FE322C06F5240E47F
:108920006F4C0E1242D37FEB2F032E860F40901117
:1089300030032F232E860F022C0030D06FFB6FB038
:108940005FB82E4050F17F0A253C86EB7F413322F1
:1089500030982EC2C4D36FF430DC094758C26F94EC
:1089600009EB586ABBDC08B4B9B1BDE95A950821D6
:10897000BDF6BF770B51BEF16FEB6F52425442C050
:108980002E4342C05F5050F55031301142FB7F7B87
:10899000300B4211300280233301420300072E8046
:1089A00003052ED3002352E27FD37FC07F982EB6DB
:1089B0000ED16F080A1A257B86D07F0133123098BA
:1089C0002EC2C4D16F080A00B20D2FE36F012E80B2
:1089D000035130C786232E21F208BCC042982EA531
:1089E000B7002E002ED02EB06F0BB8032E1B000840
:1089F0001AB07F7030042F212E21F2002E002ED0CD
:108A00002E982E6DC0982E5DC0ED50982E44CBEF61
:108A100050982E46C3F150982E53C73550982E6467
:108A2000CF1030982EDC032026C06F02311242ABEB
:108A3000330B42378001300142F337F752FB504489
:108A400040A20A42428B31092E5EF7F954E30883B3
:108A5000421B4223334B00BC840B40333083420B18
:108A600042E07FD17F982E58B7D16F8030404203CB
:108A700030E06FF3540430002E002E0189620EFAAC
:108A80002F43421130FB6FC02E0142B05FC14A003C
:108A9000006D570000778E0000E0FFFFFFD3FFFF5F
:108AA000FFE5FFFFFFEEE1FFFF7C13000046E6FF5E
:108AB000FF000000000000000000000000000000B7
:108AC00000000000000000000000000000000000A6
:108AD0000000000000000000000000000000000096
:108AE0000000000000000000000000802E00C18097
:108AF0002E00C1802E00C1802E00C1802E00C180BA
:108B00002E00C1802E00C1802E00C1802E00C180A9
:108B10002E00C1802E00C1802E00C1802E00C18099
:108B20002E00C1802E00C1802E00C1802E00C18089
:108B30002E00C1802E00C1802E00C1802E00C18079
:108B40002E00C1802E00C1802E00C1802E00C18069
:108B50002E00C1802E00C1802E00C1802E00C18059
:108B60002E00C1802E00C1802E00C1802E00C18049
:108B70002E00C1802E00C1802E00C1802E00C18039
:108B80002E00C1802E00C1802E00C1802E00C18029
:108B90002E00C1802E00C1802E00C1802E00C18019
:108BA0002E00C1802E00C1802E00C1802E00C18009
:108BB0002E00C1802E00C1802E00C1802E00C180F9
:108BC0002E00C1802E00C1802E00C1802E00C180E9
:108BD0002E00C1802E00C12F01002401022A0103B2
:108BE0002B01032601042201052C010509010604BD
:108BF000010C0502000302041D030006060207061D
:108C00000208060213060614070007000008000405
:108C100013000609000829000C27000E28000E008A
:108C2000DD290100E50501007D05010049324353BE
:108C30006C6176650000000000000000000000008C
:108C4000B92701007D45010089270100DD270100CA
:108C5000D7270100EB27010021280100512801003E
:108C6000752801001B290100FD280100952701003E
:108C70004B290100A127010083290100A927010038
:108C8000DF270100E52701008D270100CD28010025
:108C900000C00140001002400020024000D002400D
:108CA000BD2E0100E50501007D050100000000006A
:108CB000000000002D2F0100AD2F010089270100C9
:108CC000792D01009D30010081310100F930010052
:108CD000312E01002D2D0100912D0100DD2E01000E
:108CE0004E616E6F20333320424C4500000000007F
:108CF00000000000A9320100C53201007B93010091
:108D00006D88010079850100618601006194010090
:108D10008581010087810100E9820100E98201006B
:108D20001D820100A1330100E5340100ED81010045
:108D3000A132010095340100C13401000582010017
:108D40005B340100693201006D3201006F320100B5
:108D50007132010087320100DB3201001B33010058
:108D60004F33010077330100913601009536010041
:108D7000993601001003410072006400750069001B
:108D80006E006F000000000000000000A13801002C
:108D9000B5380100FB3D0100EB7D01000000000043
:108DA00000000000C9380100DD380100353F010036
:108DB000EB7D010000000000000000007938010098
:108DC0008D380100A3360100EB7D0100953A0100CA
:108DD000E50501007D050100802500000000080078
:108DE000FFFFFFFF5F72785F73697A65203D3D206A
:108DF00030005F74785F6C6973742E656D70747980
:108E00002829005F72785F6C6973742E656D7074C9
:108E100079282900433A5C55736572735C7A616303
:108E2000686A5C417070446174615C4C6F63616C32
:108E30005C41726475696E6F31355C7061636B6142
:108E40006765735C61726475696E6F5C686172649A
:108E5000776172655C6D6265645F6E616E6F5C33D5
:108E60002E352E345C636F7265735C617264756954
:108E70006E6F5C5553425C5553424344432E6370BE
:108E800070007265736F6C7665722E76616C6964C2
:108E9000282900000000000000000000BD3601008D
:108EA0002D3C0100413C01005D3C01007139010095
:108EB000B53A010073380100F1380100AB3601000A
:108EC000B1360100293801005D380100B5360100D6
:108ED0009D3601009F360100A136010016034300B4
:108EE0004400430020004400450056004900430070
:108EF00045000000F9400100E50501007D05010085
:108F0000D33F0100E50501007D0501005553426591
:108F1000767400000000000000000000BD36010073
:108F20002D3C0100413C01005D3C01007139010014
:108F3000B53A010073380100F1380100AB36010089
:108F4000B13601001941010075410100B53601003B
:108F50007F400100B9400100A13601002D40010011
:108F60005540010061420100BF3F0100CB3F0100BD
:108F700079300100C530010035310100CF3F0100DB
:108F8000092F0100712F0100D73F0100D8FEFFFF1C
:108F90000000000065410100934101004F9E010067
:108FA0001F9E0100819E01001B9E01001B9E01006F
:108FB0001B9E01001B9E0100859E01001B9E01005F
:108FC000933F0100993F0100A53F0100A93F010027
:108FD000AF3F0100B53F0100B93F01004D40010026
:108FE00077400100BB3F0100BD3F0100D4FEFFFF01
:108FF000000000006D4101008B410100C0FEFFFF39
:1090000000000000252F0100A72F01008927010083
:10901000D13F01009530010079310100F3300100AA
:109020003D430100C53F0100CD3F0100E73F010086
:109030000000000000000000A74301006E616E0008
:10904000696E66006F766600433A5C5573657273AD
:109050005C7A6163686A5C417070446174615C4C05
:109060006F63616C5C41726475696E6F31355C7001
:1090700061636B616765735C61726475696E6F5C77
:1090800068617264776172655C6D6265645F6E6170
:109090006E6F5C332E352E345C636F7265735C616A
:1090A000726475696E6F2F6D6265642F746172678B
:1090B0006574732F5441524745545F4E4F52444993
:1090C000432F5441524745545F4E524635782F67DF
:1090D00070696F5F6F626A6563742E68006F626AA1
:1090E0002D3E70696E20213D202850696E4E616DC5
:1090F00065294E43005254582056352E352E3300E4
:10910000000000000000000000000000000000005F
:10911000000000000000000000000000000000004F
:10912000000000000000000000000000000000003F
:10913000000000000000000005000000E80300003F
:109140000500000098290020100000000000000029
:10915000000000000000000000000000000000000F
:1091600000000000000000000000000000000000FF
:1091700000000000000000000000000000000000EF
:1091800000000000000000000000000000100000CF
:10919000FC910200D8910200696C0100496C010049
:1091A000AC9102000400000000000000000000007C
:1091B00000000000D8230020340000008823002095
:1091C000500000007274785F74696D65720072748B
:1091D000785F69646C650000C491020000000000C3
:1091E000102700204400000010240020000300008D
:1091F000280000000100000000000000CE910200E5
:1092000000000000542700204400000098270020A0
:10921000000200000100000001000000000000004A
:109220006D616C6C6F635F6D7574657800656E76EB
:109230005F6D75746578006D61696E0050726520B0
:109240006D61696E20746872656164206E6F742050
:1092500063726561746564004661696C656420745D
:109260006F2073746172742052544F530073696E8F
:10927000676C65746F6E5F6D7574657800000000D3
:109280006D9202000B000000402A00201C0000002C
:10929000434D5349532D52544F53206572726F7290
:1092A0003A20537461636B206F766572666C6F77DA
:1092B00000434D5349532D52544F53206572726FE2
:1092C000723A20495352205175657565206F766555
:1092D00072666C6F7700434D5349532D52544F5370
:1092E000206572726F723A20557365722054696DF1
:1092F00065722043616C6C6261636B2051756575AA
:1093000065206F766572666C6F7700434D534953E5
:109310002D52544F53206572726F723A2053544449
:1093200020432F432B2B206C696272617279206C71
:1093300069627370616365206E6F74206176616924
:109340006C61626C6500434D5349532D52544F5329
:10935000206572726F723A2053544420432F432B7E
:109360002B206C696272617279206D75746578204A
:10937000696E697469616C697A6174696F6E20667F
:1093800061696C656400434D5349532D52544F53EA
:10939000206572726F723A20556E6B6E6F776E0039
:1093A0004E6F7420616C6C6F77656420696E204924
:1093B000535220636F6E74657874005379737465CB
:1093C0006D206973206F7574206F66206D656D6FF9
:1093D000727900506172616D657465722065727298
:1093E0006F72005265736F75726365206E6F7420C3
:1093F000617661696C61626C65004F706572617461
:10940000696F6E206E6F7420636F6D706C6574652C
:10941000642077697468696E207468652074696D6A
:10942000656F757420706572696F6400556E737036
:10943000656369666965642052544F532065727292
:109440006F720000A0930200BB930200D39302004E
:10945000E3930200FA9302002C9402002E2F6D6217
:1094600065642D6F732F636D7369732F64657669FF
:1094700063652F72746F732F736F757263652F6DD1
:109480006265645F7274785F69646C652E63707086
:10949000007469636B735F736C657074203C207239
:1094A000746F733A3A4B65726E656C3A3A776169DC
:1094B000745F666F725F7533325F6D6178006672DC
:1094C0006571203D3D20313030300068616E646C44
:1094D0006572203D3D202849525148616E646C659B
:1094E000725F74294E5649435F47657456656374CD
:1094F0006F722869727129002E2F6D6265642D6F5D
:10950000732F706C6174666F726D2F696E636C750A
:1095100064652F706C6174666F726D2F43616C6C43
:109520006261636B2E6800626F6F6C282A746869D1
:109530007329002E2F6D6265642D6F732F706C611F
:1095400074666F726D2F696E636C7564652F706CD5
:109550006174666F726D2F53696E676C65746F6EA0
:109560005074722E680070203D3D207265696E74E3
:109570006572707265745F636173743C54202A3E37
:1095800028265F6461746129002E2F6D6265642D49
:109590006F732F746172676574732F54415247451E
:1095A000545F4E4F524449432F5441524745545FF4
:1095B0004E524635782F6770696F5F6F626A6563D8
:1095C000742E68000000000000000000FD73010020
:1095D0000D740100297201004972010000000000B1
:1095E00000000000F57401001D7501002E2F6D6252
:1095F00065642D6F732F647269766572732F736F54
:10960000757263652F53657269616C426173652E73
:10961000637070005F7374617469635F70696E6D0D
:109620006170203D3D204E554C4C00000000000074
:109630000000000091750100917501000D79010095
:10964000817901000000000000000000A14301003A
:1096500000000000000000009175010091750100FC
:10966000F17C01000D7D0100297D0100757D010067
:10967000737C01007F7C01008B7C0100937C0100E6
:10968000CD7C0100DF7C01009B7C0100F8FEFFFF28
:1096900000000000057D0100237D01009B7D01008D
:1096A0006D7D0100797C0100977C01006F7C0100D9
:1096B0008F7C01004D71010057710100857C010014
:1096C000933F0100993F0100A53F0100D77C0100B5
:1096D000E97C0100C57C0100B93F01002E2F6D62BD
:1096E00065642D6F732F647269766572732F75735D
:1096F000622F736F757263652F4173796E634F705C
:109700002E637070005F6C697374203D3D204E5570
:109710004C4C005F77616974203D3D204E554C4CA8
:109720000000000000000000000000000000000039
:1097300000000000A1430100EB7D01002E2F6D62AF
:1097400065642D6F732F647269766572732F7573FC
:10975000622F736F757263652F5553424465766946
:1097600063652E637070005F6C6F636B6564203E91
:1097700020300054686520656E64706F696E7420D7
:109780006973206E6F7420696E64657861626C65C0
:109790002E005F7472616E736665722E75736572EA
:1097A0005F63616C6C6261636B203D3D205265714B
:1097B0007565737458666572446F6E6500446576AE
:1097C0006963652073746174652069732022506F2A
:1097D000776572656422206F72202244657461632C
:1097E000686564220054686520737461636B206946
:1097F000732077616974696E67206F6E20612075D0
:109800007365722063616C6C6261636B20666F725A
:10981000207468652062756666657220746F2066C4
:10982000696C6C206F72207374617475732E005FA5
:109830007472616E736665722E757365725F6361B3
:109840006C6C6261636B203D3D20536574436F6EA9
:1098500066696775726174696F6E005F7472616EBC
:10986000736665722E757365725F63616C6C62619D
:10987000636B203D3D20536574496E74657266616B
:109880006365005F7472616E736665722E757365D1
:10989000725F63616C6C6261636B203D3D20526559
:1098A0007175657374002128696E666F2D3E666C54
:1098B000616773202620454E44504F494E545F4502
:1098C0004E41424C454429006D61785F7061636B85
:1098D00065745F73697A65203C3D20313032340015
:1098E00021636F6E66696775726564282900546824
:1098F000652073697A65206F6620746865206461ED
:10990000746120746F2072656164206973206C65D6
:109910007373207468616E20746865206D617820AF
:109920007061636B65742073697A6520666F72205D
:109930007468697320656E64706F696E742E00546C
:10994000686520656E64706F696E74206973206E3F
:109950006F7420696E64657861626C650053697A22
:1099600065206265696E67207772697474656E2020
:10997000697320746F6F206C617267652E00215FC0
:10998000696E697469616C697A6564000000000041
:109990000000000000000000000000007B930100B8
:1099A0006D880100798501006186010061940100E4
:1099B0008581010087810100E9820100E9820100BF
:1099C0001D8201008D810100A1430100ED81010094
:1099D000F581010015820100FD8101000582010071
:1099E0000D820100693201006D3201006F32010009
:1099F00083810100A1430100A1430100A1430100B3
:109A0000A1430100A1430100BD8201003D8201008C
:109A10009D820100160355005300420020004400BF
:109A20004500560049004300450008035500530017
:109A300042000603300031001603300031003200CE
:109A40003300340035003600370038003900120387
:109A50006D006200650064002E006F0072006700F8
:109A6000040309046571756575650000749A020048
:109A700018AC0020F50A0200FD0A02003D0B0200AE
:109A80004D0B0200090B0200150B0200F90A02003F
:109A9000ED0A0200010000002E2F6D6265642D6F3B
:109AA000732F68616C2F736F757263652F6D6265BC
:109AB000645F7469636B65725F6170692E63006DCA
:109AC000617463685F7469636B20213D2071756503
:109AD00075652D3E7469636B5F6C6173745F72654D
:109AE0006164005469636B657220667265717565A7
:109AF0006E6379206973207A65726F005469636BB5
:109B00006572206E756D626572206F662062697481
:109B10002069732067726561746572207468616E74
:109B2000203332206F72206C657373207468616E0D
:109B30002034206269747300409B020058AC0020FE
:109B4000A59B010051D80100ADD80100BDD801008E
:109B500061D801009DD80100959B0100ADD701009F
:109B60000000000064656661756C74000000000010
:109B700000000000519C0100B59C010000000000A5
:109B8000000000000000000000000000A1430100F0
:109B9000A1430100A1430100A14301006F7C01002A
:109BA0003D9D01004D71010057710100419D010073
:109BB000933F0100993F0100A53F0100A93F01002B
:109BC000AF3F0100B53F0100B93F01002F002E2F2C
:109BD0006D6265642D6F732F706C6174666F726D4A
:109BE0002F736F757263652F46696C655061746879
:109BF0002E637070006C656E20213D203000772B45
:109C00000053747265616D206F626A206661696CD1
:109C100075726500000000000000000000000000F8
:109C200000000000A1430100A1430100A143010085
:109C3000A14301006F7C01003D9D01004D710100B9
:109C400057710100419D0100933F0100993F0100C0
:109C5000A53F0100A93F0100AF3F0100B53F010052
:109C6000B93F0100FCFFFFFF000000000000000002
:109C700000000000000000000000000000000000E4
:109C8000000000004F9E01001F9E0100819E010008
:109C90001B9E01001B9E01001B9E01001B9E0100DC
:109CA000859E01001B9E0100933F0100993F01002A
:109CB000A53F0100A93F0100AF3F0100B53F0100F2
:109CC000B93F0100A1430100A1430100BB3F0100D6
:109CD000BD3F0100FCFFFFFF00000000000000008E
:109CE000000000002E2F6D6265642D6F732F706C65
:109CF0006174666F726D2F736F757263652F537920
:109D00007354696D65722E63707000215F746963AE
:109D10006B696E6700215F7469636B696E672026EB
:109D20002620215F77616B655F74696D655F736580
:109D300074000000000000000000000049A00100C5
:109D40000A52252D34643A202530386C58000A53C5
:109D5000502020203A202530386C580A4C522020C0
:109D6000203A202530386C580A50432020203A20D1
:109D70002530386C580A78505352203A2025303814
:109D80006C580A50535020203A202530386C580A1D
:109D90004D535020203A202530386C58000A43504B
:109DA0005549443A202530386C58000A48465352E9
:109DB000203A202530386C580A4D4D4653523A20EF
:109DC0002530386C580A42465352203A2025303804
:109DD0006C580A55465352203A202530386C580AA0
:109DE00044465352203A202530386C580A41465395
:109DF00052203A202530386C58000A4D4D464152C9
:109E00003A202530386C58000A42464152203A2008
:109E10002530386C58000A4D6F6465203A2054682C
:109E200072656164000A50726976203A2055736544
:109E300072000A50726976203A2050726976696C15
:109E400065676564000A4D6F6465203A2048616E5D
:109E5000646C6572000A537461636B3A205053500E
:109E6000000A537461636B3A204D5350000A2B2B48
:109E7000204D6265644F53204661756C74204861C3
:109E80006E646C6572202B2B0A0A4661756C7454E3
:109E90007970653A20004D656D4D616E616765466C
:109EA00061756C74004275734661756C740055730E
:109EB0006167654661756C740048617264466175DE
:109EC0006C74000A0A436F6E746578743A000A0A6B
:109ED0002D2D204D6265644F53204661756C7420B2
:109EE00048616E646C6572202D2D0A0A004661750A
:109EF0006C7420657863657074696F6E002E2E2E09
:109F00000A002E2F6D6265642D6F732F706C617463
:109F1000666F726D2F736F757263652F6D62656406
:109F20005F637269746963616C2E63006372697444
:109F30006963616C5F73656374696F6E5F72656599
:109F40006E7472616E63795F636F756E7465722093
:109F50003C2055494E5433325F4D4158003C756E9C
:109F60006E616D65643E00203C68616E646C657274
:109F70003E000A0A2B2B204D6265644F5320457228
:109F8000726F7220496E666F202B2B0A4572726FBA
:109F900072205374617475733A20307825582043C9
:109FA0006F64653A202564204D6F64756C653A20B6
:109FB00025640A4572726F72204D6573736167651F
:109FC0003A20004B65726E656C204572726F723A72
:109FD000203078256C582C20005468726561643AF2
:109FE000203078256C582C20004D757465783A2007
:109FF0003078256C582C200053656D6170686F7245
:10A00000653A203078256C582C20004D656D6F72B4
:10A0100079506F6F6C3A203078256C582C200045B1
:10A0200076656E74466C6167733A203078256C589B
:10A030002C200054696D65723A203078256C582CBC
:10A0400020004D65737361676551756575653A20CC
:10A050003078256C582C2000417373657274696FD9
:10A060006E206661696C65643A20000A4C6F63611A
:10A0700074696F6E3A203078256C58000A46696C16
:10A08000653A20002B2564000A4572726F722056D3
:10A09000616C75653A203078256C58000A437572FA
:10A0A00072656E74205468726561643A2025732568
:10A0B000732049643A203078256C5820456E7472BC
:10A0C000793A203078256C5820537461636B53695A
:10A0D0007A653A203078256C5820537461636B4D53
:10A0E000656D3A203078256C582053503A203078EE
:10A0F000256C5820000A466F72206D6F72652069CA
:10A100006E666F2C2076697369743A206874747077
:10A11000733A2F2F6D6265642E636F6D2F732F65F9
:10A1200072726F723F6572726F723D30782530388F
:10A1300058266F737665723D256C6426636F726571
:10A140003D30782530386C5826636F6D703D25643E
:10A15000267665723D256C75267467743D415244C0
:10A1600055494E4F5F4E414E4F3333424C45000AE6
:10A170002D2D204D6265644F53204572726F722001
:10A18000496E666F202D2D0A0044656570536C651D
:10A1900065704C6F636B206F766572666C6F7720AD
:10A1A000283E20307846464646290044656570536F
:10A1B0006C6565704C6F636B20756E646572666C60
:10A1C0006F7720283C203029002E2F6D6265642D8A
:10A1D0006F732F706C6174666F726D2F736F757211
:10A1E00063652F6D6265645F726574617267657423
:10A1F0002E637070002867756172642026204358B2
:10A20000415F47554152445F4D41534B29203D3DED
:10A210002030002867756172642026204358415F12
:10A2200047554152445F4D41534B29203D3D20430A
:10A2300058415F47554152445F494E49545F494E2A
:10A240005F50524F4752455353004572726F722010
:10A250002D2077726974696E6720746F20612066A3
:10A26000696C6520696E20616E20495352206F72BF
:10A2700020637269746963616C2073656374696FCC
:10A280006E0D0A000D004572726F72202D207265EE
:10A290006164696E672066726F6D20612066696C0B
:10A2A0006520696E20616E20495352206F722063D1
:10A2B0007269746963616C2073656374696F6E0D94
:10A2C0000A004F70657261746F72206E6577206F3F
:10A2D0007574206F66206D656D6F72790D0A0000D0
:10A2E0000000000000000000D9AB010055AC0100E7
:10A2F00061AC010001AC0100C5AB0100D5AB0100B0
:10A300006F7C0100D1AB01004D710100577101005C
:10A31000CBAB0100933F0100993F0100A53F010035
:10A32000A93F0100AF3F010025AC0100B93F01008A
:10A330000000000023000000000000002A000000D0
:10A3400000000000010000002F7374646572720049
:10A350002F7374646F7574002F737464696E002EAC
:10A360002F6D6265642D6F732F706C6174666F72F0
:10A370006D2F736F757263652F6D6265645F7374A3
:10A380006174732E6300737461747320213D204ED9
:10A39000554C4C002E2F6D6265642D6F732F7274B7
:10A3A0006F732F736F757263652F4576656E744694
:10A3B0006C6167732E637070005F69640061707018
:10A3C0006C69636174696F6E5F756E6E616D6564F3
:10A3D0005F6576656E745F666C616773006170704F
:10A3E0006C69636174696F6E5F756E6E616D6564D3
:10A3F0005F6D75746578002E2F6D6265642D6F73C7
:10A400002F72746F732F736F757263652F4D757430
:10A4100065782E637070005F6964207C7C206D62BB
:10A4200065645F6765745F6572726F725F696E5FA6
:10A4300070726F67726573732829004D7574657843
:10A44000206C6F636B206661696C6564004D757488
:10A45000657820756E6C6F636B206661696C6564EE
:10A46000002E2F6D6265642D6F732F72746F732FC2
:10A47000736F757263652F53656D6170686F726578
:10A480002E637070005F696420213D206E756C6CD6
:10A490007074720053656D6170686F7265206163DE
:10A4A0007175697265206661696C6564002E2F6D37
:10A4B0006265642D6F732F72746F732F736F757273
:10A4C00063652F546869735468726561642E6370A4
:10A4D000700028666C616773203D3D206F73466C89
:10A4E0006167734572726F7254696D656F75742020
:10A4F00026262072656C5F74696D6520213D20778A
:10A500006169745F666F725F7533325F666F726523
:10A5100076657229207C7C2028666C616773203DFB
:10A520003D206F73466C6167734572726F7252653E
:10A53000736F757263652026262072656C5F74697F
:10A540006D65203D3D2072656C5F74696D652E7A86
:10A5500065726F28292900737461747573203D3DFD
:10A56000206F734F4B006170706C69636174696F29
:10A570006E5F756E6E616D65645F7468726561644F
:10A58000000000000000000000000000E1B7010032
:10A590001DB80100FFFF0000FFFFFFFFFFFF0000ED
:10A5A000FFFFFFFF2E2F6D6265642D6F732F7461A7
:10A5B00072676574732F5441524745545F4E4F5232
:10A5C0004449432F5441524745545F4E52463578D3
:10A5D0002F5441524745545F4E524635322F544115
:10A5E000524745545F4D43555F4E524635323834DD
:10A5F000302F5553425068795F4E6F726469632EF5
:10A6000063707000726574203D3D204E52465F536A
:10A610005543434553530000000000000000000074
:10A620006DB801009DB8010029BA0100B9B9010057
:10A630006FB80100F5B90100ABB8010085B80100A1
:10A64000CBB8010087B801008DB8010093B80100B4
:10A6500085B8010095B80100A5BD0100CDBD010080
:10A66000C9BA010039B901004DBB010045B901006B
:10A6700049B9010067B9010083B9010089B9010036
:10A68000CFB801003FB90100FFB80100B1B9010026
:10A690008DBC010000060000310000003C000000FD
:10A6A0003C0000003C0000003C0000003C000000BA
:10A6B0003C0000003C0000003200000030000000C0
:10A6C00030000000300000003000000030000000CA
:10A6D00030000000300000004DBE01002E2F6D62E2
:10A6E00065642D6F732F746172676574732F5441A5
:10A6F000524745545F4E4F524449432F54415247AD
:10A7000045545F4E524635782F5441524745545F69
:10A710004E524635322F6770696F5F6170692E63E4
:10A72000006572725F636F646520213D204E524662
:10A73000585F4552524F525F4E4F5F4D454D002876
:10A7400075696E7433325F742970696E203C2047DE
:10A7500050494F5F50494E5F434F554E54002E2F86
:10A760006D6265642D6F732F746172676574732FEA
:10A770005441524745545F4E4F524449432F544130
:10A78000524745545F4E524635782F544152474503
:10A79000545F4E524635322F6932635F6170692EC5
:10A7A0006300696E7374616E6365203C204E52468F
:10A7B000585F5457495F454E41424C45445F434FB3
:10A7C000554E5400003000400000000000400040A2
:10A7D0000100000000300040000000000040004088
:10A7E0000100000000300040004000402E2F6D624C
:10A7F00065642D6F732F746172676574732F544194
:10A80000524745545F4E4F524449432F544152479B
:10A8100045545F4E524635782F5441524745545F58
:10A820004E524635322F73657269616C5F61706993
:10A830002E63006F626A00646174615F62697473A1
:10A84000203D3D20380028706172697479203D3DBB
:10A85000205061726974794E6F6E6529207C7C206E
:10A8600028706172697479203D3D2050617269746D
:10A87000794576656E290073746F705F62697473D1
:10A88000203D3D203100010101000000002000407A
:10A890000080024040420F00200000000000FFFF47
:10A8A000DEC0ADDEFE011EF1DEC0ADDEFF011EF139
:10A8B0000C0D0E0F101112131402030405060708E5
:10A8C000090B3001340138013C01400144014801C9
:10A8D0004C01500108010C011001140118011C0168
:10A8E000200124012C0100008DE4010051E601004B
:10A8F00021E60100D9E60100D3E60100CDE6010022
:10A90000C7E60100C1E60100BBE60100B5E60100B3
:10A9100011E5010021E90100D1EE0100D5E80100B7
:10A92000CFE80100C9E80100C3E80100BDE801006B
:10A93000B7E80100B1E8010079E90100DDE80100B4
:10A940002DE50100B5F00100C1E90100710102002F
:10A9500081010200CD060200DD0602000080000039
:10A96000180000000000000073717274660000009F
:10A970003863ED3EDA0F493F5E987B3FDA0FC93FFF
:10A980006937AC3168212233B40F14336821A23304
:10A9900000202020202020202020282828282820AF
:10A9A00020202020202020202020202020202020A7
:10A9B000208810101010101010101010101010100F
:10A9C00010040404040404040404041010101010FF
:10A9D00010104141414141410101010101010101C9
:10A9E000010101010101010101010101101010101B
:10A9F000101042424242424202020202020202029B
:10AA000002020202020202020202020210101010EE
:10AA10002000000000000000000000000000000016
:10AA20000000000000000000000000000000000026
:10AA30000000000000000000000000000000000016
:10AA40000000000000000000000000000000000006
:10AA500000000000000000000000000000000000F6
:10AA600000000000000000000000000000000000E6
:10AA700000000000000000000000000000000000D6
:10AA800000000000000000000000000000000000C6
:10AA9000000000001006002043000000504F534902
:10AAA000580000002E000000494E4600696E660006
:10AAB0004E414E006E616E003031323334353637E0
:10AAC00038394142434445460000000030313233BA
:10AAD00034353637383961626364656600000000DA
:10AAE000286E756C6C2900003000000020202020AA
:10AAF0002020202020202020202020203030303016
:10AB0000303030303030303030303030496E66697F
:10AB10006E697479000000004E614E000000000074
:10AB20000080E03779C34143176E05B5B5B8934649
:10AB3000F5F93FE9034F384D321D30F94877825A15
:10AB40003CBF737FDD4F1575000000000000F03F33
:10AB500000000000000024400000000000005940F8
:10AB60000000000000408F40000000000088C3404B
:10AB700000000000006AF8400000000080842E41C0
:10AB800000000000D01263410000000084D797410C
:10AB90000000000065CDCD41000000205FA0024212
:10ABA000000000E876483742000000A2941A6D4287
:10ABB000000040E59C30A2420000901EC4BCD6427A
:10ABC00000003426F56B0C430080E03779C3414325
:10ABD00000A0D8855734764300C84E676DC1AB439B
:10ABE000003D9160E458E143408CB5781DAF1544B9
:10ABF00050EFE2D6E41A4B4492D54D06CFF0804494
:10AC0000F64AE1C7022DB544B49DD9794378EA44A8
:10AC100005000000190000007D0000000000000099
:10AC20002055FE7F01000000000000000AD7233CF1
:10AC3000030107020602080413101408044005204B
:10AC400023000000000000000000000000000000E1
:10AC50002A000000000000000000000000000000CA
:10AC60002B000000000000000000000000000000B9
:10AC70002C000000000000000000000000000000A8
:10AC80002F00000000000000000000000000000095
:10AC90002D00000000000000000000000000000087
:10ACA0002E00000000000000000000000000000076
:10ACB000170000000000000000000000000000007D
:10ACC000150000000000000000000000000000006F
:10ACD0001B00000000000000000000000000000059
:10ACE0002200000000000000000000000000000042
:10ACF0002100000000000000000000000000000033
:10AD0000280000000000000000000000000000001B
:10AD10000D00000000000000000000000000000026
:10AD2000040000000000000000000000000000001F
:10AD3000050000000000000000000000000000000E
:10AD40001E000000000000000000000000000000E5
:10AD50001D000000000000000000000000000000D6
:10AD60001F000000000000000000000000000000C4
:10AD700002000000000000000000000000000000D1
:10AD80001C000000000000000000000000000000A7
:10AD900003000000000000000000000000000000B0
:10ADA000180000000000000000000000000000008B
:10ADB0001000000000000000000000000000000083
:10ADC000060000000000000000000000000000007D
:10ADD000290000000000000000000000000000004A
:10ADE0001300000000000000000000000000000050
:10ADF0001100000000000000000000000000000042
:10AE00001A00000000000000000000000000000028
:10AE10001900000000000000000000000000000019
:10AE20000E00000000000000000000000000000014
:10AE30000F00000000000000000000000000000003
:10AE400020000000000000000000000000000000E2
:10AE500016000000000000000000000000000000DC
:10AE6000F5900200D3B3FB020000000000000000D8
:10AE700000000000000000000000000000000000D2
:10AE800000000000000000000000000000000000C2
:10AE900000000000000000000000000000000000B2
:10AEA00000000000000000000000000000000000A2
:10AEB0000000000000000000000000000000000092
:10AEC0000000000000000000000000000000000082
:10AED0000000000000000000000000000000000072
:10AEE0000000000000000000000000000000000062
:10AEF0000000000000000000000000000000000052
:10AF0000000000004D6F0100010000009F9A010049
:10AF10009F9A0100D8B60020FFFFFFFFFFFFFFFF51
:10AF2000FFFFFFFF00000000000000000000000025
:10AF30000000000000000000000000000000000011
:10AF40000000000000000000000000000000000001
:10AF500000000000000000000000000000000000F1
:10AF600000000000000000000000000000000000E1
:10AF700000000000000000000000000000000000D1
:10AF800000000000000000000000000000000000C1
:10AF900000000000000000000000000000000000B1
:10AFA00000000000000000000000000000000000A1
:10AFB0000000000000000000000000000000000091
:10AFC0000000000000000000000000000000000081
:10AFD0000000000000000000000000000000000071
:10AFE0000000000000000000000000000000000061
:10AFF0000000000000000000000000000000000051
:10B000000000000000000000000000000000000040
:10B0100000000000000000000090D00301010000CB
:10B0200001000000FFFFFFFFFFFFFFFFFFFFFFFF2B
:10B03000FF0101001006002000000000FC080020B5
:10B0400064090020CC09002000000000000000007E
:10B0500000000000000000000000000000000000F0
:10B0600000000000000000000000000000000000E0
:10B0700000000000000000000000000000000000D0
:10B0800000000000000000000000000000000000C0
:10B0900000000000000000000000000000000000B0
:10B0A00000000000000000000000000000000000A0
:10B0B0000000000000000000000000000000000090
:10B0C0000000000000000000000000000000000080
:10B0D0000000000000000000000000000000000070
:10B0E00001000000000000000E33CDAB34126DE60D
:10B0F000ECDE05000B000000000000000000000076
:10B10000000000000000000000000000000000003F
:10B11000000000000000000000000000000000002F
:10B12000000000000000000000000000000000001F
:10B13000000000000000000000000000000000000F
:10B1400000000000000000000000000000000000FF
:10B1500000000000000000000000000000000000EF
:10B1600000000000000000000000000000000000DF
:10B1700000000000000000000000000000000000CF
:10B1800000000000000000000000000000000000BF
:10B1900000000000000000000000000000000000AF
:10B1A000000000000000000000000000000000009F
:10B1B000000000000000000000000000000000008F
:10B1C000000000000000000000000000000000007F
:10B1D000000000000000000000000000000000006F
:10B1E000000000000000000000000000000000005F
:10B1F000000000000000000000000000000000004F
:10B20000000000000000000000000000000000003E
:10B21000000000000000000000000000000000002E
:10B22000000000000000000000000000000000001E
:10B23000000000000000000000000000000000000E
:10B2400000000000000000000000000000000000FE
:10B2500000000000000000000000000000000000EE
:10B2600000000000000000000000000000000000DE
:10B2700000000000000000000000000000000000CE
:10B2800000000000000000000000000000000000BE
:10B2900000000000000000000000000000000000AE
:10B2A000000000000000000000000000000000009E
:10B2B000000000000000000000000000000000008E
:10B2C000000000000000000000000000000000007E
:10B2D000000000000000000000000000000000006E
:10B2E000000000000000000000000000000000005E
:10B2F000000000000000000000000000000000004E
:10B30000000000000000000000000000000000003D
:10B31000000000000000000000000000000000002D
:10B32000000000000000000000000000000000001D
:10B33000000000000000000000000000000000000D
:10B3400000000000000000000000000000000000FD
:10B3500000000000000000000000000000000000ED
:10B3600000000000000000000000000000000000DD
:10B3700000000000000000000000000000000000CD
:10B3800000000000000000000000000000000000BD
:10B3900000000000000000000000000000000000AD
:10B3A000000000000000000000000000000000009D
:10B3B000000000000000000000000000000000008D
:10B3C000000000000000000000000000000000007D
:10B3D000000000000000000000000000000000006D
:10B3E000000000000000000000000000000000005D
:10B3F000000000000000000000000000000000004D
:10B40000000000000000000000000000000000003C
:10B41000000000000000000000000000000000002C
:10B42000000000000000000000000000000000001C
:10B43000000000000000000000000000000000000C
:10B4400000000000000000000000000000000000FC
:10B4500000000000000000000000000000000000EC
:10B460004300000000000000000000000000000099
:10B4700000000000000000000000000000000000CC
:10B480004300000000000000000000000000000079
:10B4900000000000000000000000000000000000AC
:10B4A0004300000000000000000000000000000059
:10B4B000000000000000000000000000000000008C
:10B4C0004300000000000000000000000000000039
:10B4D000000000000000000000000000000000006C
:10B4E0004300000000000000000000000000000019
:10B4F000000000000000000000000000000000004C
:10B5000043000000000000000000000000000000F8
:10B51000000000000000000000000000000000002B
:10B5200043000000000000000000000000000000D8
:10B53000000000000000000000000000000000000B
:10B5400001500200152F02000000000090A9020027
:10B55000A4AA0200C8AA0200C8AA0200C8AA02003F
:10B56000C8AA0200C8AA0200C8AA0200C8AA02000B
:10B57000C8AA0200C8AA0200FFFFFFFFFFFFFFFFEB
:10B58000FFFFFFFFFFFF0000010041534349490057
:10B5900000000000000000000000000000000000AB
:10B5A0000000000000000000000041534349490032
:10B5B000000000000000000000000000000000008B
:10B5C000000000000000000000000000000000007B
:10B5D00000000000A40B0020A40B0020AC0B0020F6
:10B5E000AC0B0020B40B0020B40B0020BC0B0020DF
:10B5F000BC0B0020C40B0020C40B0020CC0B00208F
:10B60000CC0B0020D40B0020D40B0020DC0B00203E
:10B61000DC0B0020E40B0020E40B0020EC0B0020EE
:10B62000EC0B0020F40B0020F40B0020FC0B00209E
:10B63000FC0B0020040C0020040C00200C0C00204B
:10B640000C0C0020140C0020140C00201C0C0020FA
:10B650001C0C0020240C0020240C00202C0C0020AA
:10B660002C0C0020340C0020340C00203C0C00205A
:10B670003C0C0020440C0020440C00204C0C00200A
:10B680004C0C0020540C0020540C00205C0C0020BA
:10B690005C0C0020640C0020640C00206C0C00206A
:10B6A0006C0C0020740C0020740C00207C0C00201A
:10B6B0007C0C0020840C0020840C00208C0C0020CA
:10B6C0008C0C0020940C0020940C00209C0C00207A
:10B6D0009C0C0020A40C0020A40C0020AC0C00202A
:10B6E000AC0C0020B40C0020B40C0020BC0C0020DA
:10B6F000BC0C0020C40C0020C40C0020CC0C00208A
:10B70000CC0C0020D40C0020D40C0020DC0C002039
:10B71000DC0C0020E40C0020E40C0020EC0C0020E9
:10B72000EC0C0020F40C0020F40C0020FC0C002099
:10B73000FC0C0020040D0020040D00200C0D002046
:10B740000C0D0020140D0020140D00201C0D0020F5
:10B750001C0D0020240D0020240D00202C0D0020A5
:10B760002C0D0020340D0020340D00203C0D002055
:10B770003C0D0020440D0020440D00204C0D002005
:10B780004C0D0020540D0020540D00205C0D0020B5
:10B790005C0D0020640D0020640D00206C0D002065
:10B7A0006C0D0020740D0020740D00207C0D002015
:10B7B0007C0D0020840D0020840D00208C0D0020C5
:10B7C0008C0D0020940D0020940D00209C0D002075
:10B7D0009C0D0020A40D0020A40D0020AC0D002025
:10B7E000AC0D0020B40D0020B40D0020BC0D0020D5
:10B7F000BC0D0020C40D0020C40D0020CC0D002085
:10B80000CC0D0020D40D0020D40D0020DC0D002034
:10B81000DC0D0020E40D0020E40D0020EC0D0020E4
:10B82000EC0D0020F40D0020F40D0020FC0D002094
:10B83000FC0D0020040E0020040E00200C0E002041
:10B840000C0E0020140E0020140E00201C0E0020F0
:10B850001C0E0020240E0020240E00202C0E0020A0
:10B860002C0E0020340E0020340E00203C0E002050
:10B870003C0E0020440E0020440E00204C0E002000
:10B880004C0E0020540E0020540E00205C0E0020B0
:10B890005C0E0020640E0020640E00206C0E002060
:10B8A0006C0E0020740E0020740E00207C0E002010
:10B8B0007C0E0020840E0020840E00208C0E0020C0
:10B8C0008C0E0020940E0020940E00209C0E002070
:10B8D0009C0E0020A40E0020A40E0020AC0E002020
:10B8E000AC0E0020B40E0020B40E0020BC0E0020D0
:10B8F000BC0E0020C40E0020C40E0020CC0E002080
:10B90000CC0E0020D40E0020D40E0020DC0E00202F
:10B91000DC0E0020E40E0020E40E0020EC0E0020DF
:10B92000EC0E0020F40E0020F40E0020FC0E00208F
:10B93000FC0E0020040F0020040F00200C0F00203C
:10B940000C0F0020140F0020140F00201C0F0020EB
:10B950001C0F0020240F0020240F00202C0F00209B
:10B960002C0F0020340F0020340F00203C0F00204B
:10B970003C0F0020440F0020440F00204C0F0020FB
:10B980004C0F0020540F0020540F00205C0F0020AB
:10B990005C0F0020640F0020640F00206C0F00205B
:10B9A0006C0F0020740F0020740F00207C0F00200B
:10B9B0007C0F0020840F0020840F00208C0F0020BB
:10B9C0008C0F0020940F0020940F00209C0F00206B
:10B9D0009C0F0020FFFFFFFF00000200000000009E
:10B9E00025010100310F0100352B0100F13101006B
:10B9F0004D430100554501003D4A010049700100D9
:10BA00007D70010000000000010101000000000045
:10BA10000000000000000000000000000000000026
:10BA200000000000000000000000000089E20100AA
:08BA300000000000000000000E
:00000001FF
