:020000040000FA
:10000000488D0020F93E000001700000A13D000075
:10001000A13D0000A13D0000A13D0000A13D000068
:10002000A13D0000A13D0000A13D0000E939000014
:10003000A13D0000A13D000091390000E96F0000E2
:10004000D13E0000D13E0000D13E0000D13E000074
:10005000D13E0000D13E0000D13E0000D13E000064
:10006000D13E0000D13E0000D13E0000D13E000054
:10007000D13E0000D13E0000D13E0000D13E000044
:10008000D13E0000D13E0000D13E0000D13E000034
:10009000D13E0000D13E0000D13E0000D13E000024
:1000A000D13E0000D13E0000D13E0000D13E000014
:1000B000D13E0000D13E0000D13E0000D13E000004
:1000C000D13E0000D13E0000D13E0000D13E0000F4
:1000D000D13E0000D13E0000D13E0000D13E0000E4
:1000E000D13E0000D13E0000D13E0000D13E0000D4
:1000F000D13E0000D13E0000D13E0000D13E0000C4
:100100007BB972B90029BEBF00204FF0004106E064
:1001100008BF00281CBF6FF000414FF0FF3000F017
:10012000BDB9ADF1080C6DE904CE002909DB002B47
:100130001ADB00F04DF8DDF804E0DDE9022304B03D
:100140007047404261EB4101002B1BDB00F040F89F
:10015000DDF804E0DDE9022304B0404261EB410137
:10016000524263EB43037047524263EB430300F098
:100170002FF8DDF804E0DDE9022304B0404261EB32
:1001800041017047524263EB430300F021F8DDF870
:1001900004E0DDE9022304B0524263EB43037047FD
:1001A00053B94AB9002908BF00281CBF4FF0FF31DE
:1001B0004FF0FF3000F072B9ADF1080C6DE904CEDC
:1001C00000F006F8DDF804E0DDE9022304B0704732
:1001D0002DE9F047089E04468846002B4BD18A4201
:1001E000154667D9B2FA82F24AB1C2F1200701FA84
:1001F00002F320FA07F7954047EA030894404FEAD4
:10020000154E230CB8FBFEF71FFA85FC0EFB178872
:1002100043EA084307FB0CF1994209D9EB1807F1AF
:10022000FF3080F01B81994240F21881023F2B443D
:100230005B1AA4B2B3FBFEF00EFB103344EA034496
:1002400000FB0CFCA44509D92C1900F1FF3380F008
:100250000781A44540F2048102382C4440EA07405B
:10026000A4EB0C0400271EB1D4400023C6E90043D0
:100270003946BDE8F0878B4209D9002E00F0EB80AB
:100280000027C6E9000138463946BDE8F087B3FAD1
:1002900083F7002F47D18B4202D3824200F2FA80CB
:1002A000841A61EB030301209846002EE0D0C6E9D2
:1002B0000048DDE702B9FFDEB2FA82F2002A40F020
:1002C0008F80491B4FEA154E1FFA85F80127B1FBB5
:1002D000FEFC230C0EFB1C1143EA014308FB0CF14E
:1002E000994207D9EB180CF1FF3002D2994200F283
:1002F000CD808446591AA3B2B1FBFEF00EFB101458
:1003000043EA044408FB00F8A04507D92C1900F182
:10031000FF3302D2A04500F2B6801846A4EB0804D1
:1003200040EA0C409FE7C7F1200CBB4022FA0CFECC
:100330004EEA030E01FA07F420FA0CF521FA0CF349
:100340004FEA1E482543B3FBF8F92C0C08FB193380
:100350001FFA8EFA44EA034309FB0AF49C4202FAAC
:1003600007F200FA07F10BD91EEB030309F1FF3086
:1003700080F087809C4240F28480A9F10209734496
:100380001B1BADB2B3FBF8F008FB103345EA034486
:1003900000FB0AFAA24508D91EEB040400F1FF3362
:1003A0006BD2A24569D90238744440EA0940A0FBE7
:1003B0000289A4EB0A044C45C2464B4654D351D0A3
:1003C000002E69D0B1EB0A0564EB030404FA0CFCBF
:1003D000FD40FC404CEA0505C6E90054002747E70C
:1003E000C2F1200320FA03F7954001FA02F021FA46
:1003F00003F34FEA154E3843010CB3FBFEF71FFA27
:1004000085F80EFB173341EA034107FB08F38B42E3
:1004100004FA02F407D9691807F1FF3C2FD28B4286
:100420002DD9023F2944CB1A81B2B3FBFEF00EFB5B
:10043000103341EA034100FB08F38B4207D96918E6
:1004400000F1FF3C17D28B4215D902382944C91A52
:1004500040EA07473BE73746304609E70746E7E605
:100460001846FBE64145ABD2B8EB020A69EB0E0237
:1004700001381346A4E76046E9E7184695E7674662
:10048000D1E781467CE702382C4447E7ACF1020C07
:100490002B442FE7384608E73746E9E6704700BFA8
:1004A0002A4B2DE9F74F1E68294C7368D4F800B029
:1004B0005B686A460D2130469847002837D1DDE950
:1004C000005A44F62067A5FB0701224A002307FBD8
:1004D0000A11FFF765FE00234FF0FF328B4208BF81
:1004E0008242804623D3ABFB05011A4A00230BFB53
:1004F0000A11FFF755FE00234FF0FF328B4208BF71
:10050000824214D3736842461D680D21034630466B
:10051000A84760B9104A2368117859B1B3F5FA6F4A
:1005200036BF4FF4FA63A3F5FA631070236003B08B
:10053000BDE8F08F03F5FA6344F61F618B42236038
:1005400082BF012313702760F1E700BF5000002035
:100550004C00002040420F00B838002070B5134D09
:10056000134E044663685B6C43B12046984728B13C
:1005700063681B6C13B12046984700B970BD63686F
:100580005B6B002BEED0204698470028EAD06368CA
:100590009B694BB14022294620469847024629468E
:1005A000304606F035FADDE71A46F8E7381800203D
:1005B0005400002013B54FF08053084CD3F8A82006
:1005C000D3F8A4300649CDE9002300231A4620467B
:1005D00004F074F9204602B010BD00BFB9680020D5
:1005E00031830000F0B472B6204ADFF88CC00023DB
:1005F00013604FF0E0221C46516801F00F010131F9
:100600004FF0FF371E46A20002F1604202F5614240
:10061000C2F88070C2F880710022D518654401329A
:10062000082A85F80063F8D10134A14203F10803D8
:10063000E9DC0F4B4FF020625A6040F2FA529860AA
:10064000DA6000221E6111469C1801320C2A2176C4
:10065000FAD14FF0FF3259629A62064ADA621F22DB
:100660001A63D0E90001F0BC05F0F4BD10E000E031
:1006700000ED00E0020000C000E100E080EA11208F
:10068000034B33F8100080EA012080B2704700BFAE
:10069000808000002DE9F04FA248A34EA34CA44D4A
:1006A00087B004F087FDA34B1860A34804F082FDD7
:1006B0003060A24804F07EFD2060A14804F07AFD7D
:1006C0002860A04804F076FD9F4B186030684368AE
:1006D00009221F6800210123B847306843680922B6
:1006E0005E6800210123B047984E994B32689A42C8
:1006F00022D033604FF4FA7005F096FA002333608D
:100700004FF08043D3F81C35B02B15D02868914F9B
:1007100043683A46D3F800804FF480310823C0473D
:100720003B68013308D07B68013305D001F012FF2C
:100730004FF48030FFF756FF4FF0804300273760BB
:100740003A46C3F81C7584498448854E07F033FA4D
:1007500064221146814805F047FD23681B689868AC
:1007600001F088FE1C223946304606F038FD4FF471
:100770000053336122687B4B736141F6FF73B361B1
:10078000536823B19B6C13B1774910469847206892
:1007900043689B6A03B19847DFF8C481734F012215
:1007A0000DF10701404606F086F900B338689DF860
:1007B00007106F4B421C23293A60195417D10021AE
:1007C00099541B78493B112B0FD8DFE803F0160E24
:1007D000920E0E090E0E0E0E1C0E0E130E193C6913
:1007E00064490222206805F02FFD00233B6005F0DC
:1007F000D1F9D4E73C226049F4E711225F49F1E7DF
:1008000003225F49EEE7102200215E48DFF87CB149
:1008100006F005FC1022824600215B4806F0FFFB33
:10082000002681464E45E0D206EB0A01A9EB0602FE
:100830005944404606F03FF9002801DD0644F1E73F
:1008400005F0A8F9EEE7102200214E48DFF854A188
:1008500006F0E5FB1022064600214B4806F0DFFBC0
:100860008146D0B1286843680021DB689847286832
:10087000436806F580369B684A46314698472868A3
:10088000DAF8002043684149D3F804A00A444B46F3
:100890003146D04703223E49A4E7CAF80060F9E791
:1008A00010220021374806F0BAFB102282460021B0
:1008B000354806F0B4FB81462868364A43680AF595
:1008C00080311E68DFF8CCA04B46B0470026324688
:1008D000B14506D1304902A803F0F0FF0C2202A96D
:1008E00080E711461AF80600FFF7C8FE01360246F7
:1008F000EEE74FF02002EFF3118382F31188BFF38C
:100900006F8F06F072FB01F025FEBFF34F8F234976
:10091000234BCA6802F4E0621343CB60BFF34F8FEE
:1009200000BFFDE7A482000018000020080000209E
:100930004800002014000020AB820000B2820000BA
:10094000BC820000CF82000050000020FC7F00200D
:100950003581730770000020A10400001C000020F6
:1009600054000020B94800205D0500000C00002064
:10097000781800202E830000D5820000108300002C
:10098000208300007918002082180020B818002069
:1009900024830000B93800202883000000ED00E027
:1009A0000400FA05100000200B6801330B60014BB6
:1009B0001B681847889A00202DE9F04F85B09B46A8
:1009C0000E9CDFF890A0012CB8BF0124012B0CBFB6
:1009D0003023202315468046894601940293012640
:1009E0000A2700220AF101040AB9AA451FD2B5FB61
:1009F000F4F049463030C04701360122013F012F53
:100A0000B5FBF4F14FF00A0304FB1155BAFBF3FAFE
:100A1000E8D1494605F13000C047BBF1030F03D1CF
:100A2000019B9C1B002C0FDC05B0BDE8F08F019BE7
:100A3000BB42E3DBBBF1020FE0D8494602980392C8
:100A40000136C047039AD9E749462020C047013CF8
:100A5000E8E700BFFFC99A3B13B502AC002344F896
:100A6000043D02460B460348214605F02DFE02B028
:100A700010BD00BFA909000010B54FF02003EFF32F
:100A8000118483F31188BFF36F8F00F039F8094A9E
:100A90000123C2F840354FF08042C2F87835064B4A
:100AA0004FF0FF329A62DA6284F31188BFF36F8FDE
:100AB000002010BD00E0014000ED00E0BFF34F8FCB
:100AC0000549064BCA6802F4E0621343CB60BFF3EA
:100AD0004F8F00BFFDE700BF00ED00E00400FA0506
:100AE000054B1B68082B01BF044B1868B0FA80F057
:100AF000400918BF00207047300100103401001079
:100B000008B54FF080430022C3F80C21C3F8102130
:100B1000C3F838254FF0805203F54043D2F804144F
:100B2000C3F82015D2F80814C3F82415D2F80C1411
:100B3000C3F82815D2F81014C3F82C15D2F81414E1
:100B4000C3F83015D2F81814C3F83415D2F81C14B1
:100B5000C3F84015D2F82014C3F84415D2F8241471
:100B6000C3F84815D2F82814C3F84C15D2F82C1441
:100B7000C3F85015D2F83014C3F85415D2F8341411
:100B8000C3F86015D2F83814C3F86415D2F83C14D1
:100B9000C3F86815D2F84014C3F86C15D2F8442491
:100BA000C3F87025FFF79CFF10B13E4B3E4A1A6018
:100BB000FFF796FF18B13D4BFB22C3F81825FFF74E
:100BC0008FFF48B13A493B4B0A681B6822F00F027D
:100BD00003F00F0313430B60FFF782FF18B1364B8E
:100BE0004FF400721A604FF08043D3F80024D1070D
:100BF00044BF6FF00102C3F800244FF01023D3F874
:100C00000C22D2071ED52D4B0122C3F80425D3F8A0
:100C10000024002AFBD04FF01022D2F80C3223F02F
:100C20000103C2F80C32254B1A46D3F800140029F0
:100C3000FBD00021C3F80415D2F80034002BFBD000
:100C4000FFF73CFFD3F80022002A03DBD3F804327D
:100C5000002B23DA194B0122C3F80425D3F8002412
:100C6000002AFBD04FF010221221C2F80012D3F854
:100C70000024002AFBD04FF010231222C3F80422D4
:100C80000E4B1A46D3F800140029FBD00021C3F8FC
:100C90000415D2F80034002BFBD0D1E7084B094AE9
:100CA0001A6008BD8C5600404881030000F00040E7
:100CB000E40E0040580200104096024000E001405F
:100CC0008C9A00200090D0032DE9F04F0779484C12
:100CD000FE00A31905461B7985B003F0FF00002B29
:100CE00040F08380DFF814E144F837204FF0FF39FB
:100CF00002464FF0030A4FF00108885CFF2871D0CC
:100D000020F0800310F0800F4DF822305DD01F2BB3
:100D100087BF00F01F0CF3469C464FF0A04B08FA2B
:100D20000CFCCBF808C51F2B8ABF00F01F034FF047
:100D3000A040704603F5E07340F823A00132042A76
:100D4000DBD12868009BC0F86035019BC0F8643592
:100D5000029BC0F86835039BC0F86C3501238A7983
:100D600091F805C0C0F800350B89C0F80CC5C0F873
:100D70000425C0F808354B89C0F810350023C0F8A9
:100D800000324FF48E71C0F8003305F0B5FE4FF419
:100D90008871286805F0B0FE4FF48A71286805F064
:100DA000ABFE4FF48271286805F0A6FE54F8373088
:100DB00023B1286840F3073002F072FF3444012366
:100DC0000C48237105B0BDE8F08F1F2B87BF00F0E2
:100DD0001F0CF3469C464FF0A04B08FA0CFCCBF8D6
:100DE0000CC5A0E74DF82290A8E70348EAE700BF4A
:100DF000780000200000AD0B0500AD0B0003005093
:100E0000F0B40D461C461A490379D5F800C0AF88E6
:100E1000AE68ED6801EBC3010368C3F820C5C3F8F1
:100E20002475C3F82865C3F82C55C3F840C5C3F82A
:100E30004475C3F84865C3F84C5502F0010505EB4D
:100E40005202C3F81425E20710D414F0020203D0B2
:100E5000002D14BF08220422002DC3F80022E2B2A4
:100E600014BF0C230823F0BC05F04EBE1022F3E79C
:100E7000780000200379084A016802EBC302137965
:100E8000D1F80411DBB219B9981E18BF01207047C0
:100E900001201071704700BF78000020044A91685B
:100EA0009368CB1A23F07F438342F9D3704700BF86
:100EB00010E000E0034B044A1B68B3FBF2F3584315
:100EC000FFF7ECBF8C9A002040420F00064A10F05A
:100ED000800F00F00F0314BFD2F81005D2F81405EC
:100EE000D84000F00100704700700240054B1B68BD
:100EF000082B05D1044B1868003018BF012070473B
:100F0000002070473001001034010010054B10F034
:100F1000800FA3F1900208BF134600F00F0003EB0F
:100F20000010704708020020024A00231360024AA2
:100F3000137070471C7C0240DB68002007B5084A2C
:100F400000231370074A019302A81370012300F8CD
:100F5000043D054B1B68984703B05DF804FB00BFD8
:100F6000DA680020DD68002098020020F8B54D689E
:100F70000B4F954228BF15460C4606462A4609687F
:100F8000384606F0FFF860682368401BC6E9007524
:100F900060601D440030256018BF0120F8BD00BF0F
:100FA000A0020020F8B54C68944228BF14460646BB
:100FB0000D468CB1094F09682246384606F0E2F822
:100FC00037606B6874601B1B6B602B68201C2344AC
:100FD0002B6018BF0120F8BD0460F2E7A0020020DA
:100FE00007B500238DF804300B4BD3F82025ADF85E
:100FF0000620D3F8C034094A002B13680CBF4FF405
:1010000080714FF001210B431360054B01A81B6851
:10101000984703B05DF804FB0070024074010020A3
:101020009802002013B5124C0122236802FA01F144
:101030000B4323600F4B1B68194003060DD551B9B4
:1010400006238DF804308DF806008DF807100A4B42
:1010500001A81B68984702B010BD0029FBD10623E8
:101060008DF804308DF806008DF80720EFE700BFFB
:1010700074010020040100209802002008B5054BEF
:101080001A78104605F0C1FDBDE80840014610463B
:10109000FFF7C8BFDD680020074BBFF35B8F024638
:1010A00053E8000F00EA020143E8001CBCF1000F06
:1010B000F6D1BFF35B8F70470401002013B5FFF733
:1010C00033FF0D4B93F88E20032A12D0D3F88040C3
:1010D0007CB96FF08070FFF7DFFF06238DF80430D6
:1010E00008238DF80630054B8DF807401B6801A8D2
:1010F000984702B010BD00BF780100209802002080
:1011000013B5FFF711FF104B93F81E21032A05D1E9
:101110006FF48070FFF7C0FF02B010BDD3F810412C
:10112000002CF9D16FF48070FFF7B6FF06238DF81D
:10113000043088238DF80630044B8DF807401B6877
:1011400001A89847E8E700BF780100209802002036
:1011500008B5FFF7E9FE084B93F89E20032A05D156
:101160006FF00100BDE80840FFF796BFD3F890305C
:10117000002BF5D008BD00BF78010020204B13B52F
:10118000D3F80044C3F80044BFF36F8FBFF34F8F11
:10119000BFF36F8FBFF34F8FE1050BD5194B0122C2
:1011A0001A7002A800230193022300F8043D164B95
:1011B0001B689847A2050AD5124A002302A801938A
:1011C0001370032300F8043D0F4B1B689847630519
:1011D00013D50C4B1A7882B100221A70084B0121EA
:1011E000C3F80815582005F0C8FC02A80423019292
:1011F00000F8043D044B1B68984702B010BD00BFC7
:1012000000700240DA680020980200202DE9F04FBB
:10121000724B87B01A780193002A40F08280DFF881
:10122000C4B16F4B18686F4B1C68204079D010F028
:10123000012479D094FAA4F4B4FA84F40F2C86BF74
:10124000A4F110085FFA88F844F080084046FFF7E0
:101250005DFE4FFA88FABAF1000F064608F00F0556
:10126000828966DAD0E9003104A8984700B9306075
:101270005D4B82221A60019B059A01201870A040E4
:10128000B368DBF80040134424EA0000BAF1000F11
:10129000CBF80000B3600498544B77DA072D9BBF5E
:1012A000142101FB0533C3F8A006C3F800068CBF68
:1012B000C3F8A426C3F80426FFF718FEAB002DB22E
:1012C0006E004B4A4B49002871D1BAF1000FB5BFEF
:1012D00092468A4604242824B244474F474E1C4471
:1012E00005463560BFF36F8FBFF34F8F204605F083
:1012F00044FC0220FFF7DEFD3368002BF1D01E20F6
:10130000FFF7D8FD3B689B064FD50120FFF7D2FDC4
:10131000BAF8003003F1804303F51C331B68002B3F
:10132000DFD007B0BDE8F08F90FAA0F0B0FA80F4FB
:1013300084E7072D2D4B24D9D3F8C09419F4803FAE
:1013400018BF4FF000094B467168376804A8B847CA
:10135000049B002B8AD0059B4B4587D20120022598
:10136000A040B573C043FFF797FE06238DF80C30FD
:10137000234B8DF80E808DF80F501B6803A89847FB
:101380004FE705F5947153F82190DCE7072D9BBFDB
:10139000142101FB0533C3F8A007C3F800078CBF75
:1013A000C3F8A427C3F8042786E70220A8E7BAF108
:1013B000000FACBF28200420184405F0DEFB12EA21
:1013C0002A0A38BF8A463AF8153003F1804303F5FC
:1013D0001C331A68002AFCD0A3E700BFDB6800209A
:1013E00004010020740100201C7C024000700240B7
:1013F00080820000928200007474024004710240F6
:101400009802002038B5174BD3F86C44C3F86C44ED
:10141000BFF36F8FBFF34F8FFFF768FD38B9124AE4
:10142000136823F0011103F001130C43136001252D
:101430001CB9BDE83840FFF7E9BE94FAA4F3B3FA4B
:1014400083F30F2BD9B2C8BFA1F1100005FA03F343
:10145000CCBFC0B241F0800024EA0304FFF7E2FDF4
:10146000E6E700BF007002409C02002037B504464A
:10147000FFF75AFDFFF74AFD837B032B0CD1204673
:1014800005F0C3FB012303FA00F0C043FFF704FE9D
:10149000FFF7BCFE03B030BD0568002DF8D1204633
:1014A00005F0B3FB012303FA00F0C043FFF7F4FD9E
:1014B00006238DF80430044B8DF806408DF8075054
:1014C0001B6801A89847E3E798020020024A00231E
:1014D0001360024A1370704798020020DC680020F5
:1014E00038B5514B4FF40062C3F80024BFF36F8F3F
:1014F000BFF34F8FFFF7FAFC4C49A8B14FF0200320
:10150000EFF3118483F31188BFF36F8F0868484BA2
:10151000032200287ED149F2753008601A60086005
:1015200084F31188BFF36F8F4FF02003EFF3118422
:1015300083F31188BFF36F8F08683E4AC0230028E9
:101540006AD149F2753008601360086084F311882D
:10155000BFF36F8F344B0120C3F80005BFF36F8FCB
:10156000BFF34F8FD3F800040005FBD54FF40060A4
:10157000C3F80004BFF36F8FBFF34F8F4FF020030A
:10158000EFF3118483F31188BFF36F8F086800288D
:1015900044D149F275330B6010600B6084F31188FD
:1015A000BFF36F8F244B40F2E3721A600433402282
:1015B0001A60BFF36F8FBFF34F8FA3F604030024AD
:1015C0008022C3F81C25C3F830451C4B40F2FF12A3
:1015D0001A601B4B1C60FFF7A7FC1A4B1C701A4BC0
:1015E00002221A70FFF782FC98B14FF02003EFF34C
:1015F000118583F31188BFF36F8F08680C4B80B996
:1016000049F275320A6018600A6085F31188BFF3E9
:101610006F8F38BD1A6083E7136097E7002313606C
:10162000BCE71C60F1E700BF0070024000EC064020
:1016300014ED064014EC06400078024074010020CE
:1016400004010020DD680020DC6800200E4B002231
:1016500010B51A70A8B9FFF749FC0C4B0C4A0028CA
:101660000CBF184610460B4CC4F80403272002F0A8
:1016700017FB0123C4F80435BFF36F8FBFF34F8FFF
:1016800010BD0248EFE700BFDA6800200714E00150
:101690000714C00100700240034B1878012894BF62
:1016A00000200120704700BFDC6800201B4B70B594
:1016B0001C7884BB1A4A106001221A70264664F016
:1016C0007F05082CEDB20CBF4FF400714021284675
:1016D00005F0E7FA2846FFF719FC0134092C867358
:1016E00006608660EBD1002440212546204605F0A7
:1016F000D8FA2046FFF70AFC0134E4B2092C8573BE
:101700000560856001D1074870BD082C0CBF4FF4FF
:1017100000714021EAE70448F6E700BFDC680020DA
:10172000980200200000AD0B0500AD0B2DE9F84339
:10173000074605F06AFA4FF02003EFF3118583F3B3
:101740001188BFF36F8F17F00F0903D1274B1B7858
:10175000BB4246D1264A274B12681C68D243012659
:1017600092B286402243324298463CD13846FFF737
:10177000CDFB0C233A06844603FB09F32DD51E4A04
:101780000868134400F060408A68B0F1005F02F01E
:1017900001021DD1D2B9194ACCF8002007C983E84B
:1017A0000700CCF804300023CCF808308CF80E3059
:1017B000134B144834438022C8F80040C3F8042176
:1017C00085F31188BFF36F8FBDE8F8830E4AE3E716
:1017D0000AB90E4AE0E70E4ADEE70E4A13440E4A03
:1017E000DAE70E48ECE70E48EAE700BFDD680020C4
:1017F000740100200401002008010020BF6B0000DC
:1018000000E100E00000AD0BE16B00006D0F000097
:10181000A50F000098000020916B00000A00AD0B9E
:101820000B00AD0B044B40F48070C3F81805BFF3F8
:101830006F8FBFF34F8F70470070024000F00F03AF
:10184000072B11D810F0800F084A0BBF03F58873DF
:1018500003F5847302EB830352F8230008BF586832
:10186000431E5842584170470020704700700240A4
:1018700010B508220021044605F0B1FC0E4BD3F848
:1018800080242270D3F884246270D3F88824D3F89B
:101890008C1442EA01226280D3F89024D3F8941485
:1018A00042EA0122A280D3F89824D3F89C3442EA79
:1018B0000323E38010BD00BF0070024013B5FFF7A3
:1018C00033FB0F4B9A7B032A05D16FF48030FFF76F
:1018D000E3FB02B010BD1C687CB96FF48030FFF7E9
:1018E000DBFB06238DF80430064B8DF806408DF89F
:1018F00007401B6801A89847EBE705F0EEF9E8E719
:101900007801002098020020014B1878704700BF32
:10191000DD68002038B50246FFF7E8FA04461046B5
:1019200005F073F901238340DB4302F00F001B4AEB
:10193000BCB94FF02001EFF3118581F31188BFF39B
:101940006F8F11680B4013604000154B00F2C5709B
:1019500018605C6004331B6885F31188BFF36F8FD8
:1019600038BD4FF02001EFF3118481F31188BFF3EC
:101970006F8F1168072803EA0103136009D800F587
:101980009470084B002243F82020BFF36F8FBFF301
:101990004F8F84F31188BFF36F8FE1E7740100204C
:1019A0000078024000700240F7B501464FF0200376
:1019B000EFF3118483F31188BFF36F8FFFF7A6FA5B
:1019C0000546084605F021F9012311F0800F03FABE
:1019D00000F02A4E17D1336830EA03020AD00846D5
:1019E000FFF798FF0323AB7384F31188BFF36F8F66
:1019F00003B0F0BD2A60C043214A0340336013683E
:101A000003401360EEE701F00F02072A0FD8802988
:101A10001C4F1D4B28D002F2DA3252003A601A688D
:101A20001F68D2B242F002023A431A601B68144F98
:101A300032683B6862EA030C1CEA000FD4D022EA49
:101A400000021843002332602B600323AB738DF830
:101A500007300E4B386006228DF804208DF80610F2
:101A60001B6801A89847BFE740F2B4723A601A6851
:101A70001F68D2B242F00402D6E700BF0401002082
:101A8000740100200078024004780240980200208F
:101A9000F7B5164B164CD3F880542368154EDA432D
:101AA000154B37781B6892B238461A4305F0ADF8EB
:101AB000012303FA00F0104202D03846FFF774FF0A
:101AC00005F080056FF001103570FFF7E5FA236827
:101AD00043F00103236002A800230193052300F8CB
:101AE000043D064B1B68984703B0F0BD00700240F0
:101AF00074010020DD68002004010020980200200D
:101B0000554B2DE9F041D3F80453002229461646DF
:101B1000012400297CD1FFF7E9F9002869D14F4B56
:101B20001B78002B65D1960263D54D494C4E40F28F
:101B3000A9730B604B4B1C6814F0FF041CBF1868A2
:101B4000044040F2AA700860186810F0FF001CBF43
:101B50001968084040F2AB713160196811F0FF015B
:101B6000B4461CBF1E68314040F2AC76CCF8006031
:101B70001E6834403C4E08D037682743376040F237
:101B8000A977CCF800701C601C68354F40F2AD742A
:101B90003C601C68204008D0346844EA004434604B
:101BA00040F2AA743C60186018682D4840F2AE7488
:101BB0000460186801400DD0CC0748BF42F4000211
:101BC000C806274840F2AB74046019601B6848BF20
:101BD00042F00102336833F001111CBF05F0807040
:101BE000024313F0011F04D06B0544BF316042F47F
:101BF00080621E4F02F4000622F400044FF0010838
:101C0000E4B9FFF703FB2EB3BDE8F041FFF740BF97
:101C100091FAA1F31648B3FA83F39F00384407689A
:101C20003FB10660BFF36F8FBFF34F8F04FA03F02D
:101C3000024304FA03F321EA03016AE794FAA4F5E4
:101C4000B5FA85F557F8253008FA05F5984724EADE
:101C50000504D5E7BDE8F08100700240DB68002094
:101C600000780240047802409C0200206C7E000054
:101C700000710240F8B5114E114A34681268240C04
:101C80002404144301271CB940F2FF133360F8BD4C
:101C900094FAA4F5B5FA85F5E8B20F2DC6BF103851
:101CA000C0B240F0800000F00F03072B01D8FFF70F
:101CB0007BFE07FA05F524EA0504E4E77401002039
:101CC000040100200D4B802210B52720C3F8842189
:101CD00002F00AF880B10A4CFFF7CCFF0023C4F8E9
:101CE0000435BFF36F8FBFF34F8F272001F0E8FF5C
:101CF0004FF0FF33C4F8083310BD00BF00E100E02F
:101D00000070024008B5FFF7DDFF094BD3F804234C
:101D1000C3F808230022C3F80025BFF36F8FBFF379
:101D20004F8FFFF701F9034B01221A7008BD00BF66
:101D300000700240DC68002038B54FF02003EFF35C
:101D4000118583F31188BFF36F8F0F4B1B7803F05E
:101D5000FF0433B9002485F31188BFF36F8F204649
:101D600038BDFFF787FF094AD2F8003413F4007337
:101D7000F0D10121C2F82C15D2F80014890544BF16
:101D8000C2F82C351C46E6E7DA68002000700240F5
:101D9000F8B5234A234B244D47B233EA270328BF23
:101DA000134600F00F0401211B5D01FA03F3C5F88F
:101DB00004330646FFF78AF888BB002FB4BFD5F876
:101DC0001035D5F8143501FA04F1B5BF194319439C
:101DD000C5F81015C5F81415BFF36F8FBFF34F8FFB
:101DE000013C062C1BD8002F19DB4FF02003EFF32A
:101DF000118483F31188BFF36F8F3046FFF78AFD9C
:101E0000304604F002FF094A012303FA00F0136888
:101E100023EA0003136084F31188BFF36F8FF8BDCA
:101E2000518300005A83000000700240040100202A
:101E3000030610B504460AD400F00F03072B06D89A
:101E40009B00074AD358012B01D1FFF763FD054BD7
:101E5000C3F81845BFF36F8FBFF34F8F10BD00BF9E
:101E600044740240007002402DE9F041084D094ED3
:101E700007468846761B0024B44201D1BDE8F081B4
:101E80002819C36813B14246394698472C34F3E702
:101E9000E89D0020149E0020F0B40D4B0D4C0E4D1B
:101EA000E41AA4106C430025A54203D16FF0220070
:101EB000F0BC70471E6946B15F6897F802C087881A
:101EC000BC4502D13346F0BC184701352C33EBE753
:101ED000E89D0020149E0020A38B2EBAF0B40D4B79
:101EE0000D4C0E4DE41AA4106C430025A54203D1FD
:101EF0006FF02200F0BC70479E6946B15F6897F8AA
:101F000002C08788BC4502D13346F0BC1847013572
:101F10002C33EBE7E89D0020149E0020A38B2EBA03
:101F20002DE9F84F9046104B104A0F469B1A104966
:101F30009B10064601FB03FA002491464FF02C0B40
:101F4000A24502D16FF022000BE00BFB04935D6908
:101F50000DB90134F4E7424639463046A847002817
:101F6000F7D1BDE8F88F00BF149E0020E89D002047
:101F7000A38B2EBA13B5094C02ABE26843F8042DCB
:101F8000A168802001F0FAFA0199A268E3680A4486
:101F90005B1AA260E36002B010BD00BFE002002047
:101FA0002DE9F743434C94F84C50002D63D100F0D9
:101FB000C5FB00287BD0404B636204F1440363639C
:101FC0003E4BA3623E4B2062A3633E4AE3633E481E
:101FD0003E4BE2626361E06101F0C8FB00284BDB2D
:101FE00001F090F9002847DB02AE402306F8085DB7
:101FF0003046ADF802308DF8045001F029FA00287F
:102000003ADB802730468DF8007001F021FA002875
:1020100032DB2F49284601F097FB00282CDB2C49A6
:10202000384601F091FB002826DB2A4E2A4B2B4F25
:102030009B1B9B105F43AF4221D1294DDFF8A48049
:1020400005F1F00700260122AE61C5E904682846C3
:1020500011463C3505F035FDBD42F4D1002001F0BC
:102060006FFA002808DB802001F06AFA002803DB01
:10207000012384F84C30002003B0BDE8F083D6F88B
:1020800028904FF0000896F824205FFA88F39A42CF
:1020900002D801352C36CEE709EBC30259F83310CC
:1020A000107901F051FB08F101080028EBD04FF046
:1020B000FF30E1E7E00200200D220000991E000041
:1020C000DE680020211F0000691E0000DD1E0000E8
:1020D00015210000E89D0020149E0020A38B2EBA3D
:1020E0004C030020116D000008B509480378C3F3C4
:1020F000411300EB83035B6A3BB100F1080200F17E
:1021000010019847C043C00F08BD1846FCE700BF48
:10211000E002002037B500220B4601920546002858
:1021200052D12D4C39BB0822214604F04EFF002825
:1021300004DA802001F0ACF903B030BD2278E588E4
:10214000C2F3411304EB8303586BA06010B901F094
:102150009FF9EEE7C4E903550DB1D309ECD0FFF7C1
:10216000C3FF0028E5D02369AB42D4BFE360E5603C
:10217000FFF700FFE0E7D4E90212002A01AB05DC1B
:10218000024604F022FF0028D6DAD2E704F01DFF51
:10219000002804DA802001F07BF92846CAE701997B
:1021A000A268E3680A445B1AA260E360002BC3D113
:1021B0002378C3F3411304EB83035B6BA360FFF746
:1021C00093FF0028B5D0D3E78028B5D1024BDB6858
:1021D000002BB1D0CCE700BFE0020020014600F1A7
:1021E0000803BFF35B8F53E8002F42F0010043E880
:1021F000000CBCF1000FF6D1BFF35B8FD30702D404
:10220000014805F078BB7047B81700202DE9F04F62
:10221000974D6B6985B006460C46904663B9377892
:1022200007F01F07012F00F0A0800BD3022F00F052
:10223000E9806FF0150002E098470028EFD105B063
:10224000BDE8F08F72787088D8F80030092AF0D88D
:1022500001A151F822F000BF8122000051230000AB
:10226000332200005F230000332200009B22000085
:10227000A522000033220000D3220000DD2200004E
:1022800000201870587095F84E20824214BF022228
:1022900002461A7002232360D1E7C0B201F0C8F8E9
:1022A0000020CCE7020A131F012BC2D9072AC0D88D
:1022B0002B6A0021C0B21D78002DBAD05E789642FC
:1022C00003D1884200F0CC8001312B44F3E71B7826
:1022D000CCE095F84D201A700123C7E0C4B28DF808
:1022E000074054B1FF272E6AB846337843B9EB69EB
:1022F0001BB10DF107010320984785F84D40CFE74A
:102300007378042B08D0052B08D0022B01D196F846
:10231000058033781E44E8E7F778FAE79DF8073040
:102320004345F6D1002FF4D1F3788DF80C30727953
:10233000337943EA0223ADF80A30B3788DF80830D8
:1023400002A801F085F89DF8080001F0F9F8E0E72F
:1023500001287FF46EAF002085F84E006FE701285A
:102360007FF467AF85F84E009AE77078D8F80030B0
:102370000A2807D00B2809D000287FF45AAF18701C
:10238000587087E700201870276058E796F804A077
:1023900096F802B02E6AFF27B9464FF0000833784E
:1023A0003BB9EB6913B141460720984700202060F4
:1023B00045E77378042B04D0052B0BD033781E44EB
:1023C000EDE7B77896F80390BA45F7D1CB4508BF4B
:1023D000B046F3E7BA45F1D1CB45EFD1F3788DF8AC
:1023E0000C307279337943EA0223ADF80A30B378BE
:1023F0008DF8083002A801F02BF89DF8080001F0D4
:102400009FF8DBE773783079D8F800808DF8080002
:10241000012B17D00FD3032B7FF40BAF7488002C44
:102420007FF407AF01F034F8EB69002B3FF438AFCD
:1024300002A9082012E0414601F068F8002088F85F
:102440000100A1E77488002C7FF4F3AE01F046F898
:10245000EB69002B3FF424AF02A9092098471FE73E
:10246000022AC8F800307FF432AF5B88236017E798
:10247000E00200202DE9F341314D95F84C4007462C
:10248000002C4DD12F48E86101F070F9002848DB9D
:1024900000F038FF002844DB02AE402306F8084D68
:1024A0003046ADF802308DF8044000F0D1FF00282E
:1024B00037DB4FF0800830468DF8008000F0C8FF11
:1024C00000282EDB2049204601F03EF9002828DBB9
:1024D0001D49404601F038F9002822DB97F82430E6
:1024E000A34221D8194CDFF8688004F1F0070026D8
:1024F0000122A661C4E90468204611463C3405F077
:10250000E0FAA742F4D1002001F01AF8002808DB15
:10251000802001F015F8002803DB012385F84C30FA
:10252000002002B0BDE8F081BB6A03EBC40253F89F
:102530003410107901F008F90028F2DB0134CDE7FE
:10254000E0020020691E0000152100004C0300205D
:10255000116D000010B5064C94F84C0030B100F03D
:1025600011FF0028A4BF002084F84C0010BD00BF5C
:10257000E00200202DE9F04F6B4A6C4B6C499B1A2E
:1025800087B09B1000264B43044600934FF001197F
:102590003746B246B046934623783BB9654AA01CFD
:1025A000904200F0BF80FFF7E5FF24E06378052B41
:1025B0000AD8DFE803F07B09B57B0378E3781BB921
:1025C000A378DBB10137FFB223781C44E4E702FBB8
:1025D00003BADAF804108C4207D1DAF80830002B7D
:1025E000F0D0394620469847ECE7013300999942EC
:1025F000EDD14FF0FF3007B0BDE8F08F2C22F5E7AA
:1026000001FA05FC1CEA090F2DD00135102D0DD162
:1026100001339AF824209342EBDADAF82820A578DF
:1026200002EBC30210798542F2D1012594F803C070
:102630008DF814C094F805E094F804C04CEA0E2C10
:10264000ADF812C094F802C08DF810C01CF0800FD5
:10265000E8B2D5D005F1100C01FA0CFC1CEA090F08
:10266000D3D160F07F008DF8100004A8CDE90221DD
:10267000019304F091FCDDE9013203990028C4D1F3
:102680009DF81030A37013F0800F137118BF103530
:102690004FF0010315BFAB4003FA05F549EA030902
:1026A00049EA050990E700230121B2E7032E1DD175
:1026B000FDF780FF019060B104F038FD05461E482B
:1026C00004F034FD8542019903D12A46A01C04F090
:1026D00059FD2146002011F8023BDA1E5B08013B40
:1026E0000B44002A13DA0136F6B26DE7002EF0D162
:1026F000B8F1000F3FF47DAFA4EB080388F8023077
:10270000C3F3072388F8033088F80470EBE7885494
:10271000013B8D1893F800C005F801CC023AE0E7C0
:10272000A04651E7184666E7E89D0020149E002069
:10273000A38B2EBAE59D00206383000008B50448F2
:10274000FFF718FF0028024818BF002008BD00BF8F
:10275000089D002070B504460E46017910481546C4
:1027600004F066FBB0B16378212B0ED0222B08D089
:10277000202B12D1072229680C3804F003FD002019
:1027800070BD638800F8053CF9E70C380723286022
:102790003360F4E76FF01200F2E76FF01500EFE737
:1027A0002004002008B50146034804F04FFB10B197
:1027B000012300F8033C08BD2004002010B50C469E
:1027C0000146074804F028FB48B10A2C07D0032C27
:1027D00008BF012300F8AC4C08BF00F8943C10BDC2
:1027E0002004002007B502AB012203F8011D1946A1
:1027F00004F090FB6421034803F08EFA03B05DF807
:1028000004FB00BF2804002010B584680023C4F82E
:10281000B0300C4BC4F8AC00596804F1B00269B98F
:10282000C3E900224FF0FF320021074805F049F9C3
:10283000064B0020E060C4E9043010BD0A605A6015
:10284000F0E700BF2004002028040020956E00005F
:10285000014600F10803BFF35B8F53E8002F42F0FD
:10286000010043E8000CBCF1000FF6D1BFF35B8F11
:10287000D30702D4014805F03EB87047B8170020CE
:1028800010B501460B4804F0E1FA044688B1012373
:1028900000F8943C084803F019FA54F8A83C43B1F6
:1028A00014F8923C2BB1A4F1A000BDE81040FFF752
:1028B000CFBF10BD200400202804002008B5014629
:1028C000094804F0C3FA68B1012300F8933C50F8BA
:1028D000A83C3BB110F8913C23B1A038BDE80840BA
:1028E000FFF7B6BF08BD00BF2004002010B54FF0B1
:1028F0002003EFF3118283F31188BFF36F8F154C20
:10290000237833B982F31188BFF36F8F6FF04400DF
:1029100010BD013BDBB2237033B182F31188BFF3EA
:102920006F8F6FF00F00F3E70B4B1878012138B170
:10293000217082F31188BFF36F8F6FF00A00E7E711
:10294000197082F31188BFF36F8F044A11601870F9
:10295000DEE700BF206D00201F6D00200400004056
:10296000F8B54FF02002EFF3118382F31188BFF323
:102970006F8F294A1078441C147080B183F311883A
:10298000BFF36F8F4FF08043D3F80C3403F0011383
:10299000B3F1011F0CBF00206FF0430009E01F4D91
:1029A0002F783FB1107083F31188BFF36F8F6FF0F2
:1029B0000A00F8BD01262E7083F31188BFF36F8FD4
:1029C0004FF0804419B3384601F07AF9C4F8007129
:1029D000D4F80433C4F804632660D4F8002192B11B
:1029E0000022C4F800210E4A13F0010F4FF001033A
:1029F00008BFC4F808330020C2F8803101F050F954
:102A000000232B70BEE720BF40BF20BFE5E7C4F81E
:102A100000112660F4E700BF206D00201F6D00202C
:102A200000E100E070B54FF02002EFF3118382F374
:102A30001188BFF36F8F244D2A789AB183F31188E0
:102A4000BFF36F8F4FF08042D2F81C34D2F81824B5
:102A500003F0030343F48033934314BF6FF0430048
:102A6000002070BD01242C7083F31188BFF36F8F99
:102A70004FF08043154EC3F804210225C3F8181502
:102A8000C3F8045311F0030134604FF01806C3F883
:102A90000863C3F80C21C3F81021D3D11022C3F866
:102AA0003825C3F80463D3F81824D20302D4C3F83A
:102AB0000453C7E7C3F80443FFF752FF0028C1D10E
:102AC000034BC3F80041BDE71E6D00200800004025
:102AD00000E100E02DE9F0434FF080434E4DD3F884
:102AE0000891D3F80423D3F800E18046D3F8040317
:102AF000D3F804C1D3F80C11D3F810412F68AE6895
:102B00000435003485B002F0010218BF01242D689D
:102B1000B9F1000F03D04FF00009C3F80891BEF1DE
:102B2000000F69D04FF080434FF0000EC3F800E172
:102B30005AB14FF08043DFF8E4E001224FF0020980
:102B4000C3F80823CEF800901A61BCF1000F41D100
:102B500061B1324B4FF08049002119604046C9F8FD
:102B60000C11FFF7C3FE0123C9F8143074B14FF004
:102B7000804300210124C3F810114046C3F80443E8
:102B8000FFF7EEFE10B9264BC3F800414FB1224BC0
:102B900000221A601B6801934FF48E70019B00F0B5
:102BA0008FFB4EB11F4B00221A601B6802934FF43B
:102BB0009270029B00F084FB55B31B4B00221A60FD
:102BC0001B680393039B4FF4907005B0BDE8F0437E
:102BD00000F076BB4FF080430022C3F80421820747
:102BE000B6D50222C3F80823D3F81C349B07AFD113
:102BF0000029BCD00124ACE7002AA6D04FF08043C6
:102C0000D3F80C3403F00113B3F1011F9DD190E709
:102C100005B0BDE8F08300BF1C010040340C00404B
:102C200000E100E02401004020010040014601488D
:102C300004F061BEF89C0020020600F00F0303D5EB
:102C4000072B05D909487047072B07D90848704753
:102C50000848242202FB03002830704703F10900D2
:102C6000044B242202FB0030F6E700BFE0140020F2
:102C7000241600209813002038B505460F4802F0AE
:102C800099FAB0B10E4C217845B181B943681B68FF
:102C9000984758B110F1440F08D038BD61B143686E
:102CA00029465B68984710F1100FF2D1257000207B
:102CB000F3E76FF01200F0E70846EEE78E830000BE
:102CC000216D00200949BFF35B8F51E8003F43F0BD
:102CD000010241E800200028F7D1BFF35B8FDB073A
:102CE00003D40839024804F006BE7047A813002038
:102CF000B817002010B5054C0021204602F0B8FCA2
:102D000018B1043004F05AFDF6E710BDF89C00201D
:102D100013B56C46002318222146134802F058FBD5
:102D2000002818DAFFF7E6FF0023182221460E4894
:102D300002F04EFB00280CDB009B94E803001A1DF8
:102D400082E8030004221A751846FFF76FFFFFF7A9
:102D5000B9FF002305E0009B94E803001A1D82E8F8
:102D60000300184602B010BDC89C0020817870B5E1
:102D700006460846FFF760FF0B060546F47813D5B4
:102D8000002C41D1FFF7C4FF034600283CD00122AC
:102D900085F82240027503220274DD60FFF746FFCA
:102DA000BDE87040FFF78EBF54B1012C2CD1FFF766
:102DB000AFFF034640B385F8214004750474ECE787
:102DC000FFF7A6FF00B3B27812F0800F02F00F03F6
:102DD0000E4A0FD0072B9BBF142101FB0323D2F80F
:102DE000A836D3F80836EB60012303750223037479
:102DF000C560D3E7072B9BBF142101FB0323D2F847
:102E0000A837D3F80837EEE770BD00BF0070024066
:102E1000F0B5064689B01822002102A804F0DFF9B7
:102E20003378013B052B20D8DFE803F07703141F2C
:102E3000671603238DF814300024FFF769FF03465B
:102E400098B105A9047500F10C0203C982E80300DA
:102E500018461DE00423EDE7B1780846FFF7ECFEC5
:102E6000837A05461BB1032B43D909B0F0BD0B068D
:102E7000F47812D5002CF8D1FFF74AFF034600285A
:102E8000F3D0012285F82240027503220274DD602E
:102E9000FFF7CCFEFFF716FFE7E75CB1012CE4D1AA
:102EA000FFF736FF03460028DFD085F82140047580
:102EB0000474ECE7FFF72CFF07460028D5D0012368
:102EC000037502230374C56005F10C01B07803F0AB
:102ED000EDFE134AE968B2F8B0328B4206D95B1AAC
:102EE000A2F8B03203F0F9FE3846D1E7A2F8B042BA
:102EF000FAE73046FFF73AFFB7E76846FEF7B8FC57
:102F00009DF80130052B04D19DF8003013F0600FBF
:102F1000ABD0044B059301248FE702248DE700BF5B
:102F20009813002004150020F8B500253F4F2E46C9
:102F300065F07F00C0B2FFF77FFE03690446002BF7
:102F400056D02369E660C4E9063301231D44082DE9
:102F500084F8203084F8216084F82260E8D10025CC
:102F6000324F2E46E8B2FFF767FE03690446002B96
:102F700049D02369E660C4E9063301231D44082DC6
:102F800084F8203084F8216084F82260EAD1284C4B
:102F9000D4F85831002B3FD0D4F85831C4F8603100
:102FA000C4F864310122002384F86821C4F8543144
:102FB00084F8693184F86A31D4F89C323BB94FF413
:102FC00080621C49194802F003FA002818DBD4F883
:102FD0009C32C4F8A4320020C4F8A832012384F83B
:102FE000AC32C4F8980284F8AD0284F8AE0209E06D
:102FF00000F110014022384602F0EAF90028A0DA78
:103000006FF00B00F8BD00F110014022384602F0CD
:10301000DFF90028ADDAF3E74FF4806204F5AC7114
:10302000024802F0D5F90028B6DAE9E7AC9C0020A6
:1030300098130020341600202DE9F043DFF87C922D
:103040009A4D85B080460021484602F011FB0746A4
:1030500010B905B0BDE8F0836B793A7D5BB9002A01
:10306000F1D13A7B042A52D8DFE812F0CD008F006C
:103070009900DB00E700042A49D801A151F822F0A9
:1030800063300000953000005132000079320000BA
:10309000893200003B7CFC68032B38D8DFE803F062
:1030A000023F5E63A66908220021304604F097F8CB
:1030B0007F4BD3F880243270D3F884247270D3F815
:1030C0008824D3F88C1442EA01227280D3F8902429
:1030D000D3F8941442EA0122B280D3F89824D3F8AA
:1030E0009C3442EA0323F3800823E3600021236831
:1030F000607A984796F90030002B0CDBF28852B1C9
:10310000B5F8B0329B1AA5F8B03203F0E6FD381DD1
:1031100004F054FB97E70023A5F8B032F7E794F8E2
:103120002130002BF3D094F82030002BEFD0002674
:1031300084F821604FF0FF3184F820605D4802F090
:10314000E7F9A36901936368CDE9023601A9607AC2
:10315000FEF7ECFA574802F04BFAD8E72368012152
:10316000607A9847D3E7A37A63B994F823304BB9D0
:103170004FF0FF314F4802F0CBF903F0C3FD4D484B
:1031800002F036FA23680221EAE7FEF785FA002802
:10319000BDD1FEF7A5F90120FFF76EFDB7E70024CA
:1031A00064F07F00C0B2FFF747FD037A13B1407AA5
:1031B000FEF7EEFD0134082CF2D195F850311BB129
:1031C00095F85101FEF7E4FD0024E0B2FFF734FD6D
:1031D000037A13B1407AFEF7DBFD0134082CF4D1F9
:1031E00095F894321BB195F89502FEF7D1FD0120B8
:1031F000FEF72CFA01236B712B68002B87D000217E
:103200000220984783E700246C71FEF77BFD20467F
:10321000FFF732FD2B68002B3FF479AF21460420E5
:10322000EFE7002B3FF473AFFEF786FD2B68002B12
:103230003FF46DAF00210520E3E72A68002A3FF440
:1032400066AF002B3FF463AF0021062090475EE796
:1032500008F10C044FF0FF31204602F059F9FFF756
:1032600063FE204602F0C4F958F8083C002B3FF4F6
:103270004EAF00210120C4E758F8083C002B3FF472
:1032800046AF00210A20BCE7002003F078FEFEF7DD
:1032900039FDFEF71BF9FFF72DFDFFF745FE012075
:1032A00003F06DFE0448FEF701FA30E798130020A2
:1032B00000700240AC130020112E0000F89C00208A
:1032C000B0F5907F10B517D0B0F5927F04D0B0F56F
:1032D0008E7F13D1012400E00224FFF719FD68B1AD
:1032E000002202750473FFF7A1FC054B1B792BB17B
:1032F000BDE81040FFF7E6BC0024EEE710BD00BFBC
:103300009813002038B51A4C257965BB194BA56078
:1033100004F11400C4E9033504F06CFA2A460121D3
:10332000272000F0EFFC1448FEF7C0F9134B984239
:103330001BD1012003F023FEFFF7F6FD054608B977
:10334000012323710E4B1B680BB1FFF7BBFC4FF041
:103350008043D3F83834DB0703D54FF48E70FFF782
:10336000AFFF284638BD0025FBE76FF00405F8E7FE
:103370009813002039300000112E00000000AD0B22
:10338000F89C002038B54FF0FF31274802F0C0F814
:10339000FFF7B0FC002464F07F00C0B2FFF74CFCE4
:1033A0000546103004F00AFA013424220021284690
:1033B00003F015FF082CEED10024E0B2FFF73CFC2F
:1033C0000546103004F0FAF9013424220021284681
:1033D00003F005FF082CF0D1144C04F5AC7004F098
:1033E000EDF92422002104F5A47003F0F8FE04F5A1
:1033F000277004F0E3F92422002104F5237003F080
:10340000EEFEFEF77FFCFEF761F80020FFF734FCCC
:10341000002003F0B4FD002504F11400257102F032
:10342000E7F8284638BD00BFAC13002098130020F1
:10343000064B1A7932B15B79002B0CBF6FF012008A
:10344000002070476FF01200704700BF98130020F3
:1034500038B50E4B1B790146A3B105782846FFF716
:10346000EBFB18B96FF01504204638BD45720B7997
:10347000498883724C1E0C404160F3D1284603F00A
:1034800010FCF1E76FF01204EEE700BF9813002084
:10349000114B1A7910B50146BAB15B79ABB1FFF7A0
:1034A000CBFB0446A0B1837A032B05D8DFE803F0F9
:1034B0000210090903F029FC0020A369E060E36120
:1034C00010BD0846FEF7AEF9F6E76FF01200F7E719
:1034D0006FF01500F4E700BF9813002008B50A4B01
:1034E0001A7901464AB15B793BB1FFF7A5FB38B1C8
:1034F0000846FEF79DFC002008BD6FF01200FBE7B8
:103500006FF01500F8E700BF9813002038B50B4B9B
:103510001A7905460C4652B15B7943B1FFF78CFB33
:1035200040B12846FEF78AF92070002038BD6FF0C0
:103530001200FBE76FF01500F8E700BF98130020BA
:103540000D4938B50B7905466BB1FFF775FB68B1CE
:10355000047A74B901230372487918B12846FEF73A
:1035600017FC204638BD6FF01200FBE76FF0150026
:10357000F8E76FF04400F5E7981300202DE9F043D9
:103580002F4C1F46237985B0064689469046002B6E
:1035900050D06379002B4DD003064ED5FFF74CFB7E
:1035A0000546002849D04FF0FF3104F1140001F026
:1035B000AFFF95F8223003F0FF024BB104F1140085
:1035C00002F016F86FF00A04204605B0BDE8F0835B
:1035D0006C68A86944452BBF4446012385F8232025
:1035E00085F823302246494603F0CCFDEC6007B154
:1035F0003C60AC7A4CB9FEF787F9B04205D003F0D5
:1036000081FB104801F0F4FFDEE7012385F822304A
:10361000AB6901930024EB68029301A9304603943F
:10362000FEF784F8084B98421CBF85F822406FF0E3
:103630000404E6E76FF01204C6E76FF01504C3E771
:1036400098130020AC1300200000AD0B2DE9F041D1
:103650001D461E4B90461A790F46002A30D05B79E2
:1036600073B303062FD411B9B8F1000F2BD1FFF7B4
:10367000E3FA044638B34FF0FF31154801F048FF34
:10368000E36843451E4628BF464657B9B8F1000FC8
:1036900007D105B12B600E4801F0AAFF0020BDE85C
:1036A000F0813246E169384603F06CFDE36933444A
:1036B000E361E3689B1BE360002DECD02E60EAE73A
:1036C0006FF01200EBE76FF01500E8E798130020A9
:1036D000AC13002038B51A4D2A79034632B36A7903
:1036E00022B31B0625D4FFF7A7FA044608B34FF010
:1036F000FF3105F1140001F00BFFE3688BB90125E0
:10370000A36984F82050E36194F821304BB1FFF7AE
:10371000FFFA88B10575C4600574FFF787FAFFF7F3
:10372000D1FA084801F064FF002038BD6FF01200A4
:10373000FBE76FF01500F8E76FF00B00F5E700BF4F
:1037400098130020AC13002008B5074B1B792BB150
:10375000FFF772FA28B10160002008BD6FF0120077
:10376000FBE76FF01500F8E798130020014B186095
:10377000002070479813002008B5074B1B7923B130
:10378000FFF75AFA20B1406808BD6FF01200FBE75E
:103790006FF01500F8E700BF98130020104B0022CF
:1037A00010B4C3F840214FF02002EFF3118482F3EC
:1037B0001188BFF36F8F0B4AD3F80405116840F2EC
:1037C0004713401A20F07F40B0FBF3F003FB0013D7
:1037D000136084F31188BFF36F8F10BC02F06CBCD0
:1037E000001001404C16002037B51F4801F0E2FCE4
:1037F000002835D043681D4D1B68012198470024DF
:1038000040F24713C5F80845C5F840354FF48033FA
:10381000C5F84433C5F8043303F1804303F58A53F4
:103820004FF400321C601B680193019B104B012177
:10383000C3F880211120224600F064FA112000F024
:103840002FFA0C4A012313602B60D5F8043503F2DC
:10385000471323F07F43C5F84035204603B030BD01
:103860004FF0FF30FAE700BF8483000000100140F2
:1038700000E100E0081001404CF6690270B5B0F1BB
:10388000FF3F08BF10464FF02003EFF3118483F38E
:103890001188BFF36F8F1349134DD1F804352E688B
:1038A00001389042A8BF10469A1B22F07F4240F296
:1038B000471502F5A37220EAE07005FB0020B0FB7B
:1038C000F5F005FB0060C31A23F07F431F2B98BF60
:1038D000401920F07F40C1F8400584F31188BFF300
:1038E0006F8F70BD001001404C1600204FF0200279
:1038F000EFF3118382F31188BFF36F8F084AD2F878
:103900000405084A1268801A20F07F4040F24712EE
:10391000B0FBF2F083F31188BFF36F8F704700BFE5
:10392000001001404C16002004488168006A88425B
:1039300003D003494FF080520A607047801700207F
:1039400004ED00E0044800232021C2180133302B8D
:1039500082F80013F9D1704700E100E0094A0A49F2
:10396000936809689966094958664B6843F0805323
:103970004B60002383F31188BFF36F8F9368986EB9
:10398000704700BF801700207880000000ED00E045
:10399000202080F31188BFF36F8F11498A684FF0A0
:1039A00028001044EFF3098C80E8F01F0D4F4FF012
:1039B00000660A6A8A603E60506E0023536680F398
:1039C000118804B50648806803F021FBBDE8044077
:1039D00002F1280090E8F01F8CF30988704700007E
:1039E0008017002004ED00E01EF0040F0CBFEFF381
:1039F0000880EFF30980816931F8021C11F0FF01A2
:103A00000229FFD001B503F0F3FA01BD38B51B4C14
:103A100005461B4802F0B4FFA36AD90602D519482F
:103A200002F0AEFFA36A1A0702D5174802F0A8FFFA
:103A3000A36A9B070ED5154802F0A2FF616BA36A2B
:103A4000180607D5124802F09BFF1DB1A36A23F0A8
:103A50008003A362094CA36ADA0702D50D4802F07D
:103A60008FFFA36A9B0602D50B4802F089FFA36A69
:103A7000A36A43F0FF03A362002038BD00ED00E01D
:103A800030840000478400007B8400008F840000A5
:103A9000A8840000BF840000DF84000038B51E4CFD
:103AA00005461E4802F06CFFA36AD90402D51C48E3
:103AB00002F066FFA36A1A0502D51A4802F060FFF9
:103AC000A36A9B050ED5184802F05AFFA16BA36AA2
:103AD000180407D5154802F053FF1DB1A36A23F45B
:103AE0000043A3620C4CA36A590502D5104802F0AA
:103AF00047FFA36ADA0509D50E4802F041FF064ADE
:103B0000936A43F47F439362002038BDA36A9B0409
:103B1000F5D50948F1E700BF00ED00E0A283000001
:103B2000B98300007B840000CB830000E5830000A4
:103B3000FB83000017840000DF84000010B5194CDF
:103B4000194802F01DFFA36A9A0102D5174802F036
:103B500017FFA36ADB0102D5154802F011FFA36A23
:103B6000180302D5134802F00BFF0E4CA36A590349
:103B700002D5114802F004FFA36A9A0302D50F4848
:103B800002F0FEFEA36ADB0302D50D4802F0F8FE48
:103B9000044A936A6FEA03436FEA13439362002077
:103BA00010BD00BF00ED00E00F850000288500007B
:103BB0003C85000057850000768500009C8500004C
:103BC000B785000038B5274C6368C3F30803DA1ED5
:103BD0000546092A3AD8DFE802F00533353039398D
:103BE00039393937204802F0CBFEE36A9A0703D50A
:103BF0001E4802F0C5FE02E0E36A5B0005D4002027
:103C00002946BDE8384000F0DFB8194802F0B8FE98
:103C1000184B1B782BB10120FFF7F8FE0628EFD1D7
:103C200038BD154B1B781BB10120FFF737FFF5E7B7
:103C3000124B1B889BB2002BE1D0FFF77FFFEDE713
:103C40000020E9E70020F0E70D48D2E70D480E49D3
:103C5000A3F110020F2BD8BF01460C4802F090FED2
:103C6000CDE700BF00ED00E01186000029860000CE
:103C70004B86000028ED00E029ED00E02AED00E091
:103C80006B860000E3850000F8850000A286000036
:103C9000024A536943F010035361704700ED00E09E
:103CA00043B2002B08DB012200F01F0002FA00F0F3
:103CB0005B09024A42F82300704700BF00E100E0C0
:103CC00043B2002B0DDB01225B0900F01F0002FA5A
:103CD00000F02033034A42F82300BFF34F8FBFF3B5
:103CE0006F8F704700E100E04209054B00F01F00B4
:103CF00053F82220012303FA00F01040704700BF60
:103D000000E100E043B2002BA8BF03F1604301F1E2
:103D100001014FEA4111AEBF03F5614300F00F000E
:103D2000034BC9B2ACBF83F800131954704700BFEE
:103D300014ED00E02DE9F0418C18884617461E4628
:103D400004220A9B0999054603F0E9FEA4F1200329
:103D50000C4923F00703002221F00101C5E91322D9
:103D6000C5E916879961069959600799996008997C
:103D7000D9604FF080711E60D961AB646A66BDE89E
:103D8000F08100BF57660000014910220A607047A9
:103D900010ED00E0404080F3118830BF704700BF55
:103DA000404080F31188DFF81CC0DCF800C01CF430
:103DB000006C0CBFEFF30880EFF3098001B5FFF74B
:103DC00001FF01BD04ED00E038B504460D460528AD
:103DD0001AD8DFE800F00319191315170D4802F07F
:103DE000CFFD01F06DFFAA6901460B4802F0C8FD46
:103DF00029462046BDE8384000F018B80748EEE7ED
:103E00000748ECE70748EAE70146074802F0B8FD33
:103E1000E7E700BFB686000054870000D6860000A2
:103E2000FC8600001687000031870000052810B5C9
:103E30000CD001F0ADFF60B101F0AAFF0C490D4BB1
:103E4000002808BF19460C4802F09AFDFFF7A2FFB0
:103E5000FCE701F0ADFF0028EED1084C0848A1684E
:103E600002F08EFDA068BDE8104000F00BB800BF66
:103E70009087000094870000A5870000801700202D
:103E8000C587000038B505464FF02003EFF31184D5
:103E900083F31188BFF36F8F03F022FE0A4B9B68F8
:103EA000AB420BD1094B5A68C2F3080212B9204643
:103EB000FFF754FD5A6842F080525A602046BDE830
:103EC000384003F04DBD00BF8017002000ED00E03A
:103ED00001B5EFF30580A0F110004FEAC0000449DE
:103EE000014409C99847BDE8014002480047000065
:103EF000007C00002939000003F07EF800F004F88F
:103F000030BFFFF7FDBF00BF08B50E4B83F3098834
:103F1000EFF3148343F0020383F31488BFF36F8F2E
:103F2000094B0A4A23F07F039360BFF34F8FBFF31F
:103F30006F8F01F06BF901F073F9FFF703FD01F0EA
:103F40009DF900BF889600200000000000ED00E011
:103F50001FB5094B0193094B029304A8084B039327
:103F600001AB40F8103D074A074B012100F076F8FD
:103F700005B05DF804FB00BF000000200000000059
:103F800000000B06000000200000042030B5D1E93D
:103F90000043202B896817D9B3F1004F16D8013B95
:103FA000B3FA83F3C3F11F035B00072841F001015B
:103FB0000ED824F01F02084D024342F010020B43BA
:103FC000A860EA602B6130BD0823EEE73E23ECE7F2
:103FD0006FF01500F7E700BF90ED00E0034B0522FE
:103FE0005A60BFF34F8FBFF36F8F704790ED00E0C3
:103FF000BFF35F8F014B00225A60704790ED00E0E5
:1040000013490868082810B51ED8FFF7F1FF114CB6
:1040100049680022904201F10C0105D10E4B187045
:10402000FFF7DCFF002010BDA26051F80C3C23F02C
:104030001F0343F010031343E36051F8043C43F0C3
:10404000010323610132E5E74FF0FF30EBE700BFEA
:104050004C7E000090ED00E0226D0020F8B5104C81
:10406000074620780E460025B54208DA57F8251095
:104070004B6893B15A1E134203D06FF015002070A5
:10408000F8BD1F2BF9D90B681A42F6D1C0B2FFF761
:104090007DFF10F1160FF0D001300135E4E700BFCD
:1040A000226D002070B5104B064618780D4600248E
:1040B000AC4207DB10F1160F03D00C4B002207288F
:1040C0000DDD70BD56F824104B6833B1C0B2FFF758
:1040D0005DFF10F1160FF4D001300134E8E798606D
:1040E0001A610130EBE700BF226D002090ED00E087
:1040F0002DE9F04FC9B0CDE90C011F4600239346CE
:1041000004939BF800000BF1010548B125287BD0F2
:10411000DDE90C319847013006D14FF0FF330493AD
:10412000049849B0BDE8F08F049B0133CDE9043712
:10413000AB46059FE5E7232C5FD054D8002CEFD089
:10414000202C08BF4FF001095D46AB46BF481BF865
:10415000014B214602F0DCFF0028ECD12A2C5BD178
:104160003A680392002AB8BF524207F10403B8BF6D
:1041700003926C78BCBF0122069205F1020B1F4628
:10418000039BC92B28BFC82303932E2C69D19BF80E
:1041900000302A2B62D13D680BF1010B0437C92D89
:1041A0009BF80040A8BF4FF0FF350BF1010B2146F3
:1041B000A74802F0ADFF18B19BF800400BF1010BCE
:1041C000672C7CDC652C80F2E080472C4CDC452C95
:1041D00080F2DB80002CA3D0252C00F03583C82C86
:1041E00040F33C8399E72D2C0BD0302C07D02B2C9F
:1041F000079B08BF01230793A6E70126A4E70294C3
:10420000A2E7012306939FE74FF0000920230293C2
:10421000CDE906994E4698E7A4F13003092B0390A7
:10422000B3D80A22AB461BF8010BA0F13003092BCF
:104230000446A5D8039B02FB0300A0F130030393BF
:104240005D46EFE700FB0535303D93465A4612F8D0
:10425000013BA3F130010929F4D9A0E700250A2088
:10426000F4E74FF0FF35A2E7632C6FD032DC582C17
:10427000B5D13B1D05933968002E00F0DC8247F66E
:104280003003ADF854300DF156072B461022384656
:1042900002F0C6FF582C06D10DF1530212F8013F6F
:1042A000002B40F0CA820DF15408002EA7EB08083D
:1042B000404414BF4FF002094FF0000929E0702C70
:1042C00000F094822BDC6E2C00F0538200F35782B6
:1042D000692C84D13C683B1D002C059342DA2D23C8
:1042E000B4F1004F8DF8543041D061420DF15508C2
:1042F0002B4640460A2202F093FF079B804415A8F4
:10430000A8EB0000002B3DD1B9F1000F01D14FEA1D
:10431000D4790135029B18BF2023029380E0752CCD
:1043200000F08082782CA4D0732C7FF458AF3B1D12
:104330003968059300268B5D002B00F066820136FC
:10434000C82EF8D1002D80F2628266E23B1D0593F3
:104350003B688DF8543000238DF8553001264FF01E
:1043600000091CE2079B23B12B238DF85430214612
:10437000BCE7B9F1000F01D02023F6E721460DF18B
:104380005408B5E7DDF81C90C3E7073727F00707A7
:1043900007F10803D7E900C70593FB0243EA5C5322
:1043A00023F000414FEACC220B46C7F30A58CDE96F
:1043B000102340F2FF7310469845CDE90001604696
:1043C00048D10028DDE9001277F10003B8BF2D23A2
:1043D00015A8B6BF8DF8543003460DF155030A43B6
:1043E000A4F1410403F1030825D1192C1DD8492259
:1043F0001A704E225A7046229A700022DA70079B79
:10440000A8EB0000002B40F05682B9F1000F07D155
:104410009DF85410A1F12D03D3F1000949EB0309D4
:10442000C8283FF77AAE0646B9E169221A706E22B3
:104430005A706622E0E7192C99BF4E2241216E2264
:10444000612194BF1A701A705970D5E7EA8700008D
:10445000F0870000DDE90023462C42EA080243EA27
:10446000E87308BF6624134343D0DDE90023002826
:1044700043F00043CDE9102377F10003A8F2FE38A2
:1044800039DA2D238DF854300DF1550A00230093AD
:1044900018F1020F3EDBB8F1000F79DC10A808F12B
:1044A000010802F0E5FEB8F1040FF7D1002D24F069
:1044B0002003B8BF0625472B40F09780002E40F020
:1044C00092802B1C18BF01230893009B033304DB4D
:1044D000009A6B1C9A4240F38D80672C0CBF6524B8
:1044E000452405F10108102398450F93A8BF98466D
:1044F00089E04FF00008079B0BB12B23C2E7B9F10D
:10450000000F01D02023BDE70DF1540ABEE710A82B
:1045100002F0AEFEDDE9107C00230B93CDF828C03D
:10452000DDE90A01A84A00238B4208BF824208F154
:104530000108ECD30522A7FB0201CDE90801099B84
:1045400002FB0C330993DDE90823CDE91023009B1E
:10455000013B00934FF0000C099A002300216FF0FB
:104560000040994208BF904207D2BCF1000F8FD0A3
:10457000DDE90823CDE910238AE7DDE90823921855
:104580005B41CDE9082308F1FF384FF0010CE3E768
:1045900010A802F081FE009B01330093DDE9102397
:1045A000CDE9082308F1FF384FF0000C099A0023E9
:1045B00000216FF00040994208BF904208D2BCF140
:1045C000000F3FF468AFDDE90823CDE9102362E76F
:1045D000DDE9082392185B41CDE9082308F1FF3893
:1045E0004FF0010CE2E700236EE70023662C0893EE
:1045F0007FF477AF009B13EB05084BD510230F9387
:1046000066244FF0000848A900224FF0006361E9DA
:10461000362318F1FF383FD2DDE91023DDE912011E
:10462000171843EB01083A464346CDE9102308F03A
:1046300070420023134308D010A802F02DFE10A8EA
:1046400002F016FE009B01330093662C0AF101086C
:1046500040D1009B002B29DD534498460FA910A898
:1046600002F04BFE0AF8010BC245F7D1002300937C
:1046700006B95DB12E2388F80030464608EB0503E5
:104680004FF0300AB34215D10135A844089B002BE6
:1046900039D160E0662426E708460A9102F0FCFD65
:1046A0000A99084602F0E4FD0A99B2E730238AF835
:1046B0000030DDE7009A2AB1013286F801A00092AD
:1046C0000136DFE70FA910A80A9302F016FE0A9B35
:1046D0007070F5E70FA910A802F00FFE302818BF80
:1046E000009B8AF800001CBF03F1FF33009306B95A
:1046F0003DB10AF102082E238AF8013045444545B0
:104700002ED1089B43B118F8012C302A08F1FF3351
:104710002DD02E2A08BF984624F02003452B1AD10D
:10472000009B88F80040002BBBBF5B4200932B230B
:104730002D2388F801300A22009B93FBF2F303F14A
:10474000300188F80210009902FB1317303788F8FF
:10475000037008F10408002388F8003015A84EE61D
:104760000FA910A802F0C9FD08F8010BC7E7984689
:10477000C9E73B1D05933B68049A1A60D9E43B1DC9
:104780000593396816B330238DF8543059BB013581
:10479000029B8DF8551018BF202389460293039B76
:1047A000B34240F38680069B15AD002B58D02023E2
:1047B000039AAB550136B242FAD1DDE9033215ACAA
:1047C00013441D46A41A70E03233333315A80DF19B
:1047D00054082B460822A0EB080802F021FD4044B3
:1047E0004FF0000995E50DF15500F0E73B1D0593ED
:1047F00047F63003ADF854303968082310220DF124
:10480000560002F00DFD0230EAE7002D02DBAE4259
:10481000A8BF2E46002E3FF48CAC324615A802F0FD
:10482000B1FC9CE53B1D05930A222B46396815A86F
:1048300002F0F6FCD4E715AF27E5A3F161011929D1
:104840009CBF203B137029E50D990C9B204698478F
:1048500001303FF462AC049B01330493059768E494
:10486000039B9C1B721C2819294602F074FC069BB2
:10487000029A202A18BF4B4606931C44069BA3426B
:104880009BDA069B1A469DF80830AB541346013359
:104890000693F3E7049B0D99E05C0C9B984701306D
:1048A0003FF43BAC049B01330493049BAB42F1D136
:1048B0003FE4039681E7DDF81C90B1E50EB40FB537
:1048C00005AB6FF0004153F8042B029003910648AA
:1048D000019302A9FFF70CFC029B00221A7004B09E
:1048E0005DF804EB03B070473173000008B5094B65
:1048F0001A786AB90121197006200521FFF702FA1A
:104900000620FFF7CDF9044B4FF00042C3F8042313
:10491000002008BD236D0020006000401F288ABFD2
:10492000094B4FF0A04300F01F0003EB8000D0F8CC
:10493000003723F44033C0F80037D0F8003743EA9B
:104940000141C0F80017704700030050F7B5036835
:1049500086689B6801F01F040D464C491B79D1F80D
:10496000042344EA4314D2B2002303F5A27051F8A1
:104970002000C0F3052084426CD122FA03F0C00766
:1049800068D59A0002F1804202F5C042D2F81005C3
:1049900020F00100C2F81005012202FA03F3C1F869
:1049A000083320460021FFF7B9FFB068E84010F057
:1049B00001004DD0F068E84010F0010048D0706967
:1049C000E84010F0010251D0B369EB40DB0745D459
:1049D0003369F269EB4022FA05F503F0010305F0B3
:1049E0000105AB420CBF02250125284F002101F52E
:1049F000A27357F8230010F0030031D18A0002F1AE
:104A0000804303F5C0432402D3F8106526F44F36E3
:104A100026F44076C3F81065D3F8106504F47C548E
:104A200002F1804202F5C24244EA05453543C3F82B
:104A30001055106012680192019AD3F8102542F0C7
:104A40000102C3F81025012303FA01F1C7F804138A
:104A500003B0F0BD0133082B87D1A2E70325C4E7DB
:104A600001310829C3D16FF01200F1E7F169336910
:104A70004B4023FA05F515F0010F20460CBF03212A
:104A80000221FFF74BFF1046E2E700BF0060004045
:104A90002DE9F84F0746856803F47040B0F5804F64
:104AA0001E4647D02ADCB0F5805F3BD0B0F5405FB2
:104AB0003CD050BB06F44078B8F5807F3CD0A8F5D8
:104AC00000746342634106F0010C4FEA4C0801296F
:104AD00048EA0C0818BFD4B248EA0020DFF8D4A096
:104AE00012BFA1464FF01F09002440EA83084FF08F
:104AF000010BA14522D20020BDE8F88FB0F5E04FB0
:104B000016D005DCB0F5A04F0ED06FF01500F3E71E
:104B1000B0F5404F04D0B0F5504FF6D10720C9E7AB
:104B20000620C7E70120C5E70320C3E70420C1E74B
:104B30000520BFE70220BDE70323C4E73B689B686D
:104B40001A7904F01F0343EA42131F2BC6BF03F078
:104B50001F0352464FF0A04203F5E073B10742F83D
:104B60002380AB680BFA04F24CBF13439343AB6052
:104B70006B69B0064CBF134393436B61AB6971061D
:104B80004CBF13439343AB612B6970074CBF134376
:104B900093432B61EB6931064CBF1A4323EA0202AF
:104BA000EA6121463846FFF7D1FE0028A4D101343E
:104BB000E4B29EE700030050F0B5002685B0CDE9D1
:104BC00002662B4D2C68012C0BD12A4802F030FCD8
:104BD0000290294802F02CFC03902E602B68009371
:104BE000009B264E002301279C46D6F8042307FA93
:104BF00003F111421ED003F1805202F5C25292001D
:104C00001168012916D103F5A2700DF1100E56F8A6
:104C10002050C2F800C0C5F340300EEB8000C5F351
:104C20000425A940126850F8085C01922943019AB2
:104C300040F8081C0133082BD7D1029A1AB10D494C
:104C4000886802F082FB039A2AB10A4B03F10C0137
:104C5000586902F07AFB012C08D1064802F011FCD9
:104C6000054805B0BDE8F04002F00BBC05B0F0BD52
:104C70007C610040349C0020409C0020006000408B
:104C800002480021C2E90001002070470024F4001E
:104C900008B503689868002200F10801FCF714F8D1
:104CA000034B984214BF6FF00F00002008BD00BFF7
:104CB0000000AD0B2DE9F0479846036884689E68B4
:104CC0000F4606F10801154606F10C000B46A3EB52
:104CD000010913F8012BFF2A5FFA89F903D022F0AA
:104CE0008002974224D08342F1D16FF01500BDE8D5
:104CF000F087B5F5004F17D3002325FA03F2B2F57C
:104D0000004FD9B20CD2A173A281B27BA389A17B3F
:104D10002560CAF80C15CAF80425CAF8083511E050
:104D20000133082BE9D1E0E70123A373A581ECE768
:104D30003046D6F800A0FCF79DF80028D9D12368AA
:104D40009D42D2D14545D0D304EB4901A27B8B884B
:104D500028FA02F203F4004313438B80B8F1000FEA
:104D600001D0454512D1B14499F90830B8F1000F8E
:104D700036D135BB1F2F86BF07F01F071B4B4FF0E7
:104D8000A043012101FA07F7C3F80C75221D04F1B5
:104D90000C0132F8023BC3F30E0313B1A089984211
:104DA00007D89142F5D10021304601F0D3FE002012
:104DB0009DE70223012206F114013046FCF720F89A
:104DC000F5E7002BD6DA1F2F86BF07F01F07074B2A
:104DD0004FF0A043012101FA07F7C3F80875D5E7A2
:104DE0004545F0D1002BC5DBEDE700BF00030050C7
:104DF000024AD2F80034002BFBD0704700E001409B
:104E0000024B0B6001231360704700BF9016002017
:104E1000012208B51146064802F053FE4FF08052B9
:104E2000044B5169196012695A60002008BD00BF27
:104E300098160020901600202DE9F0410D464FF005
:104E4000805811462846D8F81070B2FBF7F4164681
:104E500002F080FB40B3B5FBF7F307FB13531BBB1A
:104E600007FB146707BB14B34FF0FF31114800F084
:104E700053FF11490223D1F80445D8F81000C1F8B6
:104E80000435FFF7B5FFC1F80855FFF7B1FF361A33
:104E90000544F8D1C1F80445FFF7AAFF054800F022
:104EA00015FF3046BDE8F0816FF01500FAE72046A7
:104EB000F8E700BF9816002000E0014010B50A484E
:104EC0000C464FF0FF3100F027FF084B4CB1002299
:104ED000C3F80425FFF78CFF034800F0F7FE00201D
:104EE00010BD0122F4E700BF9816002000E0014049
:104EF0002DE9F3410E463046194614461D4602F090
:104F000029FB002848D0002D49D04FF0FF3125481B
:104F100000F002FF16F0030018D026F0030802ABE1
:104F2000C0F10407D8F8002043F8042DAF4228BF91
:104F30002F46214618443A4602F024F9FFF758FF5D
:104F4000019BC8F800303E443C44ED1B25F00307AC
:104F5000E0192146341B04E0FFF74AFF0B680B51B0
:104F600004318142F8D1AA086FF0030000FB02521D
:104F70004AB102A8F35940F8043D02F003F9FFF7E3
:104F800037FF019BF351FFF733FF064800F09EFE09
:104F9000002002B0BDE8F0816FF01500F9E7284667
:104FA000F7E700BF9816002070B54B79012B23D18D
:104FB0008B79032B20D1CC792CB1012C1CD1036827
:104FC0009B681B79C3B10A7912B1022A14D10E224F
:104FD00003689B681D680B6847F61226B3426BD0C6
:104FE00027D8B3F5965F61D012D8B3F5167F4DD0B0
:104FF00005D8B3F5967F74D06FF0220052E0B3F578
:10500000966F50D0B3F5166FF6D14FF41D233FE0E5
:10501000B3F5615F4CD004D8B3F5165FECD1324BD9
:1050200036E0B3F5964F45D0B3F5E14FE4D12F4BC1
:105030002EE0B3F5E13F48D012D84DF6C026B3427A
:105040003DD005D8B3F5164FD6D14FF41D031FE060
:10505000B3F5614F36D0B3F5963FCDD1244B17E071
:10506000B3F5E12F37D008D8B3F5613F30D0214EEA
:10507000B342C1D14FF080630AE0B3F5612F2DD068
:105080001D4EB342B8D14FF0805301E04FF41C33B2
:10509000C5F82435836803C92243C5F86C2583E825
:1050A0000300002070BD4FF49E23F1E7134BEFE7A0
:1050B000134BEDE7134BEBE74FF40003E8E74FF436
:1050C0006503E5E74FF46B03E2E74FF0EB73DFE7CF
:1050D0004FF06C73DCE74FF0E863D9E74FF0706393
:1050E000D6E74FF4A033D3E70050270000C0750087
:1050F00000903A0190D0030040420F0000B013002E
:1051000000F03A0000A04E00F8B50022064601214A
:105110000220FEF7F7FD0220FEF7C2FD3368B568F6
:105120009B681C68174B03220827C3F80875C3F84F
:105130000C270022C3F828272323C4F80C352A2380
:10514000C4F8143529463046FFF72EFF0246B0B9A1
:105150004FF48871C4F80075204602F02CFAA96853
:1051600005F10C03C4F8343589680123C4F83835D7
:105170002360C4F84415C4F84825A360E3601046D2
:10518000F8BD00BF00030050094B70B553F8204034
:105190000130002653F82050A54200D870BD236886
:1051A00020465B68984700B166600C34F4E700BFA6
:1051B00064800000104B70B5104C05461E469C42A2
:1051C00004D10E4CB44209D1002412E062681AB135
:1051D00022681268AA420CD00C34F0E763680BB95D
:1051E0000C34EFE723682846196801F0A7FF002870
:1051F000F6D1204670BD00BFAC9C0020E09B002093
:10520000014B986854307047801700200248034AC9
:105210000021121A01F0E3BF00000020486D0020B9
:1052200008B50648064A0749121A01F0ABFF064ABC
:1052300006490748BDE8084001F0A4BF889A00204D
:10524000149E00202C880000000000002C88000024
:105250000000002008B50220FFF796FF0320FFF7AB
:1052600093FF00F01DFEFBF715FA034A137B23F0B2
:105270000103137308BD00BF1417002080B53D4B18
:10528000A2B083F308883C4B3C4E5A693C4D42F433
:1052900000725A610024E02283F82220DC771C7619
:1052A0005C769C765A6A42F4E0225A62FEF7F0FC81
:1052B000FEF76AFD07AB21466C22184601F08FFF0E
:1052C0000127B06020468DF82970FFF75DFF384652
:1052D000FFF75AFF00F052FC2A4B35624FF40052A0
:1052E000CDE90473CDE90244CDE90044264B2749BA
:1052F000284600F089FD6B7B23F0040213F01B0F9E
:105300006A73344604D1AB6913B9284600F09AFA9F
:105310001F4B204E059301220F23CDE903320023BA
:105320004FF4A0721C4900933046CDE901331B4B6A
:1053300000F06AFD737BE66023F004037373184B7F
:10534000C4E90633FEF704FE0D48A56001F05FFED8
:105350000D4B144A184682F3098863B64FF00001DA
:1053600081F31188BFF36F8F00210022002301F029
:1053700072F900BF8896002000ED00E08017002041
:10538000141700200E88000055520000486D0020C0
:1053900013880000A8160020488D0020CF7B000055
:1053A00098170020488D002038B5074C074DAC42B7
:1053B00001D3002038BD04F114032046C4E90533AD
:1053C00000F092FF1C34F2E7AC9C0020E49C00202B
:1053D0002DE9F04F1D1E85B006460C46174659DDD7
:1053E00000F0C0FE80462C484FF4004C00214FF4E2
:1053F000A0220023CCFB0501FAF782FE18EB000285
:10540000264B9046F31A264A9B1002FB03FA5FFADA
:105410008AFA06F1140B009403AB02AA394630460F
:1054200000F0ADFF10F10B0F0BD1009403AB02AAFB
:105430003946304600F0A3FF10F10B0F08BF6FF0A4
:105440000B006379029A84F804A062F3030363718A
:105450006368039A62F31F336360C0B1BDB110F19A
:105460000C0F14D14FF02003EFF3118083F3118858
:10547000BFF36F8F2A46594600F0FAFA6B1CCAD068
:1054800000F070FEB8EB0005C5D56FF00A0005B05E
:10549000BDE8F08F0022B3E7FFFF0400AC9C0020C2
:1054A000B76DDBB670B5047802684178114EC4EB75
:1054B000C404A400120B01F00F01301901F026F80A
:1054C0004FF02003EFF3118583F31188BFF36F8F43
:1054D00004F11400304402F0DEFA28B129460648EF
:1054E000BDE8704002F02EBA85F31188BFF36F8FCC
:1054F00070BD00BFAC9C0020446D0020034B9B6836
:105500000146186E08B102F05CB9704780170020A0
:1055100070B50D4634498B68DA7B013A0446DA737C
:10552000C26808464AB1A36889688B4212D09DB907
:1055300000F06CF96FF00F050AE08B6893F90E30FC
:10554000236101328368E260A36000F05FF9002507
:10555000284670BD2369F3E791F90E1093F90E30D8
:105560009942A8BF194621EAE1714FF02003EFF3F9
:10557000118683F31188BFF36F8FA06890F90E3006
:10558000994201DA00F0ACFA2B4622463146174820
:1055900000F092FA054610B900F038F9D8E7236810
:1055A00021699C4207D033B193F90E309942A8BFCC
:1055B000194621EAE1714FF02003EFF3118583F3DF
:1055C0001188BFF36F8FA06890F90E30994201D017
:1055D00000F086FA85F31188BFF36F8F00F016F99B
:1055E0006FF00A05B4E700BF80170020446D00206B
:1055F0001E4B9A68D37B013B70B50446D373C368D6
:10560000012B05D0013BC360BDE8704000F0FEB83F
:105610004FF02003EFF3118683F31188BFF36F8FF0
:105620000169806890F90E30994201D000F058FA73
:10563000204602F003FA0546A06080B1437BDB06FA
:1056400003D183690BB900F0FDF886F31188BFF32D
:105650006F8F0023AB6695F90E302361D4E7E060CD
:1056600086F31188BFF36F8FCEE700BF801700204D
:1056700038B54FF02003EFF3118583F31188BFF3A2
:105680006F8F046884B12368426823F00303944257
:10569000036008BF43600121204602F018F985F33A
:1056A0001188BFF36F8F38BD29B985F31188BFF317
:1056B0006F8F0846F7E700F108020B4610462946AF
:1056C00000F0FAF918B9034B9B685869EBE72046DC
:1056D000E9E700BF80170020EFF305800D2809D807
:1056E00028B1054B586880F40060C0F3C02080F0FA
:1056F000010070470120FAE700ED00E008B5FEF771
:10570000F5F8054B054A1B6818441061002118463E
:10571000BDE8084002F031BAB4170020801700201D
:10572000F8B50D464FF02003EFF3118483F3118891
:10573000BFF36F8F0D4E0E4B4FF400410027C1FB9E
:10574000006700221A6130464FF4A0220023394638
:10575000FAF7D6FC074B1860074B1D60FFF7CEFF2A
:1057600084F31188BFF36F8FF8BD00BFFFFF040003
:1057700080170020B4170020B01700204FF020033E
:10578000EFF3118183F31188BFF36F8F044B9A6895
:10579000D37B013BD37381F31188BFF36F8F7047C5
:1057A00080170020094B03F12402824205D19B6837
:1057B0008B4202D14B7BDB0607D1D1E900231A6073
:1057C0000A6853600023C1E9003370478017002046
:1057D00038B50D4C024604F1240002F0F8F80546F5
:1057E00000B9E568A3684AB95A7BD20606D1AA690E
:1057F00022B9DA897F2A01D9236238BD9D4201D0BE
:10580000FFF77CFF2562F8E78017002010B54FF006
:105810002003EFF3118483F31188BFF36F8F084BDC
:105820009A68D37B0133D3730120FFF7D1FF84F350
:105830001188BFF36F8FBDE8104002F0A0B800BF21
:1058400080170020F8B54FF02003EFF3118483F3A5
:105850001188BFF36F8F164A114651F8243F8B42CF
:105860000CD05BB1966A90F90E5093F90E70AF426E
:105870000BDCB34202D01B68002BF6D1936A436065
:10588000936A01601860906205E05A68C0E90032CE
:105890005A6810605860437B43F040034373002014
:1058A000FFF796FF84F31188BFF36F8FF8BD00BF39
:1058B00080170020F8B504464FF02003EFF311865F
:1058C00083F31188BFF36F8F194F07F12405014649
:1058D0002846FFF767FF7B6AAB423A460CD05BB1C4
:1058E000B86A94F90E1093F90E708F420BDC834264
:1058F00002D01B68002BF6D1936A6360936A25601F
:105900001C60946205E05968C4E9003159680C6074
:105910005C60637B906843F040036373031B5842F1
:105920005841FFF755FF86F31188BFF36F8FF8BD1D
:10593000801700201449154A8B6810B51468A342DB
:1059400003D1BDE81040FFF7D9BE00241460104A0F
:105950001268BAB1DA897F2A14D80E4A93F90E4038
:10596000126894420EDB0C4A126893420AD09A697C
:1059700042B90A69824203DC1846FFF79BFFE0E761
:10598000121A0A6110BD00BF80170020AC1700205A
:10599000B4170020B01700207C80000038B5044602
:1059A0004FF02003EFF3118583F31188BFF36F8F5E
:1059B000437B5A0607D501460948FFF7F3FE637B90
:1059C00023F040036373074B9868031B5842584108
:1059D000FFF7FEFE85F31188BFF36F8F38BD00BF60
:1059E000A41700208017002070B504460D46164607
:1059F000FFF7D4FF637B43F002036373EDB12B68C1
:105A0000A5609D420CD05BB194F90E2093F90E1065
:105A100091420CDC69688B4202D01B68002BF5D1E7
:105A20006B6863606B6825601C606C6005E05A6899
:105A3000C4E900325A6814605C60731C12D00A48D2
:105A40004FF4004500214FF4A022C5FB06010023BE
:105A5000FAF756FB0549421C04F11800BDE87040F6
:105A600000F0E6BA70BD00BFFFFF0400DB79000064
:105A700070B50F4D0F4C0646A868FFF7B5FFAB6831
:105A800023603046FDF76AFF4FF02002EFF31183E9
:105A900082F31188BFF36F8F2268A968914204BF17
:105AA0000022226083F31188BFF36F8F70BD00BFA7
:105AB00080170020AC17002010B50C461146064A8E
:105AC0009068064A10601A46FFF78EFF2046BDE830
:105AD0001040FDF743BF00BF80170020AC17002027
:105AE0002DE9F84304464FF02003EFF3118983F3C7
:105AF0001188BFF36F8F01F003FF4EB2804600287C
:105B000035D01D4D05F1240721463846FFF74AFEE2
:105B10006B6AA673BB422A460AD04BB1A96A93F9B5
:105B20000E00B0420BDC994202D01B68002BF6D16C
:105B3000936A6360936A27601C60946205E05A6808
:105B4000C4E900325A6814605C600120FFF740FE2F
:105B500089F31188BFF36F8FB8F1000F09D0064B9E
:105B60009B68DB7B2BB9BDE8F84301F008BFA67347
:105B7000EEE7BDE8F88300BF80170020044B00214A
:105B800003F12402C3E909220846FFF7C9BD00BF9B
:105B900080170020F8B5224C224BA2681B689A425D
:105BA00032D04FF02003EFF3118683F31188BFF357
:105BB0006F8F04F12405A1682846FFF7F3FD636A9F
:105BC000A268AB420CD05BB1A16A92F90E0093F9C6
:105BD0000E7087420BDC994202D01B68002BF6D175
:105BE000A36A5360A36A15601A60A26205E059684F
:105BF000C2E9003159680A605A600120FFF7E8FDE8
:105C000086F31188BFF36F8F4FF02003EFF31180FD
:105C100083F31188BFF36F8FBDE8F840FDF79EBE98
:105C2000801700207C800000F8B5044618B9FFF703
:105C3000B1FF2046F8BD1E484FF4004500214FF447
:105C4000A0220023C5FB0401FAF75AFA461C01F012
:105C5000AEFF34184FF02003EFF3118783F3118860
:105C6000BFF36F8F134D144BA8681860FFF796FEB3
:105C7000A86812493246183000F0DAF9AA68537B56
:105C800043F0100353733846FDF768FE01F08FFFB1
:105C9000201A002809DD4FF47A716422002380FB6A
:105CA0000101FAF77DFA0446C3E70024C1E700BF0B
:105CB000FFFF040080170020AC170020DB790000F4
:105CC000014B9868704700BF8017002070B50446EC
:105CD0004FF02003EFF3118683F31188BFF36F8F2A
:105CE00001F0ACFE054670B1437BDB0603D183694E
:105CF0000BB9FFF7A7FD0023AB6631460548BDE8A9
:105D0000704001F01FBED4E902329A4218BF01333D
:105D1000A360F2E7446D002010B402460B464FF03A
:105D20002000EFF3118180F31188BFF36F8F946827
:105D300044B1013C946081F31188BFF36F8F002060
:105D400010BC704733B981F31188BFF36F8F6FF0C8
:105D50000F00F5E7014810BCFFF7AEBE446D002010
:105D600010B5084C08494FF0FF334FF480622046CD
:105D700000F0F2F804F11000044901F0B0FE002038
:105D800010BD00BFB81700208896002018880000BA
:105D9000EFF305800D2807D838B1044B586880F41C
:105DA0000060C0F3C02070470120704700ED00E0A4
:105DB000024B9B68187B00F00100704780170020A1
:105DC00010B502464FF02003EFF3118483F31188DE
:105DD000BFF36F8F437B590704D484F31188BFF35B
:105DE0006F8F10BD23F00403437301F06FFE10B1F9
:105DF0001046FFF727FD21460248BDE8104001F09C
:105E0000A1BD00BF446D002030B587B004460E9D93
:105E100004950D9D03950C9D02950B9D01950A9D82
:105E20000095FDF787FF044B9B6813B9236607B005
:105E300030BD1B6EFAE700BF8017002070B586B03A
:105E4000002605960E9E04960D9E03960C9E0296C5
:105E50000B9E0F9D01960A9E00960446FFF7D4FF05
:105E60006B1C03D02DB92046FFF7AAFF204606B0D1
:105E700070BD09484FF4004600214FF4A0220023D2
:105E8000C6FB0501FAF73CF90449421C04F118006D
:105E900000F0CEF8EAE700BFFFFF0400DB79000066
:105EA0002DE9F04F284E294D87B0B046B54205F197
:105EB00030040FD3FFF762FC244C254EDFF894A08A
:105EC0004FF400490027444521D307B0BDE8F04F07
:105ED000FFF79CBC54F8043C059354F8103C049321
:105EE00054F8143C039354F8183C029354F81C3CA7
:105EF000019354F8203C009354E90A2354E90C011F
:105F0000FFF782FF54F8303CDD642546CEE7616A36
:105F10004B1C04D0256821B92846FFF751FF3034C7
:105F2000D1E7B346BC46C9FB01BC4FF4A022002315
:105F300058466146FAF7E4F85146421C05F118004C
:105F400000F076F8EBE700BFAC9C0020AC9C002092
:105F5000FFFF0400DB7900002DE9F041054686B023
:105F600098460E46174605F1100401F0BCFC0020CF
:105F7000CDE90400CDE90208CDE900503146064BD9
:105F80003A462046FFF75AFF0449204606B0BDE8CE
:105F9000F04101F0A4BD00BF6B6600002188000045
:105FA000034B1B680BB9FDF7A1BC0020704700BF75
:105FB00034180020036840B1084A5268904204D067
:105FC0001BB19A6881680A449A604268136003684A
:105FD0005A600023C0E90033704700BFD89B0020FF
:105FE00038B5104B1B78002B0F4B1C6814BF4FF0BB
:105FF000FF306FF000409C420AD04CB1A568FFF71B
:10600000CFFF281A00280ADBA468FFF7C9FF201A6F
:10601000064B1B6913B19842A8BF184638BD002033
:10602000F6E700BF446D0020D89B002080170020B9
:1060300070B504461646C1604FF02003EFF311859A
:1060400083F31188BFF36F8FFFF7AAFF194B1A680C
:10605000012EACBF801901309A42A06001D05E6869
:1060600032B95A6862605A68236014605C600BE061
:106070009068A168884216DD411A91605168C4E9B0
:10608000002151680C6054601A689A4206D094420C
:1060900004D1FFF7A5FF0021FDF7EEFB85F3118882
:1060A000BFF36F8F70BD091A9642A160D9D01268F4
:1060B000D6E700BFD89B00202DE9F04B0446FFF740
:1060C00039FC4FF02003EFF3118583F31188BFF300
:1060D0006F8F214E214FDFF888903460B846D9F891
:1060E000004032684C45D7E900BC05D024B1A36814
:1060F000934214DD9B1AA3601BEB02004CEBE27190
:106100000024C8E900013460FFF76AFF2146FDF76B
:10611000B3FB85F31188BFF36F8FBDE8F08B1BEBEA
:1061200003004CEBE371D31A33600023C7E900018D
:10613000A3602046FFF73EFF85F31188BFF36F8F02
:10614000E36898474FF02003EFF3118583F311883C
:10615000BFF36F8FC3E700BF34180020000000209A
:10616000D89B00202DE918484FF02003EFF311844D
:1061700083F31188BFF36F8FFDF7B8FB074BD3E9AB
:10618000002312EB000B43F1000C5846614684F3E8
:106190001188BFF36F8FBDE8188800BF0000002092
:1061A000026A002A38B5044602DD0E49FFF740FFB7
:1061B000636A01336362A3690BB12046984754F8C0
:1061C000105FA5420DD065B1284601F0A2FB6B7BA4
:1061D000DB0604D1AB6913B92846FFF733FB002374
:1061E000AB6638BDA16100002DE9F341144E0027D4
:1061F000044688464FF4004530463946C5FB020147
:1062000000234FF4A022F9F77BFF39460090304677
:106210004FF4A0220023C5FB0801F9F771FF01909C
:10622000204601F084FC009B0649019A2362204627
:106230000023636202B0BDE8F041FFF7F9BE00BF82
:10624000FFFF0400A161000043685B6903B11847C8
:1062500018467047002282F31488854682F310881E
:106260000847704770B5C66890F90B000C254D4380
:10627000884206EB0504B4BF71592146202492FBE5
:10628000F4F401EB8401196002F01F0070BD07B542
:1062900001ABFFF7E7FF019A012303FA00F013684F
:1062A0000343136003B05DF804FB07B501ABFFF7D0
:1062B000D9FF019A012303FA00F0136823EA0003CF
:1062C000136003B05DF804FB4FF02003EFF311807F
:1062D00083F31188BFF36F8F7047C30703D581F332
:1062E0001188BFF36F8F70472DE9F8430446436868
:1062F0000589006894F80AC05D43FF222844E272D1
:1063000000214FF00C0E8C4505DC00252389AB42A3
:1063100022DCBDE8F883D4F80C80B5FBF3F20EFB69
:1063200001F71F2A08EB0706C8BF1F324FEA930385
:1063300006F10409C8BF520903F10303C6E9019934
:1063400023F00303D4BFE17248F8070001F1010113
:10635000C8BF00EB8200D6E76268E36820686A4342
:1063600081181E1D86509A684A609A6820461160FE
:1063700099602A460021FFF78AFF0135C6E72DE91B
:10638000F04F8BB0857A00AFC7E90232AB000A3319
:1063900003F4FF63ADEB030D4368E94603334A465C
:1063A00023F0030342F8043904460020854200F13B
:1063B000FF3A0ADD28B113689B08033323F0030377
:1063C000536052F8043F8B4208D2BAF1FF3F07D125
:1063D0003A6D002313606FF00B0043E00130E5E7F6
:1063E000207C10F0010001D0FFF76EFF0C2303FBAF
:1063F0000AF31A1DE3683862134456461D68AB421F
:106400007CD0D5E900131960296859F826204B6023
:106410000023C5E9003323683146EB1A204693FB7D
:10642000F2F2FFF742FF731C7B62A9EB890309EBD1
:1064300086067B617B6A013B9A4517DC396A207CC2
:10644000FFF74BFF3B6D1D60002DC4D0FB68C3F808
:1064500000A02368ED1A59F82A3095FBF3F5BB68C4
:1064600000201D602C37BD46BDE8F08F236856F82C
:10647000042BEB1A93FBF2F37A699B003B6106EB6A
:1064800046031344BB614FF0010BD6F80080796AD4
:106490000BFB08F3FB61EB187B603B6920460BEBC1
:1064A0000302FFF7F4FE7B682268218908F1FF38B8
:1064B0009844A8EB020862684A4390450AD2E26811
:1064C000B969F8690A44111D2950916859609168A9
:1064D0000B6093600BF1010BBBF1040FD5D1207C55
:1064E000396AFFF7FAFE207C10F0010001D0FFF7B7
:1064F000EBFE7B6A386201337B629BE7013E721CD4
:10650000A5F10C037FF47AAF002597E72DE9F04F52
:1065100087B0837A9B000A3303F4FF6300AFADEBCF
:10652000030D4368E946033323F003030546C9F826
:1065300000304C460120814214D2287C10F001002A
:106540000E46904601D0FFF7BFFE0446002E12DA39
:106550004FF0FF342146287CFFF7BFFE1C37BD46B5
:10656000BDE8F08F23689B08033323F0030344F84E
:10657000043F0130DFE759F82630FB6003FB08FBDE
:106580002B68BB6042463146284603EB0B0AFFF7F7
:106590007EFEEA680C2303FB0622BB68111D43F84C
:1065A0000B109368CAF804309368C3F800A0C2F8CF
:1065B00008A0287C2146FFF790FE287C10F00100FF
:1065C00001D0FFF781FE0446002EC3D007F114036B
:1065D000424631462846FFF745FE7A69042390FB80
:1065E000F3F310689B00D84000F00F000F28B1D1E2
:1065F00028F00303BB60FB68013B4FF0000A7B609F
:10660000BB68B5F808C0696803EB0A02FB6803FBC6
:1066100002FB7B6801FB0CF103EB0B00884211D2FB
:1066200031462846FFF741FE2A6802EB0B0152F87B
:106630000B004B68186052F80B004360002342F8CF
:106640000B304B600AF1010ABAF1040FD8D198FB64
:10665000FAF8013E7AE708B50446084611461A469C
:10666000A047FFF72DFBFDF70DFC10B504464FF0DA
:10667000FF312046FEF7FCFF03460028F7D0083321
:106680004268BFF35B8F53E8001F21F0010C43E821
:1066900000CEBEF1000FF6D1BFF35B8FCB0700D564
:1066A0009047FFF777FAE2E70020704770B504469D
:1066B0000D464520A04729465220A047294623469B
:1066C0005220BDE8704018472DE9F04F89B01C46B4
:1066D0004FF0000A531E06460F4603934FF0FF3952
:1066E000D046002505E06DB9252800F03D813946EA
:1066F000B047039B13F8010F03930028F3D109B0AF
:10670000BDE8F08F642862D019D839280AD831281A
:1067100051D22D283DD030283ED0252808D13946E9
:10672000B047DEE7582800F0A880632800F0168103
:1067300039462520B047039B39461878F0E7702882
:1067400000F0918006D8692841D06C283CD0682898
:10675000CFD0EDE775286DD017D87328E8D125681C
:1067600004F1040B2B461C4614F8010B002840F0E2
:10677000EC80B8F1030F40F000815C1BA9EB04042E
:10678000002C00F3E6805C46ABE7782875D07A28C9
:10679000DEE74FF00308ACE7B9F1000F0EDAB8F10D
:1067A000000F00F0E780A0F13009B8F1000F08BF3A
:1067B0004FF002089DE7B9F1000FF4DB0A2303FB59
:1067C0000909A9F13009F0E70AF1010A91E7BAF1E4
:1067D000000F12D125680434002D05DA39462D202A
:1067E000B0476D4209F1FF39CDF8009043462A4683
:1067F00039463046FAF7E0F873E7BAF1010FE9D00D
:10680000073424F0070303F10804D3E9002312F14D
:10681000004043F100014FF0000C4FF0FF3B8C456E
:1068200008BF834504D239463046FFF73FFF58E79B
:106830001546D1E7BAF1000F05D122680434CDF82E
:1068400000904346D4E7BAF1010FF6D0073424F0A4
:10685000070303F10804D3E90023002B08BFB2F1BA
:10686000004FECD3DFE739463020B0473946782077
:10687000B0474FF008094FF00108BAF1010F27DCCB
:106880002368079300230493043400231022029307
:1068900006939346079B0BF1FF3B4FEA8B00C0F139
:1068A000200CA0F1200123FA00F0049B03FA0CFC59
:1068B00040EA0C0023FA01F1084310F00F0013D155
:1068C000069B13B9BBF1000F2ED14FF0300C11E035
:1068D000073424F0070303F108041A685B68079281
:1068E0000493D2E7059AD5E709288CBF4FF0570CDF
:1068F0004FF0300C394660440592B047029B069534
:1069000001330293BBF1000FECD1B8F1030F7FF418
:10691000E8AE029BC3EB4905002D7FF7E2AE394696
:106920002020B047013DF7E7531E91450593E9DB71
:10693000B8F1010F03D139463020B047E2E7B8F192
:10694000020FDFD139462020F7E73946B04723460A
:1069500009E739462020B047013C11E72068251D92
:106960003946B0472C46BCE6AA46A8464FF0FF3948
:106970000125BEE64FF00108BBE65C460546B8E6D9
:106980000FB407B504A951F8040B0191FAF764F8A4
:1069900003B05DF804EB04B070470369D0E9002050
:1069A000824296BF9B1802F1FF3303F1FF33181A9E
:1069B0007047036870B584680669A342A6EB0405B6
:1069C00098BF9B19013BAA42A3EB040328BF2A46A8
:1069D000934228BF1346426922441C44A64298BFF2
:1069E000A41B0A608460184670BD10B50446FFF70A
:1069F000D4FF884209D3636819442369994228BFA8
:106A0000C91AC4E90111002010BD6FF01500FBE7A1
:106A10002DE9F34180460F4616460025324601A96E
:106A20004046FFF7C6FF394604460246019800F08B
:106A3000A9FB361B2544274401D0002CEED1294662
:106A40004046FFF7D2FF284602B0BDE8F08170B59E
:106A5000D0E903364468A34296BFF51803F1FF3529
:106A600005F1FF352D1B741E641BF51AAA4228BFC1
:106A70002A46A24228BF224644691C4413449E422F
:106A800098BF9B1B0C60C360104670BD38B505698C
:106A90000446FFF782FF6B1E181A884208D323684A
:106AA00019448D4298BF491B2160E160002038BD28
:106AB0006FF01500FBE72DE9F34180460F461646BF
:106AC0000025324601A94046FFF7C1FF019904465F
:106AD0000246384600F056FB361B2544274401D0B9
:106AE000002CEED129464046FFF7D0FF284602B0E1
:106AF000BDE8F081704700470023435082B04358FF
:106B00000193019B02B0704738B51D4602230B71FB
:106B10000B684A7104467BB112F0040F14BF922136
:106B20008221100748BF41F02001D306236848BFE7
:106B300021F08001C3F8001320684FF48271FFF741
:106B4000DBFF206812F0800F05BF0123435140197D
:106B5000002038BD38B505460C46FAF78BF950B918
:106B60002B6801225A602846FAF784F918B9002CDC
:106B7000F9D1204638BD0124FBE700F1804000F543
:106B80001C3001230360BFF36F8FBFF34F8F70473B
:106B900030B54C680D689C4229BFC0E90053002104
:106BA000E41AED1832BFC0E900514C600D60934209
:106BB00003D1201C18BF012030BD0020FCE74B682A
:106BC00010B59A420C6828BF1A46C0E90042981ACC
:106BD0000B684860134400300B6018BF012010BDE3
:106BE00030B54C680B68A24228BF2246002A14BF69
:106BF0001D460025A4EB02041344C0E900524C607A
:106C00000B6014BF0120002030BD10F0800F14BFB6
:106C10000023102300F00F0018447047704708B598
:106C20000146FAF781F9FAF771F9837B032B0AD150
:106C30000846FFF7EAFF012303FA00F0C043BDE86E
:106C40000840FAF729BA0368002BF1D008BD872065
:106C5000FFF7E5BF8620FFF7E2BF8520FFF7DFBF24
:106C60008420FFF7DCBF8320FFF7D9BF8220FFF726
:106C7000D6BF8120FFF7D3BF0720FAF7F7BB062066
:106C8000FAF7F4BB0520FAF7F1BB0420FAF7EEBBE4
:106C90000320FAF7EBBB0220FAF7E8BB0120FAF772
:106CA000E5BB08B5FAF732F9818108BD08B5FAF7F6
:106CB0002DF94FF02002EFF3118382F31188BFF317
:106CC0006F8F82680A6002682AB9807B83F311881B
:106CD000BFF36F8F08BD0420F8E708B5FAF706F98F
:106CE00058B9EFF3108272B64C20FFF746FF4C20E4
:106CF000FFF743FF82F3108808BD4C20BDE8084031
:106D0000FFF73BBF5020FFF738BF5420FFF735BFD8
:106D10002DE9F34150F8283C10F82C5C1033044660
:106D200010D1C36850F8202C99073BD5FAB913F05D
:106D3000040304D11A4619462846FCF71FFC002319
:106D400044F8283C54F8283C10330DD054F8186C03
:106D500056B154F81C7C54F8148CFFF719F800282D
:106D60004BD02046FBF73AFA02B0BDE8F08150F86C
:106D7000241C01AB2846FCF701FC10B16FF0150391
:106D8000DEE7019A54F8243C134444F8243C54F8B8
:106D9000203C9B1A44F8203C54F81C3C134444F813
:106DA0001C3CCFE750F8241C01AB2846FCF74EFCF6
:106DB0000028E3D1019E54F8243C334444F8243C99
:106DC00054F8203C9B1B44F8203C54F81C3C3344B2
:106DD00044F81C3C002EB2D02846FCF7CDFCB6FB94
:106DE000F0F303FB10600028A9D154F8203C002BDD
:106DF000A5D02846FCF76EFCA4E744F8180CA4F1D3
:106E00001000FEF763FF424639462846B047ABE71D
:106E1000FCF7B4BB00F0D9B8006808B1043800B979
:106E2000704703681B689B688B42F9D04068F4E7A1
:106E3000006808B1043800B9704703681B689B6894
:106E40005B689B788B42F7D04068F2E7006830B50A
:106E5000A8B10438082490B103681B689A68936A43
:106E600092F8242014FB0232934203D1406830B1DF
:106E70000438F0E7083313F8045C8D42F4D130BDD8
:106E80004B1CDBB28170817680F82530C37600F828
:106E9000061C704750E902301847836800229A7632
:106EA00070478368187E704783680022DA767047DF
:106EB0008368587E704783681A7E0AB19A7E1AB931
:106EC000587E10B1D87E704701207047012070476E
:106ED0008368C3E9011270476FF02200704773B5F1
:106EE000036886689D6802ABA86A002443F8084DD1
:106EF000007BFFF78FFF02ABA86A43F8044D2246E0
:106F00002146007BFFF786FF019B03B9737600984B
:106F100002B070BD37B5836800681D788468032DA2
:106F20004FF00000019007D11876A06A01AB007DF8
:106F3000FFF76EFF00B9019803B030BD80680123F0
:106F40008376436823B1037E13B10C30FBF780BC1A
:106F5000704780680123C376436823B1437E13B131
:106F60000C30FBF775BC704708B5002210460121B4
:106F7000FCF7C8FE0020FCF793FE002008BD4FF090
:106F800080434FF4607220B1C3F804230020FCF763
:106F900087BEC3F8082370470378027903F00F0314
:106FA00022B9181C18BF012040427047082B07D88F
:106FB000012A08D1B3F1080018BF4FF0FF30704725
:106FC0004FF0FF3070470020704770B504460E4602
:106FD0001546FCF73BFB30B906B925B12046BDE8A4
:106FE0007040FCF777BB70BD70477047FCF7D8BEA8
:106FF00001460068FCF7E8BE202383F31188704740
:1070000008B5FCF77DFFBDE80840FCF78DBC07B56F
:10701000002101A8FDF746F803B05DF804FB2DE957
:10702000F04184460F4605462C4614F8013B202BC0
:1070300035D0A3F10901042931D92D2B31D16B7839
:10704000AC1C4FF0010E002A5ED0102A09D1302B63
:1070500007D1237803F0DF03582B50D16378102237
:1070600002344FF0FF310026B1FBF2F102FB01F8D0
:107070006FEA08083046A3F13005092D18D82B46D1
:107080009A4225DD002E20DB88421ED801D14345DF
:107090001BDC00FB0230012614F8013BEBE7254620
:1070A000C2E72B2B04BFAC1C6B784FF0000ECAE775
:1070B00043F02005613D192D0AD8A3F14105192D92
:1070C0008CBF572537255B1BDAE74FF0FF36E3E728
:1070D000002E08DAFEF794F8262303604FF0FF3005
:1070E00047B9BDE8F081BEF1000F00D04042002F4B
:1070F000F7D00EB104F1FF3CC7F800C0F1E7302330
:10710000002AAED10822ACE7302BA2D00A22A8E791
:10711000C9B202788A42034600F1010004D0002A75
:10712000F7D1002918BF00231846704702460346CE
:10713000981A13F8011B0029FAD170470138013958
:1071400010F8013F11F8012F934202D1002BF7D123
:107150001A46981A7047431A934210B500EB02037F
:1071600008D3013902469A420BD011F8014F02F8B8
:10717000014BF8E70A4412F8014D03F8014D8A4229
:10718000F9D110BDF0B581EA0004A50703460BD084
:10719000013B0A4491421DD1F0BD002AFCD011F8F8
:1071A000014B03F8014B013A9C07F6D11D1F0C4619
:1071B0008F183E1B032E08D894086FF0030505FBBB
:1071C0000422A40023442144E2E754F8046B45F868
:1071D000046FEEE711F8014B03F8014FDAE7F0B561
:1071E000C9B203469C070FD141EA012444EA044492
:1071F0001D469F187E1B032E0CD8940803EB8404B5
:1072000013449C4209D1F0BD002AFCD003F8011BB5
:10721000013AE7E745F8044BECE704F8011BF0E717
:1072200070B50446B1FBF2F602FB1611CDB2092986
:107230008CBF272100213035294404F8011B314639
:10724000002EEFD13021221A934207DC2346002181
:1072500003F80119834204D8104670BD04F8011BDD
:10726000F1E71978047803F8014900F8011BF1E708
:10727000D0E900232DE930485FEA530C4FEA320B86
:1072800002F001041BEB04024FF000054CEB050378
:10729000C0E90023BDE83088D0E900232DE9F04F94
:1072A000052112F102084FF0000643F10009B8EB86
:1072B0000608B9FBF1F501FB05F769EB07094FEA91
:1072C000D80646EA49760024B6FBF1FC4FEACC0624
:1072D000A2194FEA5C77C24645EB07031446A6FBAA
:1072E0000189BAEB08021D46B2FBF1F2A41845F180
:1072F0000005C0E90045BDE8F08F0B68002B2DE9C3
:10730000104813DD02684468013B0B600A21A2FBB0
:1073100001BC01FB04CC5A462CF07043C0E90023A9
:107320004FEA1C713031C8B2BDE810883021FAE74D
:107330004B68012B07DD0B6818700B6801330B607D
:107340004B68013B4B600020704770B50E460168EA
:10735000154659B10C688B681D4203D04B682A460C
:107360003046984714B121462468F4E770BD10B543
:1073700004688068A468C0692468012904D1584061
:10738000C4F80405002010BD003320FA02F04FF0CD
:10739000010118BF012300F001009140834214BF96
:1073A000C4F80815C4F80C15ECE770B504688068DB
:1073B000A468C0692568D5F81465D5F81045D5F8D6
:1073C000045560406C403440604001291CBFD040EF
:1073D00000F001001860002070BD8368186830B5A7
:1073E00058B10024814213D108685CB95C68186008
:1073F000A14200D158600020086072B9002030BD61
:107400002846EFE720605868814208BF5C60F2E7D9
:1074100005680446002DF3D13AB11A680A6058682D
:1074200019600028EAD15960E9E76FF01500E6E736
:10743000F8B5026883689768DC69D3E902120A40EC
:10744000D3E90510014322EA010239681B69D1F82A
:1074500010155C404C4022EA0404012500260AB9BC
:107460002046F8BD2A4209D03B7906F01F000021D2
:1074700040EA4310FDF752FA22EA050201366D0098
:10748000EDE7F8B5846803689D68D4E902321A40D4
:10749000D4E905310B4322EA03020127002602B991
:1074A000F8BD174212D0E169236995F804C04B403A
:1074B000F34013F0010F06F01F0014BF0221032157
:1074C00040EA4C10FDF72AFA22EA070201367F0053
:1074D000E5E701292DE9F04118BFD4B287680646D7
:1074E00012BF25461F2500244FF00108AC4202D9E7
:1074F0000020BDE8F081FB6808FA04F223EA0203E9
:10750000FB6021463046FDF721FA0028F1D1013415
:10751000E4B2EBE701292DE9F04118BFD4B2876846
:10752000064612BF25461F2500244FF00108AC4235
:1075300002D90020BDE8F081FB6808FA04F2134389
:10754000FB6021463046FDF701FA0028F2D10134F4
:10755000E4B2ECE74FF0805310B51C695A696243FE
:10756000824210D900280EDB1C695A6962438A42A4
:1075700009D31A695B69084403FB02F188428CBF96
:107580000020012010BD0020FCE770B50D46284604
:10759000194616461C46FFF7DDFF38B14CB12246AE
:1075A00029463046FFF7EEFD002070BD6FF0150054
:1075B000FBE72046F9E70023435082B0435801938C
:1075C000019B02B0704783689B689A7B72B1026826
:1075D00092681268D2F8201141B14FF48071C2F85C
:1075E00008130121D16000229A7370471A680AB10A
:1075F00058681047704782680B4692E8030083E89A
:1076000003000020704703689B681B68D3F82401BF
:1076100018B1D3F88004C3F88004704702689268F8
:10762000126808B58368D2F8100150B11B7B0B704B
:1076300010464FF48871FFF7BEFF0123136000204E
:1076400008BD4FF0FF30FBE713B5036802AC9B6841
:1076500004F8011D1A684FF490711046FFF7ABFF54
:107660000123C2F84445C2F848359360D2F820118E
:107670000029FBD0D36002B010BD03689B6870B5D1
:107680001C68D4F820310E46DBB18568AB689B8955
:107690004FF490719A422046A8BF1A46FFF78BFF1D
:1076A0000023A9689342896807DB0123C4F84415C5
:1076B000C4F84825A360104670BDF05CC85401337F
:1076C000EFE71A46F7E738B503689B681A68D2F8FF
:1076D00010310C4653B185684FF488711046FFF79E
:1076E0006AFF2B7B23700120106038BD1846FCE731
:1076F000036882689B6892681B68002191734FF44D
:107700008072C3F80423704783689B6801229A73D0
:10771000704703689B681B68D3F8200118B1D3F841
:107720000403C0F30020704703689B681B68D3F80C
:107730001001003018BF0120704703689B681B6868
:107740001022C3F80423704703689B681B6810224B
:10775000C3F80823704703689B681B684FF40072E6
:10776000C3F80423704703689B681B684FF40072DA
:10777000C3F8082370470120704783689B68C3E9FA
:107780000012704708B503689B681968D1F8043384
:10779000DB05024605D4D1F8040310F0100006D131
:1077A00008BDFFF7B6FF0028F5D00120F8E7104626
:1077B000FFF7BAFF003018BF0120F1E70430FDF7F2
:1077C00071BE13B504240A1904D200236946FDF7DB
:1077D000FFFD10B1002002B010BD224601A90098A3
:1077E000FFF7D0FC00980430F5E710B10438FDF73E
:1077F00059BE70470023C0E90233C0E9000070475A
:1078000038B5437BDB0604460D4603D183690BB9CB
:10781000FEF718F80023A366656138BD2DE9F8432B
:1078200004460F469046994600F108054FF02003A4
:10783000EFF3118683F31188BFF36F8F284600F0B2
:10784000FDF840B14146FFF7DBFF2846314600F026
:1078500079F800200CE0B9F1000F1CD00820FDF7EA
:107860004DFE38B986F31188BFF36F8F6FF00B00B0
:10787000BDE8F8830123C0F804800360036803F0C7
:10788000030267B923681343036063682060002B19
:10789000DBD16060D9E7C8F800904046EEE73B686E
:1078A00033F003030BD10260626812B9C4E900002F
:1078B000CBE7136803F0030303431360E9E71343C3
:1078C00003603B6803F0030318433860BDE710B55D
:1078D000044630B10268930703D0446809B1FFF74A
:1078E00084FF204610BD0023C0E9003300F10803E7
:1078F000C0E9023370470A4600234168FFF78EBF94
:10790000437BDB0603BF8069B0FA80F040090020AA
:10791000704738B504464FF02003EFF3118583F329
:107920001188BFF36F8F01468068FDF73BFF637BD3
:1079300023F00203637385F31188BFF36F8F002375
:10794000A36038BD08B5FDF7C7FE20B10846BDE805
:107950000840FCF703B881F31188BFF36F8F08BDAF
:1079600008B50246FDF7B8FE20B11046BDE8084054
:10797000FBF7F4BF82F31188BFF36F8F08BD4FF0A0
:107980002003EFF3118083F31188BFF36F8FFFF7AC
:10799000E7BF38B504464FF02003EFF3118583F3BA
:1079A0001188BFF36F8F01468068FDF7FBFE637B94
:1079B00023F00203637385F31188BFF36F8F0023F5
:1079C000A36004F11800BDE8384000F0B0B80368C7
:1079D000984214BF18460020704750F8103C70B50C
:1079E0000446A0F11805CBB14FF02003EFF3118648
:1079F00083F31188BFF36F8F294650F8100CFDF701
:107A0000D1FE14F80B3C23F0020304F80B3C86F380
:107A10001188BFF36F8F002344F8103C14F80B3C1F
:107A200023F0140304F80B3C2846FFF769FF20B14C
:107A30002846BDE87040FDF705BF70BD38B54FF072
:107A40002003EFF3118283F31188BFF36F8FFFF7E9
:107A5000BEFF044682F31188BFF36F8FC8B14FF0A9
:107A60002003EFF3118583F31188BFF36F8F014675
:107A70008068FDF797FE637B23F00203637385F351
:107A80001188BFF36F8F0023A36004F1180000F08A
:107A90004EF8204638BD70B5064600253468A6422B
:107AA00000D00CB9284670BD2046FFF772FF204673
:107AB000FFF726FF01250028F0D02046FDF7C2FE83
:107AC000ECE7C0E90212C0E900007047437BDB0627
:107AD00003BF8069B0FA80F040090020704770470A
:107AE000036D10B5044603B198472046FFF7EEFF3B
:107AF00038B12046FDF752FF637B43F00803637300
:107B000010BD637B9B0702D52046FFF702FFA369E8
:107B1000002BF1D004F1180000F009F8ECE7037332
:107B2000002342738173C373C0E90633704710B5F5
:107B30004FF02002EFF3118482F31188BFF36F8FAF
:107B400003683BB1FEF736FA002084F31188BFF3D7
:107B50006F8F10BD6FF01500F7E710B54FF02003E1
:107B6000EFF3118483F31188BFF36F8FFEF738FAB8
:107B700084F31188BFF36F8F10BD70B504460E46B5
:107B80004FF02003EFF3118583F31188BFF36F8F5C
:107B9000FEF726FAA04205DD012803DD3146204626
:107BA000FBF76AFE85F31188BFF36F8F70BD08B5D0
:107BB000FEF7D8FA08BD0023C0E9061200F1100252
:107BC0004362C0E90422C0E900338362704708B50C
:107BD0004FF02002EFF3118382F31188BFF36F8F10
:107BE000FFF7BBFF01210228D8BF0846FFF7C5FFFA
:107BF000FCF7D0F8ECE77047D885FF7F0100000064
:107C000000000000D52A000000000000ED6F000019
:107C10001C9C0020C775000000000000ED6F0000F4
:107C200000000000ED6F000000000000ED6F00009C
:107C300000000000B94B000000000000ED6F0000E4
:107C400000000000ED6F000000000000ED6F00007C
:107C500000000000ED6F000000000000ED6F00006C
:107C600000000000ED6F000000000000ED6F00005C
:107C700000000000ED6F000000000000ED6F00004C
:107C800000000000ED6F0000000000009D370000C4
:107C900000000000ED6F000000000000ED6F00002C
:107CA00000000000ED6F000000000000ED6F00001C
:107CB00000000000ED6F000000000000ED6F00000C
:107CC00000000000ED6F000000000000ED6F0000FC
:107CD00000000000ED6F000000000000ED6F0000EC
:107CE00000000000ED6F000000000000ED6F0000DC
:107CF00000000000ED6F000000000000ED6F0000CC
:107D000000000000ED6F000000000000ED6F0000BB
:107D100000000000ED6F000000000000ED6F0000AB
:107D200000000000ED6F000000000000ED6F00009B
:107D300000000000ED6F0000011B0000F76A00006A
:107D400000000000ED6F000000000000ED6F00007B
:107D500000000000ED6F000000000000ED6F00006B
:107D600000000000ED6F000000000000ED6F00005B
:107D700000000000ED6F000000000000ED6F00004B
:107D80007A840000790A0000000000007A84000074
:107D9000A11F000000000000B282000009280000BE
:107DA000E89D002084830000696F0000000000004F
:107DB0008E830000696F00000000000098830000BF
:107DC000E9370000000000007A8400000140000054
:107DD00000000000AB820000ED480000587F00006A
:107DE000A4820000ED480000507F0000F5870000ED
:107DF000914C0000CC7F0000FB870000914C0000FC
:107E0000A87F000001880000914C0000847F0000E2
:107E1000CF820000914C0000607F0000BC82000017
:107E2000114E00000000000007880000095100000A
:107E30005C8000007A840000A9530000000000006C
:107E40007A840000615D0000000000000200000074
:107E5000547E000000000000428300002600020261
:107E6000000000204A83000022000B113D0F00009B
:107E70001D6C000051110000736C00006D6C00005F
:107E8000676C0000616C00005B6C0000556C0000CA
:107E90004F6C00007D10000001110000BD180000B3
:107EA0009D6C0000976C0000916C00008B6C0000D2
:107EB000856C00007F6C0000796C0000BD10000034
:107EC000E10F00007D110000911A00000514000070
:107ED000D96E0000E527000000000000000000004F
:107EE00000000000156F0000DF6E00003D6F000015
:107EF0009B6E0000A36E0000536F0000A96E00008F
:107F000000000000B16E0000000000000000000052
:107F1000B76E0000CD6E0000D16E0000252A000073
:107F2000000000000000000061290000ED280000B2
:107F300000000000914A00006F730000AB73000066
:107F4000DB73000015750000D37400000000000012
:107F5000000000500000000000030050010000007D
:107F600000C00140000000000DFFFFFF0004000002
:107F7000E80302017C9B00200400000000000000D8
:107F8000000000000010024001000000FFFFFFFFA2
:107F900000040000E80302018C9B002004000000A4
:107FA000000000000000000000200240020000006D
:107FB000FFFFFFFF00040000E80302019C9B00207C
:107FC00004000000000000000000000000D002409B
:107FD00003000000FFFFFFFF00040000E8030201B0
:107FE000AC9B002004000000000000000000000026
:107FF000B54C0000814C00008B750000F14E000074
:10800000394E0000BD4E0000014E0000010000008E
:108010001D7600004976000007760000A94F000099
:10802000F77500007B760000C7760000F17600004F
:1080300009770000137700003B77000049770000C4
:10804000137700002977000057770000677700005A
:1080500085770000777700007B77000000200040E4
:1080600000000000E09B0020289C0020349C0020A1
:10807000949C0020AC9C0020F5FFFFFFA816002078
:1080800000002110422063308440A550C660E77094
:10809000088129914AA16BB18CC1ADD1CEE1EFF13C
:1080A0003112100273325222B5529442F772D662E4
:1080B000399318837BB35AA3BDD39CC3FFF3DEE38C
:1080C0006224433420040114E664C774A444855434
:1080D0006AA54BB528850995EEE5CFF5ACC58DD5DC
:1080E0005336722611163006D776F6669556B44684
:1080F0005BB77AA719973887DFF7FEE79DD7BCC72C
:10810000C448E5588668A7784008611802282338D3
:10811000CCC9EDD98EE9AFF9488969990AA92BB97B
:10812000F55AD44AB77A966A711A500A333A122A23
:10813000FDDBDCCBBFFB9EEB799B588B3BBB1AABCB
:10814000A66C877CE44CC55C222C033C600C411C73
:10815000AEED8FFDECCDCDDD2AAD0BBD688D499D1B
:10816000977EB66ED55EF44E133E322E511E700EC3
:108170009FFFBEEFDDDFFCCF1BBF3AAF599F788F6B
:108180008891A981CAB1EBA10CD12DC14EF16FE14B
:108190008010A100C230E320045025404670676083
:1081A000B9839893FBA3DAB33DC31CD37FE35EF39B
:1081B000B1029012F322D2323542145277625672D3
:1081C000EAB5CBA5A89589856EF54FE52CD50DC5EB
:1081D000E234C324A0148104667447642454054423
:1081E000DBA7FAB79987B8975FE77EF71DC73CD73B
:1081F000D326F2369106B016576676761546345673
:108200004CD96DC90EF92FE9C899E9898AB9ABA98A
:108210004458654806782768C018E1088238A328C2
:108220007DCB5CDB3FEB1EFBF98BD89BBBAB9ABBDA
:10823000754A545A376A167AF10AD01AB32A923A12
:108240002EFD0FED6CDD4DCDAABD8BADE89DC98D2A
:10825000267C076C645C454CA23C832CE01CC10C62
:108260001FEF3EFF5DCF7CDF9BAFBABFD98FF89F7A
:10827000176E367E554E745E932EB23ED10EF01EB2
:1082800008010C011001140118011C012001240136
:108290002C013001340138013C0140014401480106
:1082A0004C0150014750494F5F30004750494F5FE4
:1082B00031004344435F41434D5F30004E52465FBF
:1082C000464C4153485F4452565F4E414D45005025
:1082D000574D5F300041726475696E6F20426F6F59
:1082E000746C6F61646572202853414D2D424120AA
:1082F000657874656E6465642920322E30205B4198
:10830000726475696E6F3A494B58595A5D0A0D008F
:108310006E524635323834302D514941410A0D00F4
:10832000580A0D00590A0D005A25303858230A0DF5
:108330000025303858253038582530385825303801
:108340005800464C4153485F30005352414D5F3016
:108350000002030405060708090B0C0D0E0F10118F
:108360001213143030303030303030303030303064
:1083700030303030303030303030303030303030FD
:1083800030303000434C4F434B5F33324B00434C53
:108390004F434B5F31364D007379735F636C6F638E
:1083A0006B002A2A2A2A2A20425553204641554C3E
:1083B00054202A2A2A2A2A0A002020537461636B37
:1083C000696E67206572726F720A002020507265B4
:1083D00063697365206461746120627573206572DE
:1083E000726F720A0020204246415220416464723A
:1083F0006573733A20307825780A002020496D7023
:1084000072656369736520646174612062757320AD
:108410006572726F720A002020496E737472756300
:1084200074696F6E20627573206572726F720A00D4
:108430002A2A2A2A2A204D5055204641554C54209C
:108440002A2A2A2A2A0A002020537461636B696E43
:1084500067206572726F722028636F6E746578741E
:108460002061726561206D69676874206265206EA5
:108470006F742076616C6964290A002020556E7340
:108480007461636B696E67206572726F720A002097
:108490002044617461204163636573732056696F82
:1084A0006C6174696F6E0A0020204D4D4641522068
:1084B000416464726573733A20307825780A00202D
:1084C00020496E737472756374696F6E20416363C3
:1084D0006573732056696F6C6174696F6E0A002052
:1084E00020466C6F6174696E672D706F696E7420C1
:1084F0006C617A792073746174652070726573653C
:1085000072766174696F6E206572726F720A002AEA
:108510002A2A2A2A205553414745204641554C5482
:10852000202A2A2A2A2A0A002020446976697369A7
:108530006F6E206279207A65726F0A002020556E76
:10854000616C69676E6564206D656D6F727920611D
:1085500063636573730A0020204E6F20636F70722F
:108560006F636573736F7220696E73747275637471
:10857000696F6E730A002020496C6C6567616C201E
:108580006C6F6164206F66204558435F52455455B7
:10859000524E20696E746F2050430A002020496CAF
:1085A0006C6567616C20757365206F662074686503
:1085B00020455053520A002020417474656D707438
:1085C00020746F206578656375746520756E6465C9
:1085D00066696E656420696E737472756374696F21
:1085E0006E0A00526573657276656420457863652E
:1085F0007074696F6E20280053707572696F75739F
:1086000020696E7465727275707420284952512009
:10861000002A2A2A2A2A2048415244204641554C01
:1086200054202A2A2A2A2A0A00202042757320660A
:1086300061756C74206F6E20766563746F72207440
:1086400061626C6520726561640A00202046617574
:108650006C7420657363616C6174696F6E2028733C
:1086600065652062656C6F77290A002A2A2A2A2A02
:10867000204465627567206D6F6E69746F72206546
:108680007863657074696F6E20286E6F7420696DF1
:10869000706C656D656E74656429202A2A2A2A2A01
:1086A0000A002A2A2A2A2A20257320256429202A1A
:1086B0002A2A2A2A0A002A2A2A2A2A204861726497
:1086C0007761726520657863657074696F6E202AC2
:1086D0002A2A2A2A0A002A2A2A2A204B65726E652B
:1086E0006C20416C6C6F636174696F6E20466169C8
:1086F0006C75726521202A2A2A2A0A002A2A2A2A27
:108700002A204B65726E656C204F4F505321202AF2
:108710002A2A2A2A0A002A2A2A2A2A204B65726E25
:10872000656C2050616E696321202A2A2A2A2A0A50
:10873000002A2A2A2A20556E6B6E6F776E204661BA
:1087400074616C204572726F7220256421202A2A80
:108750002A2A0A0043757272656E74207468726505
:108760006164204944203D2025700A4661756C747F
:10877000696E6720696E737472756374696F6E20B9
:1087800061646472657373203D20307825780A0037
:1087900049535200657373656E7469616C20746827
:1087A0007265616400466174616C206661756C7409
:1087B00020696E20257321205370696E6E696E6783
:1087C0002E2E2E0A00466174616C206661756C74F1
:1087D00020696E20746872656164202570212041D3
:1087E000626F7274696E672E0A002D2B2023300091
:1087F000686C4C7A0050574D5F330050574D5F32D4
:108800000050574D5F3100554152545F30006D614B
:10881000696E0069646C6500737973776F726B7150
:1088200000776F726B71756575650000A966000051
:108830000090D0030B0000000000000000000000CA
:108840000000000000000000000000000000000028
:108850000000000000000000000000000000000018
:108860000000000000000000000000000000000008
:1088700000000000000000000000000000000000F8
:1088800000000000000000000000000000000000E8
:1088900000000000000000000000000000000000D8
:1088A00000000000000000000000000000000000C8
:1088B00000000000000000000000000000000000B8
:1088C00000000000000000000000000000000000A8
:1088D0005C9B002000C201000000080000000000B6
:1088E0000000000000000000A5270000800000003C
:1088F000BD2800000000000081280000800000006A
:108900000000000000000000000000000000000067
:10891000000400001E6900200000000000000000AC
:108920000080008000800080E80304000000000058
:108930000080008000800080E80304000000000048
:108940000080008000800080E80304000000000038
:108950000080008000800080E80304000000000028
:1089600000000000246D0020200000008025000091
:1089700000010300B89B002000000000D89B0020ED
:10898000D89B0020807D0000000000000000000057
:10899000347E00000000000000000000C87D0000E0
:1089A0000000000000000000A47D00001C7F00000B
:1089B00000000000B07D0000287F000000000000E3
:1089C000287E000010800000C89B0020BC7D0000B5
:1089D0000000000000000000E07D0000347F000087
:1089E00050160020D47D0000347F00007016002057
:1089F000407E00000000000000000000EC7D000050
:108A0000F07F0000A89B0020F87D0000F07F0000B0
:108A1000989B0020047E0000F07F0000889B0020CF
:108A2000107E0000F07F0000789B00201C7E00007C
:108A3000F87F000000000000987D0000D07E00005C
:108A4000909A00208C7D00000000000000000000D3
:108A50003804002000040000030003006813002015
:108A6000010000000000000000000000581000207D
:108A700018000000200001008C13002001000000FD
:108A80000000000000000000E49C0020E49C0020A6
:108A900000000000000000000F00000000000000C7
:108AA00000000000009D0020009D00201201000237
:108AB000EF02014041235A001100010203010902A3
:108AC0000000000100E032080B0002020200000971
:108AD0000400000102020000052400100105240129
:108AE0000201042402020524060001070580031088
:108AF000000A09040100020A000000070580024084
:108B000000000705000240000004030904100341AF
:108B1000726475696E6F0000000000000028034158
:108B2000726475696E6F204E616E6F203333204220
:108B30004C450000000000000000000000000000A4
:108B40000000000000420330303030303030303030
:108B50003030303030303030303030303030303015
:108B600030303030303030000000000000000000B5
:108B700000000000000000000000000000000000F5
:108B8000000000000000000000FFFFFF00000000E8
:108B90002B9D0020816E0000BD270000552700009E
:108BA00000000000000000000000000000000000C5
:088BB00003000000449B0020BB
:020000040001F9
:1000000000000420A1BE0100D9BE0100DDA1010055
:10001000DDBE0100E9A10100EFA101000000000028
:10002000000000000000000000000000994B0100EB
:10003000E5BE010000000000334C0100434C01000C
:1000400029FC0100B1700100EBBE0100EBBE010014
:10005000EBBE0100EBBE0100EBBE0100EBBE0100F8
:10006000EBBE0100EBBE0100EBBE0100EBBE0100E8
:10007000EBBE0100BDFD0100EBBE0100C970010037
:10008000EBBE0100EBBE0100EBBE0100EBBE0100C8
:10009000EBBE0100EBBE0100EBBE0100EBBE0100B8
:1000A000EBBE0100EBBE0100EBBE0100EBBE0100A8
:1000B000EBBE0100EBBE01000000000000000000EC
:1000C000EBBE0100EBBE0100EBBE0100EBBE010088
:1000D000EBBE0100EBBE0100EBBE0100EBBE010078
:1000E000EBBE0100EBBE0100EBBE01000000000012
:1000F00000000000EBBE010000000000EBBE0100AC
:1001000010B5054C237833B9044B13B10448AFF351
:1001100000800123237010BD10100020000000009B
:100120006CAC020008B5034B1BB103490348AFF3A5
:10013000008008BD00000000141000206CAC02001C
:10014000154B002B08BF134B9D46A3F5803A0021A9
:100150008B460F461348144A121A13F071F80F4BCE
:10016000002B00D098470E4B002B00D09847002062
:10017000002104000D000D48002802D00C480AF0B0
:10018000B5FD12F06DFB2000290006F0CDFD0AF050
:10019000AAFD00BF000008000000042000000000CD
:1001A000856C010010100020B0B60020EDAC0100FD
:1001B0000000000010B54FF416510748064C02F03D
:1001C000E7FD204602F03AFE0028FAD0034800F08E
:1001D000F1FD00B9FEE710BD6419002030100020C9
:1001E00030B52DED088BAE48A7B000F0E6F9002839
:1001F0004DD004AB03AA02A9A94800F096F9DFED9F
:10020000A97A9DED049A9DED038ADDED028A29EE1F
:10021000279A28EE278A69EE099A68EEA78AF0EEF7
:10022000697AE8EE087A17EE900A11F049FBF1EED0
:10023000687A014617EE900A11F040FB10F0F6FDC7
:100240000022994B10F04AFE93A3D3E9002310F04B
:100250006FFFE8EEA89A11F011F90BEE100A19EEF3
:10026000900A11F02DFB014618EE100A11F026FB42
:1002700010F0DCFD00228C4B10F030FE86A3D3E999
:10028000002310F055FF11F0F9F80AEE900A8448A7
:1002900000F0A8F9002800F0FA8004AB03AA02A934
:1002A0007F4800F066F97E4800F0D2F910F0BEFDFC
:1002B00002240B46024600947C4804F041FA784838
:1002C00000F0C6F907EE900AB7EE007AC7EE277A7B
:1002D000774976489DED047AB0EE4BAAA7EE27AA9F
:1002E000F0EE6A9AE7EE279A04F03AF922461AEEFF
:1002F000101A1DA804F0C5FA1DA920A804F0ADFA33
:100300002C2120A804F031FB2246054619EE901A54
:1003100023A804F0B6FA23A9284604F00DFB0146F1
:10032000624804F013F923A804F00CFA20A804F0A2
:1003300009FA1DA804F006FA224618EE901A05A83C
:1003400004F09FFA05A908A804F087FA2C2108A850
:1003500004F00BFB2246054618EE101A0BA804F019
:1003600090FA0BA9284604F0E7FA2C2104F0FDFAD4
:100370002246054619EE101A0EA804F082FA0EA9BC
:10038000284604F0D9FA2C2104F0EFFA224605465B
:100390001BEE101A11A804F074FA11A9284604F0F3
:1003A000CBFA2C2104F0E1FA224605461AEE901A07
:1003B00014A804F066FA14A9284604F0BDFA2C210A
:1003C00004F0D3FA22460546029917A804F059FA18
:1003D00017A9284604F0B0FA2C2104F0C6FA2246E8
:1003E000054603991AA804F04CFA1AA9284604F005
:1003F000A3FA2C2104F0B9FA2246054604991DA857
:1004000004F03FFA1DA9284604F096FA2C2104F0C6
:10041000ACFA224605461AEE101A20A804F031FA6A
:1004200020A9284604F088FA2C2104F09EFA2246DE
:10043000054619EE901A23A804F023FA23A92846AA
:1004400004F07AFA0146194804F080F823A804F071
:1004500079F920A804F076F91DA804F073F91AA818
:1004600004F070F917A804F06DF914A804F06AF903
:1004700011A804F067F90EA804F064F90BA804F0C1
:1004800061F908A804F05EF905A804F05BF927B04B
:10049000BDEC088B30BD00BF182D4454FB21094032
:1004A00030100020000000390080664064190020F0
:1004B0005068020070472DE9F041804617461C46FF
:1004C0000E4629B3531E1F2B22D8206825790368B6
:1004D0002946DB6A98472068036841461B689847AD
:1004E000206803685B6B984790B9206803683A46B8
:1004F0002946DB6B98473546C7B2AB1B9BB29F4280
:100500000AD9206803685B69984705F8010BF4E78E
:100510004FF0FF30BDE8F0810020FBE70B6803607F
:100520004B6843608B688360704770B58AB00E4635
:1005300000F1380101A81C46154601F071F8BDF91B
:10054000043007EE903ABDF90630F8EEE77AC6EDD2
:10055000007A07EE903ABDF90830F8EEE77AC5ED7B
:10056000007A07EE903AF8EEE77AC4ED007A0AB026
:1005700070BD70B58AB00E4600F1380101A81C4666
:10058000154601F04DF8BDF9103007EE903ABDF96F
:100590001230F8EEE77AC6ED007A07EE903ABDF930
:1005A0001430F8EEE77AC5ED007A07EE903AF8EEEF
:1005B000E77AC4ED007A0AB070BD13B5044600F1C5
:1005C00038010DF1060000F0AAFFBDF80630B4F8BE
:1005D000CC00184300F40040C3F30E03A4F8CC3061
:1005E00002B010BD13B5044600F138010DF106004C
:1005F00000F095FFBDF80630B4F8CC00184300F4C5
:10060000804023F48043A4F8CC3002B010BD000039
:1006100000B58FB00EAB002203F8342D012100F19C
:100620003802184601F0ACFC9DF8063001209840D5
:1006300010F0EAFB04A3D3E9002310F04FFC10F004
:100640001DFF0FB05DF804FBF6285C8FC2F5D83FA4
:1006500010B58EB00EAB012403F8344D00F1380212
:100660002146184601F08CFC9DF8060004FA00F0C3
:1006700010F0CAFB04A3D3E9002310F02FFC10F004
:10068000FDFE0EB010BD00BFF6285C8FC2F5D83F4E
:1006900073B50E4600F1A00168461C46154601F0F0
:1006A000ACFFBDF9003007EE903ABDF90230F8EE2C
:1006B000E77AC6ED007A07EE903ABDF90430F8EE1D
:1006C000E77AC5ED007A07EE903AF8EEE77AC4EDE6
:1006D000007A02B070BD10B50446A03001F0D3FF1F
:1006E000B4F8C80000F4807010BD00007FB500F1C0
:1006F000A00101A801F042FF9DF80620072A9BBF38
:10070000034B03EB82030020186807B05DF804FB7D
:100710005C68020030B59FB04FF480734FF4847072
:10072000ADF800304FF00113012540F201120193A2
:10073000ADF812000023ADF8460001A80C46ADF854
:1007400008508DF81030ADF814208DF84450ADF8F5
:1007500048208DF84A3000F070FE80B922462946C4
:10076000042001F02FF850B92246022104A801F01C
:10077000A1FA20B922460221684600F0EDFE1FB022
:1007800030BD7FB5002301A88DF8053001F0C3FE10
:1007900007B05DF804FB04F03DB908B501210D2058
:1007A00004F094F900210D2004F0CEF9642004F047
:1007B0002FF901210D2004F0C7F9642004F028F975
:1007C000F0E7F8B5074615461E460C46E9B1531E3C
:1007D0001F2B1AD8306831790368DB6A9847306874
:1007E000036839461B68984725443068A54203686A
:1007F00004D01B6814F8011B9847F6E75B6B984719
:10080000003018BF01204042F8BD4FF0FF30FBE739
:10081000CB68C3600BB15B6818477047C3680BB106
:100820009B6818477047000010B5044B044640F819
:100830000C3BFFF7F3FF204610BD00BFF06B02003A
:1008400030B5846887B00D46002C00F0968201F127
:100850002203222B00F28282DFE813F07002600292
:10086000500240023002200210020002F001E001BA
:10087000D001900180017001600150014001300100
:10088000200110010001F000E000D000C000B00025
:10089000A000900080007000600050004000230025
:1008A0008F02BE4903A803F098FF0A224FF0FF31E0
:1008B000684603F0B1FF694603A804F03DF8B84963
:1008C00004F046F80146204603F040FE684603F077
:1008D00039FF03A803F036FFFFF75FFFAF4903A816
:1008E00003F07BFF0A226FF00101684603F094FFDA
:1008F000694603A804F020F8AA49E1E7A74903A83C
:1009000003F06BFF0A226FF00201684603F084FFD8
:10091000694603A804F010F8A349D1E79F4903A84A
:1009200003F05BFF0A226FF00301684603F074FFD7
:10093000694603A804F000F89C49C1E7974903A859
:1009400003F04BFF0A226FF00401684603F064FFD6
:10095000694603A803F0F0FF9549B1E78F4903A862
:1009600003F03BFF0A226FF00501684603F054FFD5
:10097000694603A803F0E0FF8E49A1E7874903A871
:1009800003F02BFF0A226FF00601684603F044FFD4
:10099000694603A803F0D0FF874991E77F4903A880
:1009A00003F01BFF0A226FF00701684603F034FFD3
:1009B000694603A803F0C0FF804981E7774903A88F
:1009C00003F00BFF0A226FF00801684603F024FFD2
:1009D000694603A803F0B0FF794971E76F4903A89E
:1009E00003F0FBFE0A226FF00901684603F014FFD2
:1009F000694603A803F0A0FF724961E7674903A8AD
:100A000003F0EBFE0A226FF00A01684603F004FFD0
:100A1000694603A803F090FF6B4951E75F4903A8BB
:100A200003F0DBFE0A226FF00B01684603F0F4FED0
:100A3000694603A803F080FF644941E7574903A8CA
:100A400003F0CBFE0A226FF00C01684603F0E4FECF
:100A5000694603A803F070FF5D4931E74F4903A8D9
:100A600003F0BBFE0A226FF00D01684603F0D4FECE
:100A7000694603A803F060FF564921E7474903A8E8
:100A800003F0ABFE0A226FF00E01684603F0C4FECD
:100A9000694603A803F050FF4F4911E73F4903A8F7
:100AA00003F09BFE0A226FF00F01684603F0B4FECC
:100AB000694603A803F040FF484901E7374903A806
:100AC00003F08BFE0A226FF01001684603F0A4FECB
:100AD000694603A803F030FF4149F1E62F4903A816
:100AE00003F07BFE0A226FF01101684603F094FECA
:100AF000694603A803F020FF3A49E1E6274903A825
:100B000003F06BFE0A226FF01201684603F084FEC8
:100B1000694603A803F010FF3349D1E61F4903A833
:100B200003F05BFE0A226FF01301684603F074FEC7
:100B3000694603A803F000FF2C49C1E6174903A842
:100B400003F04BFE0A226FF01401684603F064FEC6
:100B5000694603A803F0F0FE2549B1E60F4903A852
:100B600003F03BFE0A226FF01501684603F054FEC5
:100B7000694603A803F0E0FE1E49A1E6074903A861
:100B800003F02BFE0A226FF01601684603F044FEC4
:100B9000694603A803F0D0FE174991E68368020076
:100BA0008B6802009C680200B6680200CB680200F5
:100BB000DC680200FC6802001B6902004069020058
:100BC0005369020073690200856902009D69020091
:100BD000B7690200DE690200036A0200176A0200B8
:100BE0002C6A0200406A0200616A0200786A020010
:100BF0008A6A02009D6A0200AB6A0200604903A88B
:100C000003F0EBFD0A226FF01701684603F004FEC3
:100C1000694603A803F090FE5A4951E6584903A8D3
:100C200003F0DBFD0A226FF01801684603F0F4FDC3
:100C3000694603A803F080FE534941E6504903A8E2
:100C400003F0CBFD0A226FF01901684603F0E4FDC2
:100C5000694603A803F070FE4C4931E6484903A8F1
:100C600003F0BBFD0A226FF01A01684603F0D4FDC1
:100C7000694603A803F060FE454921E6404903A800
:100C800003F0ABFD0A226FF01B01684603F0C4FDC0
:100C9000694603A803F050FE3E4911E6384903A80F
:100CA00003F09BFD0A226FF01C01684603F0B4FDBF
:100CB000694603A803F040FE374901E6304903A81E
:100CC00003F08BFD0A226FF01D01684603F0A4FDBE
:100CD000694603A803F030FE3049F1E5284903A82E
:100CE00003F07BFD0A226FF01E01684603F094FDBD
:100CF000694603A803F020FE2949E1E5204903A83D
:100D000003F06BFD0A226FF01F01684603F084FDBB
:100D1000694603A803F010FE2249D1E5184903A84B
:100D200003F05BFD0A226FF02001684603F074FDBA
:100D3000694603A803F000FE1B49C1E5104903A85A
:100D400003F04BFD0A226FF02101684603F064FDB9
:100D5000694603A803F0F0FD1449B1E5084903A86A
:100D600003F03BFD0A222946684603F055FD69461B
:100D700003A803F0E1FD0E49A2E507B030BD00BFB6
:100D800083680200C96A0200E96A0200F66A02008A
:100D9000076B0200176B0200306B02004B6B020006
:100DA000636B02007B6B0200956B0200B56B020067
:100DB000CE6B020070B504464068284E0368DB69BC
:100DC000984704F124022648E2631E22682325493D
:100DD000A4F8462000220125C4E92B6084F83830AD
:100DE0002667A16704F13806A26484F82830626897
:100DF000C4F8B410102304F12C016262E26284F89A
:100E0000A03084F830306067C4F8A41084F84150F2
:100E100084F8A150304601F0A9F901462046FFF7B9
:100E20000FFD236831469B6A2046984704F1A006CF
:100E300001462046FFF704FD304601F0E8FA01467E
:100E40002046FFF7FDFC236831465B6A2046984741
:100E500001462046FFF7F4FC257770BDB70401007A
:100E6000C30701009707010073B5224C224E234DA2
:100E700001220B21204606F061FB2046204C21492F
:100E8000324609F02EFF00224FF40271204608F08E
:100E900035FB32461C492046002409F022FF1B4B3B
:100EA0002B60214605F140002C610AF061FB05F141
:100EB00054000AF0FDFA164B0093284623464FF4DF
:100EC000407228210AF0EEFB32461249284609F00A
:100ED00008FF1148114B03601149124B84603246E0
:100EE000846104770462436002B0BDE8704009F099
:100EF000F8BE00BF00110020000200208811002071
:100F00002C110020F17401001B950100E0A50200E6
:100F10007C680200DDB7010030100020F06B020099
:100F200029080100381500204A780B7843EA02238B
:100F30000380CA788B7843EA022343804A790B798D
:100F400043EA02238380704782B00388ADF8003003
:100F50004388ADF802308388ADF8043091F827203B
:100F600091F824305B00E2B902AA134433F8083C3C
:100F7000038091F8253002AA02EB430391F8282060
:100F800033F9083C9AB9438091F8263002AA02EB63
:100F9000430391F8292033F9083C52B9838002B009
:100FA000704702AA134433F8083C5B42E0E75B4217
:100FB000E9E75B42F2E748B1836B3BB1C36B2BB10E
:100FC000006CB0FA80F04009404270474FF0FF30AB
:100FD00070472DE9F04804460025231ADBB29942F8
:100FE00002D82846BDE8F08814F8013B012B0FD049
:100FF00006D3022B11D0202B14D06FF00705ECE79D
:10100000D2E9006746F0010BBC46C2E900BCE4E748
:10101000D2E9006746F0020BF6E7D2E9006746F036
:10102000040BF1E7D2E90067B34647F0010CECE7A7
:1010300010B588B104788C423FBF0170197841F037
:10104000010119700178914204D902701A7842F0B6
:1010500002021A70002001E04FF0FF3010BD2DE9B0
:10106000F0418046A0B018460D4616461C46FFF7D4
:10107000A2FF50BB49B3637A0BB948F08008E27A0B
:101080006368A76B324469464046B84794F84730D6
:10109000A072012B0CBF4FF4E1700220236C616839
:1010A000984794F90A0098B92A46511B8BB29E4280
:1010B00002D820B0BDE8F081E37A20AF3B440B4476
:1010C00013F8803C02F8013BEFE74FF0FF30F0E708
:1010D0006FF00100EDE7000007B5034601220DF1B6
:1010E00007011B20FFF7BBFF48B99DF80730C3F38A
:1010F0008203013BDBB2022B9CBF024AD05603B0F5
:101100005DF804FB1C6C020013B50023044608467E
:10111000ADF80430FFF74FFFB8B90B46022201A922
:101120004020FFF79CFF70B99DF80430DA09A270E7
:10113000C3F3021203F00F0323709DF805306270B1
:1011400003F00303E37002B010BD4FF0FF30FAE785
:1011500013B5002304460846ADF80430FFF72BFF13
:10116000E8B90B46022201A94220FFF778FFA0B997
:101170009DF80430DA09A270C3F380126271C3F3E0
:10118000011203F00F0323709DF805306270C3F362
:10119000C00203F00703E270237102B010BD4FF0EC
:1011A000FF30FAE7F8B5054618460E461C46FFF72D
:1011B00002FF20BB19B3637A0BB905F07F056368A2
:1011C000E76B31462846B84794F84730A072012BA8
:1011D0000CBF4FF4E1700220236C616898477C2DAE
:1011E00006D1337813F0010318BF012384F8473088
:1011F00094F90A00002818BF6FF00100F8BD4FF005
:10120000FF30FBE773B515461E460446A0B1C1F397
:10121000430249098DF804208DF80510022201A926
:101220005B20FFF7BFFF28B933462A4621465E20E0
:10123000FFF7B8FF02B070BD4FF0FF30FAE773B5AB
:1012400002AC002304F8013D06460D460B46012280
:1012500021465920FFF703FF60B99DF8070020F0F1
:10126000010030438DF807002B460122214659200A
:10127000FFF798FF02B070BDF7B50D4605F10806FF
:1012800004460021334601220230ADF80410FFF776
:10129000CFFE002838D1A378671C012B0CBF032296
:1012A0000722014633463846FFF7C2FE60BB0C22D8
:1012B00001212046FFF7BCFE30BB03220146A018E7
:1012C000FFF7B6FE00BB6378A2781B0103F0700342
:1012D00043EAC213227802F00F0213438DF8043060
:1012E000E2789DF8053002F0030223F00303134374
:1012F0008DF8053002222B4601A94020FFF752FF4E
:1013000010B92846FFF7E8FE03B0F0BD73B50D46EF
:1013100005F1080604460021334601220230ADF8EB
:101320000410FFF785FE002857D101460322601CF8
:10133000FFF77EFE002850D101460122601DFFF715
:1013400077FE002849D10D2206212046FFF770FEC6
:10135000002842D101460122E01CFFF769FE002867
:101360003BD104220146A018FFF762FEA8BB9DF8FE
:101370000430A27803F07F0343EAC213627992013A
:1013800002F0400223F0400313436278120102F09E
:10139000300223F030031343227823F00F0302F0CE
:1013A0000F0213438DF80430E378DB0003F00802EA
:1013B0009DF8053003F0F0031343227902F0070291
:1013C00013438DF8053002222B4601A94220FFF776
:1013D000E9FE10B92846FFF77FFE02B070BD37B5B1
:1013E0000023054608460C468DF80730FFF7E3FD5D
:1013F000F0B90B4601220DF107017C20FFF72FFE0B
:10140000B0B99DF8070005F0010520F00100284360
:101410008DF80700234601220DF107017C20FFF71C
:10142000C1FE38B99DF8073003F0010384F8473056
:1014300003B030BD6FF00C00FAE773B5002304462B
:1014400008460D46ADF804308DF80630FFF7B3FDC1
:1014500000285ED1002C5CD02678731E022B5BD84E
:101460000B46032201A95320FFF7F9FD00284ED1B6
:1014700006F0FD03012B1BD1A3785B0003F00202F1
:101480009DF8043003F0F9031343E278920002F070
:10149000040213432279D20002F0080203F0E703AA
:1014A00013436279120102F0100213438DF80430E5
:1014B000023E012E1BD8A3795B0003F002029DF8C7
:1014C000053003F0F9031343E279920002F00402BD
:1014D0001343227AD20002F0080203F0E703134319
:1014E000627A120102F0100213438DF805309DF864
:1014F0000630627823F0010302F0010213438DF8F5
:10150000063003222B4601A95320FFF74BFE02B001
:1015100070BD4FF0FF30FAE76FF00B00F7E713B53F
:10152000002304460846ADF80430FFF744FD80B9B7
:101530007CB10B46022201A91C20FFF790FD30B9B7
:101540009DF805209DF8043043EA0223238002B071
:1015500010BD4FF0FF30FAE72DE9F043174685B094
:101560000446002200233846CDE90223FFF723FD7D
:10157000002852D1002C50D002AA2046FFF729FDA6
:10158000002847D104AE3B4606F8090D012231463A
:101590007D20DDE90289FFF762FD00283AD10023B2
:1015A00008F0010213431EBF9DF8073043F0040307
:1015B0008DF8073008F00202002313431EBF9DF888
:1015C000073043F002038DF8073008F004020023CF
:1015D00013431EBF9DF8073043F001038DF8073019
:1015E000002209F00103134318BF9DF8073008F0EB
:1015F000070418BF43F0080309F0010518BF8DF870
:10160000073054EA050305D03B46012231467D20D0
:10161000FFF7C8FD05B0BDE8F0834FF0FF30F9E7F4
:101620002DE9F04188B00E4605460021142203A89A
:101630008DF8071011F004FE3046FFF7BCFC0028BF
:1016400040F09880002D00F09580334601220DF186
:1016500007017D20FFF703FD00287DD19DF807409D
:1016600014F0010F14BF4FF008084FF0000814F0F9
:10167000040718BF08F1060714F002041CBF08F1A4
:101680000604E419B8F1000F07D0002F75D0002C24
:1016900014BF14220E22042005E0002F72D0002C6B
:1016A0005DD106220C20334603A9FFF7D8FC0028A1
:1016B00052D1ADF808008DF80A00B8F1000F0BD038
:1016C0000DF10B0205F1170305F11F0112F8010FCF
:1016D00003F8010F9942F9D147B103ABB91F19447F
:1016E0002846FFF721FC3146FFF72EFC14B305F125
:1016F0000C04B8F1000F4CD00DF11A012046FFF791
:1017000013FC298AB6F84420B5F90C3012FB01F21B
:101710004FF4007192FBF1F212B29B1AB3F5004F35
:1017200023DA13F5004F23DB1BB2AB813146204691
:10173000FFF70AFC3346032202A91820FFF78FFCAB
:1017400050B99DF809309DF80A201B0243EA024374
:101750009DF8082013432B6208B0BDE8F0810C22ED
:101760001046A0E70DF11201C8E747F6FF73DCE76A
:101770000A4BDAE74FF0FF30EEE7002C14BF1422DB
:10178000082288E7002C0BBF2246062220461220A2
:1017900089E7002FE6D103A9B0E700BF0080FFFF73
:1017A00010B504460846FFF706FC40B93CB10B46AD
:1017B000012221460320BDE81040FFF750BC4FF046
:1017C000FF3010BDF7B502AC002304F8013D06461A
:1017D0000F4615461346214601225820FFF73FFCCD
:1017E000B0B9032F19D83301022FD8B29DF80730B2
:1017F00011D0032F0ED0012F1ABF30438343334340
:101800008DF8073001222B4621465820FFF7CAFCED
:1018100003B0F0BD33430343F2E76FF00B00F7E78B
:1018200070B5054608460C46FFF7C5FB60B95DB1CB
:101830000B6C074849689847234629460122212016
:10184000BDE87040FFF70BBC4FF0FF3070BD00BF2C
:10185000E0220200F7B5002304468DF80730FFF7B9
:10186000AAFB00287DD1B4F84A60002E79D0E38924
:10187000DA0744BF03F1FF33E381E389012B9CBF07
:101880000223E38121460020E789FFF7A8FD0346F4
:1018900060BB2146FFF7D3FC034638BBB6FBF7F528
:1018A00007FB156515F0FF0523D0751BADB2074684
:1018B000BD4220D9D3B92069E2892346394638444C
:1018C000FFF7A0FCE28917440346BFB2F0E72069A6
:1018D000E289234629462844FFF794FCE28915440F
:1018E0000346ADB2AE420ED9002BF0D0184603B07D
:1018F000F0BD0546F6E7002BF8D10222E789E28128
:10190000AE4220D8E781002BF0D121460120FFF71D
:1019100096FC03460028E9D121460120FFF75FFD30
:1019200003460028E2D121460DF10700FFF778FFBA
:1019300003460028DAD19DF8072012F0010F08BFF6
:101940006FF00803D2E7002BDCD12069E28923463F
:1019500029462844FFF756FCE28915440346ADB2F8
:10196000CEE74FF0FF33C1E737B5B6238DF8063029
:10197000002305468DF80730FFF71DFB0446B8B974
:1019800001222B460DF106017E20FFF70BFC2B6C8C
:10199000696804464FF4FA609847012285F84720A9
:1019A00034B96B7A3BB12846FFF754FF044660B167
:1019B000204603B030BD20462B460DF10701FFF74E
:1019C0004EFB04460028F3D1EDE700220023C5E9D1
:1019D0000C23EDE713B500238DF807300446FFF71D
:1019E000EAFA034668B9637A012284F847205BB1BA
:1019F000234601220DF107010020FFF730FB0346CB
:101A000058B1184602B010BD23460DF10701FFF78B
:101A100026FB03460028F4D1EAE79DF80720217849
:101A200091420BD1102222730122E275054A2085D2
:101A300062622046FFF798FF0346E2E722706FF0EC
:101A40000203DEE7000102002DE9F74314468DF89A
:101A500007008946002942D0002A40D0127DC3B237
:101A60009A423FD9234601220DF107012F20FFF7AB
:101A700099FB30BBE3890F2B2AD8DA0748BF03F163
:101A8000FF334FF0000648BFE3813027B0461025F2
:101A9000E089AAB2824209EB0801234614D3024628
:101AA0003846FFF7DCFAA57BA8442F445FFA88F894
:101AB000FFB22E44F6B2C6F11005EDB208B9002D02
:101AC000E6D103B0BDE8F0833846FFF7C8FAF0E787
:101AD0002346102249463020FFF7C1FAF1E74FF0C4
:101AE000FF30EEE76FF00900EBE77FB50E460446E6
:101AF00010220021684611F0A3FBB57D0023DAB265
:101B0000AA4202D36FF007000FE003EB4302316AF1
:101B100088188A5C092A03F10103F0D1857840789E
:101B200032466946FFF790FF08B104B070BD04ABC0
:101B30001D4415F8103C03F001022270C3F340026B
:101B40006270C3F38002C3F3C203A270E370ECE7D8
:101B50002DE9F043074687B010461646FFF72BFAEB
:101B6000044600286ED1002F6CD03D1D92F84780AE
:101B700007EB01170437BD4203D1204607B0BDE88B
:101B8000F08315F8043C032B07D9B8F1010F04D1F9
:101B900031460020FFF723FC044674BB15F8043CD3
:101BA000092B48D0292B0ED11022214602A811F072
:101BB00047FBB6F848309B0608D496F816C0234673
:101BC000DAB294451BD86FF00704D6E733460122FA
:101BD0000DF107011E20FFF742FA08BB9DF8073000
:101BE00013F0400F18BF803B2B80B8F1010F04D1D8
:101BF00031464046FFF7F3FB04461035BBE703EBE5
:101C00004302316A88188A5C292A03F10103D7D17B
:101C100090F802904078324602A9FFF715FF08B10C
:101C20000446AAE706AB994419F8102C02F07F038A
:101C300012F0400FD6E731462846FFF756FF00283E
:101C4000D3D0EDE74FF0FF3497E71FB5B0F8483039
:101C50009B07044611D5FFF7AEF988B904A82923DC
:101C600000F8103D22460121FFF772FF18B9BDF8B8
:101C70000430A4F8443004B010BD6FF00700FAE758
:101C80004FF0FF30F7E7F0B5577D0023DCB2A742F5
:101C900001D800200DE003EB4305D6697419755D8A
:101CA0008D4203F10103F1D123880380A37883706F
:101CB0000120F0BD2DE9F04F044687B010461546CF
:101CC000FFF779F9002840F05681002C00F053818D
:101CD0004FF0340818FB014892F847A0DFF89CB297
:101CE000A61C08F10208814602AFB04505D1BAF141
:101CF000010F00F03A8100241AE0BAF1010F10D070
:101D000016F8023C092B00F2EA80DFE813F0150018
:101D10001B002000E800E800E800E800E800E80018
:101D2000D90029460020FFF75AFB04460028E7D0D7
:101D3000204607B0BDE8F08F29463046FFF79CFAF1
:101D40000446A7E029463046FFF7E0FAF8E705F138
:101D500008030B220121701DFFF76AF904460028D1
:101D6000E6D12B46012239466B20FFF778F904466D
:101D70000028DDD133789DF808205B0122F0200295
:101D800003F0200313438DF8083001222B46394617
:101D90006B20FFF707FA04460028C9D1ADF8080008
:101DA0008DF804002B46022239464B20FFF757F9E5
:101DB00004460028BCD19DF80830F27903F00103F5
:101DC00043EA42038DF808309DF80930727803F039
:101DD0007F0343EAC213B278920102F0400223F07B
:101DE00040031343F278920002F00C0223F00C033C
:101DF0001343327923F0030302F0030213438DF8F7
:101E000009301524294601A8FFF7CAFC00284BD148
:101E10009DF804305B0747D42B46394602224B20FD
:101E2000FFF7C0F92B6C696804464FF47A70984745
:101E3000002C7FF47DAF73788BBBEC752B4606F1DD
:101E4000080101224D20FFF7ADF92B6C69680446AB
:101E50004FF47A709847002C7FF46AAF2B4601222A
:101E600039464420FFF7FBF8044698B97379B279F4
:101E700003F00F0343EA02138DF8083039462B466E
:101E800001224420FFF78EF92B6C696804464FF459
:101E90007A7098473436002C3FF427AF48E7012387
:101EA000EB75F3782B76D9E72B6C696842F21070EA
:101EB000013C984714F0FF04A4D16FF00E0437E7FB
:101EC00010220021384611F0BBF92A46092101A849
:101ED000ADF804908DF80690FFF7D5FE10B96FF0BD
:101EE000070425E739469DF80500FFF7ADFD0446D8
:101EF0000028CFD19DF80630B6F800C05A0810B2BD
:101F0000CCF30A0C37F8101001EA0B0141EA0C017E
:101F100027F81010501CB6F802C037F81010CCF398
:101F20000A0C01EA0B0141EA0C0127F81010901C81
:101F3000B6F804C037F81010CCF30A0C01EA0B0114
:101F400041EA0C010332C3EB420327F8101003F0FF
:101F5000FF03E2B2934206D82B46102239463020C6
:101F6000FFF720F9ECE60134F3E729465046FFF786
:101F700036FA0446DCE64FF0FF34D9E600F8FFFFFE
:101F80002DE9F041804686B010461546FFF713F85C
:101F900020B14FF0FF3006B0BDE8F081B8F1000F7E
:101FA000F7D0342616FB018692F8477008F1020438
:101FB0000236B44203D1012F73D00020EBE714F8AE
:101FC000023C032B0CD8022B73D014F8023C092BD3
:101FD0006CD8DFE803F00E16706B6B6B6B6B6B1BD2
:101FE000012FF2D129460020FFF7F9F90028D2D1BC
:101FF000EBE729462046FFF787F8002800F0A68087
:10200000C9E729462046FFF7A3F8F6E7102200218A
:1020100002A811F015F900232A46092101A8ADF8FC
:1020200004308DF80630FFF72EFE00283ED002A9BE
:102030009DF80500FFF708FD0028ACD19DF806309B
:1020400006A95A1C51FA82F212F8101C06AA1A4468
:1020500012F8102C42EA0122C2F30A0206A92280D9
:10206000DA1C51FA82F2991C12F8100C06AA52FAE4
:1020700081F111F8102C42EA0022C2F30A0206A9EB
:1020800062805A1D043351FA82F251FA83F312F836
:10209000102C13F8103C43EA0223C3F30A03A38075
:1020A00054E029463846FFF79AF974E76FF00700C5
:1020B00071E7012F96D02846FEF77DFF00287FF4B8
:1020C00068AF2B46012202A96B20FEF7C8FF00284B
:1020D0007FF461AF9DF80830ADF80800C3F34013FA
:1020E000237002222B4602A94B20FEF7B8FF0028DE
:1020F0007FF451AF9DF808305B08E3719DF809301B
:10210000C3F38011DA09A170C3F3810103F0030363
:102110006270E17023714AB92B46012204F1080173
:102120004D20FEF79CFF00287FF435AF2B4601229F
:1021300002A94420FEF793FF00287FF42CAF9DF8FE
:1021400008301A0903F00F03A2716371343430E7C9
:1021500048B1836B3BB1C36B2BB1006CB0FA80F01C
:102160004009404270474FF0FF30704710B50446B9
:10217000FFF7EEFF034610BB24222270104AA26430
:10218000627A02B90123E37223690BB90D4B236113
:102190002046FFF71FFC90B90B4BE3610B4B23620A
:1021A00041F20813A3820723A375094BE3650823B3
:1021B00084F860302046BDE81040FFF746BD10BDF2
:1021C000030000201F6C02001F8C0200528C0200D2
:1021D0000402002058B1C3684BB103693BB14369A5
:1021E0002BB14068B0FA80F04009404270474FF090
:1021F000FF30704710F5805F30B502D0D38C19B92D
:102200000BB9194830BD19469B0393FBF1F1A1F5B9
:10221000804109B201FB01F3802493FBF4F392F8AF
:10222000244092F92550E401614305FB03114FF46A
:10223000007391FBF3F192F91A3001F58011A0338C
:1022400059434FF4805391FBF3F14FF4005348434B
:1022500090FBF3F092F9183000B200EBC3001023AA
:1022600090FBF3F000B2CDE70080FFFF10F5805F38
:1022700030B502D0D38C19B90BB9194830BD194605
:102280009B0393FBF1F1A1F5804109B201FB01F33E
:10229000802493FBF4F392F8244092F92550E40152
:1022A000614305FB03114FF4007391FBF3F192F9C5
:1022B0001B3001F58011A03359434FF4805391FB3B
:1022C000F3F14FF40053484390FBF3F092F91930C7
:1022D00000B200EBC300102390FBF3F000B2CDE797
:1022E0000080FFFF10F5804F70B529D0B2F91E4075
:1022F00034B3938B23B319B3D68C0EB3B2F92250F7
:102300008E1B4900451B4B43108C03F5004304EB27
:10231000234310FB06F0042290FBF2F0C0EBC53023
:1023200090FBF3F0074B9842B8BF184647F6FF738F
:102330009842A8BF1846102390FBF3F000B270BD7E
:102340000148FBE70180FFFF0080FFFFF8B507466B
:1023500018461D46FFF73EFF044640B939B132B179
:102360002E696B683846B04728722046F8BD4FF09A
:10237000FF34FAE7F8B5064618461C46FFF72AFF71
:10238000054660B959B16378E768012B18BF46F07C
:10239000800663683046B84720722846F8BD4FF083
:1023A000FF35FAE773B502AC002304F8013D064699
:1023B0000D460B46012221464B20FFF7DBFF78B983
:1023C0009DF8073023F0010333438DF807300122D5
:1023D0002B4621464B20FFF7B9FF08B985F82A6044
:1023E00002B070BD38B50446FFF7F4FE054660B98B
:1023F00094F82A304BB921460120FFF7D3FF6369D7
:102400006168054640F6B8309847284638BD10B593
:1024100086B004460023014601208DF80330FFF703
:10242000C1FF002857D16369616840F6B83098470A
:10243000234601220DF103014020FFF79BFF0028F6
:1024400049D19DF80330322B45D12370ADF80400FB
:10245000CDE902000490ADF814002346022201A940
:102460005D20FFF787FFB0BB2346042202A962204C
:10247000FFF780FF78BB23460A2203A96820FFF7F5
:1024800079FF40BB9DF8043023769DF805306376D4
:102490009DF80A30A3769DF80B30E376BDF80E3038
:1024A000A383BDF80C30E383BDF812302384BDF85C
:1024B000083063849DF8153084F824309DF814307A
:1024C00084F825309DF811309DF810201B0203F48C
:1024D000FE431343E38406B010BD37B50B460446F4
:1024E0000D4601220DF107014C20FFF743FF80B993
:1024F0009DF80700640020F0060004F00604204365
:102500008DF807002B4601220DF107014C20FFF743
:102510001DFF03B030BD10B5024608460C46FFF75C
:1025200059FE034640BB5378042B23D8DFE803F061
:10253000030D22151D000846FFF754FF0346D8B9C6
:102540002146BDE81040FFF7C8BF0846FFF74AFF25
:10255000034688B921460120F3E70846FFF742FF0A
:10256000034648B921460320EBE70020BDE81040B0
:10257000FFF718BF6FF00203184610BD13B5002314
:102580000446CDE9003308220B464B206946FFF78D
:10259000F1FE80BB9DF8073023719DF80630E37093
:1025A0009DF8053023749DF80430E3739DF80330E3
:1025B000C3F3C2022270DA09A271C3F38012E2717E
:1025C000C3F380022272C3F3400203F00103A3723B
:1025D0009DF802306272DA09E272C3F3801222734C
:1025E000C3F3C20203F00703A3739DF801306273C3
:1025F000C3F3C203A37002B010BD2DE9F74300235B
:10260000CDE9003307460B460E46082269464220B4
:10261000FFF7B0FE804690BB9DF802509DF9032065
:102620009DF905909DF806409DF800309DF9010048
:10263000ED088DF8025045EA42159DF80420520835
:102640008DF8042042EAC9199DF80720A408DB0888
:102650008DF8064044EA821443EA4010324621468F
:102660008DF80030FFF7C6FD214638802846FFF779
:10267000FDFD214678804846FFF734FEB88040468D
:1026800003B0BDE8F08313B50346044601220DF103
:1026900007014820FFF76EFE80B9234601220DF1A5
:1026A00006014A20FFF766FE40B99DF8073003F0A7
:1026B00001029DF8063043EA0223238502B010BDD3
:1026C000002070470368C9B21B68184749000023FF
:1026D000C161C0F82C327047036801211B6B184799
:1026E00010B403689C6B0123A4465DF8044B60475B
:1026F000D0F82C32B3F5807F1FBF5A1CC0F82C22B3
:10270000C01880F82C1114BF012000207047D0F8A9
:10271000280170477047C0F830127047C0F8341273
:102720007047D0F82831A3B1D0F828318BB1D0F858
:102730002431D0F8242103440132D2B293F820305E
:10274000C0F82421D0F82821013AC0F828211846E1
:1027500070474FF0FF307047D0F828312BB1D0F8D8
:102760002431184490F8200070474FF0FF30704734
:1027700010B5044B0360044600F50E7009F02EF806
:10278000204610BD888C020038B503685B6A044699
:102790009847A82008F0ACFC94F9192094F9181077
:1027A000054604F039FE656138BD00007FB5036859
:1027B0005B6A04460E469847482008F099FC94F955
:1027C000192094F91810054604F060FE710028469F
:1027D000256104F077FE094B0393094B0193694689
:1027E000002304F50E700293009408F067FF039B2A
:1027F00013B19B686846984704B070BD688C0200AE
:102800003329010038B5D0F82C3214461A44B2F5F9
:10281000807F88BFC3F58074054600F59670224618
:10282000184410F00FFCD5F82C322344C5F82C3294
:10283000204638BD38B5044640690D4608B104F05D
:102840000BFD206920B12946BDE8384004F038BEB0
:1028500038BD38B50446406910B10368DB68984755
:1028600023696BB104F50E75284608F095FF2846DC
:1028700008F0DCFF20694821BDE8384008F04CBC76
:1028800038BD1FB50246D0F82C32D469406981F0BA
:10289000010100913BB9012303AA214604F00FFD79
:1028A000C0B204B010BD02F59672214604F0E6FCF9
:1028B000002814BF02200020F3E770B5C2B083F0F7
:1028C0000103009302AE0446154613464900324602
:1028D000406904F0F4FCC8B9A84218D0D4F82831F3
:1028E000B3F5807F10D0D4F82031325C234483F8D4
:1028F0002020D4F820310133DBB2C4F82031D4F8E1
:1029000028310133C4F828310130E5E70025284695
:1029100042B070BD10B4D0E9013401686210E40720
:1029200001EB020048BF8A585DF8044B48BFD358FA
:10293000184730B50446BDB00025206904F0C9FD34
:102940000328FAD8DFE800F04C021414D4F834322B
:1029500003B19847D4F82C2232B104F5967120695E
:1029600004F0BBFDC4F82C52206904F0BEFDE4E77E
:10297000C4F82051F022C4F824516946C4F8285103
:10298000206904F0A8FD002282421DDAD4F8283123
:10299000B3F5807F18D0D4F82831B3F5807F11D0FB
:1029A000D4F820311DF80210234483F82010D4F805
:1029B00020310133DBB2C4F82031D4F8283101339F
:1029C000C4F828310132DFE7D4F82831002BB4DD18
:1029D000D4F83032002BB0D0D4F828019847ACE7B7
:1029E00002F028F8A9E7000073B54FF47A730025C8
:1029F000C0E901531A4B03600446C0E9045501764F
:102A0000427629464FF48072203010F019FC154BA5
:102A1000C4F82051C4F838322946C4F82451C4F807
:102A20002C52C4F82851C4F83052C4F83452C4F8B7
:102A3000485204F51E7008F09BFD04F5237008F061
:102A400037FD04F50E76084B009330462B464FF4C5
:102A50000062182108F026FE204602B070BD00BFBB
:102A6000888C0200E0A50200748C0200F8B51220E8
:102A700001F0A2FF0546132001F09EFF104C114EFD
:102A80002946114D02462046FFF7AEFF3246294641
:102A9000204608F026F91E2001F08EFF07461F2071
:102AA00001F08AFF094C024639462046FFF79CFF99
:102AB000324629462046BDE8F84008F012B900BF6A
:102AC0004412002000020020712701003815002068
:102AD00030B5A1F11004002500F00F02D3B2092A8D
:102AE000CCBF373330338B73CD7302398C424FEA0E
:102AF0001010F1D130BD22207047000030B5012107
:102B000085B0192001F0E2FF0121192002F01CF824
:102B10004FF080430022C3F85C2503F588334FF45F
:102B20008032C3F848230121C3F80823212001F093
:102B3000CDFF0121202001F0C9FF0121212002F059
:102B400003F80121202001F0FFFF104B01221A6041
:102B50000F4A1368002BFCD00E4B0024C3F800452D
:102B6000C3F800450C4B0FCB6D4685E80F0023469C
:102B700020464FF0FF3155F823200133042BC2F8D3
:102B80000005C2F86015F6D105B030BD0420004044
:102B90004421004000200040D88C020038B54FF09E
:102BA000805504462146D5F8A800FFF791FFD5F8D7
:102BB000A40004F11001FFF78BFF202038BD0000B6
:102BC00072B64FF08043B022C3F81C25BFF34F8F7D
:102BD0000549064BCA6802F4E0621343CB60BFF3B9
:102BE0004F8F00BFFDE700BF00ED00E00400FA05D5
:102BF00030B5044687B00D46064901A810F042FDE5
:102C000022462B4601A90A9810F03CFD0A9807B00D
:102C100030BD00BFE88C0200F0B58BB041B3931E0D
:102C2000222B2FD80A2A06D1002804DA4442012692
:102C300001AB1D4610E004460026F9E7B4FBF2F0B4
:102C400002FB1047092F044603F10103F8B294BFB9
:102C50003030573003F8010C002CEFD1AB42EDD0EF
:102C60004EB12D204A1C0870AB4206D800231370C9
:102C700008460BB0F0BD0A46F6E713F8010D02F85E
:102C8000010BF1E70021F3E7FFF7C6BF70B590F83D
:102C9000343105461446F3B90368DB69984704F4F8
:102CA0007063B3F5407F04F0F0030CBF07210821E7
:102CB00004F00F02302B0CBF02230123012A08D09D
:102CC000901E42424241A869BDE87040006804F08D
:102CD0005FBD0222F7E770BD10B590F834310446AD
:102CE0002BB9A369186804F0A9FD0028F9D010BD1C
:102CF00038B590F834510446A5B983695BB11868BA
:102D000048B10368DB689847A3691D600421A06986
:102D100008F002FAA5610023C4F82431C4F8283170
:102D2000C4F82C3138BD13B590F8343104466BBB70
:102D3000A369186804F044FD40B307F0A9FCA36937
:102D40001868036801225B690DF107019847D4F800
:102D50002C31B3F5807F16D0D4F82C31B3F5807FB9
:102D600011D0D4F824319DF80720234483F824207F
:102D7000D4F824310133DBB2C4F82431D4F82C3137
:102D80000133C4F82C3107F099FCD1E702B010BD33
:102D90007FB590F8343104460D46002B34D1866956
:102DA00026B9042008F0A4F9A0610660A369186898
:102DB00060BB4FF4867008F09BF92B4694F92120F4
:102DC00094F92010064604F0EBFFA3691E6094F905
:102DD0002220531C06D0A06994F9233000680321F7
:102DE00004F0ECFFA369186870B10A4B039300224A
:102DF000094B019369460094029204F03CFD039B49
:102E000013B19B686846984704B070BD294604F02A
:102E1000ABFCDCE7F48C0200272D010010B4D0E9F4
:102E2000013401686210E40701EB020048BF8A58D0
:102E30005DF8044B48BFD3581847000008B590F818
:102E400034313BB1012001F0E3FD0648BDE8084004
:102E500001F028BA82691AB11368003318BF012340
:102E6000184608BD3020002070B504460D4601F01C
:102E700019FA30B12368294620461B6CBDE8704022
:102E8000184770BDA0F5A070EEE7000013B590F8EC
:102E900034318DF8071004462BB1C9B20B48FFF747
:102EA000E3FF02B010BDA369186804F0C7FC002856
:102EB000F9D0A3691868036801221B690DF10701A5
:102EC0009847013018BF0120EBE700BF30200020F9
:102ED0002DE9F04107468846164601F0E3F970B146
:102EE0000024A6420CD9351B402D28BF402508EBF5
:102EF00004012A46384600F0BBFE2C44F1E70446A4
:102F00002046BDE8F081A0F5A070E1E770B590F82B
:102F1000343105460E4614462BB11048FFF7D8FF52
:102F20000446204670BDAB69186804F087FC002891
:102F3000F9D0AB691868D0F8083101211B6B00F596
:102F400084709847AB691868036822461B6931464C
:102F50009847013008BF0024E3E700BF302000207D
:102F600030B50446C3B001F017F9D4F85832C3F5B0
:102F7000807398420546C4BFD4F85852C5F5807591
:102F80002A4601AB02A9204600F05CFF019902AB82
:102F90006D1A00221D44D4F85832B3F5807F19D041
:102FA0008A4217D0D4F85832B3F5807F10D0D4F8C5
:102FB0005032A85C234483F85001D4F850320133D6
:102FC000DBB2C4F85032D4F858320133C4F8583266
:102FD0000132E0E743B030BD38B5044600F0F0FA06
:102FE0002046FFF7BDFFD4F85852204600F0F0FA13
:102FF000284638BDA0F5A070EEE7000010B590F8A7
:10300000343104462BB10648FFF7E6FF044620465C
:1030100010BD07F03DFBD4F82C4107F04FFBF6E75D
:103020003020002038B5044600F0CAFA2046FFF7E9
:1030300097FFD4F858324BB1D4F85432234493F864
:103040005051204600F0C4FA284638BD4FF0FF35F5
:10305000F7E7A0F5A070E5E710B590F83431044625
:103060002BB10B48FFF7DEFF0446204610BD07F0EA
:103070000FFBD4F82C313BB1D4F82801044494F868
:10308000244007F01BFBF0E74FF0FF34F9E700BFE7
:103090003020002038B5044600F092FA2046FFF7B1
:1030A0005FFFD4F85832A3B1D4F85432234493F8D4
:1030B0005051D4F854320133DBB2C4F85432D4F84E
:1030C0005832013BC4F85832204600F081FA2846B5
:1030D00038BD4FF0FF35F7E7A0F5A070DAE7000044
:1030E00010B590F8343104462BB11148FFF7D2FFE8
:1030F0000446204610BD07F0CBFAD4F82C319BB122
:10310000D4F82831234493F82400D4F8283101332B
:10311000DBB2C4F82831D4F82C31013BC4F82C318F
:10312000044607F0CBFAE4E74FF0FF34F9E700BFBD
:103130003020002008B54FF48072002110F080F894
:103140000022C0F80021C0F80421C0F8082108BD01
:103150002DE9F047194C1A4F276000254FF47A7873
:10316000C4E90158202604F12400C4E90565E5619D
:103170004FF00109FFF7DEFF284684F8349101F093
:103180001BFC8246484601F017FC0E4CFF2384F8D6
:103190002100C4E9015804F124002760C4E9056551
:1031A000E56184F820A084F8223084F82330FFF70A
:1031B000C1FF84F83451BDE8F08700BF64190020D6
:1031C000088D02002C1800200020704770477047BF
:1031D00010B5D0F88C452CB1236820465B68984721
:1031E000A468F8E710BD38B5D0F88C450D4634B169
:1031F000236820469B6829469847A468F7E738BDAE
:1032000000487047C88D020010B5054B03600446A6
:1032100006F0E9F8204606F0FFF8204610BD00BF92
:10322000488D020010B50446FFF7EEFF20464FF42C
:10323000B26107F071FF204610BDF7B5D0F88C459C
:1032400005460E460023A4B123683146DF680DF120
:10325000030201AB2046B8479DF80310042903463A
:1032600005D0019A284605F023FB03B0F0BDA46801
:10327000E9E7019A9DF80310F4E770B505460E469C
:1032800022B10021BDE8704005F014B9D0F88C459A
:103290005CB1236800221B6931462046984710B173
:1032A00001212846EEE7A468F2E72146F9E770B568
:1032B000D0F88C450E46054600213CB123683146C6
:1032C00020465B699847A4680146F6E72846BDE8B2
:1032D000704005F0E9B9F8B5D0F88C4505460E46C2
:1032E00017463CB1236820469B693A4631469847C9
:1032F000A468F6E728460121BDE8F84005F032BA97
:1033000070B5002186B0044605F0CAFC0023ADF874
:10331000063023898DF810301B0AA188E2888DF8C9
:1033200011304FF4897540F20123ADF80450ADF827
:103330001230022540F20313EF268DF807508DF866
:1033400009508DF80C100125090A8DF80E20ADF8F2
:103350001430120A04F10A038DF808608DF80A503F
:103360008DF80B008DF80D108DF80F2001AD05AE16
:103370001C462A4603CAB24218605960154603F13A
:103380000803F6D112881A80204606B070BDF8B541
:10339000002406460D462746304610F051FBA04259
:1033A00007D9335D05F8143005EB440301345F7031
:1033B000F2E7400000F0FE00F8BD38B5D0F88C55BB
:1033C000044635B12B6828461B6A984710B9AD688A
:1033D000F7E7284640F20233A4F8483504F24A5190
:1033E000FFF7D5FF94F84835184484F8480504F5EC
:1033F000A96038BD40F2023310B500F20A5104460C
:10340000A0F808350548FFF7C2FF94F808351844BE
:1034100084F8080504F5A16010BD00BF348D0200DA
:1034200040F2023310B50446A0F8C83400F2CA4096
:10343000FFF7B4FB94F8C834184484F8C80404F5C2
:10344000996010BD2DE9FF4100238DF80A3090F8F6
:1034500088351B4A8DF80830012301928DF8093018
:103460003222C0238DF80B308DF80C2001AB0446BE
:1034700000F54E7803CBC4F83803C8F8041088F878
:103480000820D4F88C6509258EB1336800211B68AB
:1034900030469847478805F54E73093F00F109010A
:1034A0003A46E0180FF0CEFD3D44B668ECE784F8EC
:1034B0003A5340462D1284F83B5304B0BDE8F081E6
:1034C0000902FFFF73B504460D46164608F09AFB45
:1034D0004FF480730093014633462A46204605F098
:1034E000A7FB024B2360204602B070BD488D02004E
:1034F00010B5D0F88C350446A3B9C0F88C1594F8F3
:1035000088350B7194F888354A79134484F88835E6
:103510000B6808465B6A984723891844208101207C
:1035200010BD13469A68002AFBD19960E7E71FB5E2
:10353000044605F077FB0146684604F001FD402192
:10354000684604F079FDD4F88C4534B123682046F0
:10355000DB6969469847A468F7E7684604F0F7FC1A
:1035600004B010BD10B50446FFF7E1FF2046BDE8EA
:10357000104005F0C7BA000010B50D4C2378BFF31A
:103580005B8FDB0712D4204607F0BEFB70B148F218
:103590005A0242F241310748FFF794FF204607F0F4
:1035A000D5FB054A0549034807F09BFB014810BDC0
:1035B0009C1A0020A01A00200002002009320100FD
:1035C00010B5FFF7D9FF0368BDE810405B6F1847DF
:1035D00010B5FFF7D1FF0368BDE810409B6F184797
:1035E00010B5FFF7C9FF0368BDE81040DB6F18474F
:1035F00004F062BE04F020BE04F04EBE7047704777
:103600007047436A93F878007047D0F824017047F8
:103610000120704700487047308F02002DE9F04FBD
:10362000044697B00F464B22002103A80FF008FE76
:10363000D4F82431267994F80EA094F80C90002B3D
:1036400006F10105637B019314BF05200020EDB254
:10365000002F40F0978040F20923ADF80C304FF472
:103660008173ADF8103080238DF8133032238DF83C
:10367000143008238DF815300B2301218DF81630F6
:103680008DF8250040F2022342F205404FF0240C51
:103690004FF0090E04274B22ADF818308DF8211099
:1036A00002238DF82410ADF826004FF010080520F5
:1036B0008DF82A108DF82D108DF82F104FF0030B78
:1036C00006218DF80E208DF817608DF81A308DF8D0
:1036D0001DE08DF81F608DF822308DF823308DF8B5
:1036E0002B008DF82CC08DF831C08DF832308DF85C
:1036F00033108DF834008DF835C08DF81E708DF8BC
:1037000029808DF82EB08DF830708DF83610072195
:103710008DF839108DF8491044F20201ADF84C10C3
:1037200040F20751ADF850101D349DF804108DF88B
:1037300037608DF838508DF83A008DF842508DF88A
:103740004A008DF852108DF8533044F2030640239E
:1037500040F6022503A920468DF83BA0ADF83C6059
:103760008DF83F808DF840E08DF84170ADF8445001
:103770008DF84B908DF854300FF064FC204617B054
:10378000BDE8F08F0020FAE738B505460A4B45F84A
:10379000D03B0446FFF7F0FE05F025FE284604F076
:1037A000E5FC04F17C0004F0E1FC04F1700004F09D
:1037B000DDFC204638BD00BFF08E020010B5044687
:1037C000FFF7E2FF20464FF4947107F0A5FC204676
:1037D00010BDFFF705BF000010B5034B03600446A2
:1037E00004F034FB204610BD108E020010B50446D4
:1037F000FFF7F2FF2046282107F08EFC204610BD7F
:1038000010B5034B0360044604F020FB204610BDB6
:10381000E08D020010B50446FFF7F2FF2046342188
:1038200007F07AFC204610BD10B5034B0360044638
:1038300004F00CFB204610BDF88D020010B50446C4
:10384000FFF7F2FF2046382107F066FC204610BD46
:1038500038B51C4B0D461968C0F80F1099889B7934
:1038600043750446A0F8131040220221284604F0B4
:10387000D9FB402220730221284604F0D8FB4022C5
:1038800060730321284604F0CDFBA073284604F0A2
:103890005FFB20B9AF220C490C4806F051FE002313
:1038A00004F18502C4E9322304F1D90284F87830A6
:1038B00084F8843084F8D830C4F81C21C4F820314E
:1038C00038BD00BF2C8E0200CB8E0200D68E0200C7
:1038D0002DE9F34104460E461546FFF781FEF288B6
:1038E00023799A4237D1002D35D17778012F2ED107
:1038F000F378202B27D13289072A24D104F10F082D
:1039000004F11605294640460FF06AFBD0B1D4F801
:103910001630C4F80F30207CE17B638BA4F81330A1
:1039200001EB0021607CE57C237F009501EB0041E9
:103930002568A07C637501EB0061237D627D6D6B62
:103940002046A8473D46F378212B08BF012528468D
:1039500002B0BDE8F0810025F9E710B50446FFF795
:103960003FFEFFF709FE217B05F0E2FB04F1850332
:10397000C4F8C8300023C4F8CC3084F8843004F193
:103980007C0004F0A8FB94F884302BB9236820460F
:10399000DB6BBDE81040184710BD000070B5044651
:1039A000FFF71EFED4F820512DB140F2DD120F4971
:1039B0000F4806F0C5FD04F1D903C4F81C31FFF728
:1039C000DBFD617B05F010FB84F8D850C4F82001C2
:1039D00004F1D00004F07FFB94F8D8302BB92368B1
:1039E00020469B6BBDE87040184770BDCB8E02002F
:1039F000388E020010B4D0E9013401686210E40787
:103A000001EB020048BF8A585DF8044B48BFD35809
:103A100018470000F0B5044687B002ADFFF7E0FD9F
:103A20000026FFF7A9FDA17B009503234022059600
:103A300005F082F82846FCF7F1FEFFF79DFD164BD6
:103A4000217B164F00954022CDE9033602230597CE
:103A5000029405F071F82846FCF7E0FEFFF78CFDB4
:103A60000F4B617B00954022CDE903360223059779
:103A7000029405F061F82846FCF7D0FEFFF77CFDC4
:103A80004023D4F81C21617B05F04EFA012084F814
:103A9000D80007B0F0BD00BF5B390100208E0200E6
:103AA0009D39010038B502234371002383600C4B1C
:103AB000044640F8703B154604F000FB04F17C001E
:103AC00004F0FCFA04F1D00004F0F8FAC4F8245130
:103AD000FFF752FD2146FFF70BFD204638BD00BF22
:103AE000F08E020070B504460D46FFF779FD84F8AC
:103AF0007850002D3ED194F8843033B1FFF73CFD6F
:103B0000217B05F0E9F884F8845004F1850304F181
:103B10007C0600253046C4F8C830C4F8CC5004F008
:103B2000DAFA304604F0D0FA28B9154915484FF4AE
:103B3000A27206F005FD94F8D83033B1FFF71CFDF2
:103B4000217B05F0C9F884F8D85004F1D903C4F8F2
:103B50001C3104F1D00500232846C4F8203104F0BC
:103B6000BAFA284604F0B0FA20B94FF4A772044913
:103B70000548DEE704F17000BDE8704004F0ABBA20
:103B8000CB8E0200468E0200578E020010B504460E
:103B9000FFF726FD20460021BDE81040FFF7A2BF39
:103BA00038B50D460446FFF71BFD042D05D0204611
:103BB0000021BDE83840FFF795BF38BDF8B516467F
:103BC00004460D461F46FFF70BFD04233370EA88B9
:103BD00023799A4225D16978012922D1EA78212ACC
:103BE00008D0222A0BD0202A4FF000001BD13070C1
:103BF000163401E031700F343C600720F8BDAB880B
:103C000013F0010308BF19462046FFF76BFFAB888E
:103C100003F00103E366AB8803F00203A36602230B
:103C200033700020EAE703233370E7E710B58AB06A
:103C30000446FFF7C5FC684604F0FCF80A4B009305
:103C4000694604F17000099404F05DFA2046FFF71C
:103C5000BFFC064B00211A68684604F037F9684635
:103C6000FFF7BAFD0AB010BD108E0200348E0200BC
:103C700070B58EB0154604460E46FFF7A1FC01A8AC
:103C800004F0D8F80E4B0C9501A9002504F17C0036
:103C90000193CDE90A468DF8345004F034FA2046F9
:103CA000FFF796FC074B29461A6801A804F00EF9A5
:103CB00001A89DF83440FFF7A3FD20460EB070BD6B
:103CC000E08D0200348E020010B50446FFF788FC38
:103CD00094F884307BB9D4F8CC3063B1FFF74CFC56
:103CE000D4F8CC30217B04F1850205F0BDF910B188
:103CF000012384F8843010BD2DE9F8431E460446A4
:103D0000894690469DF82070FFF75AFC00233360E7
:103D100094F87830E3B194F88430CBB9D4F8CC502F
:103D2000C5F14005454528BF4546B8F1000F05D00F
:103D30002A464946D4F8C8000FF084F9D4F8CC30AC
:103D40002B44C4F8CC30356017B12046FFF7BCFFD8
:103D50002046BDE8F843FFF73BBCF0B50446406A97
:103D600090F8785085B001262DB984F8305035464A
:103D7000284605B0F0BD04AB002743F8047DD4E924
:103D80000A120096FFF7B8FF0399E36AA26A5B1A6A
:103D90000A44E362A26213B984F83060E8E7606A1B
:103DA000FFF792FF3D46E3E72DE9F0431C4691B053
:103DB000904606468946FFF703FC002C08BF01AC7D
:103DC0004FF00005256002A80CBF0127002704F072
:103DD00031F8104B029302A906F1D000CDE90D8411
:103DE000CDE90B698DF83C708DF83D5004F08BF9EE
:103DF0003046FFF7EDFB084B29461A6802A804F08D
:103E000065F802A89DF83D40FFF70EFD204611B071
:103E1000BDE8F083F88D0200348E020010B5D0F8B2
:103E2000203104466BB990F8D83053B9FFF7A4FBA2
:103E3000402304F1D902617B05F076F8012384F870
:103E4000D83010BD70B51E4604460023336094F888
:103E500078300846EBB194F8D830D3B9D4F8205173
:103E6000D4F81C11954228BF15462A460FF0EAF8EF
:103E70003560D4F81C31D4F820212B44551BC4F8EC
:103E80001C31C4F8205125B92046BDE87040FFF729
:103E9000C5BF70BD37B50446406A90F878502DB95B
:103EA00084F835500125284603B030BD02AB00220E
:103EB00043F8042DD4E90A12FFF7C4FF0199A26A5E
:103EC0000A44A262226B13680B441360E36A0199EF
:103ED0005B1A94F83410E36209B9126802B91BB98D
:103EE000012384F83530DEE7606AFFF797FF00258D
:103EF000D9E76FF01500704700290CBF6FF018006C
:103F000000207047012070476FF0150070476FF078
:103F1000150070471120704770477047704703685D
:103F20009B6C1847A0F5A070F9E770477047704781
:103F300070470368184710B50446012000F068FD7B
:103F400094F8780010BDA0F5A070F4E738B54FF0F4
:103F5000FF320123FF210B480B4D07F069FA00F0F7
:103F600045FD044695F878301BB1012000F050FD66
:103F7000F8E700F03BFD001BC728F6D9BDE8384044
:103F8000FEF71EBEE82200203020002007B502AB5D
:103F9000012243F8041D1946FFF76AFE18B1019883
:103FA00003B05DF804FB4FF0FF30F9E7A0F5947023
:103FB000FFF7ECBF07B502A9002301F8013D01227C
:103FC000FFF7F2FE20B19DF8070003B05DF804FB97
:103FD0004FF0FF30F9E7A0F59470FFF7EBBF2DE944
:103FE000F8430446884617461E46089DFFF7F8FA30
:103FF000D4F87092B9F1000F04D02B4632463946FE
:104000004046C847C4F86082C4F86472C4F8686265
:10401000C4F86C52BDE8F88370B50646FFF7E0FAC5
:1040200006F51D740025D6F8B432AB4208D92046F7
:10403000103454F8043C1BB11B6898470135F2E773
:1040400070BD0000B0F5966F03D10121014807F063
:10405000D1B97047E822002010B4D0E901340168DA
:104060006210E40701EB020048BF8A585DF8044B78
:1040700048BFD35818470000114B03F1780270B5C0
:104080000360C0F8282103F1D802E8330446C0F8E1
:104090002C21C0F8403100F51D7600F52D75AE429B
:1040A00004D0103D2846FCF7B9FBF8E704F59470FE
:1040B00005F012FF2046FFF767FB204670BD00BFEA
:1040C000708F0200A0F59470FFF7D6BFA0F5967030
:1040D000FFF7D2BF10B50446FFF7CEFF20464FF4DE
:1040E0002E7107F019F8204610BDA0F59670FFF765
:1040F000F1BFA0F59470FFF7EDBF0000F7B50446DF
:1041000015461F460E4607F07DFDBDF8243001938D
:10411000BDF8203000932A463B4601462046FFF773
:10412000C1FC002104F5947005F0ACFE4FF47A73E5
:10413000C4F84831174B236003F178020025C4F816
:10414000282103F1D802E833C4F82C21C4F84451E3
:10415000C4F840314FF48072294604F5A8700FF07E
:104160006FF8C4F85052C4F88052C4F85452C4F8DE
:104170009052C4F85852C4F8A052C4F8B052C4F8CF
:10418000B452C4F8705216B12046FFF74FFD2046D6
:1041900003B0F0BD708F020038B50546FFF710FA86
:1041A00095F8D8304BB9D5F82041402C28BF402491
:1041B0002846FFF70DFA204638BD0024F8E7000036
:1041C00070B5044686B0FFF7FBF92D4BC4F870328A
:1041D0002046FFF7FDF92B4B05932B4B039320460D
:1041E000002302940493FFF7EBF9D4F8B452032DA3
:1041F00013D804EB05166B1C06F51D76C4F8B43213
:104200003046FCF70BFB04EB0515059BC5F8803227
:104210001BB15B6802A9304698472046FFF7D8F9E2
:1042200002A8FCF7FBFABC2006F062FF0026174B41
:104230000360054631460661403007F099F905F103
:10424000540007F035F9124B00934FF48072334657
:104250002846182107F026FA0E4B05930E4BC4F89A
:104260005C5202A92846CDE90236049607F026FAE8
:1042700002A8FCF7D3FA2046FEF772FE06B070BD26
:1042800045400100488F0200612F0100E0A50200B7
:10429000608F0200548F02004D3F0100A0F5A07016
:1042A000FFF78EBF90F878007047000037B50F4CCD
:1042B0000F4D204607F08EF82A460E49204606F09C
:1042C00010FD0D4C42F212030122CDE90032002212
:1042D00011464FF4F8532046FFF710FF07492A46CE
:1042E000204603B0BDE8304006F0FBBCE8220020C9
:1042F00000020020FBB301003020002079400100C3
:1043000008B50DF0D7FC2DE9F04F027D012A85B0EC
:1043100005460E4640F0908000214FF0FF3B0446DA
:104320000B465F4694F804C048B2BCF1000F75D14B
:1043300094F805C0BCF1000F70D1B7F1FF3F1BBF6F
:1043400001335BB201233846934201DD1A468346AE
:104350000131082904F102045ED1002402EB0B03B1
:10436000A1460293CB4502DC029B4B4559DC95F8F4
:10437000058095F804A04FEA28170AF00F03FAB257
:104380005FEA2A1A019208F00F0870D05FFA8AF1EA
:10439000BAF1090FD4BF303157313046039300F0E2
:1043A000CBF8039B0444092B94BF03F1300103F1C4
:1043B00057013046039300F0BFF80444BAF1000FF0
:1043C00002D1039B03B94FB1092F019FD4BF3037EE
:1043D0005737F9B2304600F0AFF80444B8F1090F8E
:1043E00094BF08F1300108F15701304600F0A4F8FD
:1043F000B9F1070F044404D03A21304600F09CF88C
:10440000044409F10109B9F1080F05F10205A9D128
:10441000204605B0BDE8F08F074683E74FF0FF3038
:1044200096E7CB45EDD1BBF1000FE5D13A213046FF
:1044300000F082F80444DFE700F1100700F11309EF
:10444000002417F8011B0A22304600F0BDF82E2187
:104450008046304600F070F8B94540440444F0D13D
:104460000A22E97C304600F0AFF80444D0E7002B84
:1044700099D1A8E710B5054B0360044601751022D9
:10448000002104300EF0DCFE204610BD8C900200AE
:1044900070B5074D0560837400259DF810300575D3
:1044A00045608560C56001744274C37470BD00BF0F
:1044B0008C90020007B501210648FFF7DBFF0023BF
:1044C00000931A4619460448FFF7E2FF03B05DF86F
:1044D00004FB00BFFC220020142300202DE9F04142
:1044E00006460D4601EB02080C464445A4EB0507C1
:1044F00007D0336814F8011B1B6830469847002822
:10450000F3D13846BDE8F08170B5044608460D4643
:104510000FF096FA23680246294620465B68BDE8FC
:104520007040184709B1FFF7EFBF084670470368AE
:104530008A685B680968184703681B6818470000A9
:104540000149FFF7E1BF00BF13A3020038B50546DC
:10455000FFF7EDFF04462846FFF7F2FF204438BD81
:1045600038B50546FFF7DEFF04462846FFF7E8FFAB
:10457000204438BD70B58AB00D460AA9002301F861
:10458000043D012A98BF0A22B5FBF2F402FB14563F
:10459000F3B2092E94BF30333733DBB2254601F82E
:1045A000013D002CF0D1FFF7BDFF0AB070BD10B483
:1045B0002AB903685DF8044B1B68C9B21847D2B228
:1045C0005DF8044BFFF7D6BFFFF7F1BF2DE9F84FB9
:1045D0000A9E0746002E10461946B8BF022614460A
:1045E0001D460CF015FF28B14C493846BDE8F84F80
:1045F000FFF78ABF25F000494FF0FF32484B2046B5
:1046000049460CF005FF48B94FF0FF32444B2046B5
:1046100049460CF0DFFE08B94249E6E74FF0604238
:10462000414B204629460CF0E9FE08B13F49DCE742
:104630004FF060423E4B204629460CF0C1FE002858
:10464000F4D100220023204629460CF0B9FED0B157
:104650002D213846FFF770FF05F1004382461D46C5
:104660003449DFF8D8904FF0000B00204FF00008DD
:104670005FFA8BF3B3420BF1010B06DA42464B466D
:104680000CF056FDF4E78246EAE702460B46204668
:1046900029460CF06DFA0D4604460CF0CFFE0A22B6
:1046A000014680463846FFF765FF82449EB3404688
:1046B0000CF09AFB02460B46204629460CF056FAAF
:1046C00004460D4638461C49DFF87090FFF71CFF82
:1046D0004FF00008824416F1FF361CD34B46424689
:1046E000204629460CF0FAFB0D4604460CF0A6FEC7
:1046F0000A22014683463846FFF73CFF824458466B
:104700000CF072FB02460B46204629460CF02EFAAE
:1047100004460D46DFE75046BDE8F88F9090020052
:10472000FFFFEF7F94900200FFFFEF41989002009F
:10473000FFFFEFC10000E03FD099020000002440DD
:10474000FFF744BF10B50446006808B10EF034F915
:10475000204610BD10B50446006808B10EF02CF9D3
:1047600000232360C4E9013310BD38B504460D466B
:10477000006801310EF0C4FD10B1C4E9000501204C
:1047800038BD036810B5044623B143688B4201D39A
:10479000012010BD2046FFF7E8FF0028F9D0A368EC
:1047A000002BF5D122681370F3E770B50E46114661
:1047B00004461546FFF7E5FF20B92046FFF7CAFF7C
:1047C000204670BD2A463146A56020680EF03AFCAE
:1047D0002268A3680021D154F2E738B500230446CB
:1047E000C0E9003383600D4639B108460FF028F95F
:1047F000294602462046FFF7D8FF204638BD38B587
:10480000054608460C460FF01BF92146024628468D
:10481000BDE83840FFF7C9BF10B504468AB0002391
:10482000C4E90033A360084601A9FEF72DFA20462B
:1048300001A9FFF7E4FF20460AB010BD884210B579
:104840000B46044604D0096821B19A68FFF7ADFF12
:10485000204610BDFFF77EFFFAE710B5002304469F
:10486000C0E900338360FFF7E9FF204610BD10B5B3
:10487000044619B1FFF7C3FF204610BDFFF76AFFDA
:10488000FAE770B50A2A28BF0A22002390B004462E
:10489000C0E900338360951C084616466DB20CF0E3
:1048A000C5FA03AB00932A463346FEF7A1F9014649
:1048B0002046FFF7DCFF204610B070BD2DE9F04127
:1048C00005461746884619B900263046BDE8F081EE
:1048D0009AB1846814442146FFF753FF0646002826
:1048E000F2D0AB6828683A46184441460EF0AAFB5D
:1048F0002B68AC6000221A55E7E70126E5E738B5DA
:10490000054608460C460FF09BF82146024628460D
:10491000BDE83840FFF7D2BF09B1FFF7F0BF084646
:10492000704707B502AB012203F8011D1946FFF7D6
:10493000C5FF03B05DF804FB10B58A68096804463A
:10494000FFF7BCFF10B92046FFF704FF204610BD5B
:1049500010B5044621B92046FFF7FCFE204610BDE5
:10496000FFF7DAFF0028F6D0F8E710B50446FFF7A6
:10497000D8FF10B92046FFF7EDFE204610BD00001D
:1049800010B500F049F8FEF7B9F8FEF7F5FDFEF7AF
:10499000E9FD4FF4E1310648064CFFF711FCFBF747
:1049A00009FCFBF71DFC002CFBD0AFF30080F8E7FF
:1049B000302000200000000010B50446FEF79BF8F0
:1049C00084423BBF2401024B4FF0FF30185710BD0B
:1049D0001402002010B5044603F08EF8204610BDE6
:1049E00010B5044603F088F8204610BD07B5074906
:1049F000684603F0BEF84FF47A720023DDE9000147
:104A00000CF08CFD03B05DF804FB00BF30230020E8
:104A100006F0DEBD06F0B4BC08B5044803F076F835
:104A20000348BDE8084003F071B800BF48230020E8
:104A30003023002006F0DCBD38B50A4C0A4D204674
:104A400003F0D4F82046094C09492A4606F049F9F2
:104A5000204603F0D6F82A4620460649BDE83840ED
:104A600006F03FB948230020000200203023002038
:104A7000E1490100D549010008B590F900305A1C00
:104A800004D121220E490F4805F05AFD012259B1E7
:104A90001F2B86BF03F01F030B494FF0A04102FA02
:104AA00003F3C1F8083508BD1F2B86BF03F01F03B1
:104AB00005494FF0A04102FA03F3C1F80C35F2E7C3
:104AC0002391020031910200000300502DE9F843C8
:104AD0001C4D4FEA001805EB08020446D0680F464B
:104AE00010B1012106F018FB2046FFF765FF814653
:104AF000012006F0FDFA002606704946044604F03F
:104B000006FE05EB0803012FDC6010D006D3022F50
:104B100012D0204602F02EFB012103E0204602F0D5
:104B200029FB31462046BDE8F84302F02FBB204662
:104B3000BDE8F84302F012BB204602F01BFB032144
:104B4000F0E700BF14020020F7B506460F46FDF758
:104B5000D2FF86421BD20F4D05EB0615EC687CB9DF
:104B60003046FFF729FF0646012006F0C1FA002370
:104B70000446037001220097314604F0D1FDEC6039
:104B80003946204603B0BDE8F040FFF775BF03B0DB
:104B9000F0BD00BF140200201EF0040F0CBFEFF3A5
:104BA0000880EFF30980816911F8021C002932D1D5
:104BB00001B590E80F10E047BDE800508CE8030015
:104BC000244B93E80600914208BF70471A6041B930
:104BD0001EF0100F10D1204B186820F00100186053
:104BE0000AE02CE9F00F1EF0100F08BF2CED108A20
:104BF00081F822E0C1F838C0906B92F8221061F081
:104C0000FF0E1EF0100F08BFB0EC108AB0E8F00FD6
:104C100080F309887047114A13689942FAD801B5A0
:104C200052F821C00FC8E047BDE80050CCF80000A2
:104C3000704701B501F046FBBDE80140EFF3098C78
:104C4000BEE701B501F002FBBDE80140EFF3098CBE
:104C5000B6E700004804002034EF00E0FC910200B9
:104C600008B5014630B96FF0030000F0EEF96FF0BF
:104C7000030008BD132001F0D3FE30B94FF0FF3020
:104C800000F0E3F94FF0FF30F3E70020F1E7000018
:104C900008B5EFF305834BB9EFF3108333B9EFF3A6
:104CA00011831BB9DFF814C000DF08BD6FF00500E9
:104CB00000F0CBF96FF00500F7E700BF614C010091
:104CC000EFF310832BB9EFF31180003818BF0120E8
:104CD000704701207047000010B5034628B30468F0
:104CE000806860B110F0030202D1DB680F2B25D879
:104CF0006FF00801002002F0EFF8002014E0DB68FC
:104D0000002BF5D1104BD3F8900080B100F013FCCC
:104D1000B0B1012383700023C0E90233F3220A4BB0
:104D200002700A4A44605A6610BD0446EAE7D3F8A6
:104D300080000122102100F08AFBE9E71346E9E731
:104D40006FF00401D7E700BF34040020214E0100BA
:104D500010B5044610B10378F32B07D020466FF04E
:104D6000030102F0B9F86FF0030010BD836863B16E
:104D7000204601F003FC00226FF0020101F0A8FDC3
:104D8000A0680028F4D101F081FC00232370A378EF
:104D9000DB0701D40020E8E7064BD3F8900021465A
:104DA00010B100F0E5FBF5E7D3F8800000F082FBDE
:104DB000F0E700BF34040020930710B502F00104AF
:104DC00022D400F10C0384B153E8000F00EA010281
:104DD0008A4203D0BFF32F8F002005E020EA0102B2
:104DE00043E8002404B1EFE710BD53E8000F084288
:104DF00003D1BFF32F8F002005E020EA010243E832
:104E0000002404B1F1E7EFE7C06801EA00031CB138
:104E1000994218BF0020E7E7002B08BF0020E3E716
:104E2000F8B58468054604B9F8BD94F82320616A92
:104E3000A7682846FFF7C0FF064638B1204601F0B4
:104E4000A6FB00223146204601F042FD3C46EAE73F
:104E5000F8B50D4617461E46044620B10378F32BDD
:104E600001D1002907DA20466FF0030102F034F87F
:104E70006FF00300F8BDFFF79FFF0028FAD186B15D
:104E80003146432001F0CCFD40B1074B5E6920461E
:104E9000314601F061FB756286F823706FF0010006
:104EA000E8E76FF00200E5E7340400202DE9F04167
:104EB000064620B10378F32B01D1002909DA6FF0FF
:104EC0000301304602F008F86FF003052846BDE8FC
:104ED000F08100F10C0353E8002F42EA010543E89A
:104EE000005000B1F7E7B4681CB9204601F0CEFBD2
:104EF000ECE794F82320616AD4F808803046FFF785
:104F00005BFF074678B194F823309B0756BF656A6C
:104F1000054620EA0505204601F039FB0022394606
:104F2000204601F0D5FC4446DEE7000008B5024605
:104F3000EFF3058333B100206FF0050101F0CCFFE2
:104F4000002008BDFFF7BCFE0028F4D1DFF808C040
:104F5000104600DFF5E700BFD94C010038B5024626
:104F60000D46EFF305834BB192B96FF00301104684
:104F700001F0B2FF6FF00304204638BDFFF7A0FE3A
:104F80000028F1D1DFF830C0104600DF0446F3E717
:104F90001378F32BE9D1002DE7DB02F10C0353E882
:104FA000001F41EA050443E8004000B1F7E710465E
:104FB00001F0D0F9E0E700BFAD4E0100F8B50446BE
:104FC0000E4617461D46EFF3058343B18CB92046C4
:104FD0006FF0030101F080FF6FF00300F8BDFFF7F1
:104FE0006FFE0028F2D1DFF82CC020462B4600DFF0
:104FF000F4E72378F32BEAD1002DE8D1002EE6DB8D
:105000003A4631462046FFF7D7FE002808BF6FF02A
:105010000200E3E7514E010008B50246EFF30583B5
:105020003BB110466FF0050101F056FF6FF005002F
:1050300008BDFFF745FE0028F3D1DFF808C0104691
:1050400000DFF5E7514D010070477047EFF3108323
:105050002BB9EFF31180003818BF012070470120F1
:1050600070470000064BDA6A3AB1D0695B6C1BB13D
:105070001B69984228BF184670474FF0FF30F5E78C
:1050800034040020014BD868704700BF340400206E
:1050900070B5464C237A012B00F0858033B14FF078
:1050A000FF3001F00DFF4FF0FF3070BD404DD5E9EE
:1050B0000B61EB68E3652B8AA4F854303046AB688B
:1050C000236400F0ADF908B1C4F88060D5E905614A
:1050D000304600F0A5F908B9D4F880606667D5E9D4
:1050E0000761304600F09CF908B9D4F88060A667E3
:1050F000D5E90961304600F093F908B9D4F8806029
:10510000E6676E6B3EB1D6E902233168304600F0A7
:10511000F1F9C4F88460AE6B3EB1D6E90223316880
:10512000304600F0E7F9C4F88860EE6B3EB1D6E98E
:1051300002233168304600F0DDF9C4F88C602E6C33
:105140003EB1D6E902233168304600F0D3F9C4F805
:1051500090606E6C3EB1D6E902233168304600F0B3
:10516000C9F9C4F89460AE6C3EB1D6E90223316847
:10517000304600F0BFF9C4F89860EE6C3EB1D6E955
:1051800002233168304600F0B5F9C4F89C602D6DFB
:105190003DB1D5E902232968284600F0ABF9C4F8EF
:1051A000A0500123237200207FE700BF34040020B9
:1051B0008C91020070B5274C237A012B07D06FF039
:1051C000060001F07DFE4FF0FF35284670BD01F06E
:1051D00069FC10B94FF0FF30F3E71F4AFF2382F854
:1051E000223092F8223063F0FF03DB4304D1D2680F
:1051F000C2F30222531C08E0D268B3FA83F3C3F16E
:105200002003C2F302229342F4D9FE2202FA03F3EE
:10521000124E114A12497068DBB2D37701F0ACFE2E
:1052200005460028D6D101F0FBFE206101F0E4FE26
:105230000C4801F0A3F901F021FA3368DB074CBFF9
:105240000223032383F31488BFF36F8F0223237297
:10525000BBE700BF3404002000ED00E08C910200A9
:10526000434C01005004002010B50F4C237A022B50
:1052700013D101F0C9FE01236372BFF34F8F0B4AB4
:105280005168C90042BF4FF000615160A37204230E
:105290002372BDE81040FFF7E5BE6FF0070001F094
:1052A0000FFE002010BD00BF3404002000ED00E020
:1052B00038B51D4C237A042B054634D1FFF7D2FEB6
:1052C000E26A85422CBF00F1FF332B4612B1D06950
:1052D000C01AD061626C12B11069C01A1061E26824
:1052E00013441544E360E3689D4213D10223002078
:1052F000237201F0CBF900236372BFF34F8FA27AC0
:1053000022B1A372094B4FF080525A60BDE8384079
:1053100001F072BE0133E36001F076F9236D002BDA
:10532000E1D09847DFE738BD3404002000ED00E00D
:10533000704738B504460D46FFF786FE29462046DD
:10534000BDE8384001F07EBD08B5FFF7F1FFEFF38F
:10535000058333B16FF0050001F0B2FD6FF0050079
:1053600008BDFFF773FE0028F4D1DFF808C000DFA6
:10537000F6E700BF9150010008B5EFF3058333B1A4
:105380006FF0050001F09CFD6FF0050008BDFFF710
:105390005DFE0028F4D1DFF808C000DFF6E700BFAB
:1053A000B551010008B5EFF305832BB16FF005008F
:1053B00001F086FD002008BDFFF748FE0028F5D16A
:1053C000DFF804C000DFF6E76952010008B50246C5
:1053D000EFF305832BB1BDE808406FF0050001F045
:1053E0006FBDFFF733FE0028F5D1DFF808C0104687
:1053F00000DF08BDB152010008B5EFF3058313B11A
:10540000054BD86808BDFFF721FE0028F8D1DFF86A
:105410000CC000DFF6E700BF340400208550010017
:1054200010B5034688B1084310F007000DD11729C5
:105430000AD9196008391022CC189C605A6058505B
:1054400099684A60D860012010BD0020FCE770B563
:10545000034668B361B3032A2AD80F3121F0070647
:1054600000F10804214624684D68601A25F0030500
:10547000401B864203D920680028F3D170BD5D68C7
:10548000186835445D600344083B5868854288BF0E
:105490005D604B6832431BB94A6001F10800EDE7DB
:1054A00023F00303C818CC50426008600830E5E7D9
:1054B0000020E3E710B5034680B1C9B1A1F10804AB
:1054C00000F108020021A24209D1506820F0030433
:1054D0005868001B586041B95160012010BD106828
:1054E00011460028FAD00246EDE713680B60F4E796
:1054F0000846F3E730B5C0B189B1C2B1CBB10024E1
:10550000C0E9014202FB01F41D190160C36043615F
:1055100005611846013904D1A41A19510121084620
:1055200030BD851805602846F4E70146F7E71146C7
:10553000F5E71946F3E710B5034608B9002010BD9A
:1055400000F1140252E8000F10B9BFF32F8F04E0EE
:10555000016842E8001404B1F4E70028EED00433F7
:1055600053E8002F511C43E8001404B1F8E7E6E7C4
:1055700030B5F0B1C3688B421BD803698B4218D990
:1055800000F114031A680A60BFF35F8F53E8002F1D
:105590000C689442F6D143E8001505B1F2E70430F7
:1055A00050E8003F5A1E40E8002101B1F8E7002012
:1055B00030BD6FF00300FBE7EFF310832BB9EFF37F
:1055C0001180003818BF0120704701207047D1E9D1
:1055D000013223B19A608A681AB153607047C2627F
:1055E000F9E70363704700002DE9F84F8946074645
:1055F00038B131B1B0FA80F1B9FA89F30B441F2BFD
:1056000008DC6FF00301002001F07CFC0024204640
:10561000BDE8F88F09F1030828F0030808F10C0829
:1056200008FB00FB002A5AD09468D2F800A0D2E907
:1056300004653CB1A10702D1D368332B0DD86FF0BC
:105640000801E0E7D368002BF9D126B3B20701D1F6
:10565000AB4522D96FF00901D5E7B6B9002DF9D1D4
:105660002A4B0022D86F5946FFF7F1FE0646002864
:1056700044D13DB1254BD3F8A0002146002838D0B5
:10568000FFF776FF6FF00401BDE7B307E2D1AB454A
:10569000E0D800250DE0002DDCD11C4BD3F8A00094
:1056A00000B3FFF748FF04460028EBD00125002E89
:1056B000D6D0FA2323700023C4E90993C4E90B333D
:1056C000A36042463346A570C4F804A0394604F1ED
:1056D0000C00FFF70FFF0D4B0D4A1A6797E7924634
:1056E0001646DAE7D3F8800001223421FFF7AFFE37
:1056F000D9E7D3F88000FFF7DDFEC3E75A46002163
:105700000DF09EFD45F00205D3E700BF34040020F4
:10571000A157010010B500F1280353E8002F12B97A
:10572000BFF32F8F04E0511E43E8001404B1F4E7E7
:105730000AB9002010BDC06A01220028F9D0811CDE
:10574000D1E84F3FC1E8442F04B1F9E7DBB2002BA9
:10575000F0D08068F1E7036B30B5E3B1CD78002479
:10576000DA78AA420FD31A46C1E901248AB19160BE
:10577000A4B16160283050E8003F5A1C40E8002185
:1057800001B1F8E730BD5A681C46002AECD0134638
:10579000E6E7C162ECE7C1E90133C1620163E9E711
:1057A000F8B5877804468FB3C568014600272846B8
:1057B000FFF70DFF277005F10C042046FFF7D8FE18
:1057C000AB68002B48D02046FFF7B5FE0446002802
:1057D00042D0284600F0D2FE3A460646394601F04D
:1057E00077F8304600F040FF6A6A8168064604F1A7
:1057F0000C000DF027FCF9232370A770F368E37009
:1058000021462846BDE8F840FFF7A5BF8568AB688C
:10581000002BF5D05B78832BF2D1284600F0AEFE4A
:105820003A460646394601F053F8304600F01CFF70
:1058300006466A6A806804F10C010DF003FCF36807
:105840000BB1E2781A7000232370214605F10C0099
:10585000BDE8F840FFF78CBEF8BD00002DE9F0412F
:105860000E4617469846044618B10378FA2B00D125
:1058700041B920466FF0030101F044FB6FF00300D3
:10588000BDE8F0818368BBB15B78832B14D100F055
:1058900075FE01220546002101F01AF8284600F0A5
:1058A000E3FE0546626A806831460DF0CBFBEB688B
:1058B00003B11F700020E3E704F10C00FFF73BFE8B
:1058C000054670B13146626A0C300DF0BBFBF9231E
:1058D0002B700023AB70EF7029462046FFF73BFF8B
:1058E000E8E7B8F1000F11D04146932001F098F895
:1058F00010B96FF00100C3E7064B2046596900F06C
:105900002BFEEFF30983C3E90267F2E76FF00200B1
:10591000B6E700BF340400202DE9F0410F461646DB
:105920009846044618B10378FA2B00D141B92046B5
:105930006FF0030101F0E6FA6FF00300BDE8F081BB
:10594000FFF7E8FE054600283AD001462046FFF75B
:105950003EFE626A05F10C0138460DF073FB0EB194
:10596000EB783370002704F10C062F70294630467F
:10597000FFF7FEFDA3680BB90020DFE73046FFF715
:10598000DAFD05460028F7D0204600F0F7FD39463D
:105990000646012200F09CFF304600F065FE626A78
:1059A0008168064605F10C000DF04CFBF9232B70C5
:1059B000AF70F368EB7029462046FFF7CCFEDBE7BB
:1059C000B8F1000F11D04146832001F029F810B939
:1059D0006FF00100B2E7064B2046596900F0BCFDAC
:1059E000EFF30983C3E90276F2E76FF00200A5E75F
:1059F0003404002008B5064B08219A6ED86EFFF7D4
:105A0000F3FD044BD864B0FA80F04009404208BD71
:105A10008C910200340400202DE9F04106460F4627
:105A200090461C46EFF305834BB196B930466FF0B4
:105A3000030101F067FA6FF00300BDE8F081FFF7A2
:105A4000BBFD0028F1D1DFF84CC03046234600DF13
:105A5000F3E73378FA2BE9D1002FE7D0002CE5D11A
:105A600006F10C00FFF767FD054680B1726A394602
:105A70000C300DF0E7FAF9232846C5E901762B70C2
:105A8000AC7085F8038000F065FC2046D5E76FF028
:105A90000200D2E75D580100F8B504460F461646ED
:105AA0001D46EFF3058343B18CB920466FF0030127
:105AB00001F028FA6FF00300F8BDFFF77DFD002824
:105AC000F2D1DFF848C020462B4600DFF4E7237808
:105AD000FA2BEAD1002FE8D0002DE6D12046FFF7BF
:105AE00019FE054670B100F10C01626A38460DF0EE
:105AF000A9FA0EB1EB7833702846EC6000F02AFC6E
:105B00000020D9E76FF00200D6E700BF1959010065
:105B1000EFF310832BB9EFF31180003818BF012089
:105B2000704701207047000038B5044640B3D0E903
:105B30000025806860B110F0030302D1E1681B29E1
:105B400027D86FF00801002001F0CCF9002016E002
:105B5000E368002BF5D11446104BD3F8940088B1BC
:105B6000FFF7E9FCB8B1012383700023C0E90233D9
:105B7000C0E90433F5220270C5704460037638BD75
:105B80000546E9E7D3F8800001221C21FFF75FFCFE
:105B9000E8E71446E8E76FF00401D5E73404002095
:105BA000294B70B55D6904460E4635B96FF00701A3
:105BB00001F098F94FF0FF3070BD10B10378F52B6C
:105BC00007D020466FF0030101F08CF96FF003005D
:105BD000F2E7037E53B9C0E90353EB6A436103B1B3
:105BE0001861EC62012323760020E5E7C278D10733
:105BF0000ED5C168A9420BD1FF2B06D16FF00F0162
:105C000001F070F96FF00200D6E70133DBB2EAE78A
:105C1000002EF7D093070AD5E06895F9203090F967
:105C200020209A4203DA80F8203000F0B9FC314697
:105C3000532000F0F5FE10B96FF00100BCE72946D3
:105C4000204600F089FCF7E7340400202F4B5A6906
:105C500070B5044632B96FF0070101F043F94FF017
:105C6000FF3070BD10B10378F52B07D020466FF0E0
:105C7000030101F037F96FF00300F2E7037E33B957
:105C80006FF00E0101F02EF96FF00200E9E7C16834
:105C9000914202D06FF00D01F4E7013BDBB20376D5
:105CA0000BB10020DDE743690BB10169196121697E
:105CB000E9B14B6192F92130D56AD5B982F820302B
:105CC000A36883B1204600F059FC06462A462946BF
:105CD00000F0FEFDF36A6361C4E9036503B11C6172
:105CE0000123F4622376002000F0D0FCD9E7D362D0
:105CF000E0E7E978890706D5A96821B191F9201074
:105D00008B42B8BF0B466D69D7E700BF3404002053
:105D100010B5044610B10378F52B07D020466FF07C
:105D2000030101F0DFF86FF0030010BD037EBBB18B
:105D30006369C0680BB122691A612269BAB1536103
:105D400090F92120C36AA3B990F92030934203D07F
:105D500080F8202000F024FCA068B0B900F096FC88
:105D600000232370A378DB0718D40020DDE7C3628B
:105D7000E6E7D978890706D5996821B191F920100D
:105D80008A42B8BF0A465B69DDE7204600F0F6FBB1
:105D900000226FF0020100F09BFDDDE7064BD3F817
:105DA0009400214610B1FFF7E3FBDEE7D3F8800053
:105DB000FFF780FBD9E700BF340400202DE9F04154
:105DC0000446002601270CB9BDE8F081E378D4F839
:105DD00014801B0712D5A36826767BB1204600F0FD
:105DE000CDFB00220546114600F072FDEB6A6361AF
:105DF000C4E9035603B11C61EC6227764446E2E72E
:105E000010B4C3789B071DD5C06890F92120C36AE0
:105E1000DC78A40709D59C688C4208BF8C6824B143
:105E200094F92040A242B8BF22465B69002BEFD113
:105E300090F92030934205D080F820205DF8044B83
:105E400000F0AEBB5DF8044B7047000008B5024699
:105E5000EFF3058333B100206FF0050101F042F844
:105E6000002008BDFFF754FE0028F4D1DFF808C079
:105E7000104600DFF5E700BF295B010008B50246C8
:105E8000EFF305833BB110466FF0050101F02AF8EE
:105E90006FF0050008BDFFF73BFE0028F3D1DFF8E7
:105EA00008C0104600DFF5E7A15B010008B5024617
:105EB000EFF305833BB110466FF0050101F012F8D6
:105EC0006FF0050008BDFFF723FE0028F3D1DFF8CF
:105ED00008C0104600DFF5E74D5C010008B502463A
:105EE000EFF305833BB110466FF0050100F0FAFFB8
:105EF0006FF0050008BDFFF70BFE0028F3D1DFF8B7
:105F000008C0104600DFF5E7115D0100EFF31083D4
:105F10002BB9EFF31180003818BF01207047012022
:105F200070470C30D0E85F3F13B9BFF32F8F04E008
:105F30005A1EC0E8512F01B1F4E798B2003818BFDB
:105F40000120704730B500F10C02C189D2E85F3FF3
:105F5000994202D8BFF32F8F04E05C1CC2E8554F72
:105F600005B1F3E7C0899BB2984294BF002001209D
:105F700030BD000070B54FF6FE730D46411E9942CC
:105F8000044601D8A84206D26FF00301002000F0B9
:105F9000AFFF002070BD12B39068166840B110F0DA
:105FA000030302D1D2680F2A0DD86FF00801EDE784
:105FB000D368002BF9D1104BD3F8980088B1FFF7C4
:105FC000BAFAA8B1012383700023F62283600A4B3A
:105FD00002700A4A46608581C4819A66DAE71646ED
:105FE000E9E7D3F8800001221021FFF730FAE8E753
:105FF0006FF00401CBE700BF34040020B160010062
:1060000010B5044610B10378F62B07D020466FF088
:10601000030100F06DFF6FF0030010BD83683BB11A
:1060200000F0ACFA0122002100F052FC0020F4E75D
:10603000FFF788FF0028F9D120466FF0100100F02B
:1060400057FF6FF00200E8E710B5044610B103787F
:10605000F62B07D020466FF0030100F049FF6FF0E8
:10606000030010BD836863B1204600F087FA002268
:106070006FF0020100F02CFCA0680028F4D100F0C1
:1060800005FB00232370A378DB0701D40020E8E799
:10609000064BD3F89800214610B1FFF769FAF5E7EF
:1060A000D3F88000FFF706FAF0E700BF34040020C1
:1060B000836810B504465BB1FFF733FF40B120465B
:1060C00000F05CFA0022BDE81040114600F000BC70
:1060D00010BD000038B50D46044610B10378F62B0C
:1060E00007D020466FF0030100F002FF6FF00300BD
:1060F00038BDFFF716FF68B975B12946632000F077
:106100008FFC20B1064B2046596900F025FA6FF04C
:106110000100EDE70020EBE76FF00200E8E700BFC9
:106120003404002010B50446EFF3058333B100209A
:106130006FF0050100F0DCFE002010BDFFF7E6FE69
:106140000028F4D1DFF808C0204600DFF5E700BFE3
:10615000755F010010B502460C46EFF3058343B1AD
:1061600082B910466FF0030100F0C2FE6FF0030029
:1061700010BDFFF7CBFE0028F2D1DFF824C0104697
:1061800000DFF5E71378F62BEBD1002CE9D11046B0
:10619000FFF7C7FE00280CBF6FF002000020E7E702
:1061A000D560010010B50446EFF3058343B184B90F
:1061B00020466FF0030100F09BFE6FF0030010BD5E
:1061C000FFF7A4FE0028F2D1DFF830C0204600DF40
:1061D000F5E72378F62BEBD12046FFF7B3FE20B18D
:1061E000204600F0B7F80020E9E720466FF01001E4
:1061F00000F07EFE6FF00200E1E700BF01600100E9
:1062000008B50246EFF305833BB110466FF0050178
:1062100000F06EFE6FF0050008BDFFF777FE002866
:10622000F3D1DFF808C0104600DFF5E74960010050
:1062300010B5D0E85F3F5A1C914200D80022C0E858
:10624000542F04B1F5E798B210BD000038B51C4CCE
:1062500000F0E0FEE3680133E36000F0D5F90020D0
:1062600000F014FA236D03B19847226C32B3A3698E
:10627000E06BD969984202D0E36301B9DA61DA6967
:10628000C2B9237A022B19D1656ABDB1E36B95F9C6
:10629000202093F920309A4210D1284600F077F957
:1062A000E06B00F08FF9284600F0E8F9236CE56315
:1062B000EB6103E0013ADA61002AE2D038BD00BFA9
:1062C0003404002070B5224C04F1560504F15A063E
:1062D000B4F85410D5E85F3F13B9BFF32F8F04E033
:1062E0005A1EC5E8502F00B1F4E79BB25BB33046AD
:1062F000FFF79EFFE36D53F8200020B30378F13BD6
:10630000082BE5D801A252F823F000BF3163010049
:10631000D162010037630100D1620100D162010046
:106320003B6301003F630100D16201004363010050
:10633000236E9847CCE7636EFBE7A36EF9E7E36E45
:10634000F7E7236FF5E7BDE87040002000F09EB945
:106350003404002070B5164C0546B4F8541004F10E
:106360005602D2E85F3F994202D8BFF32F8F04E074
:10637000581CC2E8560F06B1F3E79BB2994205D804
:1063800029460220BDE87040FEF7D3BF04F1580053
:10639000FFF74EFFE36D43F82050637A23B9054BB6
:1063A0004FF080525A6070BD0123A372FBE700BF1B
:1063B0003404002000ED00E0EFF310832BB9EFF37D
:1063C0001180003818BF0120704701207047037802
:1063D000F12B00D07047C068F9E7000010B5C46920
:1063E000621CD0E904310CD103B1596142691AB180
:1063F00013610023436101E0074A13630023C36173
:1064000010BD1BB1DA6959612244DA614269002A80
:10641000EED1014AD362F1E73404002010B50A4AF4
:1064200090F9201001234370536A1C321BB193F979
:1064300020408C4205DCC0E90232906003B1D86094
:1064400010BD1A469B68F1E734040020014B5869DF
:10645000704700BF3404002010B500230380837808
:106460009A07044608D513F0100F016B0E4B0FD09E
:10647000D3F88400FFF77CF8A378DB0712D50A4B2A
:10648000D3F88800214638B1BDE81040FFF770B856
:10649000586FFFF70FF8EFE7BDE81040D3F8800022
:1064A000FFF708B810BD00BF3404002008B500F0A5
:1064B0002FFDDFF810C000DF4FF0FF31002000F0AB
:1064C00005FDFEE739690100C278D207034601D411
:1064D000FFF7C2BF0422054942700022C2604A6B26
:1064E000826002B1D0604B63704700BF340400206B
:1064F000930710B502F0010422D400F1280384B1FF
:1065000053E8000F00EA01028A4203D0BFF32F8F45
:10651000002005E020EA010243E8002404B1EFE78F
:1065200010BD53E8000F084203D1BFF32F8F0020A6
:1065300005E020EA010243E8002404B1F1E7EFE7B7
:10654000806A01EA00031CB1994218BF0020E7E706
:10655000002B08BF0020E3E710B591F920208368E5
:106560001BB193F92040944205DAC1E90230816001
:1065700003B1D96010BD18469B68F1E703468068F7
:1065800082689A6002B1D3600023C3607047C2681A
:106590002AB18368936003B1DA600023C360704757
:1065A00010B5044664B12378F12B07D0FFF7EFFF55
:1065B00001462046BDE81040FFF7CEBFE468F1E792
:1065C00010BD00000123014643700148FFF7C4BF1E
:1065D0005004002070B50B4D2E7A022E10D16C6A3B
:1065E00074B1696994F9202091F920309A4207D159
:1065F0002046FFF7CCFF0846FFF7E4FF6670AC616A
:10660000002070BD3404002038B5164DEC6A44B348
:10661000E369013BE36123BB6378732B06D009D8A0
:10662000532B0BD003F0DF03432B0DD12046FFF794
:10663000CEFE09E003F0EF03832BF6E72046FFF7D9
:10664000C6FE2146FFF7DCFB2046FFF7A0FFFFF761
:10665000B9FF246924B1E369002BDDD00023636115
:10666000EC6238BD3404002090F82230826B13F0C5
:10667000100F14BF20206020104470470223437085
:10668000014B9861704700BF3404002070B5124D73
:1066900004462E7A696990B9022E0FD16C6A6CB1EA
:1066A00094F9202091F920309A4207DD2046FFF727
:1066B0006EFF0846FFF7B2FE6670AC6170BD022E39
:1066C00005D190F9202091F920309A42F1DC204642
:1066D000BDE87040FFF776BF340400202DE9F74F86
:1066E0008046019140B96FF0030100F0EFFB0024F8
:1066F000204603B0BDE8F08F002A00F0A88094681F
:106700009769D2E900ABD2E9045644B1A10702D19E
:10671000D368432B23D86FF008010020E5E7D36846
:10672000002BF8D1002D32D1002F3ED11827002E9A
:1067300041D1614BD3F88800002800F08E80FEF72D
:10674000FAFE0446002800F0A280002D40F0A98047
:106750004FF001094EB158480022314687E0B5B9E3
:106760001FBB002E6ED1B9461827544A5248566DA9
:10677000D0F88420002A79D01046FEF7DCFE0546CA
:1067800000287AD049F0100949F002031FE06A0797
:1067900000D116B96FF00A01BFE7002F52D07B1E5F
:1067A000372B08D96FF00B01B7E77B1E372BF9D8D1
:1067B000002E49D0002516F00703EBD1404AA6F180
:1067C00048019142E6D8002CB3D0002D62D0A370CE
:1067D0000023C4E90233C4E90433C4E90633C4E93D
:1067E0000933C4E90B35A6F1400340F2F1122B4402
:1067F000C4E90E382280334B84F803B07FB2FD2207
:10680000C4F804A084F8207084F821706284666360
:106810002B602A4B1B685B0745D4A36B34220021F5
:1068200018460CF00DFD284A234BC0E90D284FF007
:106830008072C263019A0262244A1A662046FFF7F8
:1068400025FF55E71827B6E774B9354671E7924634
:1068500015461827164693466BE7D3F880000122A9
:106860004421FEF7F4FD6CE7B1467EE73146406F08
:10687000FEF7EDFD0546002886D1B9F1000F06D0E0
:106880000D4BD3F88800214630B1FEF771FE6FF052
:10689000040142E7A9465EE7D3F88000FEF70AFE4E
:1068A000F5E7012393E726F00302443ACC21281DA3
:1068B0000CF0C6FCB1E700BF340400208C9102004C
:1068C000B7FFFF7FA52E5AE2AD640100F568010015
:1068D00038B505461446FFF7C7FE01602846FFF7A6
:1068E0007DFD1CB1BDE83840FFF7D0BEBDE83840A3
:1068F000FFF768BE10B54378332B04460CD1416ACC
:1069000090F82320FFF7F4FD014628B1204600222D
:10691000BDE81040FFF7DCBF10BD10B5044680692C
:1069200018B100221146FFF7D3FF6378232B02BF73
:10693000A36800229A6110BD70B50F4C267A022E12
:1069400018D1636AB3B16569E86AFFF737FA284678
:10695000FFF7E3FF04F11C00FFF710FE4670A06193
:10696000EFF30983AB63002363612846BDE8704001
:10697000FFF7AABD70BD00BF3404002010B5044667
:1069800010B10378F12B07D020466FF0030100F01F
:106990009DFA6FF0030010BD437803F00F03022B44
:1069A0001ED0032B2BD0012B2ED1FFF7F0FDE06A78
:1069B000FFF704FA2046FFF7B0FF6178022926D1DD
:1069C0001548FFF7DBFD154B41709861EFF3098225
:1069D000A26300225A612046FFF776FD0020DAE725
:1069E0000E4B1A7A022A02D15B6A002BDFD16FF0BC
:1069F0000201204600F06AFA6FF00200CBE7FFF7D1
:106A0000C6FDFFF7EBFCD2E76FF00201F2E70020D2
:106A1000FFF73CFEDFE700BF5004002034040020F5
:106A200038B51E4C237A022B024634D1606AA0B1DD
:106A300063695A704A1C16D1226B002172B94FF05B
:106A4000FF30C3E90421D86159B10B611448FFF745
:106A500095FD02234370A061012038BD11461269E3
:106A6000ECE72363F2E7E26A002012B1D569A9429C
:106A70000BD2C3E90420D96158B10361002AE5D0E3
:106A8000D0695361401AD061E0E71046491B126992
:106A9000EBE7E362F2E70020DFE700BF3404002009
:106AA0005004002038B50D4C0D48A26D0D4D00214D
:106AB000FFF714FE636EA8625BB1984758B9E26DA8
:106AC000E96C206EFFF70AFEA864003818BF0120A9
:106AD00038BD0120FCE70020FAE700BF8C910200DE
:106AE0003D6E01003404002010B50446EFF3058329
:106AF00033B100206FF0050100F0E8F9002010BD6F
:106B0000FFF75AFC0028F4D1DFF808C0204600DF68
:106B1000F5E700BFDD66010008B5EFF3058313B1AB
:106B2000054B586908BDFFF747FC0028F8D1DFF88E
:106B30000CC000DFF6E700BF340400204D64010004
:106B400008B5EFF305833BB100206FF0050100F0BD
:106B5000BDF96FF0050008BDFFF72EFC0028F3D14A
:106B6000DFF804C000DFF6E7D565010010B5044684
:106B700000F0DAF9EFF305833BB120466FF0050131
:106B800000F0A4F96FF0050010BDFFF715FC002818
:106B9000F3D1DFF808C0204600DFF5E77D6901008A
:106BA00030B50C4D6B6C002213B11C698C420AD9B4
:106BB000C0E9022301611BB11C699860641A1C6161
:106BC0002AB1D06030BD1A46091BDB68ECE7686467
:106BD000F8E700BF340400202DE9F041184D6C6C3B
:106BE00054B323696E69013B23610127236913BBF9
:106BF000E3680BB1A2689A606B640023E86C1A46E4
:106C000004F11801FEF708FF58B1D5E905832146C4
:106C100003206B61FEF78DFB6B6913B9B04508BFAC
:106C20000026E378012B09D161692046FFF7B8FF00
:106C30006C6C002CDAD16E61BDE8F0816770F7E70B
:106C40003404002008B5FEF7D5FE18B9034B044AFA
:106C50001A6508BD4FF0FF30FBE700BF3404002089
:106C6000D96B010007B504464FF0FF330022694697
:106C70002046FEF711FF0028F6D1DDE900309847E5
:106C8000F2E7000008B5094B094A1A60094B9B1A44
:106C9000094A1360094B0A4A1A600A4B9B1A0A4AAE
:106CA000136000F051F800F069F800BF142A0020CA
:106CB00000FC032000000420102A0020C8AE0020A1
:106CC000B0B6002000FC0320C4AE00200E4838B54A
:106CD0000E4B03600B250E4B45601C24C460836083
:106CE000FFF7B4F80B4B18600B480C4BC460C0E9BD
:106CF00000350B4B8360FFF7A9F80A4B1860BDE81D
:106D000038400BF0ADBD00BFE029002074920200B6
:106D1000F02900200C2A0020B029002081920200D6
:106D2000C0290020DC290020FDF72ABE024B4FF0CD
:106D3000FF311868FFF7A2B80C2A0020014B186831
:106D4000FFF7B4B80C2A002008B505F059FFBDE8DC
:106D5000084000F011B87047704708B500F042F8DD
:106D6000FFF7F9FFFFF7B2FFFFF7F6FF03F0FAFDB9
:106D7000BDE80840FFF7D8BFFEF7E6BA114C124B4A
:106D800023614FF4004363614423E3600F4BA3602E
:106D9000182307B5A3610E480E4B2360224600213D
:106DA000FFF7A2FE034628B90B49009022460B4884
:106DB00003F0E0FDFEF7E0FA0023094900931A46CC
:106DC000F5E700BF80AA0020802A0020382A002092
:106DD0005B6D01008B920200909202001D01018008
:106DE000AC9202001FB5064B0FCB6C4684E80F0037
:106DF0002046FFF72BF8034B186004B010BD00BF0E
:106E0000D4920200342A002073B506460C4615467B
:106E100003F0AAFD58B906342ABF064B064953F8B9
:106E20002410002300933246284603F0A3FD02B04D
:106E300070BD00BF98940200EC93020008B500F00A
:106E4000F3F8000007B50023411E0093024600231B
:106E5000042919D8DFE801F003080C1014000C49CC
:106E60000C48012203F086FD0B490C480222F9E789
:106E70000B490C480322F5E70B490C480422F1E7C3
:106E80000B490C480522EDE70B490C48EAE700BF27
:106E9000E49202002501028005930200260102808F
:106EA0002A930200270102805F93020028010280DA
:106EB0009A9302002A010280DA9302000001028004
:106EC000014A0146FFF7A0BF31010180014AFFF7E7
:106ED0009BBF00BF32010180014AFFF795BF00BF91
:106EE00037010180014AFFF78FBF00BF33010180E6
:106EF00011F1110F02D0024AFFF786BF704700BFA1
:106F000034010180014AFFF77FBF00BF38010180D3
:106F100010B5FFF701FE034B1B6813B1BDE810402D
:106F2000184710BDA4AA0020024B1B6803B11847E4
:106F3000704700BFA4AA0020024B987A003818BFFF
:106F4000012070473404002008B5FEF72BFA0749EA
:106F5000002203F0A1FDC31C04D9054905488B227A
:106F600003F0EEFABDE80840FEF730BA396F0100D1
:106F7000D3940200E5940200B0F57A7F38B50D464F
:106F800004D018491848322203F0DAFA02F0ECFF74
:106F9000041E13DB04F1604303F56143E02283F830
:106FA00000232946204604F0A1FF204604F0A6FF56
:106FB00085420AD00B490D483F22E5E70C4B04F00F
:106FC0000F021344E0221A76EBE7002C07DB094A94
:106FD0006109012304F01F04A34042F8213000207E
:106FE00038BD00BFD3940200129502001F95020025
:106FF000FCEC00E000E100E008B503F0D5FCBDE8E2
:10700000084003F00FB80000014B186802F0D2BF2F
:10701000F8AD0020014B186802F0BEBFF8AD0020AB
:1070200008B502F0A1FF08BD08B5024C23689847D7
:10703000FCE700BFD804002003680BB108461847DE
:1070400070470000044B0022C3E900229A601A61D5
:10705000024ADA60704700BFA8AA00203970010018
:1070600038B504460D46002100F8011B10220CF033
:10707000E7F86582204638BD08B542F6021102489D
:10708000FFF7EEFF08BD00BFBCAA0020C36810B523
:107090002BB9054905484FF4FD7203F051FABDE8DC
:1070A00010401B68184700BF709502007B950200D6
:1070B000034B1A78034B53F8223003B1184770473B
:1070C000DC040020D0AA0020074B1B785BB1074BE3
:1070D0000122C3F80823064B5A78FF2A00D1FEE7A5
:1070E000044A12885A707047E8AB002000F0004054
:1070F000E4AA0020EAAB0020F8B50546064655F89C
:10710000044B8CB90D4F386818B14FF0FF31FEF7C2
:10711000B5FE346824B9284604F0CAF92C46356017
:10712000386808B1FEF7C2FEAC4204D004490548F5
:107130008B2203F005FA2046F8BD00BF342A002058
:10714000AB950200BA950200036801221B69002179
:107150001847036800221B691146184710B50446FA
:1071600003F096FA2046012105F030FABDE8104000
:1071700003F0A4BA10B5044603F08AFA20460021B1
:1071800005F024FABDE8104003F098BA38B504467B
:107190000D4603F07DFA2946204605F0F5F9BDE8D5
:1071A000384003F08BBA0246406830B490B1D2E95F
:1071B000034101F001052CB965B100EB61000368E2
:1071C0001C5903E000EB6100002DF8D123469168C3
:1071D00030BC184730BC704708B5431C04D10E4979
:1071E0000E48212203F0ACF9012351B11F2886BFBC
:1071F0000B4A00F01F004FF0A0428340C2F8083550
:1072000008BD1F2886BF064A00F01F004FF0A042AD
:107210008340C2F80C35F3E70A9602003191020070
:1072200000030050064B10B504460360806A08B1A5
:1072300002F0D4FC201DF9F7F1FA204610BD00BF82
:107240002096020010B50446FFF7ECFF2046A82167
:1072500003F062FF204610BD036870B504460D467A
:107260001B68984704F13000A567294605F00EFB1E
:10727000236820465B68BDE8704018472DE9F3415C
:1072800006461D4656F8303B1B6804460F4690469E
:1072900098479DF8203083F00103009342462B4627
:1072A0003946304605F050FB236806465B682046A9
:1072B0009847A81B18BF012002B0BDE8F0812DE956
:1072C000F34106461D4656F8303B1B6804460F4600
:1072D000904698479DF8203083F001030093424682
:1072E0002B463946304605F011FB236806465B689D
:1072F00020469847A81B18BF012002B0BDE8F081C6
:107300007FB50024012615462346224602A8009692
:107310008DF8084002F004FA03A80096234622469E
:1073200029468DF80C4002F0FBF903A805F0FEF8A1
:1073300018B96FF0010004B070BD02A805F0F6F8AE
:10734000012801D10020F6E7214603A8FFF71EFF20
:1073500003A8FFF703FF0A24002103A8FFF716FF85
:1073600000219DF90C00FFF737FF052004F008F815
:10737000032103A8FFF70AFF9DF90C000121FFF785
:107380002BFF052003F0FCFF013CE5D102A8FFF72D
:10739000E5FE21469DF90800FFF71EFF052003F0DA
:1073A000EFFF01219DF90C00FFF716FF052003F008
:1073B000E7FF01219DF90800FFF70EFF052003F00C
:1073C000DFFF02A8FFF7D6FE03A8FFF7D3FE03A84E
:1073D00005F0ACF80028ACD002A805F0A7F800280A
:1073E000B0D1A6E710B500210446242240F8041BC2
:1073F0000BF026FF204610BD08B57C30FFF77CFE61
:10740000BDE8084004F05CB808B57C30FFF774FEB6
:10741000BDE8084004F070B8F8B5194B03600D469C
:10742000184B4361002100F130070446C0E9071101
:10743000C0E90911016181851646806148223846FC
:107440000BF0FEFE104BA36704F17C00FFF7CAFFB0
:107450002046FFF7D1FF3246294684F8A45084F82D
:10746000A5602046FFF74CFF94F9A52094F9A410DD
:10747000384605F0C5F92046FFF7C6FF2046F8BD9F
:1074800020960200A7710100A086010070B5044695
:107490000D461646002148220BF0D2FE3246294600
:1074A000204605F0ADF92046044905F0EFF92046E5
:1074B000012105F06DFA204670BD00BFA0860100D5
:1074C00005F0E4B9CAB2002342F00102194605F002
:1074D000C7BA05F06FBA05F07FBA10B5144605F0CB
:1074E0009DFA001B18BF012010BD05F0E7B9000090
:1074F00010B5084B044640F8083B05F0BDF804F110
:107500001C00F9F78BF904F10C00F9F787F9204614
:1075100010BD00BF3896020010B50446FFF7E8FF23
:1075200020462C2103F0F8FD204610BD0346024AF8
:10753000083005F06DB800BF6975010070B5094BE2
:1075400003600023044603718360836183620D46F8
:107550001646FFF7EBFF201D3246294602F0DAF807
:10756000204670BD38960200012908B502D00229D4
:1075700007D008BD8369002BFBD00C30FFF786FDD8
:10758000F7E7836A002BF4D01C30F7E77047024618
:10759000406830B490B1D2E9034101F001052CB943
:1075A00065B100EB610003681C5903E000EB61006A
:1075B000002DF8D12346916830BC184730BC704785
:1075C00070B500F14C0690F9DF2090F9DE1004460A
:1075D000304605F0C1FDD4E939530DB9DA070ED5AF
:1075E0005A1004EB6300DB0748BFA35894F8EC1073
:1075F00048BF5D5994F9ED2094F9EE30A847D4F8CE
:10760000D810304605F0BEFE224630460249BDE89D
:10761000704005F097BF00BFA77901002DE9F04148
:107620001F46D0F8E03004460E4615462BB12849D7
:10763000284840F2351202F083FF274AC0E9392377
:1076400003681B68984784F8EC6084F8ED5084F870
:10765000EE70042E0CD8DFE806F0160311161A009F
:107660004FF0FF332A46012104F14C0005F040FFA2
:10767000236820465B68BDE8F04118472B464FF071
:10768000FF320221F0E73B462A463146ECE7012073
:10769000013584F804010AD003F02AFD00230546D1
:1076A00094F9ED10037002F032F8C4F8F05094F938
:1076B000EE300133DCD0012003F01AFD0022054634
:1076C00094F9EE10027002F027F8C4F8F450CFE7F6
:1076D00059960200689602001D7601002DE9F041DE
:1076E00098461E4B03601E4B436000251D4B856072
:1076F0000446C0E90555C0E907550F461646C36064
:10770000858445634564A0F848506C222946006191
:107710004C300BF095FD40F20113A4F8DC304FF42F
:107720007F43A4F8EC30FF232046C4E93558C4E970
:107730003855C4E93E55C4F8C45084F8DE7084F866
:10774000DF60C4F8E85084F8EE30C4F8005184F8E3
:107750000451FFF735FF2046BDE8F081889602000E
:10776000C17501008F75010070B50646044656F8D4
:107770004C3B0D461B6898473046294605F002FEF3
:107780002368C4F8D85020465B68BDE870401847AD
:107790002DE9F0410546984655F84C3B04460E4607
:1077A00017461B689847434628463A46314605F037
:1077B00069FE236820465B68BDE8F0411847000079
:1077C00038B50546044655F84C3B1B689847284693
:1077D00005F06CFF94F804310546BBB1D4F8F430E1
:1077E000A3B193F900305A1C04D111491148212248
:1077F00002F0A6FE012278B91F2B86BF0E4903F0C6
:107800001F034FF0A0419A40C1F808252368204685
:107810005B689847284638BD1F2B86BF064903F092
:107820001F034FF0A0419A40C1F80C25EEE700BFBE
:107830000A960200319102000003005038B5054657
:10784000044655F84C3B1B689847284605F04EFF08
:1078500094F80431054643B1D4F8F00004F066FE14
:10786000002814BF002505F00105236820465B6849
:107870009847284638BD03682DE9F04105461B6846
:1078800016460F46984795F8DC30340103B1AEB187
:1078900095F8DD300BB1012E10D0B8342C44BC4229
:1078A00006D02046F8F7BAFF39462046F8F7B0FF71
:1078B0002B6828465B68BDE8F0411847B83402F0F1
:1078C000E7FE2C44FA68E36805F14C089AB10BB95D
:1078D00003F014F9A74206D02046F8F79FFF394677
:1078E0002046F8F795FF01223146404605F03AFE62
:1078F00002F0E4FEDCE70BB103F016F92046F8F7DE
:107900008DFF0022E260EFE730B51B4B036085B0CE
:1079100000252A46694604460395FFF7ACFF6846F2
:10792000F8F77CFF0122694620460395FFF7A3FF85
:107930006846F8F773FF94F8DC3013B994F8DD303B
:107940001BB104F14C0005F0E7FC04F1C800F8F7A6
:1079500065FF04F1B800F8F761FF04F13800F8F7AB
:107960005DFF04F12800F8F759FF206A08B102F022
:1079700035F9204605B030BD8896020010B50446A2
:10798000FFF7C2FF20464FF4847103F0C5FB204689
:1079900010BD4C3005F012BE10B54C300C4605F051
:1079A0004FFE204610BD00EB0110B83008B5C3688B
:1079B0000BB1FFF76BFB08BD036870B504461B688D
:1079C0000D46984794F8DC30AB422FD0BDB904F196
:1079D0004C0602F05DFE2A462946304605F0C2FDFF
:1079E000D4F8C430ABBB02F069FE002384F8DC306D
:1079F00094F8DD30D3B9304605F08EFC16E094F8EB
:107A0000DD304BB9A2686368511004EB6200D20705
:107A100044BF6258D358984702F03AFED4F8C430B5
:107A200053B902F04BFE012384F8DC302368204672
:107A30005B68BDE87040184704F1B800FFF726FB0B
:107A400003F05CF80122002104F14C0005F08AFDEE
:107A5000E7E703F069F8C6E7036870B504461B68FA
:107A60000D46984794F8DD30AB422FD0BDB904F1F4
:107A70004C0602F00DFE2A460121304605F072FD4B
:107A8000D4F8D430ABBB02F019FE002384F8DD300B
:107A900094F8DC30D3B9304605F03EFC16E094F89B
:107AA000DC304BB9A2686368511004EB6200D20766
:107AB00044BF6258D358984702F0EAFDD4F8D43056
:107AC00053B902F0FBFD012384F8DD302368204622
:107AD0005B68BDE87040184704F1C800FFF7D6FAAC
:107AE00003F00CF80122114604F14C0005F03AFDB8
:107AF000E7E703F019F8C6E7437D10B504461BB16C
:107B0000037D0BB103F010F8204610BD13B50446F9
:107B100001A802F06BF8637D53B9237D0BB102F02D
:107B2000EDFF206902F01EF8C4E90001012363752E
:107B300001A802F061F802B010BD37B504460D4649
:107B400001A802F053F800230022C4E900236B7D52
:107B50004BB1286902F006F8D5E90032C01A61EB92
:107B60000201C4E9000101A802F046F8204603B072
:107B700030BD30B585B004460D4603A802F036F896
:107B800029466846FFF7D9FFD5E90221009B9B18DB
:107B9000019A03A842EB0102C4E9003202F02CF87A
:107BA000204605B030BD13B5044601A802F01EF80A
:107BB000206901F0D7FF00220023C4E90001C4E9D5
:107BC000022301A802F018F802B010BDD0B50023BE
:107BD00000260027C0E90067C0E90267044601618A
:107BE00002754375FFF7DFFF2046D0BD10B5044690
:107BF00001F0E0FF012201462046FFF7E7FF2046A3
:107C000010BD10B5044601F0A5FD00220146204636
:107C1000FFF7DCFF204610BD03681B681847000013
:107C200010B50446074B236000220023C4E9022359
:107C300000230846A161C4E90433034901F020FF91
:107C4000204610BDA0960200197C010007B50090E7
:107C500000F10801806901F050FF03B05DF804FBFA
:107C600000F10801806901F062BF002070476FF0E9
:107C70001C0070476FF01C0070476FF015007047D4
:107C80006FF01500704701207047012070470020F9
:107C900070470020704770B511F0010406460D468C
:107CA00004D0FFF78DFD041E18BF0124EB0605D597
:107CB0003046FFF7C3FD08B144F01004204670BD04
:107CC000A0F58470FFF7E7BF08B5FFF775FE002049
:107CD00008BDA0F58470FFF7F7BF08B5FFF7BCFE3D
:107CE000002008BDA0F58470FFF7F7BF10B5034B67
:107CF00003600446FFF708FE204610BDAC96020064
:107D0000A0F58470F2E700BF10B50446FFF7EEFF60
:107D100020464FF4867103F0FFF9204610BDA0F510
:107D20008470F1E72DE9F04106460D461746C2B1D1
:107D300002F0ABFC80F0010313F0FF0403D03368C2
:107D400030461B68984705EB070815F8011B3046BD
:107D5000FFF722FEA845F8D11CB1336830465B68B6
:107D600098473846BDE8F081A0F58470FFF7DABF88
:107D700038B504460D4662B103681B689847204633
:107D8000FFF707FE2870236820465B6898470120AC
:107D900038BD1046FCE7A0F58470FFF7E9BF00008E
:107DA00010B50446FFF79AFC034B23603C33C4F83C
:107DB0000831204610BD00BFAC9602002DE9F0410D
:107DC0001F46036804460D4616461B6898473B4607
:107DD000204632462946FFF721FC236820465B688F
:107DE000BDE8F041184730B5044685B002F050FCBC
:107DF00004F108051022002168460BF021FA2946FB
:107E00006846F8F705FD2846F8F708FDE069002305
:107E1000C4E9053308B103F0D1FB02F04FFC039B2A
:107E200013B11B68684698476846F8F7F7FC05B039
:107E300030BD0000002204494260C0E90522016013
:107E4000C2610284704700BF80970200074B10B5E3
:107E500003608369044623B105490648262202F0DF
:107E60006FFB0830F8F7DAFC204610BD809702005F
:107E70004D9702005997020070B504460D4602F076
:107E800007FCA6691EB9BDE8704002F017BC04F1FA
:107E90000800F8F7C3FC00230122636184F8202066
:107EA000E36184F82150A36102F008FC21463046CA
:107EB000BDE8704000F039B908B103F001BB02F031
:107EC000E7BB08B103F018BB02F0F8BB2DE9F041A5
:107ED000044686B00E46174602F0DAFBA56902F0AA
:107EE000EDFB35B301AD0021284603F041FB02F064
:107EF000CFFBD4E9068323B10F491048392202F0A1
:107F00001FFBE56102F0DAFBB8F1000F0ED0394635
:107F1000284603F035FB48B93046FFF7CDFF204631
:107F20000121FFF7A9FF3046FFF7CBFF284603F0FA
:107F300048FB06B0BDE8F0814D970200679702004C
:107F40000022C0E9012201220160027370477047DC
:107F50000346007B30B1D3E90020136898428CBF00
:107F60000020012070472DE9F041066801270546F1
:107F700082F0010E07FA01F1002304366AB916F8FF
:107F800013400C4227D014F0300428D10233202BA8
:107F9000F5D14FF0FF30BDE8F08116F813400C42E8
:107FA00003D10233202BF8D1F3E704F03004102C76
:107FB000F7D043F00100D5F808C007FA00F818EA36
:107FC0000C0F08D1202CE6D14EEA030407FA04F482
:107FD00014EA0C0FDFD00233202BCFD1D9E718469B
:107FE000E9E770B50D4611462A4604461E46FFF7DE
:107FF000BAFF002802DA0020207370BD256863688C
:10800000420805EB8205E98819446B7906FB0313E6
:1080100063600121A36881400B4342EAC010A36062
:10802000C0B2EAE713460A460121FFF7DABF13465A
:108030000A460021FFF7D5BF38B50A4605460C466B
:108040000021FFF7EFFF224628460021BDE8384017
:10805000FFF7EDBF0022C0E90022704770470068BB
:10806000704700230B60436813B90160416070479B
:108070001960FBE70346006828B1026802B95A603C
:108080001A6000230360704710B50468002223467D
:108090008B420ED10AB10B6813608C4204BF0B688F
:1080A000036043688B424FF0000308BF42600B60DF
:1080B00010BD002BFCD01A461B68E9E710B504463A
:1080C000FFF7C8FF204610BD08B5FFF7C8FFB0FA9C
:1080D00080F0400908BD70B505462846FFF7BFFF90
:1080E000044678B150F8043C061F9B683046984718
:1080F00040B12846FFF7BEFF54F8043C3046DB6829
:108100009847EAE770BD70B504460D46FFF7A7FF34
:10811000AC610646291D2046FFF7A3FF26B920467D
:10812000BDE87040FFF7D7BF70BD70B505460C467F
:10813000FFF795FF064604B1043421462846FFF7B1
:10814000A3FFA64204D12846BDE87040FFF7C3BF95
:1081500070BD10B504462046FFF781FF28B150F8E6
:10816000043C0438DB689847F5E710BD10B50446B9
:10817000FFF7EFFF2046FFF771FF204610BD704765
:10818000704703689B6D184770B586B0154B019317
:108190000023ADF808308DF80A3040F20123ADF825
:1081A000123040F2031390F8204341680289ADF881
:1081B000143000F10A038DF80B400391ADF8102044
:1081C00001AC05AE1D46224603CAB2421860596092
:1081D000144603F10803F6D112881A80284606B027
:1081E00070BD00BF1201000200487047B49A02003F
:1081F00000487047A29A0200004870478C9A02001B
:1082000000487047869A0200004870477E9A020034
:1082100000487047689A0200036810B504465B6F17
:108220009847D4F8EC0203681B6F984723682046F0
:108230009B6FBDE81040184738B5D0F83433012B98
:10824000044615D10025D4E9C93000F0010243B934
:1082500072B1C4F8283304EB60000268D358984721
:10826000F1E7C4E9C95504EB6000002AF7D0F4E750
:10827000D4F834332BB90649064840F2C66202F0FE
:108280005FF9013BC4F83433BDE8384002F016BA58
:10829000AD970200BB97020008B5D0F834332BB974
:1082A0000349044840F2CD6202F04AF908BD00BF1C
:1082B000AD970200BB97020010B5044602F0E8F942
:1082C000D4F834330133C4F834332BB903490448A8
:1082D0004FF4D76202F034F910BD00BFAD97020031
:1082E000BB970200036837B5DB6F0D46044698471D
:1082F00015F0700F01D12B0706D10023104911484A
:1083000000931A4602F036FB6B0003F01E0343EAAB
:10831000D5118B1E182000FB034393F831206AB15E
:10832000013900FB0140013A043083F83120C36871
:1083300023B11B6803B0BDE83040184703B030BD1F
:10834000C797020004011580036870B50446DB6F0F
:108350009847B4F8F8522B0A022B1FD0032B50D0A9
:10836000012B04D1236820461B6B984708B90020D5
:1083700070BD236820461B6B98470578122DF6D1F7
:10838000236820461B6B98474378012BEFD1236865
:10839000C4F804531B6B204698472CE02368EDB2C9
:1083A0005B6B2946204698470028E0D02368294681
:1083B0005B6B204698470378092BD8D12368294660
:1083C0005B6B204698474378022BD0D1236829461F
:1083D0005B6B20469847236886785B6B294620466E
:1083E0009847C37846EA03262368C4F804635B6BA6
:1083F000294620469847C4F80003012084F8080362
:10840000B6E7EDB2052DB2D8DFE805F0030D172170
:108410002B35236820469B6B98470378C4F80433B8
:1084200023689B6BB7E723682046DB6B984703788C
:10843000C4F804332368DB6BADE7236820461B6C6C
:1084400098470378C4F8043323681B6CA3E72368B8
:1084500020465B6C98470378C4F8043323685B6C50
:1084600099E7236820469B6C98470378C4F8043347
:1084700023689B6C8FE723682046DB6C9847037862
:10848000C4F804332368DB6C85E70B78DB091370D1
:108490000B78C3F3411353700B7803F01F039370F1
:1084A0004B78D3704B8893808B88D380CB88138193
:1084B00070470000036870B504465B6F0D4698472F
:1084C00094F80C33022B05D009490A4840F23D12BA
:1084D00002F036F8084BC4F824330023C4F82833DC
:1084E000236884F8105320469B6FBDE870401847FE
:1084F000AD970200E6970200C9890100036810B534
:108500000446DB6F984794F808330BB1002010BD88
:10851000D4F8EC0203685B6C9847D4F804238242D9
:10852000F4D3D4F80013121A0144C4F80013C4F8A9
:108530000423A2B9022384F80C3394F80A334BB114
:10854000236884F80A239B6E04F53D712046984702
:108550000120DCE701212046FFF7ACFFF8E7D4F863
:10856000EC02D4F820430368A2421B6C28BF2246C9
:108570009847EDE7036813B50446DB6F984794F816
:108580001C33012B06D800230F4900931A460F48CD
:1085900002F0F0F994F80C3323B100230C49009356
:1085A0001A46F4E794F80B33032B0BD02046FFF761
:1085B000A5FF38B9D4F8EC020368DB6C02B0BDE863
:1085C0001040184702B010BD119802000E0115802E
:1085D0003998020038B503680446DB6F984794F871
:1085E0000833012B37D1D4F8045325B994F8093353
:1085F00053B384F80953D4F82033D4F8EC02D4F8F8
:1086000000139D4228BF1D4603682A469B6C98476D
:10861000D4F800332B44C4F80033D4F804335B1B84
:10862000C4F8043383B994F809236AB9022384F89F
:108630000C3394F80A334BB1236884F80A239B6EF9
:1086400004F53D7120469847012038BD01212046A0
:10865000FFF730FFF8E70020F7E70000036813B5E5
:108660000446DB6F984794F81C33012B06D800238F
:108670000B490C4800931A4602F07CF994F80B332E
:10868000032B0BD02046FFF7A5FF38B9D4F8EC0236
:108690000368DB6C02B0BDE81040184702B010BDA3
:1086A000119802000E011580036870B504465B6FD7
:1086B0000D46984794F80C33032B05D009490A4816
:1086C0004FF4C37201F03CFF084BC4F8243300237D
:1086D000C4F82833236884F8105320469B6FBDE804
:1086E00070401847AD970200839802007F94010004
:1086F00010B503680446DB6F9847012004F21D3370
:1087000084F80803C4F80033C4F8040310BD0368F8
:1087100010B50446DB6F984794F81C33042B01BF57
:10872000B4F82E33A4F8FA32012004F54C7303BFD9
:1087300084F80803C4F80033C4F80403002010BD13
:10874000036810B5DB6F04469847042384F80C33A4
:10875000236894F8F8221B6FB4F8FA122046984761
:10876000012010BD036870B504465B6F0D46984745
:1087700094F80C33042B05D009490A484FF4EB72E6
:1087800001F0DEFE084BC4F824330023C4F828337C
:10879000236884F8105320469B6FBDE8704018474B
:1087A000AD970200AF980200598A0100036810B526
:1087B0000446DB6F984794F81C33042B02D0B4F8BE
:1087C000FA3233B994F8F632012B25D0022B02D0BD
:1087D00023B300201FE0B4F8FA2222F08F03002B0D
:1087E000F7D112F00F030CD0530003F01E0343EA3D
:1087F000D213023B182202FB034393F83030C3F339
:108800004003074AC4F80023138001200223C4F860
:10881000043384F8080310BD0023F2E70123F0E7D6
:10882000ECAB002010B50368044690B0DB6F9847AE
:10883000D4F8EC02D4F8202303686946DB6B984730
:1088400004F53D7269462046FFF71FFE0023C4F879
:108850000833C4E9C033012384F80C33236811467C
:108860005B6E984710B010BD036813B50446DB6F0C
:10887000984794F81C33012B06D800230A490B486B
:1088800000931A4602F076F894F80C23012384F83A
:108890002C332AB9204602B0BDE81040FFF7C2BF12
:1088A00084F82D3302B010BD119802000E0115801E
:1088B0002DE9F0411D46036804465B6F0F461646DE
:1088C000984794F80C33012B05D00B490B4840F224
:1088D000BA2201F035FE0A4BC4F824330023C4F851
:1088E0002833236884F81073C4E9C56520469B6F5C
:1088F000BDE8F041184700BFAD970200D7980200CD
:10890000F3920100036870B50446DB6F9847B4F832
:10891000FC12A1B394F8F43294F80823012B16D179
:10892000012A0DD1D4F804338B4235D9C4F804138D
:10893000022384F80B332046BDE87040FFF74ABE9F
:10894000D4F8EC020368DB6CBDE870401847D4F83B
:10895000EC02002AF6D1D4F804338B42F2D101683C
:10896000012284F80B23D4F820230D6CD4F80013D3
:108970009A4228BF1A462B46BDE870401847D4F8E3
:10898000EC02D4F804230368002ADCD1032184F824
:108990000B139B6C1146EFE7CAD2D4F82013B3FB3C
:1089A000F1F001FB1033002BC2D184F80923BFE79B
:1089B00010B503680446DB6F9847002384F82D3315
:1089C000032384F80B3310BD036810B5DB6F044636
:1089D0009847002284F80C2394F82D2394F8103340
:1089E00022B12046BDE81040FFF7E2BF33B9D4F80A
:1089F000EC020368BDE81040DB6C184794F80B33B9
:108A0000012B0AD1D4F8EC02032384F80B3303685A
:108A10009B6CBDE8104011461847022B07D1D4F8D3
:108A2000EC02032384F80B3303681B6CF1E710BDE1
:108A3000036810B5DB6F04469847002384F82C3395
:108A400094F80C3323B92046BDE81040FFF7B0BFBF
:108A5000012384F82D3310BD036810B5DB6F044685
:108A60009847002284F80C2394F82D2394F81033AF
:108A700022B12046BDE81040FFF79ABF63B1B4F8B9
:108A8000FA32A4F82E33B4F8F83284F830332046A2
:108A9000BDE81040FFF736BFD4F8EC020368BDE82C
:108AA0001040DB6C1847036810B504465B6F9847AD
:108AB00094F8F03283B9D4F8EC02036821469B683D
:108AC0009847D4F8EC02036840219B6B9847012338
:108AD000C4F8200384F8F032236820469B6FBDE879
:108AE0001040184738B5036804465B6F984794F800
:108AF0001C53236820469B6FEDB298472B1F5842AA
:108B0000584138BD036810B55B6F0446984720464E
:108B1000FFF7C9FF94F8F1323BB9D4F8EC020368CF
:108B20005B699847012384F8F132236820469B6FE4
:108B3000BDE81040184700002DE9F04F904685B081
:108B400002680391526F0293DDF838900546904712
:108B5000039911F0700F03D111F00F0F029B06D192
:108B600000232B492B4800931A4601F003FF95F888
:108B7000F2723FB92B6828469B6F9847384605B07C
:108B8000BDE8F08F4C0004F01E0444EAD114A61E88
:108B90004FF0180B0BFB065A9AF83020D20705D578
:108BA0001D491E484FF48E6201F0CAFCB8F5806F73
:108BB00004D919491A4840F27142F5E7D5F8EC0298
:108BC0000268176D4246B84707460028D2D0013CDC
:108BD0000BFB045404344C450BD02046F7F71EFE23
:108BE000D9F80C30CAF828301BB15B6849462046DA
:108BF0009847182303FB065696F83030A6F82C80C9
:108C000043F0010386F83030002386F83130B1E7B5
:108C1000C797020004011580AD970200FA98020080
:108C20001C990200D0F8EC0203685B6B1847000047
:108C3000F8B50F461949044640F81C1B00250646A6
:108C400004F53B71F56018368E42FBD1E380BDF828
:108C500018302381A28000214FF434720AF0F0FA18
:108C60002822002104F53D700AF0EAFAC4E9C8554B
:108C7000C4E9CA55012384F8305384F81D53C4F85D
:108C8000EC72A4F8F05284F8F252C4F8345384F829
:108C90001C3384F81E532046F8BD00BFE89902003B
:108CA00038B503685B6F0D46044698472B071FBF16
:108CB0006B0003F01E0343EAD513023B1BBF1822CF
:108CC00002FB0343D4F820539D8D236820469B6FFD
:108CD0009847284638BD00000368F7B55B6F0E461D
:108CE0000546984736F08F0701D1320706D1002399
:108CF0001749184800931A4601F03CFE740004F02E
:108D00001E0444EAD6141823023C03FB045494F8CE
:108D10003030DB0709D42846FFF7E4FE80B10E4966
:108D20000E4840F28C5201F00BFC94F831303BB10C
:108D3000D5F8EC0203683146DB6E984784F8317051
:108D40002B689B6F284603B0BDE8F040184700BF72
:108D5000C797020004011580AD9702003499020004
:108D6000036873B55B6F0E460446984716F0700FA4
:108D700001D1310706D100231A491B4800931A4636
:108D800001F0F8FD750005F01E0545EAD61518231B
:108D9000023D03FB054595F83030DA0709D420463B
:108DA000FFF7A0FEB0B11149114840F2CC4201F0EA
:108DB000C7FB43F0020385F83030D4F8EC020368B7
:108DC00031469B6D984795F831301BB131462046AE
:108DD000FFF782FF23689B6F204602B0BDE870401A
:108DE000184700BFC797020004011580AD97020025
:108DF00034990200036810B50446DB6F984794F875
:108E00001C33042B02D0B4F8FA32A3B994F8F6322A
:108E1000022B10D1B4F8FA1231F08F000BD111F0FF
:108E20000F030AD0B4F8F83223B92046C9B2FFF7CD
:108E300097FF012010BD0020FCE71846FAE700006C
:108E40000368F7B55B6F0E460446984716F0700F3F
:108E500001D1310706D100231C491D4800931A4651
:108E600001F088FD750005F01E0545EAD615023DA6
:108E7000182707FB054393F83020D20709D4204672
:108E8000FFF730FED0B11349134840F2F14201F030
:108E900057FB93F831301BB131462046FFF71CFFDA
:108EA00007FB0545314695F8303023F0020385F87D
:108EB0003030D4F8EC020368DB6D984723689B6F71
:108EC000204603B0BDE8F040184700BFC797020036
:108ED00004011580AD97020034990200036810B5B3
:108EE0000446DB6F984794F81C33042B02D0B4F887
:108EF000FA32A3B994F8F632022B10D1B4F8FA1270
:108F000031F08F000BD111F00F030AD0B4F8F83212
:108F100023B92046C9B2FFF793FF012010BD0020FE
:108F2000FCE71846FAE700002DE9F341984603688C
:108F30000D465B6F17460646984735F08F0201D104
:108F4000290706D100232249224800931A4601F03E
:108F500011FD6C0004F01E0444EAD5141823023CF1
:108F600003FB046494F83030DB0709D43046FFF784
:108F7000B9FD80B11849194840F2AF5201F0E0FA4A
:108F8000A38D434504D91649164800921346DEE7DF
:108F900094F8312042B1336830469B6F98470025E2
:108FA000284602B0BDE8F081D6F8EC0202682946F6
:108FB000D2F860803A46C047054620B194F8313077
:108FC000013384F83130336830469B6F9847E7E7C8
:108FD000C797020004011580AD9702003499020082
:108FE0004299020005011580036837B55B6F0D4695
:108FF0000446984715F0700F01D12A0706D10023C7
:109000001549164800931A4601F0B4FC6B0003F0B2
:109010001E0343EAD513023B182202FB034393F8D5
:109020003030DB070AD42046FFF75CFD054660B10F
:109030000B490C4840F2E95201F082FAD4F8EC02F4
:10904000036829465B6E98470546236820469B6F58
:109050009847284603B030BDC79702000401158029
:10906000AD970200349902002DE9F7431F460368CB
:109070000D465B6F06469046984735F08F0301D149
:10908000290706D100232449244800931A4601F0F9
:1090900071FC6C0004F01E0444EAD5141822023C52
:1090A00002FB046494F83020D20709D43046FFF75D
:1090B00019FD80B11A491B4840F20A6201F040FADA
:1090C000A28DBA4204D21849184800931A46DEE726
:1090D00094F8313043B1336830469B6F9847002590
:1090E000284603B0BDE8F083D6F8EC0203682946B1
:1090F000D3F8689042463B46C847054650B194F8BD
:109100003130E785013384F83130336830469B6F66
:109110009847E5E7E085F8E7939902000401158098
:10912000AD97020034990200B19902000501158043
:10913000036837B55B6F0D460446984715F0700F0E
:1091400001D1290706D100231249134800931A467A
:1091500001F010FC6B0003F01E0343EAD513182244
:10916000023B02FB034393F83020D2070AD4204687
:10917000FFF7B8FC054630B10849094840F249629A
:1091800001F0DEF9DD8D236820469B6F9847284665
:1091900003B030BDC797020004011580AD970200EF
:1091A00034990200036870B50446DB6F0D4698479A
:1091B00094F81C2384F81C53AA42D3B21ED0032B6C
:1091C00019D9032D10D84FF43472002104F11C007A
:1091D0000AF036F8002384F81D3384F8F232012DAA
:1091E00002D82046FFF724FC2368294620461B6E40
:1091F000BDE870401847012BF6D9F0E770BD036851
:1092000010B50446DB6F9847D4F8EC0294F8F812D6
:109210000368DB6A9847B4F8F8322BB9022120467C
:10922000FFF7C0FF012010BD0321F8E7036810B568
:109230000446DB6F984794F8F81284F81D1351B96F
:10924000D4F8EC0203681B6A984703212046FFF715
:10925000A9FF012010BD012384F8F232032384F812
:109260000C3323682046DB6E9847F2E7036810B59D
:109270000446DB6F984794F8F532C3BB94F8F73295
:109280000B2B34D8DFE803F0060B331033151A33F9
:109290001F24292E2046BDE81040FFF787BA20463C
:1092A000BDE81040FFF71ABE2046BDE81040FFF7AA
:1092B000A1BD2046BDE81040FFF7A1BF2046BDE894
:1092C0001040FFF741B82046BDE81040FFF710BA44
:1092D0002046BDE81040FFF7A9BF2046BDE810407A
:1092E000FFF715BA2046BDE81040FFF729BA002065
:1092F00010BD036810B5DB6F04469847002084F862
:109300000C0394F82D0394F81033D4E9C52190B1DF
:10931000012B0BD8022384F80C33236804F53D712C
:1093200020469B6EBDE81040012218472046BDE84C
:109330001040FFF73DBB042B12D12046FFF796FFEC
:1093400030B9D4F8EC020368BDE81040DB6C184774
:1093500094F80C3373B92046BDE81040FFF7D2BA39
:10936000032BEED00120C4E9C02184F80A0384F85D
:109370000833F0E710BD036810B5DB6F044698476B
:1093800020460221FFF70EFF002384F81E332046FB
:10939000FFF74EFB23682046DB6DBDE81040184701
:1093A000036810B504465B6F984794F8F1323BB1FF
:1093B000D4F8EC0203689B699847002384F8F132E3
:1093C00094F81C33012B03D901212046FFF7EAFE54
:1093D000002384F81D3384F81E33236820469B6FD6
:1093E000BDE810401847036810B504465B6F984706
:1093F00094F8F03253B12046FFF7D2FFD4F8EC02D4
:109400000368DB689847002384F8F032236820461D
:109410009B6FBDE8104018470D4B70B5036090F886
:10942000F03204462BB10B490B4840F2625201F076
:1094300087F8FFF7D8FF04F53B7504F11C06B54229
:1094400004D0183D2846F7F7E9F9F8E7204670BD43
:10945000E8990200AD970200D299020038B503687E
:109460000D46DB6F0446984745B994F81C332BB181
:1094700029462046BDE83840FFF794BE38BD036852
:1094800070B50446DB6F984794F82D3394F8106359
:1094900083B97EB184F80C33D4F8EC020368DB693D
:1094A000984720460421FFF77DFE2046BDE8704026
:1094B000FFF728BA2046FFF715FB054650B90146CD
:1094C0004FF4347204F11C0009F0BAFE84F81D5305
:1094D00084F8F252002384F80C3394F82D3323B12E
:1094E0002046BDE87040FFF763BAD4F8EC02036889
:1094F000002ED1D1BDE87040DB6C184738B5002391
:109500000446836519B90A4600F011F803E0002A01
:10951000FAD100F043F8204638BD10B5044600F0FB
:109520004FF804F14C00F7F779F9204610BD0329F4
:1095300038B5044607D9D31C23F003039A1A891AB5
:1095400021F003011A460023E26063610D4615BB5A
:10955000C4E9065123612262256000F05CF800F046
:109560005DF8C4E90A5560602581A57284F824502D
:1095700004F1300000F06EF800280BDB04F1440029
:1095800000F064F8002805DB04F1480000F05EF804
:1095900000EAE07038BD01336D08D8E770B50546C4
:1095A00008460E4609F000FA044630B1024631463C
:1095B0002846FFF7BCFF6C6170BD4FF0FF30FBE742
:1095C00070B505680446B5B9A36A1BB1E06A4FF0EF
:1095D000FF31984704F1480000F03AF804F14400E4
:1095E00000F036F804F1300000F03CF86069BDE8A6
:1095F000704009F0E1B9EE6836B9EB6913B105F1D5
:1096000024009847AD68DEE7F36913B106F1240042
:109610009847F668F0E701F0C7B9000007B501F018
:109620002EF870B1084B6846196800F0DBFCDDE9E4
:1096300000014FF47A72002307F070FF03B05DF869
:1096400004FB01F0F7FEF9E7F8AD002000207047B9
:109650007047000008B5024901F0C6FE002008BDB1
:10966000B89A020001F0C9BE70B50E460446154610
:1096700002F038FF013609D02046002102F0A6FF93
:1096800029462046BDE8704002F07EBF70BD000054
:1096900008B5431C04D10E490E48212200F050FFAA
:1096A000012351B11F2886BF0B4A00F01F004FF065
:1096B000A0428340C2F8083508BD1F2886BF064A6D
:1096C00000F01F004FF0A0428340C2F80C35F3E7D2
:1096D0000A9602003191020000030050F8B50F46CF
:1096E000044615461E4602F0FDFE01370ED094F9E1
:1096F00000003146FFF7CCFF2046012102F066FF53
:1097000029462046BDE8F84002F03EBFF8BD0322DE
:10971000FFF7AABFFFF7A8BF13460022FFF7DEBF7F
:109720002DE9F0411746069E04460D461A4657B9E4
:10973000FFF79AFF01350BD094F900003146BDE8E0
:10974000F041FFF7A5BF3346BDE8F041FFF7C6BFC4
:10975000BDE8F08100487047C09A0200024B1B68C8
:109760000BB1024818477047E0040020C09A02007D
:10977000F8B5446894F832608EBB03685B6898471C
:10978000226A82422BD023692062821A1A40A3687F
:10979000A2FB03C194F93420CAB1606A10EB0C0536
:1097A00041F10001002A1BDBC2F12000A2F12003DD
:1097B00025FA02FC01FA00F021FA03F34CEA000C4E
:1097C0004CEA030CD1400CFA02F2AA1A6262D4E904
:1097D0000A3213EB0C0341EB0202C4E90A32F8BD72
:1097E000E76833463A46284607F0E8FE844607FB1A
:1097F00010506062EBE7824206D98A420BD9884258
:1098000094BF002001207047884206D98A428CBF4D
:1098100000200120704701207047002070470000A1
:109820002DE9F0414668336B23F07F4828F0FF08AC
:109830000546B8F1000F5CD1FFF79AFF7368002B63
:1098400059D0D3E90003D6E90A1281429A4104D3E0
:109850002B68BDE8F0415B6918476C68D4E90A12CF
:10986000401A63EB020CD4E90572E369824273EBA0
:109870000C031FD3E368A3FB000103FB0C1194F955
:109880003330A3B1A26802F1FF3C1CEB000041F1B0
:109890000001002B1BDBC3F1200CA3F12002D840F8
:1098A00001FA0CFC40EA0C0021FA02F21043874254
:1098B00028BF0746236A1F4423691F40336ABB42FF
:1098C00009D11249124840F2C91200F039FE43464C
:1098D00007F074FEEBE72B6838461B6998472B6846
:1098E0005B6898473A460146306AFFF784FF0028D4
:1098F000AED1BDE8F0817369306A326918442B68D3
:109900001040BDE8F0411B69184700BF019B0200F1
:10991000139B02004368F7B593F830200546002AF0
:109920007ED193F83230002B7AD103681B689847B8
:109930002B68DB69984703682BB93A493A4800938A
:109940001A4601F017F8394A1F461446B7FBF2F2DF
:1099500004FB12722746002AF7D16E683349B1FB27
:10996000F4F11F22B1600127013A03D307FA02FC88
:109970006145F9D186F83320B3FBF4F2B2F1004F20
:10998000F2604FF01F0306D00124013B03D304FA19
:1099900003F7BA42F9D186F834304068071F1C2F0C
:1099A00005D900232249234800931A46C9E72028F5
:1099B0001CBF012383404FF0070404FA07F414BFCF
:1099C00003F1FF334FF0FF3333617461E017A4FB01
:1099D0000143002701FB0031531E47F1FF3CE01813
:1099E00041EB0C013B4607F0E9FD2B68C6E9060197
:1099F000C6E900775B6898476B68306200210122F6
:109A00000020C3E90A015F6228461A8683F8327093
:109A1000FFF7AEFE284603B0BDE8F040FFF700BFF9
:109A200003B0F0BD379B02000E01048040420F00DE
:109A3000509B020005010480F3B44568069C8C60CD
:109A4000C1E900236C68002734B9CC607FB9696034
:109A500002B0F0BCFFF7E4BE666801962668B24229
:109A6000019E73EB0606F0D32746E468ECE7F96045
:109A7000D5E90A4194429941EAD202B0F0BC70475C
:109A800038B505460C46FFF745FF00F001FE6B6850
:109A90001C60BDE8384000F011BE70B5054600F00E
:109AA000F7FDD5E90034DB68984794F832301BB1F4
:109AB000BDE8704000F002BE012384F831306368D5
:109AC000A3B12846FFF754FE6368D4E90A62D3E9DC
:109AD000000186428A4109D36A68DB685268636084
:109AE0002368002BEBD090689847E8E7002384F8C0
:109AF00031302846FFF794FEDAE72DE9F3410446BA
:109B00000D4617461E46DDF8208000F0C1FD2046B8
:109B1000FFF72EFECDF800803A4633462946204610
:109B2000FFF78AFF02B0BDE8F04100F0C7BD38B5CD
:109B300005460C4600F0ACFD6A685368A34209D1A3
:109B4000DB6853602846FFF76BFEBDE8384000F045
:109B5000B5BD1346002BF8D0DA68A242F9D1E2680D
:109B6000DA60F2E738B50446FFF7D4FE00F090FD66
:109B70002046FFF7FDFD6368D3E90A4500F09EFD2E
:109B80002046294638BD08B5FFF7ECFF08BD0000A8
:109B9000024B00221A7003F09DBE00BF28AC0020CB
:109BA00008B503F005FE024B01221A7008BD00BF84
:109BB00028AC0020004870478C9B0200024B1B68B9
:109BC0000BB1024818477047E40400208C9B020048
:109BD00091F90C2091F9041003F0BEBA024B1B68F6
:109BE00003B11847704700BF68AC002010B50446A9
:109BF00000F04EFD204610BD10B5044600F05EFD9D
:109C0000204610BD007B704738B50D4B0360002324
:109C1000C0E90131027304460A480D46FDF76CFAAB
:109C200001F04EFC55B1084B1A6862601C60054893
:109C3000FDF762FA01F060FC204638BD6560F6E78A
:109C4000C89B020070AC002098AC0020144B10B5EB
:109C5000036004461348FDF74FFA01F031FCA36896
:109C60002BB1114962680B68A34212D10A600F4BF5
:109C70000C481A68A24204BF00221A60FDF73CFAA1
:109C800001F03AFC237B13B9201F01F049FA20466A
:109C900010BD19465B68A342FBD14A60E7E700BFED
:109CA000C89B020070AC002098AC00206CAC002077
:109CB00010B50446FFF7CAFF2046102101F02CFA28
:109CC000204610BDF8B5064617480D46FDF714FAB4
:109CD00001F0F6FB154B1C6884B9072D1BD1144805
:109CE0002A46314609F07CF9A8B90F48FDF704FA75
:109CF00001F002FC0F4B1C682046F8BDA76887B135
:109D0000384609F09DFEA8420BD12A463146384616
:109D100009F066F928B90448FDF7EEF901F0ECFB0B
:109D2000EAE76468D8E700BF70AC002098AC002078
:109D3000B89B02006CAC002000207047036870B52F
:109D40001B690122002104469847051E0DDB23688C
:109D500002221B69002120469847236806462946AF
:109D60001B690022204698473546284670BD0000F2
:109D700070B50E460024C0E900440E490546304641
:109D800009F0CCFE3044034621461A782F2A07D129
:109D900001332B6049B9084908482A2200F0D0FB5A
:109DA000002AF6D001310133EFE7FFF78BFF68603F
:109DB000284670BD209C02003C9C0200499C020089
:109DC00000687047406808B520B1FFF71BFF431ECD
:109DD0005842584108BD10B50446FFF7F3FF10B1D3
:109DE000606800B1043810BD406808B520B1FFF7C5
:109DF00009FFB0FA80F0400908BD10B50446FFF72E
:109E0000F3FF10B1606800B1043810BD406800383D
:109E100018BF0120704700207047F8B503681B6D1C
:109E20000D4604468F1898472E46BE42236806D03A
:109E30009B6C16F8011B204698470130F5D123682A
:109E400020465B6D9847701BF8BDF8B503681B6D25
:109E50000E4604468F1898473546BD42236805D103
:109E6000236820465B6D9847A81BF8BDDB6C204635
:109E70009847431CF4D005F8010BEEE7002070472B
:109E8000704700000F4B13B50022044640F8043B16
:109E9000FFF7BAFE0C4B23606033636000236361FD
:109EA0000A49204601F09AF90346606128B90090FA
:109EB00002460749074800F05DFD00F019FF204603
:109EC00002B010BDD89B0200D09C0200529C020040
:109ED000559C020019010180094B10B503606033E5
:109EE00004464360406907F05BFF064B2360204651
:109EF000503340F8043FFFF7A9FE204610BD00BFD5
:109F0000D09C0200709C020008B5024902488E22D3
:109F100000F016FB529D02005F9D020010B5044642
:109F20000846FFF71FFEC4E90001204610BD0000EF
:109F300010B50446FDF774FE20460A4B40F8203B5E
:109F4000A169FFF7EBFFD4E90823C4E90A23002243
:109F50000023C4E90C230023C4E90E3384F8403005
:109F6000204610BD909D02004FF0FF30704738B57D
:109F700090F83F5004460DB1FFF7C6FFFDF770FEA5
:109F800094F84030A5872BB184F84050BDE83840A4
:109F900000F0CABD38BD000008B50121383000F01E
:109FA000F5FA18B1024B4FF080625A6008BD00BF4D
:109FB00000ED00E010B50446FDF752FE002384F8E2
:109FC0003F30024B4FF000725A6010BD00ED00E0D0
:109FD00010B5044601F1300000F0EAFAC4E90001CE
:109FE000204610BD10B589690446FFF797FF20464B
:109FF00010BDD0E90C32013342F10002C0E90C324D
:10A00000D0E90A3213F57A7342F10002C0E90A324C
:10A010007047D0E90A2312F57A7243F10003FDF785
:10A0200015BE000008B5012380F83F30836B1BB1DB
:10A03000034B4FF080625A60FFF7EBFF08BD00BF93
:10A0400000ED00E090F83C3010B504464BB1002321
:10A0500080F83C3090F83E3013B9012380F83D3051
:10A0600010BD90F83F30002BFAD0836B013383632F
:10A07000044B4FF080625A60FFF7BBFF2046FFF7AA
:10A08000C8FFEDE700ED00E037B50D4604468969ED
:10A090006846FFF743FFD5E90A3200980199C01AD4
:10A0A00061EB0201B0F57A7F71F1000306D2002264
:10A0B0000023C4E90023204603B030BDB0F5FA6F99
:10A0C00071F1000301D20122F2E700294FF47A7204
:10A0D0004FF00003D8BF002107F070FAC4E9000177
:10A0E000E9E7000091F83F30F7B505460C4613B993
:10A0F00091F83C6026B112491248E52200F020FA9E
:10A100006846FFF7C1FFDDE900304FF47A71A3FB29
:10A11000017201FB0022A663D4E90A16C91942EBB9
:10A120000602C4E90A12D4E90C125B1842EB0002E1
:10A130002846C4E90C32C5E9003203B0F0BD00BFC7
:10A14000529D0200699D0200F7B51F4690F83F300E
:10A150000446164623B11F491F48582200F0F0F963
:10A1600090F83C305BB901466846FFF7BBFF009BA7
:10A17000B342019BBB4104D3012384F83D3003B0BB
:10A18000F0BD21466846FFF723FF4FF47A73A6FB24
:10A19000032603FB0766D4E90831D51894F840205C
:10A1A0004FF0010346EB0106A38742B9A26912688A
:10A1B00092F820201AB984F8403000F09FFC002368
:10A1C00084F83E302A463346204603B0BDE8F040CE
:10A1D000FDF73CBD529D02005F9D0200102300F080
:10A1E00007B8202300F004B8302300F001B8402362
:10A1F0009C46F0B404AE7546E80801D3EFF3098637
:10A200000E4F0FCE0FC70FBC0FC7404649465246F0
:10A210005B460FC71DCE3100A60A00D304316E097C
:10A2200000D248311FC7EFF309806946EFF3148667
:10A2300063C76046014900F079F800BF9CAC00207C
:10A24000F0B52C4E2C4F85B000243546214656F8EB
:10A25000042B3846013400F0FFF90D2CF6D1AB6C1D
:10A2600002936B6C01932B6C244C0093D5E90E2365
:10A27000696B234800F0F0F92168224800F0ECF9FE
:10A28000E16AA26AA36AA06A266BE76B000CCDE9BB
:10A2900001670090C3F307231B48D2B200F0DCF93A
:10A2A000A36A1E0603D5616B184800F0D5F9A36AAE
:10A2B000180403D5A16B164800F0CEF9EB6C190712
:10A2C00012D5144800F0C8F92B6DDA070FD51248E3
:10A2D00000F0C2F9EB6C5B074CBF1048104805B0AA
:10A2E000BDE8F04000F0B8B90E4800F0B5F90E48EE
:10A2F000EEE700BF9CAC0020949D020000ED00E062
:10A30000A29D0200F19D0200FF9D02004E9E0200F0
:10A310005C9E02006A9E0200799E0200A99E0200D5
:10A32000B59E0200999E0200869E020007B5044673
:10A330000D461A48012100F032F968BB184800F0B8
:10A340008BF9302C19D0402C1CD0202C1FD1154853
:10A35000154C00F081F9154800F07EF9FFF770FF09
:10A36000134800F079F90D4B00221A7000231149AF
:10A3700000932A46204600F0FDFA0F480F4C00F0EB
:10A380006BF9E8E70E480F4C00F066F9E3E70E487A
:10A390000E4C00F061F9DEE70024E7E7A9AD0020EC
:10A3A000C19E0200EA9E02003E01FF80179F02004C
:10A3B000229F0200419F0200F99E02003F01FF80A0
:10A3C000029F02004001FF800D9F02003D01FF80BF
:10A3D000F8B516460C4629B151F8087C26B9002577
:10A3E0002846F8BD0F46F9E7304608F0DDFA054685
:10A3F0000028F4D0B7423A46214628BF324608F03A
:10A4000021FE204608F0D8FAEAE738B502FB01F54C
:10A41000284608F0C9FA044618B12A46002108F077
:10A420000FFF204638BD000070B506461D481E4C83
:10A430000D46FCF761FE01F043F815F1090F2CD829
:10A4400005F10801304608F0BFFA30B3A268174B97
:10A4500005602A444360A2602269236801322261B8
:10A4600062682B44934250F8042C88BF63602360D9
:10A47000002AA0F10403B8BF9B18A2691B68521BF5
:10A4800023F00103134400F10806A3610548FCF71B
:10A4900033FE01F031F8304670BD6369013363610A
:10A4A0000026F3E70CAD0020F0AC0020EFBEADDEDF
:10A4B00000B572465DF804EBFFF7B6BF38B5054648
:10A4C00019480C46FCF718FE00F0FAFF1CB354F8CC
:10A4D000042C164B9A4225D154F80C1C54F8082C25
:10A4E000A4F10C030029B8BF5B181968002344F8D5
:10A4F000043C0F4B1868801A1860186901381861FD
:10A50000986921F001010244521A9A61A4F10801EC
:10A51000284607F0BFFE0448FCF7EEFDBDE83840D2
:10A5200000F0EABF2146F3E70CAD0020EFBEADDE40
:10A53000F0AC002000B572465DF804EBFFF7BEBF3B
:10A5400007B50B46009201460022014800F012FABE
:10A550004401FF8003460122D3E84F0FC3E8412F97
:10A56000C0B20029F8D17047D0E85F3F5B18C0E85F
:10A57000523F002AF8D198B27047D0E85F3F5B1A8B
:10A58000C0E8523F002AF8D198B27047034653E81A
:10A59000000F401A43E80002002AF8D17047034632
:10A5A000D3E84F0FC3E8421FC0B2002AF8D170476A
:10A5B00038B5044600F06CF8D4E9004500F07EF8A8
:10A5C0002046294638BD08B500F062F8FEE773B5AD
:10A5D000002201460446022000F032FC0D2600F065
:10A5E00057F80022254614F8013B23B902B0BDE814
:10A5F000704000F063B80A2B09D10D2A07D0012260
:10A600000DF1070102208DF8076000F019FC01220E
:10A610002946022000F014FC14F8012CE2E70000A7
:10A6200000B5A3B002460B4601A884210AF0F8FC4D
:10A63000832806D9074B1A681B79CDF883208DF83B
:10A640008730002802DD01A8FFF7C1FF23B05DF8C5
:10A6500004FB00BF519F02000FB407B504A951F8D5
:10A66000040B0191FFF7DCFF03B05DF804EB04B0CD
:10A670007047EFF31080C04300F001007047EFF324
:10A680000580003818BF0120704701F00FBE0000A0
:10A6900008B501F0FBFD064A1368591C04D10549B1
:10A6A00005483F22FFF74CFF0133136008BD00BF90
:10A6B00034AD0020709F0200809F0200044A13689E
:10A6C00023B1013B13600BB901F0E8BD704700BF37
:10A6D00034AD002008B50B48FFF73CFF28B1FFF769
:10A6E000D7FFBFF34F8F20BFFDE7FFF7C8FF08B1CB
:10A6F000FFF769FFFFF7BDFF0028F9D0012000F048
:10A70000F2FA00BFA8AD00202DE9F041494C0E46F9
:10A710002168C1F34173032B0CBF4D428DB298B039
:10A720008046174644482A46C1F30743FFF794FF83
:10A730006FF498721544132D0FD8DFE805F00A3531
:10A74000383B3E4441470E0E0E0E0E0E0E0E0E0E00
:10A750000E4AA1683948FFF77FFF4046FFF737FFF1
:10A7600061683748FFF778FF4EB13648FFF72FFF93
:10A770003046FFF72CFF34483946FFF76DFFA168DC
:10A780003248FFF769FF2368314A1A44012A02D987
:10A79000304A934221D1A3681BBBE3680BB15968CF
:10A7A00001B92D492D4A25E0A1682D48D3E7A168BC
:10A7B0002C48D0E7A1682C48CDE7A1682B48CAE710
:10A7C000A1682B48C7E7A1682A48C4E7A1682A48BE
:10A7D000C1E72A48FFF740FFBFE7294A9342DCD18F
:10A7E000D9E7DB6C1B07D8D4E3680BB1596801B912
:10A7F0001949244AE0690390A069029060690190B8
:10A80000206900902048FFF727FF04A800F08EFD84
:10A81000079B01939DF81830009321681B48DDE9E0
:10A820000423FFF719FF1A48FFF716FF18B0BDE819
:10A83000F08100BF3CAD0020C69F020017A00200BF
:10A84000BFA00200D0A00200D8A00200DCA002003D
:10A85000C2FE007F4001FF80B19F0200409F0200C6
:10A860002DA002003DA002004CA002005FA002004B
:10A8700073A0020087A0020096A00200ACA0020014
:10A880003D01FF80BB9F0200F0A0020049A1020031
:10A89000C3A102007047000070B5294B8EB010EACA
:10A8A000200538BF1D460C4616460021302202A85E
:10A8B00008F0C6FC234B01952B44012B039402D9CD
:10A8C000214B9D4233D1E36B0293636B08931F4B83
:10A8D0005B690493DA6B05925A6B1B6B06920793C4
:10A8E000FFF7D6FE1A4A13680133012B136009D112
:10A8F00001AD0FCD174C0FC40FCD0FC40FCD0FC43A
:10A900002B68236001AC0FCC134D0FC50FCC0FC5C6
:10A910000FCC0FC523682B60104B1B68A5F13000CE
:10A920005BB19847FFF7CAFE00200EB070BD0C4B1C
:10A930009D42C8D0029601ABC8E7FFF7ABFFF1E735
:10A940000101FF80C2FE007F4001FF80340400202F
:10A95000A4AD002070AD00203CAD002038AD00203B
:10A960003D01FF8000207047014B1878C0B270474E
:10A97000A9AD002080B506460C460A480121F046E4
:10A9800017461D46FFF70BFE48B94246394630468A
:10A99000FFF782FF029A29462046FFF7B5FEFFF730
:10A9A00099FE00BFA9AD002038B5064C23683BB91D
:10A9B000FEF7D0FE044D01462846FFF7B9FA2560A0
:10A9C000206838BDF8AD0020B0AD002008B5836820
:10A9D00023B9054B1B6893F83D0008BDC068984734
:10A9E0000028F6D0F9E700BFF8AD0020F7B5194F01
:10A9F00004464FF0FF356FF000462046FFF7E6FFB4
:10AA000030BBD4E90023B34208BFAA4202D0386861
:10AA1000FFF79AFB01A8FFF7E9F82046FFF7D6FFFA
:10AA200098B9D4E90023B34208BFAA4207D100F085
:10AA30009FF801A8FFF7E0F8BFF36F8FDDE73B68F1
:10AA400093F83C30002BF2D1F3E701A8FFF7D4F8DC
:10AA500003B0F0BDF8AD002030B587B0CDE90223DA
:10AA60000A9B0C4D04930B9B05930446FFF79CFF38
:10AA700002A8FFF7BBFF2868FFF779FA6846296844
:10AA8000FFF730FBDDE900232046C4E9002307B0CF
:10AA900030BD00BFF8AD00202DE9F041DFF83C806B
:10AAA00086B005460E4604A8D8F800101746FFF7F2
:10AAB0008FFAD8F80020DDE90443926BA41A63EB07
:10AAC000E2732A1943F1000302A8CDE90067FFF7FA
:10AAD000C3FF0298001B06B0BDE8F081F8AD00206E
:10AAE00010B5054C236813B9FEF734FE20602068CA
:10AAF000BDE81040FFF736B8FCAD002013B5074C99
:10AB000001212046FFF730FD034628B90090228836
:10AB100003490448FFF72EFF02B010BD10AE00201D
:10AB2000DDA102002301048013B5094C0121204658
:10AB3000FFF723FD4FF6FF73984206D100230093E1
:10AB4000228804490448FFF715FF02B010BD00BF7A
:10AB500010AE0020FFA1020024010480034B1888DE
:10AB600080B2B0FA80F04009704700BF10AE0020FC
:10AB700070B5FFF78DFDFFF7B3FF04460D46FFF7F5
:10AB8000EDFF90B102F0FAFDFFF7AAFF0A4ED6E9F9
:10AB900000321B1B62EB05021B1842EB0102C6E9E7
:10ABA0000032BDE87040FFF789BD02F0C3FD034EDF
:10ABB000FFF796FFEBE700BF00AE002008AE0020D5
:10ABC0006FF01C0070476FF0150070470120704750
:10ABD0000020704770470000034B186818B14FF011
:10ABE000FF31FBF74BB97047342A0020024B18683D
:10ABF00008B1FBF75BB97047342A0020F8B5074F5E
:10AC000015460C468E18B44201D12846F8BD14F8FA
:10AC1000011B384602F014FDF5E700BFF4B0002038
:10AC200038B511F001040D4605D0084802F03EFD8C
:10AC3000041E18BF0124EB0605D5044802F056FD9A
:10AC400008B144F01004204638BD00BFF4B0002025
:10AC500010B5044607F0B0FE204610BD10B51046F2
:10AC60000C4622B1024802F0A9FC2070012010BD60
:10AC7000F4B0002038B5084B0360084B1B6804464D
:10AC8000154633B90648FEF7A3FF0548294602F0EA
:10AC900079FB204638BD00BF3CA3020060B1002014
:10ACA000F4B000200020704700207047074A084990
:10ACB00013681844884289BF064B10600C224FF07D
:10ACC000FF308CBF1A601846704700BFE8040020B0
:10ACD00000FC032088B6002008B508B1FFF773FC1C
:10ACE000FEE70120704708B5FFF7F6FF0120704727
:10ACF000002108F0B5BB08B5FCF718F808BD08B589
:10AD0000FCF71CF808BD000010B50446037803F0FA
:10AD10000303012B08D0FFF75FFF237803F0030242
:10AD2000012A03D1FFF762FF002010BD2AB10549B7
:10AD300005484FF4D462FFF703FC43F0020323708D
:10AD40000120F2E737A2020049A2020008B5037809
:10AD500003F00302022A05D00749084840F2A9621D
:10AD6000FFF7EEFB23F0030343F001030370BDE89C
:10AD70000840FFF73BBF00BF37A2020067A20200F6
:10AD80003F2870B504462CDC174E56F820305A1C6C
:10AD900025D1022823DCFFF787FF0346E8B92046C8
:10ADA000FFF780FF0346C0B9104D2B68BFF35B8FE0
:10ADB000DB0711D42846FFF7A7FF68B10C490D48FF
:10ADC0004FF4E132FFF756FF0B4A0C490948FFF7F1
:10ADD00088FF2846FFF7BAFF064B46F8243018468E
:10ADE00070BD0023FBE700BFEC04002014AE002080
:10ADF00084A3020018AE002000020020D5AB0100A1
:10AE000038B50446FFF7BCFF0B4B002543F8245030
:10AE100030B906F057FF092303604FF0FF3038BD0B
:10AE200003685B699847041E04DA06F04BFF64422E
:10AE30000460F2E72846F2E7EC040020FFF7E0BFE9
:10AE400038B50C461546FFF79BFF38B906F03AFFB8
:10AE5000092303604FF0FF34204638BD03682146C4
:10AE6000DB682A469847041EF6DA06F02BFF644298
:10AE70000460EFE738B50C461546FFF781FF38B997
:10AE800006F020FF092303604FF0FF34204638BD51
:10AE9000036821469B682A469847041EF6DA06F0A6
:10AEA00011FF64420460EFE710B5FFF769FF30B9A6
:10AEB00006F008FF092303600024204610BD036844
:10AEC000DB699847041EF8DA06F0FCFE6442046071
:10AED000F2E737B54023CDF80100054668468DF806
:10AEE000003007F07FF9044630B12846FFF7DCFF59
:10AEF00010B12046FFF7FCFE204603B030BD000035
:10AF00002DE9F74F06460F469046FFF7B8FB05467A
:10AF100030B100232C492D4800933246FFF72AFD1B
:10AF2000FFF7A7FB0028F4D0B8F1000F09DA06F00C
:10AF3000C9FE162303604FF0FF34204603B0BDE87E
:10AF4000F08F3046FFF7B0FF044640B1DFF880A035
:10AF50001AF806902C464FF00D0BA84511DCA045C1
:10AF6000EBDDA8EB040239193046FFF769FF002832
:10AF7000E1DB24181FBF3F19154B17F8012C9A5518
:10AF8000DBE77A5D0A2A1AD1B9F10D0F17D0AC426E
:10AF90000BDA2A1B39193046FFF752FF0028CADBAB
:10AFA0000444A542C9DC0AF806900A490122304649
:10AFB000FFF746FF0028BEDBBFD00AF806B017F83F
:10AFC00005900135C9E700BF9EA202002F01018054
:10AFD0001CAE0020D8A20200FFF766BF7FB5044672
:10AFE0000D461646FFF74BFB30B100231F492048A2
:10AFF00000932246FFF7BEFCFFF73BFB0028F4D08E
:10B00000002E07DA06F05EFE162303604FF0FF30D5
:10B0100004B070BD2046FFF747FFF8B1154E01227E
:10B020000DF10F012046FFF725FF0028EEDBEFD0E2
:10B030009DF80F300D2B08D1325D0A2A0AD01A462E
:10B040000A2332552B700120E2E70A2B04D1325D2E
:10B050000D2AF3E73355E2E71A46F2E7324629466E
:10B06000204604B0BDE87040FFF704BFDAA202003A
:10B070002F0101805CAE002038B50C461546FFF765
:10B080007FFE38B906F01EFE092303604FF0FF343F
:10B09000204638BD036821461B692A469847041E8E
:10B0A000F6DA06F00FFE64420460EFE7FFF7E4BF54
:10B0B00038B50D46FFF764FE044630B906F002FECF
:10B0C000092303604FF0FF3038BD0368DB69984700
:10B0D00000280CBF4FF400434FF400536B6023680B
:10B0E00020469B6A984728610020EDE7FFF7E0BF04
:10B0F00013B5044607F058FC034628B900900349ED
:10B1000003482246FFF736FC02B010BD16A302002A
:10B110001F01018007F048BC07F04EBC07F04CBC93
:10B1200010B504460B48FBF7E7FF00F0C9F9002310
:10B13000094A194652F8040B0133A04208BF42F8ED
:10B14000041C402BF6D10348FBF7D6FFBDE81040A6
:10B1500000F0D2B99CAE0020EC04002010B51248DB
:10B16000FBF7CAFF00F0ACF9104B032453F824207E
:10B1700072B10134402CF9D106F0A4FD182303600C
:10B180000948FBF7B9FF00F0B7F94FF0FF3408E0CA
:10B190004FF0FF32044843F82420FBF7ADFF00F0E6
:10B1A000ABF9204610BD00BF9CAE0020EC0400208F
:10B1B00010B50446FFF7D2FF002807DB044B054A11
:10B1C00043F8204000231354034A135410BD00BF1A
:10B1D000EC0400205CAE00201CAE002070B50546DB
:10B1E0000E46FFF7E5FF041E01DA002070BD314670
:10B1F000FFF76FFE0028F9D1064B53F82420954243
:10B2000002D143F82400F0E706F05CFD0923036057
:10B21000EBE700BFEC0400200EB42DE9F04185B04F
:10B220000546FFF79BFF041E13DB0023294602A8F7
:10B230000193FEF79DFD02A8FEF7E8FD1E4E0546B0
:10B2400068B906F03FFD1323036046F824504FF021
:10B25000FF34204605B0BDE8F04103B0704702A8B6
:10B26000FEF7C2FD074602A85FB1FEF7C6FD0190DA
:10B27000019B124A46F8243000231355104A1355F7
:10B28000E7E7FEF7A8FD05460028DAD0036802A824
:10B29000D3F80880FEF794FD0B9B024601A92846CF
:10B2A000C04705460028E3D006F00CFD6D4205605E
:10B2B00046F82470CBE700BFEC0400205CAE002011
:10B2C0001CAE002070B50E461549054608F04CFA34
:10B2D000044618B9FFF754FD204670BD11492846B1
:10B2E00008F042FA20B90120FFF74AFD0124F3E7F4
:10B2F0000D49284608F038FA20B90220FFF740FD32
:10B300000224E9E72B78402B02D1D5F80140E3E78E
:10B3100026F480312846BDE87040FFF77DBF00BFAE
:10B32000ACA30200A4A302009CA3020010B5044633
:10B3300020B90F490F489022FFF702F94C22002153
:10B34000043007F07DFF4FF2A00323604FF000535D
:10B3500023614FF4802323624FF480132364064B50
:10B360001B68636002232372044BE36010BD00BFBF
:10B37000CDA30200DAA3020000ED00E088D50100B1
:10B3800070B50446FEF716FC0646FEF7FCFB0546C4
:10B390003046FEF7F8FB431BA342F9D370BD000013
:10B3A0001FB50023CDE90013031D04460293684630
:10B3B00010230393F9F7BAFD206020B9034904482C
:10B3C0003522FFF7BDF804B010BD00BFFEA3020098
:10B3D0000DA4020010B503490446FFF7E1FF204623
:10B3E00010BD00BF11A4020010B50446FFF7D8FF3E
:10B3F000204610BD0068F9F7B1BD10B504460068DD
:10B40000F9F70AFE204610BD10B49DF804400CB9AF
:10B4100042F0020200685DF8044BF9F7CFBD07B5B2
:10B42000009313460022FFF7EFFF03B05DF804FB23
:10B43000FFF7F5BF38B5FFF72BF9F9F7DDFF08493E
:10B440000B6808608342074B82BF1A6801321A609A
:10B450001D680446FFF732F92046294638BD00BF73
:10B46000CCAE0020D0AE00201FB5002303620D4BF0
:10B47000002918BF0B460093031D02931C230446AA
:10B48000039368460B230193FAF7E0FC206038B978
:10B49000FFF76AFA20B9044904483D22FFF750F843
:10B4A00004B010BD31A4020061A402006BA402002C
:10B4B00010B500210446FFF7D7FF204610BD00005D
:10B4C00037B504464FF0FF310068FAF7D7FC054660
:10B4D00048B1FFF749FA034640B9009004490548CE
:10B4E0002A46FFF747FA236A0133236203B030BDCF
:10B4F0008FA4020015010280036A013B13B50362A9
:10B500000068FAF7D3FC044648B1FFF72DFA03466A
:10B5100028B90090034904482246FFF72BFA02B0ED
:10B5200010BD00BFA1A402001701028010B504469F
:10B530000068FAF7D3FC204610BD00001FB5044692
:10B540000023CDE90033231D104602936A461023E1
:10B550000393FAF7E7FD206020B903490348372237
:10B56000FEF7EEFF04B010BDCBA40200D9A4020088
:10B5700010B54FF6FF720446FFF7E0FF204610BDFE
:10B5800013B500680C46FAF7E5FD024670B1C11C20
:10B590004FF0000006D15CB1009006490648002338
:10B5A000FFF7E8F9931CF7D102B010BD0120FBE7CB
:10B5B0002046F9E7E8A40200140102800068FAF7C7
:10B5C000F1BD10B504460068FAF71AFE204610BD1A
:10B5D00008B538B1F9F75CFB20B103490348E32211
:10B5E000FEF7AEFF08BD00BF17A50200ABA5020025
:10B5F000FBF7A6BA036910B504462BB90B490C48F2
:10B600004FF4FD72FEF79CFF1B680430984704F16D
:10B610005400FFF755FF00236361012384F83D3098
:10B6200004F14000BDE81040FFF7C8BF709502006C
:10B630007B9502002DE9F047DDE9085799466B0735
:10B64000044618BF25F00706884692464FF00001D1
:10B650004FF0440200F178000CBF2E46083607F088
:10B66000EFFDB5FA85F300215B0984F83C30616198
:10B6700084F83D10202204F11C0007F0E1FD4D4448
:10B68000074BC4F830A0AD1B25F00705002F08BFFD
:10B690001F46E562A761A662C4F83480BDE8F08762
:10B6A000BAA5020013B5049CCDE9003413460A463E
:10B6B0000021FFF7BFFF02B010BD0000F8B504463F
:10B6C00000F1540528460E46FFF7FAFE636913B9E8
:10B6D00094F83D302BB12846FFF70EFF6FF00300C2
:10B6E000F8BDD4E90A3093B327490023E26AB3EBEB
:10B6F000920F3FD34423271D6362B74204F17803BE
:10B70000236209D03846F5F789F8F36823611BB145
:10B710005B683146384698471C4804F118022146B8
:10B72000FBF7E2F9606150BB94F83C302BB1A06AA2
:10B7300008B1FFF7F3FC0023A3622846FFF7DCFE05
:10B7400004F14000FFF73AFF6FF00200C8E7104B2A
:10B750001049984294BF20F003004FF0FF30FFF7EC
:10B76000D9FCA0620028BFD12846FFF7C5FE6FF0C4
:10B770000400B5E7A26A42F823100133B6E7284671
:10B78000FFF7BAFE0020ABE7A52E5AE2F5B501009F
:10B79000FBFFFF7FB8A9020070B500F15405044615
:10B7A0002846FFF78DFE04F140006669FFF706FFAB
:10B7B0000023636194F83D302BB100242846FFF745
:10B7C0009BFE204670BD012384F83D30002EF4D04E
:10B7D0003046FBF7CBF90446F0E7000010B50D4BFF
:10B7E00003600446FFF7D8FF94F83C302BB1A06A01
:10B7F00008B1FFF793FC0023A36204F15400FFF7A4
:10B8000095FE04F14000FFF7DCFE201DF5F706F879
:10B81000204610BDE0A5020010B50446FFF7DEFF8C
:10B820002046BC21FFF778FC204610BD38B5044601
:10B8300000F154052846FFF743FE646914B1A26B7A
:10B84000246B141B2846FFF757FE204638BD4FF0E7
:10B850008043D3F8383413F0010004D013F0020F02
:10B860000CBF012002207047704708B5FFF7EFFFBB
:10B87000012804D0FFF7EBFF831E5842584108BD52
:10B8800070470123037270470023037270477047AB
:10B8900000487047E8A6020010B5F4210446FFF7FF
:10B8A0003BFC204610BD08B50023437203F0B0F9FD
:10B8B00008B103F02FFD03F0A1F918B1BDE808406D
:10B8C00003F04ABD08BD03F007BA70B54C00E4B2FE
:10B8D000054604EBD11408460C214C4304F11C0628
:10B8E000A919002625444E608E60C5E9072303F0A0
:10B8F00009FAB0FA80F0400970BD70B54C00E4B2AE
:10B90000054604EBD11408460C214C4304F11C01FC
:10B91000294400262C444E608E60C4E907231BB9DD
:10B92000636A43F00103636203F0ECF9B0FA80F05C
:10B93000400970BD002003F05BBA084603F058BA16
:10B9400003F0F1BA38B508460C46154603F04EFD33
:10B950002046A9B203F06AF92046BDE8384003F05A
:10B96000ABB901F07F03082B10B50C4602D0084696
:10B9700003F064FA2046BDE8104003F007BD084616
:10B9800003F04EBA10B508460C4603F055FA10B154
:10B99000204603F085FD204603F050FA204603F0D0
:10B9A000F5FC2046BDE8104003F020BD084603F03A
:10B9B0007DBB0000036810B59B690446984703F0FF
:10B9C00037F820B1074908488422FEF7B9FD04F092
:10B9D000FBF863680BB1FFF7A7F8044A0023636024
:10B9E000136010BD46A6020058A60200D0AF00208A
:10B9F00008B501234372FFF72AFF012810D103F095
:10BA0000FDF808B903F024F8FFF721FF022807D159
:10BA100003F0FEF820B9BDE80840012003F0C2B8E9
:10BA200008BD000038B51E4B802204460D46C3F801
:10BA30008420BFF34F8FBFF36F8F43680BB9FFF7BD
:10BA40005DF86560002004F09BF820B1582215498C
:10BA50001548FEF775FD154804F0D2F8144803F0B8
:10BA6000EBF8054608B16422F1E7402103F0DEF867
:10BA70004021802003F0DAF80E4B0F4A1C600F4B78
:10BA80000F491D70D2F8303543F00103C2F830354C
:10BA9000272000F02BFABDE8384004F0B7B800BF0B
:10BAA00000E100E046A6020058A602002CA7020012
:10BAB00015BE0100D0AF002000700240CCAF0020C6
:10BAC00079BE010070B503460C46F1B9EAB990F9A8
:10BAD0001210002919DA802003F08CF9154B68B197
:10BAE000D3F8002242F00402C3F80022124B0122D4
:10BAF0001A70124B8022C3F8042170BD01221A650E
:10BB0000BFF36F8FBFF34F8FF0E7002503F11C06E3
:10BB1000C3E907425D6203F0C3F93146284603F0EA
:10BB2000F1F80028E9D00649064840F24312FEF732
:10BB300007FD00BF00700240CCAF002000E100E034
:10BB400046A6020058A6020010B50B4600293AD1BD
:10BB5000FAB9038B1BB190F91230002B29DB0020BE
:10BB600003F048F91C4B68B1D3F8002242F00402FC
:10BB7000C3F80022194B01221A70194B8022C3F816
:10BB8000042110BD01221A65BFF36F8FBFF34F8FE1
:10BB9000F0E700F1280183620363C262802003F0B2
:10BBA000B1F80028EDD00F490F4840F27112FEF7AE
:10BBB000C7FC00F128018262C2620263036B43F09A
:10BBC00001030363EAE70024C0E90A3200F1280117
:10BBD0000463002AF2D0E1E700700240CCAF0020FD
:10BBE00000E100E046A6020058A60200044A0260F6
:10BBF000002242600281827201220274704700BFFB
:10BC000074A6020010B50B4C2368BFF35B8FDB07F3
:10BC10000ED42046FFF778F850B107480749FFF7E0
:10BC2000E5FF074A0448FFF75CF82046FFF78EF867
:10BC3000014810BDD4AE0020D8AE002069B8010084
:10BC40000002002010B5044603F046F803F068F93E
:10BC5000064A00238021A372C2F88411044AC2F864
:10BC6000FF3FBFF36F8FBFF34F8F10BD00E100E0C8
:10BC700000600340034B8022C3F884215A6003F024
:10BC8000C5BF00BF00E100E0837A012B10B5044678
:10BC90004FD1037B062B1DD8DFE803F0150E0409F6
:10BCA0001C3D220040680368DB6901212CE04068EC
:10BCB0000368DB69002127E0FFF7C4FF60680368C1
:10BCC0009B68984706E0037A23B14068E1890368DE
:10BCD0001B6A98470023A372BDE81040FFF7CABF54
:10BCE000C37B002BF6D1807B03F0A6F80028F1D1AE
:10BCF00094F90E206068A17B0368002A06DA4A06E0
:10BD000001D15B69DDE79B6A9847E3E709B91B69E5
:10BD1000D7E75B6AF8E7802003F0C2FB002003F05E
:10BD2000BFFB04F1120003F099F860680368DB6858
:10BD3000C7E7022B1ED1037C012B0FD0022B11D0A1
:10BD4000002BC7D1437A002BC4D002F057FF08B9AB
:10BD500002F07EFE606803689B69A6E7406803689E
:10BD60009B69A7E702F054FF0028B3D1012002F03D
:10BD700019FFAFE7032BADD194F912204068002AD8
:10BD80000368BEDAC3E70000044B8022C3F88420B6
:10BD9000BFF34F8FBFF36F8F03F03FBF00E100E0B1
:10BDA00038B50C46FFF7F0FF402C28BF4024A5B261
:10BDB0002946002002F03AFF2946802002F036FF93
:10BDC000FFF758FF204638BD70B5164605460C46AD
:10BDD000FFF7DAFF082E324605F11201204628BF90
:10BDE000082207F02FF9BDE87040FFF743BF0000BD
:10BDF00010B50446FFF7C8FF054B22681B6858685A
:10BE0000DA6001229A720368BDE81040DB6A1847C5
:10BE1000D0AF0020024B1B680BB1FFF7E9BF7047A2
:10BE2000D0AF002010B50446FFF7AEFF054B1B68EE
:10BE300058681C7402229A720368BDE81040DB6ADD
:10BE4000184700BFD0AF0020024B1B680BB1FFF7B3
:10BE5000E9BF7047D0AF002010B5FFF795FF054B45
:10BE60001B68586803229A720368BDE81040DB6AB9
:10BE7000184700BFD0AF002010B5074C237833B16E
:10BE8000064B1B680BB1FFF7E7FF00232370BDE8EB
:10BE9000104003F049B900BFCCAF0020D0AF002064
:10BEA0000749084A084B9B1A03DD043BC858D05089
:10BEB000FBDC0648804706488047064800470000EC
:10BEC00078AC0200000200201010002029BF010001
:10BED000DDCB010041010100FEE7FEE7FEE7FEE7E2
:10BEE000FEE7FEE7FEE7FEE7FEE7FEE7024B103067
:10BEF00043F82010704700BF00000020024B1030B4
:10BF000053F82000704700BF000000204FF080531E
:10BF1000D3F83021082A03BFD3F83401B0FA80F0F7
:10BF2000400900207047000008B5FFF7EFFF40B15F
:10BF30004FF080430022C3F80C21C3F81021C3F84E
:10BF40003825FFF7E3FF002846D04FF08052674BBB
:10BF5000D2F80414C3F82015D2F80814C3F8241535
:10BF6000D2F80C14C3F82815D2F81014C3F82C1505
:10BF7000D2F81414C3F83015D2F81814C3F83415D5
:10BF8000D2F81C14C3F84015D2F82014C3F8441595
:10BF9000D2F82414C3F84815D2F82814C3F84C1565
:10BFA000D2F82C14C3F85015D2F83014C3F8541535
:10BFB000D2F83414C3F86015D2F83814C3F86415F5
:10BFC000D2F83C14C3F86815D2F84014C3F86C15C5
:10BFD000D2F84424C3F87025FFF798FF18B1444BFA
:10BFE000444AC3F88C26FFF791FF18B1424BFB225D
:10BFF000C3F81825FFF78AFF70B14FF080414FF06A
:10C000008053D1F8E42ED3F8583222F00F0203F017
:10C010000F031343C1F8E43EFFF778FF20B1374B1D
:10C020004FF40072C3F84026FFF770FF48B14FF09D
:10C030008043D3F80024D20744BF6FF00102C3F855
:10C0400000242F4AD2F8883043F47003C2F88830B5
:10C05000BFF34F8FBFF36F8F4FF01023D3F8002241
:10C06000002A03DBD3F80432002B2EDA254B012201
:10C07000C3F80425D3F80024002AFBD04FF0102287
:10C080001221C2F80012D3F80024002AFBD04FF08E
:10C0900010231222C3F804221A4BD3F80024002ADA
:10C0A000FBD00022C3F80425D3F80024002AFBD0DB
:10C0B000BFF34F8F1249144BCA6802F4E062134376
:10C0C000CB60BFF34F8F00BFFDE7104B104A1A60E3
:10C0D0004FF0804301220021C3F81825C3F8041152
:10C0E0009A60D3F80421002AFBD008BD00C00040AC
:10C0F000005000404881030000F0004000900240E2
:10C1000000ED00E000E001400400FA05EC0500202D
:10C110000090D0030F4BD3F8042182B052B100221B
:10C12000C3F80421D3F804210B490192019A0A684B
:10C1300001320A60D3F84421084B0AB91A7832B1A7
:10C140001A780AB100221A7002B0FDF707BB02B0DC
:10C15000704700BF00100140D8AF0020D4AF0020CE
:10C16000F0B5244F3A7885B06AB1234B0022C3F86A
:10C170004421D3F844210192019A4FF40032C3F8CC
:10C18000082305B0F0BD4FF08043C3F8042101221D
:10C190009A60D3F80421002AFBD0174C17490025D8
:10C1A0000126656011206660FFF7A0FEC4F80855FF
:10C1B000C4F84451D4F844310393039BC4F80451A8
:10C1C000D4F804310293029B4FF00213C4F84833B1
:10C1D0000223C4F804330A4B4FF400324021C4F860
:10C1E000082383F81113C3F880211A6026603E707B
:10C1F000C7E700BFDCAF00200010014015C10100FF
:10C2000000E100E0084A012353604FF40033C2F814
:10C210000833064AC2F88030BFF34F8FBFF36F8FE9
:10C22000034B00221A7070470010014000E100E04B
:10C23000DCAF002073B504460E461546FEF728FA1B
:10C24000114B24F07F40D3F80445A04204D00134C0
:10C2500024F07F44844202D1023020F07F4006F572
:10C26000A87643F82600D3F804232A4007D1C3F860
:10C270004421D3F844210192019AC3F8045302B037
:10C28000BDE87040FEF71ABA00100140024803787A
:10C290000BB101F03BBB7047F0050020024B0122BF
:10C2A00000201A7001F040BBF0050020024B187806
:10C2B000B0FA80F040097047F00500201F288ABFBF
:10C2C00000F01F0303461A4A1A4998BF4FF0A042D4
:10C2D00003F5E07330B452F82320D1E90035C0F102
:10C2E0002004A0F12001C34005FA04F4234325FAF9
:10C2F00001F1C2F301420B43032A03F0010302D10F
:10C300007BB930BC7047002BFBD00B4B1B5C9B06F2
:10C31000F7D50221094B0A4A1B6852F8200030BCAD
:10C320001847054B1B5C5A06EBD50121F2E700BF0D
:10C3300000030050E0AF0020ACB00020A8B0002007
:10C34000E8AF0020114930B4D1E90025C0F1200444
:10C3500005FA04F4A0F12001C240224325FA01F1BC
:10C360000A43D40703460ED5094A115CC1F30012F3
:10C37000890703D51AB930BC03F096B91AB130BC9D
:10C38000184603F0E1BA30BC704700BFE0B00020AF
:10C39000ACB000202DE9F743DFF844914A4D19F87D
:10C3A000003013F0010F0446C0F12007A0F1200671
:10C3B00001D1D80678D519F804309907224603D55B
:10C3C000C3F30011DB0654D50023ADF80530032379
:10C3D0008DF8043019F80430C3F38101012901D02C
:10C3E000032901D18DF8051019F80430D80622D59B
:10C3F000364A01A9204603F0BDF9354AD2E9003298
:10C4000002FA07F1E3400B43F2401343D907804699
:10C4100009D519F804305A0601D49B0603D5012129
:10C42000204603F025FAB8F1040F12D129492A4811
:10C430009822FEF785F81F2C9DF8053086BF274906
:10C4400004F01F024FF0A04102F5E0729B0041F89A
:10C4500022300123D5E9000103FA06F223FA07F797
:10C460003A43A34003430A43C5E9003203B0BDE8A1
:10C47000F0831F2C88BF194BADF8041094BF4FF008
:10C48000A04304F01F02D3F804358DF8061098BFBE
:10C490002246D34003F0010301A920468DF8053060
:10C4A00003F098F88046BEE7012303FA06F623FA64
:10C4B00007F703FA04F1D5E900323E4323EA01030A
:10C4C00022EA0602D0E700BFE0B00020BDC20100B2
:10C4D000E0AF00206AA7020075A702000003005029
:10C4E000ACB000204B1C10B50446017014D0C9B28A
:10C4F0002F2904D909490A485422FEF721F809498D
:10C500000620FFF7F3FC03F025F8074994F9002013
:10C510008B5C43F001038B5410BD00BF6AA702007F
:10C5200093A70200BDF90100ACB0002008B590F956
:10C530000030591C04D1104910485F22FEF700F862
:10C540000F4AD25C92070CD51F2B8ABF0D4A4FF0C1
:10C55000A04203F01F03D2F80405D84000F0010008
:10C5600008BD1F2B8ABF074A4FF0A04203F01F03EC
:10C57000D2F81005F1E700BF6AA70200319102006E
:10C58000ACB000200003005038B5044690F900001C
:10C59000431C0D4604D10A490A48AE22FDF7D0FFDC
:10C5A000C0B2FFF7CFFE94F90000074B1A5C65F3A9
:10C5B00083021A54BDE83840C0B2FFF7EBBE00BF9B
:10C5C0006AA7020031910200ACB0002038B50446E1
:10C5D00090F90000431C0D4604D10A490A48B922CB
:10C5E000FDF7AEFFC0B2FFF7ADFE94F90000074BB8
:10C5F0001A5C65F341021A54BDE83840C0B2FFF737
:10C60000C9BE00BF6AA7020031910200ACB0002091
:10C610002DE9F04198464B1C07460C4616461FD0A4
:10C62000CDB22F2D04D90F490F48CB22FDF788FF3B
:10C6300002F090FF2846FFF785FE0C4B195D21F0B4
:10C640001C0141F010011955094B3C6043F824804E
:10C65000084B28461E60FFF79DFE0020BDE8F081D4
:10C660000846FBE76AA7020093A70200ACB00020CF
:10C67000E8AF0020A8B0002010B50446006803F021
:10C6800063F92068064B1A5C6FF304121A54054BC9
:10C69000002243F82020BDE81040C0B2FFF77ABE68
:10C6A000ACB00020E8AF002000280CDB43090649AD
:10C6B00000F01F0020330122824041F82320BFF305
:10C6C0004F8FBFF36F8F704700E100E000234350AE
:10C6D00082B043580193019B02B070470378012B4D
:10C6E00010D0022B10D0002B0CBF08230223CA69E4
:10C6F0000B6213420AD08B6943B100228A61012286
:10C700000A7518470423F2E71023F0E7704700008A
:10C710002DE9F0410668044686B0304600F0AEF9D7
:10C72000844205D12369022B02D1237D002B3CD00A
:10C730002F4D2146304600F099F90223236155F828
:10C740003630D3F80035F7005BB194F824307BB372
:10C75000284807EB0008404604F0D2F8404604F0B1
:10C7600067F8254B53F8260040F30730FFF79CFF8E
:10C7700094F8253094F9050094F904100BB394F85B
:10C7800026301C4C049100225B083C44CDE9022079
:10C79000019301A907232046ADF814208DF8163027
:10C7A00003F0C4FF204604F077F806B0BDE8F0813E
:10C7B00005EB0708404603F07FFD404603F096FD79
:10C7C000CFE7A36803930723ADF81030A369CDE941
:10C7D00001013D444BB1094A234601A9284603F013
:10C7E000D5FC284603F058FDDFE71A46F5E700BF01
:10C7F00028A8020018A8020038A80200DDC601001F
:10C8000070B50E461546044604F06EF9184B0268E2
:10C81000B3FBF2F3174A29463046136000F038F9AB
:10C82000012804DD144915487E22FDF789FE002306
:10C830004FF0CC72C4E9022301222275104A206015
:10C8400011782671C4E90633657123612362A384DC
:10C8500084F8263051B10B4913700320FFF746FBD3
:10C86000BDE8704008490420FFF740BB70BD00BF21
:10C8700040420F00F4050020ECA70200F6A70200DA
:10C88000F1050020910A02009D0A020090F825306F
:10C8900063B9084B99420ADD074B9942CCBF4FF070
:10C8A000CD614FF0806101238160037570474FF0C7
:10C8B000CC71F8E78FD003007F1A06000268114B95
:10C8C0002DE9F04153F822500F4F4FF48271044686
:10C8D0002846FFF7FBFE01236B6104F00DF93B686E
:10C8E00042F20F7803FB00F6D5F8043133B904F0B7
:10C8F00003F93B6843439B1B4345F5D90020E060A7
:10C90000BDE8F08138A80200F40500202DE9F041CF
:10C910001C4601230375D0F800800E461746FFF72A
:10C92000F7FE084823463A46C6F3470100EBC80025
:10C9300003F0A6FD00280CBF20464FF0FF30BDE8F5
:10C94000F08100BF28A802002DE9F3411D46012314
:10C950000375D0F800800E461746FFF7D9FE089CF5
:10C960000A48B4FA84F4640900942B463A46C6F3A4
:10C97000470100EBC80003F06BFD00280CBF284600
:10C980004FF0FF3002B0BDE8F08100BF28A80200E0
:10C99000C368003918BF01214BB190F8253080F8E9
:10C9A0002430012380F825100375FFF7B1BE0B4634
:10C9B000F5E7000010B50368064C04EBC3042046FD
:10C9C00004F00AF818B9204603F0F6FF10BD032062
:10C9D000FCE700BF18A802002DE9F041D0F8008064
:10C9E0000D4F0D46164607EBC804204603F0F4FF32
:10C9F0000028FAD032462946204603F0B9FF2046E7
:10CA000004F00AF80028FAD157F83830D3F83C057A
:10CA1000C0B2BDE8F08100BF18A802002DE9F041C6
:10CA2000D0F800800D4F0D46164607EBC80420468F
:10CA300003F0C2FF0028FAD032462946204603F010
:10CA400073FF204603F0D8FF0028FAD157F838309A
:10CA5000D3F84C05C0B2BDE8F08100BF18A80200B1
:10CA60000121017580F82620FFF752BE0228DCBFA5
:10CA7000014B43F820107047E8B000200228DABFCD
:10CA8000024B53F820004FF0FF307047E8B0002011
:10CA90002A4B70B502461C46002093F900506E1CCC
:10CAA00003D193F90160013612D095422BD193F94D
:10CAB00001508D4227D104EBC004214D606800EB8A
:10CAC00040042B192A55FF2459709C70431C19D11E
:10CAD0001B4B93F90040A24207D193F90100884211
:10CAE00003D193F90200013025D093F9030082426B
:10CAF0000CD193F904508D4208D193F905500135BA
:10CB000004D1012070BD01300833C6E75D782C40A8
:10CB10009D782C40FF2C0CD01C7920405C79204063
:10CB2000FF2808D1012000EB40041D191A55697037
:10CB3000E8E70020F7E70020E4E700BFF0A50200E7
:10CB4000FC050020234B70B502461C46002093F9DB
:10CB50000060751C13D093F90150B5F1FF3F0ED062
:10CB600096421FD18D421DD104EBC0041A4B606860
:10CB700003F8102003EB4003461C597011D1164BEB
:10CB800093F90040A24203D193F9010088420CD0EE
:10CB900093F9020082420AD193F903508D4206D1E3
:10CBA000012070BD01300833D1E70020F9E75D783E
:10CBB0002C40FF2C0BD0DC782040FF284FF00100E8
:10CBC000EFD103F8102003EB40035970E9E7002090
:10CBD000F7E700BFE8A50200F805002008B5054BFF
:10CBE00005494FF48072184606F02CFA034A90600B
:10CBF00008BD00BF000000200000010000ED00E0C3
:10CC000000F0D0BD0023435082B043580193019BF4
:10CC100002B070472822074B50431A181B580021B6
:10CC200051741A6A22B1586A800701D5D869104731
:10CC3000704700BFD0B10020074B282250431A187C
:10CC4000002151731B581A6A2AB1596AC90702D5C3
:10CC5000D869012110477047D0B10020084B282225
:10CC600050431A180021D17351731B581A6B2AB103
:10CC7000596B490702D5042199631047704700BFDB
:10CC8000D0B1002008B5174B1A7832B100201870C7
:10CC9000154BDB7BF3B1FFF7E1FF144B1A781AB1A8
:10CCA00000201870FFF7B6FF114B1A7842B100222E
:10CCB0001A700D4B93F8373001207BB1FFF7CEFF90
:10CCC0000C4B1A786AB100221A70BDE808400120A6
:10CCD000FFF7A0BF1846FFF7AFFFDEE7FFF7ACFF97
:10CCE000EEE708BD67B10020D0B1002066B100209A
:10CCF00065B1002064B1002008B5114B024653F81D
:10CD00002000104BC0F808334FF4A671FFF77AFFEC
:10CD10004FF48871FFF776FFD0F8003223F020033C
:10CD2000C0F80032084B282101FB023301221A749B
:10CD3000002283F824201023C0F8043308BD00BF6C
:10CD4000E0A8020010000800D0B10020184B2DE927
:10CD5000F04153F82080174F174EC8F80863282376
:10CD600003FB00F43D190434686900F014FE20232D
:10CD70004FF4A6714046AB61FFF744FF4FF4887152
:10CD8000FFF740FFD8F8003243F02003C8F8003224
:10CD900000233C440122AB74C8F834452B74C8F816
:10CDA000382585F82430C8F80463BDE8F08100BF59
:10CDB000E0A80200D0B100201000080040B9074BE5
:10CDC00001221A70064B4FF48012C3F800217047FD
:10CDD0000128FCD1034B1870F4E700BF67B10020B5
:10CDE00000E100E065B100202DE9F74FDFF8448154
:10CDF000044658F82000D0F81031EBB14FF4887198
:10CE0000FFF700FFDFF81CA1282363430AEB030BA5
:10CE10009BF81060002E43D000228BF810208BF876
:10CE20000E205AF80330D3E90F212AB1C80503D5E3
:10CE30004FF480715964904758F82450D5F84C311C
:10CE4000FBB1D5F81031E3B94FF4A6712846FFF7CE
:10CE5000D9FE3448282363431A1D0344997C81F08A
:10CE600001010A440244186AC5F83425411C4FF0F8
:10CE70000102C5F8382504D0996903294CD902F07C
:10CE800069FCD5F82031002B49D028464FF4907129
:10CE9000FFF7B8FE204603B0BDE8F04FFFF78EBFA6
:10CEA0009BF81250D0F83C9585F001028BF81220C7
:10CEB000B9F1000FC0D01D4403F1180703355744E2
:10CEC0005544DBF8140001A900F087FD88B115F87E
:10CED000013F0370DBF8140001A900F0A8FD57E83A
:10CEE000002F013A47E80023002BF8D10136B14565
:10CEF000E7D1282303FB04A35A7C002A9CD10122FA
:10CF00005A744FF48011084B24B908480270C3F8D2
:10CF1000001191E70648F9E783F82420B1E703B050
:10CF2000BDE8F08FD0B1002000E100E066B1002044
:10CF300064B10020E0A802000120FFF755BF0020E7
:10CF4000FFF752BF2DE9F843044628B95B495C4816
:10CF500040F24222FDF7F4FA4268551C18D01F2A0D
:10CF60004FF0010385BF02F01F0003FA00F103FA3E
:10CF700002F1544B9CBF4FF0A043104600F5E07007
:10CF800094BFC3F80815C3F80815032143F820100F
:10CF9000A168481C0CD01F298BBF01F01F030B4652
:10CFA00048484FF0A04003F5E073002540F82350B7
:10CFB0002368454E56F82300C0F80C25C0F8141518
:10CFC000227D012A15D1E268511C0CD01F2A8BBF8B
:10CFD00002F01F0111463B4D4FF0A04501F5E071F5
:10CFE000002745F821704FF0FF31C0F80815C0F850
:10CFF0001025364D2169282707FB03531A6A9142F1
:10D000004ED0187F02F0C4FE20B140F26F222B49AF
:10D010002F489FE7236807FB03531B6A013302D0A5
:10D02000206902F041FB2069431C33D0294902F0FA
:10D03000D1FA082806D1206902F036FB254920697B
:10D0400002F0C8FA10B140F28622E0E723682069B6
:10D0500056F823704FF0280808FB035207F588772D
:10D0600092F81C9002F068FB39460246484602F0EE
:10D0700059FE10B14FF42372C9E7236808FB03532C
:10D08000187F02F06FFE10B140F28F22BFE72069D7
:10D0900002F040FB2368282202FB035523692B6220
:10D0A0002368217D56F82320637D0B43C2F86C353D
:10D0B000A369C2F82435BDE8F88300BF7AA802004E
:10D0C00087A8020000030050E0A80200D0B10020B1
:10D0D00058A60200DAA8020070B5044628B91A4919
:10D0E0001A484FF43C72FDF72BFA0568184E2823B6
:10D0F0006B43F218F358834202D193F82C1081B19C
:10D100002046FFF71FFF28236B432846F4500023D7
:10D1100084F82C3094F82D304BB1BDE87040FFF707
:10D12000EBBD93F82D30127C4BB93AB12846FFF78E
:10D130000DFE084B53F8253001221A6070BD002AFD
:10D14000FCD12846E9E700BF7AA8020087A80200C0
:10D15000D0B10020E0A802002DE9F84F884617461C
:10D16000044628B95749584840F23732FDF7E8F9E4
:10D17000564B574D1A78002A5ED000221A7002F0E2
:10D180001FFA08B902F0E6F9524E53491420FEF78F
:10D19000ADFEE02386F814334FF48013C6F88031D7
:10D1A0003360DFF86C914D4901232122484600F09D
:10D1B000DFFB00234A48C5F814902B6002F084FD81
:10D1C000814620B14FF456723E494648CEE7464B61
:10D1D00046494FF0FF3AC5F820A00220C3F808A343
:10D1E000FEF784FE042386F80293C6F8803133608C
:10D1F000DFF820B13E4901232122584600F0B8FB58
:10D200003C48C5F82890C5F83CB002F05DFD814669
:10D2100010B140F26E32D7E7374BC5F848A0374916
:10D22000C3F808A32820FEF761FE4FF4807386F848
:10D230002893C6F88431736039464046FFF782FC74
:10D2400028234343EA18206096680136012E966031
:10D250001ED12B4A52F820000822C0F800250C33BA
:10D260004FF0FF32C0F80C251D44C0F814254FF0D4
:10D270008052C0F824254FF49071C0F84455C0F88E
:10D280004865FFF7BFFC8660D0F81C31002BFBD04F
:10D290001C4BA3614FF0FF33C4E903330023A38287
:10D2A0002362194B9C4208BF184A4FF00103C4E99E
:10D2B000018708BF136084F82C302046BDE8F84F82
:10D2C000FFF70ABF7AA8020087A80200050600201F
:10D2D000D0B1002000E100E085CC0100ACB100201D
:10D2E000ECB1002058A60200002000403FCF010012
:10D2F00078B1002014B200200080024039CF010034
:10D30000E0A8020000502700F4B0002060B1002027
:10D310009CB1002068B1002008B528B91349144811
:10D320004FF47572FDF70CF902681249282303FBCC
:10D3300002118B6883B1013B8B606BB90E4951F8C8
:10D340002210C1F8003501213AB90C4BC3F8FC2F6B
:10D35000D3F8FC2FC3F8FC1F08BD094AC2F8FC3FF4
:10D36000D2F8FC3FC2F8FC1FF6E700BF7AA8020023
:10D3700087A80200D0B10020E0A8020000200040F1
:10D380000080024008B528B93449354840F20242CD
:10D39000FDF7D6F8B1F5166F39DBB1F5965F39DBDD
:10D3A000B1F5165F39DBB1F5615F38DBB1F5964F4A
:10D3B00037DBB1F5E14F36DB47F61123994234DD17
:10D3C000B1F5164F33DBB1F5614F33DBB1F5963F65
:10D3D00033DBB1F5E13F33DBB1F5613F32DB214BAC
:10D3E000994232DDB1F5E12F32DBB1F5612F32DB4D
:10D3F0001D4B9942CCBF4FF080514FF07061836953
:10D400008B421EBF0123816180F82C3008BD4FF490
:10D410009E21F4E74FF41D21F1E71449EFE7144989
:10D42000EDE71449EBE71449E9E71449E7E74FF45E
:10D430000001E4E74FF41D01E1E74FF46B01DEE783
:10D440000F49DCE74FF0EB71D9E74FF06C71D6E78D
:10D450004FF08061D3E74FF0E861D0E77AA802008F
:10D4600087A802008FD003003F420F0000B01300D6
:10D470000050270000F03A0000A04E0000C07500E8
:10D4800000903A0108B528B91449154840F24242C3
:10D49000FDF756F8082904D01049124840F24742D7
:10D4A000F6E732B1022A09D00C490F484FF48962DD
:10D4B000EEE7012B0CD1417D31B908BD012B07D11D
:10D4C000427D0E2AF9D00E22427580F82C30F4E706
:10D4D0000249064840F24942DAE700BF7AA8020052
:10D4E00087A802008BA802009AA80200CBA802001D
:10D4F00008B528B91149124840F26A42FDF720F8F0
:10D50000B3F1FF3F14D0012912D14FF0FF33C360B4
:10D510009A4201D14FF0FF32003918BF0121012397
:10D52000017580F82C300261BDE80840FFF7D4BDDA
:10D53000C360531CEED00229EBE700BF7AA80200BB
:10D5400087A8020008B528B90449054840F2D64228
:10D55000FCF7F6FFC0E9072108BD00BF7AA802006A
:10D5600087A80200F8B50E4628B91149114840F2C3
:10D57000EB42FCF7E5FF01290768446A0CBF01256F
:10D58000022582B125434562FFF7A6FD012E0DD18C
:10D59000094B53F82730D3F81C313BB13846BDE86E
:10D5A000F840FFF70BBC24EA05044462F8BD00BF55
:10D5B0007AA8020087A80200E0A80200F7B528B9FF
:10D5C0001C491D4840F21452FCF7BAFF00220768BC
:10D5D0001A4C80F82D20FFF77FFD282303FB07431B
:10D5E0005D696A89EB8892B29BB29A42F9D001A92F
:10D5F000284600F02CFA01A90646284600F052FA07
:10D60000282303FB0743183353E8001F013143E885
:10D610000012002AF8D1282303FB074494F8243091
:10D6200023B1206A84F8242002F094F8307803B003
:10D63000F0BD00BF7AA8020087A80200D0B1002088
:10D6400038B50D4628B91549154840F24552FCF742
:10D6500077FF0468FFF740FD124B53F82400D0F821
:10D660001C31002BFBD04FF48E71FFF7CBFA282230
:10D670000D4B54431A190C341C4415730122C0F885
:10D6800044454FF49071C0F84825FFF7BBFA4FF4BA
:10D690008073C0F80433826038BD00BF7AA80200EE
:10D6A00087A80200E0A80200D0B1002010B528B978
:10D6B0000B490C4840F26D52FCF742FF002280F803
:10D6C0002D200468FFF708FD074B282202FB0433D6
:10D6D0005B695889DB88C01A18BF012010BD00BFE4
:10D6E0007AA8020087A80200D0B1002008B528B9A6
:10D6F0000C490D4840F28A52FCF722FF02680B4B9E
:10D70000282101FB02335B7BDBB243B9084B53F8A2
:10D710002230D3F81C01003818BF012008BD0020BA
:10D72000FCE700BF7AA8020087A80200D0B1002061
:10D73000E0A802000E4B1A6942F010021A61F1EEE5
:10D74000102A22F09F02E1EE102AF1EE102A094A77
:10D750004021C2F884114FF080420121D16740BFBF
:10D7600020BF5A68044B134003B920BF704700BF65
:10D7700000ED00E000E100E03FF0439E074808B5FF
:10D78000037813B1064B01225A60FFF7D3FF0378E9
:10D7900013B1034B01221A6008BD00BF20B2002064
:10D7A000009000407047000000487047E8A8020061
:10D7B00073B5224E224C327862B10023C4F8403156
:10D7C000D4F840310093009B4FF48033C4F8083301
:10D7D00002B070BD01254FF480336560C4F8083392
:10D7E000D4F80435174923F00303C4F80435D4F8FA
:10D7F000103523F00F0343F00403C4F81035D4F8B8
:10D80000083543F00303C4F80835C4F84025C4F8CC
:10D810004021D4F8403101930920019BFEF766FBBB
:10D82000094B402283F809234FF40072C3F880218A
:10D830001A60256065643570CAE700BF20B2002019
:10D8400000900040BD9B010000E100E0024B01227E
:10D850005A64D3F8440570470090004013B504465D
:10D86000FCF716FF0B4BC3F84045D3F8042312F422
:10D87000803209D1C3F84021D3F840210192019AA6
:10D880004FF48032C3F8042302B0BDE81040FCF727
:10D8900015BF00BF00900040024B4FF40072C3F868
:10D8A0000021704700E100E0024B4FF48032C3F8E2
:10D8B0000823704700900040054B002282B0C3F857
:10D8C0004021D3F840310193019B02B0704700BF63
:10D8D000009000400A4B01225A601A614FF48032D6
:10D8E000C3F80823074B4FF40072C3F88020BFF33E
:10D8F0004F8FBFF36F8F044B00221A70704700BF29
:10D900000090004000E100E020B2002072B6054A1D
:10D910001378191E18BF0121013301701370002004
:10D92000704700BF21B20020044B1A7818B1013AA9
:10D930001A7000207047187062B6FAE721B2002012
:10D9400010B5034653E8002F02EA010043E8000443
:10D9500094F0000FF6D110BD10B5034653E8002F28
:10D96000A2EB010043E8000494F0000FF6D110BDD3
:10D9700010B561B1B2FBF3F403FB1424A4B244B9B3
:10D98000C0E9001484608281C381204610BD0E204E
:10D99000FCE70920FAE782B050E8022FC188B2EB19
:10D9A000324F4FF0000317BF92B241EA014142EA01
:10D9B000014104E04268B2EB324F08BF012340E866
:10D9C0000212002AE8D18DF807309DF80730002BAD
:10D9D0000CBF1120002002B0704737B550E8013F5E
:10D9E0009DB2C48925448489A54228BF2D1B048982
:10D9F000A54202BFBFF32F8F002207E0C5EA03054F
:10DA000040E80154002CE9D14FF001028DF80320C9
:10DA10000193019A0A609DF8031001F0FF0321B100
:10DA2000006810FA82F003B030BD1846FBE70A88A0
:10DA30004B889A4209D150E8012FC2EA024240E8DD
:10DA40000123002BF7D1012070470020704737B524
:10DA500050E8023F1FFAA3F5C488A54202BFBFF3F6
:10DA60002F8F00220DE0C48925448489A54228BF58
:10DA70002D1BC3EA054540E80254002CE8D14FF0C5
:10DA800001028DF803200193019A0A609DF80310AA
:10DA900001F0FF0321B1006800EB124003B030BD7C
:10DAA0001846FBE70A884B889A4209D150E8022FB2
:10DAB000C2EA224240E80223002BF7D1012070473E
:10DAC0000020704770B5064E0546002456F8043B0A
:10DAD0000BB1284698470134042CF7D170BD00BF24
:10DAE00094B200204388033300EB8303994209D3A7
:10DAF00082884FF6FF739A4206D00088B0FA80F011
:10DB00004009704702207047012070470B4A0C49BA
:10DB10005388142000FB0311CB6833B904204968F3
:10DB200010700122074800F0DEBB0749052313707F
:10DB300002238B80012209680023F3E744B200200E
:10DB40005CB20020FC0F002054B2002007B5002377
:10DB500005490093054A09680548082300F095FB2C
:10DB600003B05DF804FB00BF54B20020FCA8020023
:10DB7000FC0F002007B5002301460093034A044828
:10DB8000082300F082FB03B05DF804FBF4A8020058
:10DB9000FC0F002013B500230C4600930146084AF1
:10DBA0000848042300F071FB38B90749142202FB2E
:10DBB000041101230B7402B010BD0E20FBE700BF5F
:10DBC000F0A80200FC0F00205CB2002037B50A4824
:10DBD0000A4B42689C8819685388032503330570F3
:10DBE0009BB2002000909B0001EB8401044800F0F0
:10DBF0004CFB03B030BD00BF44B2002054B2002043
:10DC0000FC0F002038B5144B14220D4602FB0033E4
:10DC10005C682B6804F58051A3B15C88033403EB86
:10DC200084048C4215D22368013312D02046FFF7BA
:10DC300059FF012808D002280BD00028F1D12C6010
:10DC4000012038BD0834ECE76388033304EB830418
:10DC5000E7E70020F5E700BF5CB200204368F7B5B6
:10DC600005460E461BB1234AD1688B4206D20024DA
:10DC70000027022C34802AD1002022E0126993422E
:10DC8000F5D813F00304F2D11B4A0189128991429D
:10DC9000EED101689A689142EAD118494A689342E4
:10DCA00003D902F5805293420DD38A6993420CD96D
:10DCB00002F58052934208D201233380B4FA84F0F3
:10DCC000400903B0F0BD2346F7E70A24F6E70197C1
:10DCD00001A92046FFF796FF10B90134A4B2C8E7A6
:10DCE000019B2A6899689142F2D16B60024B1B89B3
:10DCF0002B81E6E7FC0F002044B200205CB200203C
:10DD00002DE9F0471C461D4B1B78074688461646F2
:10DD10007BB382B37CB3DFF86C904FF0140AA58814
:10DD2000012D01D90A2022E00AFB05F319F803307E
:10DD30002BB921462846FFF765FF18B92060013549
:10DD4000A580ECE723681FB199883A889142F0D109
:10DD5000B8F1000F04D01988B8F800209142E8D13A
:10DD60009A68C6E90023064B1B8933810020BDE871
:10DD7000F0870220FBE70520F9E700BFA8B20020EA
:10DD800044B200205CB2002008B5074B5888191D2A
:10DD9000FFF738FF18B1BDE80840FFF717BFBDE82F
:10DDA0000840FFF7B3BE00BF44B200202DE9F047A2
:10DDB0009C4FDFF8948288B006463B6823B99A48A6
:10DDC0004146FFF744FE38603D6829784B1E052B1D
:10DDD00000F21481DFE813F0060069006900090110
:10DDE0000901720146B1914B00215960142203A828
:10DDF00005F026FA012407E12B79032B1CD8DFE874
:10DE000003F01402303B8A4A1378022B1DD0137D95
:10DE1000022B4FF001031AD114214B43D1180020DB
:10DE2000D0544868FFF7A6FE03E001232B71FFF7EB
:10DE30008DFE002800F0D3807C4B0021142203A823
:10DE400059600E2405F0FCF9DEE00023E4E7774A90
:10DE5000002113705160142203A805F0F1F9002489
:10DE6000D2E074497448002302222B718A80096829
:10DE7000012200F038FADCE76E4C00262E71206893
:10DE8000FFF778FE6D4BDFF8A8C15B882568142288
:10DE900053430CEB03020CF8036051685560A588EE
:10DEA000158102222160A280C3E7B5F814A0AA7DE3
:10DEB000DFF87C91B6B1022AEB8806D9142101FB68
:10DEC0000A91DA1C088902440A81142202FB0A9989
:10DED000C3F57F43B9F80A10FD330B44A9F80A30A3
:10DEE000002184E7142303FB0A9318895C6804EB80
:10DEF0008004062A05D8DFE802F0355B4351256728
:10DF000075000F24AA7DEB88022A06D9142101FB93
:10DF10000A91DA1C088902440A81142202FB0A9938
:10DF2000C3F57F43B9F80A20FD331344A9F80A303A
:10DF30001422002103A805F083F941F61D539C42E9
:10DF40008DD061E03E483F4900234360AB690360E8
:10DF5000FFF784FE014628B9142203A805F070F9E2
:10DF60000A2451E00223AB75002300930423EA182E
:10DF70002146314800F089F9002830D00E24C1E74D
:10DF80002B69002B0CBF01230323AB7500230093E7
:10DF900005F10C02042304F10801EAE70123AB7543
:10DFA0000022EB8800922A699B0004F10C01E0E753
:10DFB000032914BF06230523AB7500230093042314
:10DFC00005F10802E118D4E70623AB751D4B19884B
:10DFD0001B4B5868FFF7DEFD0446002892D108B0BD
:10DFE000BDE8F08741F61D548CE70EB1142277E7A7
:10DFF0002B79012B47D0022B57D03BB314220021A1
:10E0000003A805F01DF90F243B6804941A78023A1E
:10E01000042A00F20781DFE812F0E800F40016019C
:10E020001E01250140B2002084B20020A8B20020C9
:10E030005CB2002054B20020FC0F002044B200204B
:10E0400030B200202CB200203CB2002002232B7101
:10E050000DF10A01EB68039303A8CDE90466FFF70D
:10E06000FDFD10B91422314677E70498BDF80A1077
:10E070008388EB8003882B81FFF78CFD0446002CFE
:10E080007FF456AFABE7DFF8F89103AA4B46314671
:10E09000A81DFFF735FE044650B9B9F804100498DE
:10E0A000FFF778FD0A280446E9D114220021D3E6BF
:10E0B0000A28C9E900667FF43BAFF6E7002E95D148
:10E0C0006A4B197B1A78A9B11E731A78013A062A8D
:10E0D00094D801A151F822F07FE10100A5E10100EF
:10E0E000C3E10100C9E10100FDDF0100CFE1010052
:10E0F000E1E10100072AE8D801A151F822F000BFB0
:10E1000021E10100CBE00100CBE0010047E101008B
:10E110005BE101007BE101007BE1010043E10100E3
:10E120001A89534901321A8100225A801A730A78D7
:10E13000B2FA82F252099A720A7DB2FA82F2520956
:10E14000DA72012207E04B4958688A884088033216
:10E1500002448A8002221A70B7E75C88444A454923
:10E16000142505FB042208685468506088881081D3
:10E1700002228A800C600622EDE70722EBE79A7AFA
:10E1800032B9DA7A8AB9002119705980596062E689
:10E19000374900229A72CA68002AF2D1097C002904
:10E1A000EFD05A80FFF7F0FD68E70022DA72304ABC
:10E1B000116A0029E7D192F82420002AE3D0012235
:10E1C000EFE7FFF703FD59E7FFF7A0FC56E75A8892
:10E1D000274B142101FB02335868FFF7CBFC4DE7B6
:10E1E00000225A60FFF7B2FC48E701228DF80C20AC
:10E1F0001A89ADF818209A88DB68ADF81A200593C3
:10E2000010E002228DF80C201A89ADF818209A88A7
:10E21000ADF81A20DA689B7D05929A1F534253414C
:10E220008DF81C3003A8FFF74DFC0026414612482C
:10E230003E60FFF737FC11480121FFF78DFB0028F6
:10E240007FF4BBADCBE603228DF80C20DA88ADF865
:10E2500018201A89D0E704228DF80C20DB88ADF84D
:10E260001830DFE705238DF80C30DBE744B20020DF
:10E270005CB2002054B2002084B20020A4B200207E
:10E2800024B200204068FFF791BD2DE9F04308B3A8
:10E2900002B3D0F800E0BEF1000F1ED0FBB147681A
:10E2A000D7F80490B3FBF9F709FB1737BFB942EA77
:10E2B000010C1CF0030F14D1C768B94211D30569D2
:10E2C0004C1E1C44AC420CD8DEF80C40A446BDE801
:10E2D000F04360470E20BDE8F0830820FBE70920EB
:10E2E000F9E71020F7E7F0B5D8B1D0F800C0BCF1DD
:10E2F000000F18D0CAB14768D7F800E00EF1FF3719
:10E300000F4214D1C768B94211D305694C1E0EFBE8
:10E310000244AC420BD8DCF81040A446BDE8F04003
:10E3200060470E20F0BD0820FCE70920FAE7102026
:10E33000F8E7FCF7ADB9FCF7C1B900F1804000F592
:10E340001C3001230360BFF36F8FBFF34F8F704703
:10E35000020713D400F00F0310F0800F084A0BBF20
:10E3600003F5887303F5847302EB830252F82300EC
:10E3700008BF5068431E58425841704700207047FC
:10E380000070024010F0080F074B06D0D3F8C0040D
:10E3900010F4803F18BF0020704700F00F0000F518
:10E3A000947053F820007047007002404FF0805383
:10E3B000D3F83021082A05D1D3F83401003818BF2A
:10E3C000012070470020704730B5D1E900549C42CD
:10E3D00029BFC0E900530021E41AED1832BFC0E99B
:10E3E00000514C600D60934203D1201E18BF0120E4
:10E3F00030BD0020FCE74B6810B59A420C6828BF7E
:10E400001A46C0E90042981A0B6848601344003865
:10E410000B6018BF012010BD30B54C680B68A242DC
:10E4200028BF2246002A14BF1D460025A4EB020483
:10E430001344C0E900524C600B6014BF012000205F
:10E4400030BD0000054B10F0800FA3F1900208BF13
:10E45000134600F00F0003EB0010704758B4002083
:10E46000C343C3F3C01300F00F0000EB0310704769
:10E47000034A0023C2F81C3C024A1370704700BFD5
:10E4800000700240ECB4002007B5074A0023137067
:10E49000064A137001230193054B01A81B68984796
:10E4A00003B05DF804FB00BFF9B40020F8B400200D
:10E4B000FCB4002013B5124C0122236802FA01F1CA
:10E4C0000B4323600F4B1B68194003060DD551B950
:10E4D00006238DF804308DF806008DF807100A4BDE
:10E4E00001A81B68984702B010BD0029FBD1062384
:10E4F0008DF804308DF806008DF80720EFE700BF97
:10E50000F4B40020F0B40020FCB4002008B5054BA2
:10E510001A781046FFF7A4FFBDE8084001461046F0
:10E52000FFF7C8BFF8B400201C4B13B5D3F8004464
:10E53000C3F80044BFF36F8FBFF34F8FBFF36F8FEC
:10E54000BFF34F8FE10508D5154B01221A70022346
:10E550000193144B01A81B689847A20508D5104BDE
:10E5600000221A70032301930E4B01A81B689847E1
:10E57000630511D50A4B1A7872B100221A70074B45
:10E580000122C3F808255820FFF7D7FE0423019382
:10E59000044B01A81B68984702B010BD00700240F0
:10E5A000F9B40020FCB400204B689A4228BF1A46F8
:10E5B0000A4B70B50C46064609681846154604F025
:10E5C00041FDC6E9000560682368401B60602B447C
:10E5D0000038236018BF012070BD00BFB0B200201A
:10E5E0004B689A4228BF1A4670B506460D46144637
:10E5F00082B10968084804F025FD074BC6E90034DC
:10E600006B681B1B6B602B68201E23442B6018BF9C
:10E61000012070BD1346F1E7B0B2002008B5FFF746
:10E6200027FF084B93F89E20032A06D1BDE8084037
:10E6300005486FF00101FFF783B9D3F89030002B44
:10E64000F4D008BDC8B30020F0B400200A4AD2F8C4
:10E650006834C2F86834BFF36F8FBFF34F8F012166
:10E6600003B9704793FAA3F2B2FA82F201FA02F206
:10E6700023EA0203F4E700BF0070024008B5FFF789
:10E68000F7FE0146FFF7DEFE837B032B0AD1084627
:10E69000FFF7E6FE01218140BDE808400348C94379
:10E6A000FFF74EB90368002BF1D008BDF0B400208D
:10E6B0008720FFF7E3BF8620FFF7E0BF8520FFF745
:10E6C000DDBF8420FFF7DABF8320FFF7D7BF8220AA
:10E6D000FFF7D4BF8120FFF7D1BF00002DE9F04F35
:10E6E000DFF8589199F8003085B0002B5CD1DFF845
:10E6F00044A1DFF84C81DAF80060D8F800301E4001
:10E7000052D096FAA6F6002E51D0B6FA86F30F2B09
:10E710001E464EDDA6F11004E4B22046FFF792FE3D
:10E7200005462046FFF72EFE2F68AA896968034632
:10E73000834602A8B847029B002B46D100B9286047
:10E74000394B8222C3F81C2CD8F80010012289F81A
:10E750000020B24021EA0201C8F80010039AA9681B
:10E7600067B21144002FA96004F00800029904F078
:10E770000F0449DA00283FD0C3F8A016C3F8A42636
:10E78000042000EB8400FFF7D8FD284A284B13EA49
:10E79000270338BF134633F8143003F1804303F5E1
:10E7A0001C331A68002AFCD005B0BDE8F08F202683
:10E7B000B0E743F080042046FFF744FE03688289F7
:10E7C0004168054602A89847B8E7039B9B45B5D921
:10E7D00001210227B140AF73C9431648FFF7B0F8D3
:10E7E00006238DF80430144B8DF806401B688DF815
:10E7F000077001A898477EE7142000FB0433C3F894
:10E800000016C3F80426BBE728B1C3F8A017C3F865
:10E81000A4272820B5E7142000FB0433C3F8001711
:10E82000C3F80427F5E700BF0070024016A90200F4
:10E8300028A90200F0B40020FCB40020ECB40020B1
:10E84000F4B4002037B5FFF713FE0446FFF7FAFDD6
:10E85000837B032B0DD12046FFF702FE012181406F
:10E86000C9431048FFF76CF803B0BDE83040FFF72C
:10E8700035BF0568002DF7D12046FFF7F1FD0121D6
:10E880008140C9430748FFF75BF806238DF8043041
:10E89000054B8DF806401B688DF8075001A8984776
:10E8A000E2E700BFF0B40020FCB400200720FFF72F
:10E8B000C9BF0620FFF7C6BF0520FFF7C3BF04206E
:10E8C000FFF7C0BF0320FFF7BDBF0220FFF7BABFAD
:10E8D0000120FFF7B7BF000007B500238DF8043013
:10E8E0000B4BD3F82025ADF80620D3F8C034094AE5
:10E8F000002B136814BF4FF001214FF480710B43BC
:10E900001360054B01A81B68984703B05DF804FB32
:10E9100000700240F4B40020FCB4002007B5FFF7FB
:10E92000A7FD114B93F81E21032A07D10F486FF45E
:10E93000807103B05DF804EBFFF702B8D3F8103133
:10E9400073B90A486FF48071FEF7FAFF06238DF859
:10E9500004308823ADF80630054B01A81B689847A2
:10E9600003B05DF804FB00BFC8B30020F0B4002082
:10E97000FCB4002007B5FFF77BFD0D4B93F88E200C
:10E98000032A11D0D3F8803073B90A486FF0807130
:10E99000FEF7D6FF06238DF804300823ADF80630C5
:10E9A000054B01A81B68984703B05DF804FB00BF46
:10E9B000C8B30020F0B40020FCB4002038B51A4BD6
:10E9C000D3F86C44C3F86C44BFF36F8FBFF34F8F21
:10E9D000BFF36F8FBFF34F8FFFF7E8FC38B9134ACF
:10E9E000136823F0011103F001130C431360012598
:10E9F0001CB9BDE83840FFF771BE94FAA4F171B1BB
:10EA0000B1FA81F30F2B19460BDDA1F11000C0B252
:10EA100005FA01F324EA0304FFF74CFDE8E720219F
:10EA2000F3E743F08000F3E700700240E8B4002011
:10EA3000054B1A78012A01BF044A002010601870A3
:10EA400018BF0820704700BF00B50020FCB40020AC
:10EA50004E4B4FF4006210B5C3F80024BFF36F8F24
:10EA6000BFF34F8FFFF7A2FC98B10020FFF761FCC6
:10EA7000474BD3F8001C0322002979D149F27531A4
:10EA8000C3F8001CC3F8142DC3F8001C0020FFF7C6
:10EA900052FC0020FFF74DFC3D4BD3F8001CC02278
:10EAA000002968D149F27531C3F8001CC3F8142C51
:10EAB000C3F8001C0020FFF73EFC344B0122C3F8D2
:10EAC0000025BFF36F8FBFF34F8FD3F800241205DB
:10EAD000FBD54FF40062C3F80024BFF36F8FBFF380
:10EAE0004F8F0020FFF725FC294BD3F8001C00298D
:10EAF00044D149F27532C3F8002CC3F8141CC3F892
:10EB0000002C0020FFF717FC204B40F2E372C3F803
:10EB100000284022C3F80428BFF36F8FBFF34F8F44
:10EB20008022C3F81C251B4B40F2FF121A601A4BBF
:10EB300000241C60FFF79CFC184B1C70184B022231
:10EB40001A70FFF733FC00B32046FFF7F2FB104BBF
:10EB5000D3F8001CB1B949F27532C3F8002CC3F8E0
:10EB6000141DC3F8002CBDE810400020FFF7E3BBE4
:10EB7000C3F8142D8AE7C3F8142C9BE70022C3F8CE
:10EB8000142CBEE7C3F8144DEDE710BD0070024031
:10EB900000E00640F4B40020F0B40020F8B40020F7
:10EBA00000B5002008B5104B00221A70C8B9FFF755
:10EBB000FDFB0E4B0E4A002808BF13460D4AC2F853
:10EBC00004330D4BE02183F827138021C3F884110F
:10EBD00059600123C2F80435BFF36F8FBFF34F8F25
:10EBE00008BD034BEAE700BFF9B400200714C001D9
:10EBF0000714E0010070024000E100E0034B1878C8
:10EC0000012894BF00200120704700BF00B50020FC
:10EC1000044B1B78012B83BF034B5868C0F3C01013
:10EC20000020704700B5002000E100E008B5FFF7C4
:10EC300009FC818108BD000070B5002833D01C4B51
:10EC40001C7894BB1B4A106001221A70264664F09F
:10EC50007F0514F0080FEDB214BF4FF4007140218E
:10EC60002846FFF7E3FF2846FFF7ECFB0134092CA9
:10EC7000867306608660EAD10024254614F0080FEA
:10EC8000E6B214BF4FF4007140213046FFF7CEFFCB
:10EC90003046FFF7D7FB0134092C8573056085608A
:10ECA000ECD1002070BD0720FCE70820FAE700BF88
:10ECB00000B50020FCB40020064A10F0800F00F0E0
:10ECC0000F0314BFD2F81005D2F81405D84000F095
:10ECD0000100704700700240084B094AC3F808233E
:10ECE00041F20402C3F804230122C3F81025C3F83B
:10ECF0001425BFF36F8FBFF34F8F70470070024032
:10ED0000F8EB1F002DE9F843054600208846FFF781
:10ED100010FB15F00F0103D12A4B1B78AB424CD1ED
:10ED2000294B2A4F1C683E682846FFF799FBE443AD
:10ED3000A4B24FF00109344309FA00F914EA0904B6
:10ED40003DD12846FFF77EFB0C232A06844601FBB3
:10ED500003F32ED5D8F80020D8F8081002F060424E
:10ED6000B2F1005F01F0010120D1194A19480029D0
:10ED700008BF024618490B44CCF8002098E8070069
:10ED800083E80700CCF804300023CCF808308CF876
:10ED90000E30124B46EA090680223E60C3F8042179
:10EDA0000020FFF7C8FA2046BDE8F8830C4A0D485A
:10EDB000DDE70D4A13440D4ADEE71024F0E7112485
:10EDC000EEE700BFF8B40020F4B40020F0B4002057
:10EDD00019E40100F7E301005CB3002000E100E06A
:10EDE000E1E50100A9E50100F0B20020C9E301005E
:10EDF000FFF7C8BA08B5084B1A68084BD2431B681E
:10EE000092B21A43FFF72CFB01238340134214BF35
:10EE10000120002008BD00BFF4B40020F0B40020A1
:10EE2000044B40F48070C3F81805BFF36F8FBFF335
:10EE30004F8F704700700240FFF78ABA064BC3F845
:10EE40000C05BFF34F8F40F48070C3F80C05BFF37F
:10EE50006F8FBFF34F8F7047007002400023036035
:10EE600043600E4BD3F880240270D3F884244270A0
:10EE7000D3F88824D3F88C1442EA01224280D3F8D4
:10EE80009024D3F8941442EA01228280D3F8982483
:10EE9000D3F89C3442EA0323C380704700700240D9
:10EEA00008B5FFF783FA58B9EFF3108272B64C2019
:10EEB000FFF743FA4C20FFF740FA82F3108808BDB1
:10EEC000BDE808404C20FFF738BA000013B5FFF743
:10EED000CFFA104B9A7B032A09D10F486FF4803187
:10EEE000FEF72EFD02B0BDE81040FFF7D9BF1C6849
:10EEF000002CF7D16FF480310748FEF721FD06237F
:10EF00008DF80430054BADF806401B6801A8984702
:10EF100002B010BDC8B30020F0B40020FCB4002043
:10EF20005020FFF70ABA5420FFF707BA70B504461D
:10EF3000FFF73CFA1D4E0546E0B9FFF7FAF9204607
:10EF4000FFF78EFA012303FA00F0336804F00F0490
:10EF500023EA000333606400154B04F2C574C3F860
:10EF60000048C3F80458D3F80438BDE870400020C6
:10EF7000FFF7E1B90020FFF7DCF92046FFF770FA50
:10EF8000012303FA00F0336814F0080223EA0003B7
:10EF90003360EAD104F00F04054B04F5947443F890
:10EFA0002420BFF36F8FBFF34F8FDEE7F4B4002050
:10EFB000007002402DE9F34104460020FFF7B9F943
:10EFC0002046FFF73FFA14F0800F344905461ED162
:10EFD0002046FFF745FA0A68012303FA00F030EAF9
:10EFE00002030AD02046FFF7A1FF0323AB730020E2
:10EFF00002B0BDE8F041FFF79EB922EA00022B60A3
:10F000000A60274A136823EA00031360EDE7230729
:10F0100015D4802C234B35D004F00F0202F2DA32E3
:10F020005200C3F80028D3F80428D3F80408D2B259
:10F0300042F002020243C3F80428D3F80438184F00
:10F040000E683A682046FFF70BFA012366EA0208C9
:10F0500003FA00F018EA000FC9D026EA00060023E0
:10F060000E602B6003230243AB738DF807300E4B09
:10F070003A6006221B688DF804208DF8064001A82E
:10F080009847B4E740F2B472C3F80028D3F80428D4
:10F09000D3F80408D2B242F00402CBE7F0B4002067
:10F0A000F4B4002000700240FCB40020FFF782BFDF
:10F0B000184BD3F8002273B522F00402164CC3F8A3
:10F0C0000022D3F880542368144EDA43144B31786D
:10F0D0001B6892B208461A43FFF7C2F90123834026
:10F0E000134202D00846FFF765FF6FF0011125F0CB
:10F0F0007F050B483570FEF723FC236843F00103BE
:10F10000236005230193074B01A81B68984702B0B1
:10F1100070BD00BF00700240F4B40020F8B40020BD
:10F12000F0B40020FCB400205F4B2DE9F041D3F88F
:10F1300004430021224601250E46002A40F091801A
:10F14000FFF734F900287DD1584B1B78002B79D17B
:10F150008D0277D5544B544F40F2A972C3F8002862
:10F16000D3F8040810F0FF001CBFD3F804281040A7
:10F1700040F2AA72C3F80028D3F8042812F0FF0264
:10F180001CBFD3F804381A4040F2AB73C7F80038FC
:10F19000D7F8043813F0FF031CBFD7F804582B40EE
:10F1A00040F2AC75C7F80058D7F804582840404DD5
:10F1B0000AD02E6806432E6040F2A976C7F8006890
:10F1C000C7F80408D7F80408374840F2AD76C0F80D
:10F1D0000068D0F8046832400BD02E6846EA024638
:10F1E0002E6040F2AA76C0F80068C0F80428D0F873
:10F1F00004282D4A40F2AE70C2F80008D2F8042864
:10F20000134010D0D80748BF41F40001DA06264A5F
:10F2100040F2AB70C2F80008C2F80438D2F80438E3
:10F2200048BF41F001012B6833F001121CBF04F00C
:10F230008070014313F0011F04D0630544BF2A60AE
:10F2400041F480611B4F01F4000621F400044FF0EB
:10F250000108D4B9FFF742FA1EB3BDE8F041FFF749
:10F2600027BF154892FAA2F3B3FA83F39F003844FC
:10F2700005FA03F307682FB10660BFF36F8FBFF382
:10F280004F8F194322EA030257E794FAA4F5B5FA1F
:10F2900085F557F8253008FA05F5984724EA05045E
:10F2A000D7E7BDE8F08100BF00700240ECB4002059
:10F2B000E8B400203CA9020000710240F8B5134EEA
:10F2C000134B34681B68240C24041C4301271CB90D
:10F2D00040F2FF133360F8BD94FAA4F595B1B5FA86
:10F2E00085F30F2BC6BFA3F11000C0B243F080001E
:10F2F0001D46030701D4FFF75DFE07FA05F524EA72
:10F300000504E4E720251020F5E700BFF4B4002051
:10F31000F0B4002038B50E4C8025C4F884516368E1
:10F320001B0613D5FFF7CAFF0A4B0022C3F80425BA
:10F33000BFF36F8FBFF34F8FC4F88450BFF34F8F6D
:10F34000BFF36F8F4FF0FF32C3F8082338BD00BF03
:10F3500000E100E00070024008B5FFF7DBFF094B59
:10F36000D3F80423C3F808230022C3F80025BFF311
:10F370006F8FBFF34F8FFFF77BF8034B01221A709B
:10F3800008BD00BF0070024000B5002010B5044663
:10F39000FFF710FE04F00F000123834014F0800FEC
:10F3A0000F4A6FEA030310D0D2F810150B40C2F8D1
:10F3B0001035BFF36F8FBFF34F8F0A4B1A5C0123D9
:10F3C0009340074AC2F8083310BDD2F814150B4019
:10F3D000C2F81435BFF36F8FBFF34F8F024BEDE7C9
:10F3E000007002400DA9020004A9020010F0800F75
:10F3F00070B52749044600F00F034FF0010516D001
:10F40000244AD25C05FA02F2C1F80423D1F810258F
:10F41000DA40D0070AD4D1F8102505FA03F31343D4
:10F42000C1F81035BFF36F8FBFF34F8F70BD1A4A0D
:10F43000D25C05FA02F2C1F80423D1F81425DA40AF
:10F44000D207F3D4D1F8140505FA03F20243C1F848
:10F450001425BFF36F8FBFF34F8F002BE6D014F04E
:10F460000806E3D13046FEF764FF2046FFF75EFD55
:10F470002046FEF7F5FF094A136805FA00F023EA73
:10F4800000033046BDE870401360FEF754BF00BF74
:10F49000007002400DA9020004A90200F0B400208F
:10F4A000030610B5044605D4FEF752FF10B12046FE
:10F4B000FFF73CFD034BC3F81845BFF36F8FBFF355
:10F4C0004F8F10BD0070024000F1804000F5C04039
:10F4D000002382B0036003680193019B02B0704770
:10F4E00003681F2B83BF03F01F03036001484FF025
:10F4F000A04070470003005007B5019001A8FFF736
:10F50000EFFF019B00EB8300D0F8003723F440337A
:10F51000C0F80037D0F8003743EA0141C0F80017BF
:10F5200003B05DF804FBC208012300F0070083402C
:10F53000885C03438B547047054B4FF0FF3207281C
:10F5400043F8202084BF1B1883F86820704700BF51
:10F5500004B5002038B5164D95F87E402CBB3022FE
:10F56000FF2105F1400003F06BFEE0B20134FFF72C
:10F57000E3FF102CF9D10F4B00221A609A800E4B3A
:10F58000E02183F806134021C3F8801119604FF47D
:10F59000BE70FFF799FF094B4FF00041C3F8041309
:10F5A000012385F87E30104638BD0820FCE700BFF7
:10F5B00004B500207CB5002000E100E000600040C0
:10F5C000034B93F87E00003818BF0120704700BF3E
:10F5D00004B5002037B5324B1A18044692F94000A2
:10F5E00001305AD1887800284BD01846002250F8B4
:10F5F000045B01353FD1181980F84020002043F802
:10F600002200920002F1804202F5C0420B78D2F84B
:10F610001055487825F499151B04000525F4F85574
:10F6200000F4801003F44033C2F810550343200265
:10F63000D2F8105500F47C5003432B43C2F8103528
:10F640004A780194012A01A81FD1FFF749FF019BC5
:10F650009A40C0F8082501A80194FFF741FF019BDB
:10F66000104903F5E073032240F823202046FFF7FA
:10F670005AFF002003E00132082AB8D1042003B069
:10F6800030BDFE2382F84030DAE7FFF729FF019A08
:10F6900001239340C0F80C35DDE70820EFE700BFF9
:10F6A00004B500207CB5002037B5174C251801465D
:10F6B00095F84000072809D8FFF73EFF95F940303C
:10F6C000124A03F5A273002042F823000C44FF23E2
:10F6D00084F840300E4DCC0801F0070301229A4017
:10F6E0002B5D13420DD001A80191FFF7F9FE019B9C
:10F6F00003F5E073022140F823102B5D23EA020397
:10F700002B5503B030BD00BF04B5002000600040A1
:10F710007CB50020074B034493F940309B0003F174
:10F72000804303F5C043D3F8102542F00302C3F829
:10F730001025704704B50020054B034493F94000A1
:10F740008000C0B200F1804000F5C040704700BFAB
:10F7500004B50020064B0344012293F940301833CE
:10F760009B00DBB203F1804303F5C0431A6070478E
:10F7700004B500202DE9F341DFF8F08008EB000329
:10F78000044693F94030002B0F466BDA8978C1F3B9
:10F790004001002915BF0023082308261026B34284
:10F7A00003D1042002B0BDE8F08158F823000130F5
:10F7B0004FEA83053ED108EB04005EB248F82320EF
:10F7C00080F8406011B9434483F86840BB7859071A
:10F7D00012D4DA0730D501A80194FFF781FE019B0E
:10F7E00000EB8300D0F8003723F00203C0F80037A5
:10F7F0001D492046FFF797FEBB783A789B0727D52F
:10F8000005F1804303F5C0432402D3F8101521F419
:10F810004F3121F44071C3F810151204D3F81015BC
:10F8200004F47C5402F4403214430C43C3F81045F2
:10F830000020B7E70133B2E701A87A780194FFF717
:10F840004FFE019B03F5E073920040F82320CFE7C1
:10F85000083E48FA86F696F8703043EA821386F836
:10F860007030E5E708209DE77CB5002004B5002056
:10F8700037B5224D2B18044693F94020072A1DDD89
:10F88000083A45FA82F292F870309B09032B10D1A6
:10F89000019001A8FFF724FE019BD0F81015D94074
:10F8A00001F001010231204603B0BDE83040FFF70E
:10F8B00023BE012B0CBF02210321F4E7D3B2072B97
:10F8C0001AD8930003F1804303F5C043D3F8100521
:10F8D00040F00100C3F8100502F1400040B2800082
:10F8E00080B2FFF7F1FD39B155F8223023B1012381
:10F8F0009340034AC2F8043303B030BD04B500207E
:10F90000006000400E4B034493F94020072A02DDBB
:10F910000021FFF7F1BDD3B2072B0FD8930003F1FD
:10F92000804303F5C043D3F8101521F00101C3F85B
:10F93000101501239340034AC2F80833704700BFF3
:10F9400004B5002000600040F7B50446FFF7DAFF79
:10F95000174A184E1119E50891F9403091F84010F6
:10F9600007299FBF144903F5A273002041F8230023
:10F9700004F0070301219940735D0B420DD001A8EB
:10F980000194FFF7ADFD019B03F5E073022740F8FA
:10F990002370735D23EA01037355144494F8400007
:10F9A000FFF7CAFDFF2384F8403003B0F0BD00BF6D
:10F9B00004B500207CB50020006000402DE9F04F28
:10F9C000002489B0CDE90244644D4FF480720121D6
:10F9D00002F1804303F5C0431B68012B07D1D5F822
:10F9E00004330B4203D090B2FFF76EFD0C43043298
:10F9F000B2F5907F4FEA4101EAD1584BD3F87C3100
:10FA0000012BE2B22BD14FF4BE70FFF75DFD4FF03A
:10FA1000A043D3F810350293514BD3F8103503931C
:10FA20000AB344F000444F4F01260025344210D061
:10FA3000AB0003F1804303F5C043D3F81005D3F8BE
:10FA4000101557F8253023B1C1F30141C0F305204B
:10FA500098470135082D4FEA4606E7D101E0002A14
:10FA6000E1D1002C77DA0023CDE904334FF0FF33E6
:10FA700006930025DFF8F0B00793A8461BF9014F65
:10FA8000631C4ED0C4F3C2070122E3B204F03F0668
:10FA900004F0070402FA04F407F120020DEB020758
:10FAA00017F8082C22423CD04FEA931A2D4B9A1992
:10FAB00092F9402053F82290B9F1000F07D1BAF122
:10FAC000030F2ED104A93046FFF72DFD02E0BAF155
:10FAD000030FF7D001A80196FFF702FD019A17F86E
:10FAE000181C02F5E072214250F82220C2F30142B4
:10FAF00006D0022A15D1BAF1030F0CD1514605E008
:10FB0000032A0ED1BAF1030F05D102213046FFF7C7
:10FB1000F3FC0135EDB2B9F1000F02D05146304689
:10FB2000C84708F10108B8F1080FA7D19DB14FF0FF
:10FB3000A0430299D3F8102503F540739142D3F8FE
:10FB4000103502D10399994205D00292049A039389
:10FB50000692059B8DE709B0BDE8F08F006000407C
:10FB60000003005004B5002073B5002000F180436D
:10FB70001A68002A1BBF0022012000201A6070476B
:10FB80000F4A1378D3B903784FF08041C3F3400391
:10FB9000C1F88035037803F00103C1F87835094BCB
:10FBA0001968C90706D4E02183F800130121C3F8BE
:10FBB0008011196001231370002070478520704761
:10FBC00090B5002000E100E0084B0122C3F880203E
:10FBD000BFF34F8FBFF36F8F054A00231360054AB1
:10FBE0001360054A1360054A1370704700E100E096
:10FBF0008CB5002088B5002084B5002090B5002089
:10FC0000014B02681A60704784B500204FF08043B2
:10FC10004FF46072C3F8042370474FF080434FF4F1
:10FC20006072C3F8082370474FF0804310B5D3F8D3
:10FC30000443620707D54FF48470FFF797FF10B1B4
:10FC40001E4B1B689847A30608D54FF48A70FFF730
:10FC50008DFF18B11A4B00201B689847600608D525
:10FC60004FF48C70FFF782FF18B1154B01201B6811
:10FC70009847210608D54FF48E70FFF777FF18B12B
:10FC8000104B00201B689847E20508D54FF4907090
:10FC9000FFF76CFF18B10B4B01201B689847A305B9
:10FCA0000AD54FF49270FFF761FF28B1054BBDE80C
:10FCB00010401B680220184710BD00BF8CB5002003
:10FCC00088B5002084B500202DE9F047134EDFF8F9
:10FCD0005090804600254FF0010AECB200200AFA4D
:10FCE00004F4FEF726FB34420AD10020FEF723FB82
:10FCF000A64305F10105F0D104273846BDE8F08799
:10FD0000D9F8003014EA0307EFD11C4388F80050FB
:10FD10003846C9F80040FEF70EFBEEE7FFFF0F0084
:10FD200094B5002010B5A1B19AB101238340C3F36B
:10FD3000130484B10A4C246823420ED0C00000F1A1
:10FD4000804000F5F830C0F81015C0F814250020E8
:10FD500010BD0E20FCE70720FAE70820F8E700BFF7
:10FD600094B50020012303FA00F0C0F313031BB184
:10FD7000054B1B68184204D0044BC3F8040500204F
:10FD800070470820704700BF94B5002000F0014084
:10FD9000012303FA00F0C0F313031BB1054B1B68EA
:10FDA000184204D0044BC3F808050020704708200F
:10FDB000704700BF94B5002000F00140074B0022BF
:10FDC000C3F8002182B0D3F800210192019AD3F840
:10FDD0000805034B1B68C0B202B0184700D00040B2
:10FDE00098B500200023435082B043580193019BF3
:10FDF00002B070472DE9F84398460B78089F9DF8AC
:10FE0000249004460E465BB9D0F824311568E3B15E
:10FE10004FF49271FFF7E6FF01236361337032E024
:10FE20004FF49271FFF7DEFF4FF48E71FFF7DAFFA8
:10FE30004FF48471FFF7D6FFD4F80431C3B14FF407
:10FE400082712046FFF7CEFF1AE0D0F81C31EBB1EB
:10FE50004FF48E71FFF7C6FFD0F82431002BD7D1B5
:10FE6000BD4208D218F80530C0F81C3501351560C0
:10FE70000120BDE8F8830123B9F1000F02D0C3616E
:10FE80000020F6E74361BD42F2D1D5E7D0F8083152
:10FE9000002BF8D04FF48471FFF7A4FFD0F8243181
:10FEA000002BB5D1BD42EED2D0F8183508F8053098
:10FEB0001368013313607A1E934205D10223C0F800
:10FEC000003201232362D3E79F42FAD1DBE700002F
:10FED0002DE9FF470C4605464FF4827120461F4628
:10FEE000384B03939DF83080FFF77CFF4FF49271FD
:10FEF000FFF778FF4FF48E71FFF774FF4FF48471B2
:10FF0000FFF770FF00230121C4F8003216466B632F
:10FF100085F82E302162A160DFB11378C4F81C355A
:10FF200069632B68E3B905F1340A05F12E09039BD7
:10FF3000002B1FDC95F82E3053BB0020039B002BB9
:10FF400015DC0023C4F800350523C4F80035032070
:10FF50000DE0B8F1000F01D0E161E2E76161E0E797
:10FF600040F28623AB60AB68C4F80433002004B0D1
:10FF7000BDE8F087CDE90078334652464946204631
:10FF8000FFF738FF0028D5D0039B013B0393CEE752
:10FF9000D4F8C434C4F8C434002BCED013F0010F0D
:10FFA00014BF4FF40240032048F2012213F0020F65
:10FFB00018BF104613F0040F48F2022318BF18466A
:10FFC000BCE700BFA08601002DE9FF470C460546AF
:10FFD0001E462046364B03934FF48271FFF702FF13
:10FFE0004FF49271FFF7FEFE4FF48E71FFF7FAFEA9
:10FFF0004FF48471FFF7F6FE0023012ED5F8008040
:020000040002F8
:100000006B6385F82E3017464FF0010306BF0222BE
:10001000C4F80022C4F8003223622360B8F1000F54
:1000200015D105F1340A05F12E09039B002B18DCCC
:1000300095F82E301BBB0020039B002B0EDC002309
:10004000C4F800350523C4F80035032006E040F26B
:100050008623AB60AB68C4F80433002004B0BDE86D
:10006000F087CDE900683B46524649462046FFF7F7
:10007000C1FE0028DCD0039B013B0393D5E7D4F8F5
:10008000C434C4F8C434002BD5D013F0010F14BF0E
:100090004FF40240032048F2012213F0020F18BF70
:1000A000104613F0040F48F2022318BF1846C3E7A6
:1000B000A0860100F0B589B091F82C3001938B6ACD
:1000C00000934B6A0C4601F134022E310746FFF7CC
:1000D00091FEE8B994F82EE0D4F820C0BEF1000FEC
:1000E0001FD1207B831E012B1BD8626AA3699A4211
:1000F00017D1E26963696262CCF340110328A362FD
:1001000084F82C1006D1009120463946FFF7E0FE16
:1001100009B0F0BD3946204609B0BDE8F040FFF710
:1001200053BF04F10C060FCE03AD0FC533682B602F
:10013000BEF1000F17D0D7F8C434C7F8C4349A07FB
:100140000DD501238DF8083000231CF0040F84F82E
:100150002F30DDD1D4E9003102A89847D8E75B07FA
:10016000F2D50223EEE78DF808E0EDE701490248F9
:10017000FFF7A0BF9CB500200030004002494FF0BF
:100180004020FFF797BF00BFD8B500202DE9F84FFA
:1001900006793D4D4FF03C0A0AFB06FA05EB0A07CB
:1001A0009B4697F82D3080460C469146002B66D131
:1001B000364B006853F8261000F076FC002860D11A
:1001C0002168637B87F838301F298CBF01F01F033B
:1001D0000B4603F5E07388BF2D4AB86098BF4FF017
:1001E000A04240F20C6C87F82F0042F823C06268EE
:1001F000C7F804B01F2A8CBF02F01F03134687F80C
:10020000300003F5E07388BF214F45F80A9098BF8E
:100210004FF0A04747F823C0D8F80030C3F80815BE
:10022000C3F80C25A268C3F82425B9F1000F19D032
:10023000227B43F307335201002BD2B21ADB03F1C6
:10024000604101F5614181F8002303F01F015B0962
:100250009B0003F1604303F5614301228A40C3F828
:1002600080211A603C2303FB0655012385F82D30BD
:10027000BDE8F88F074903F00F03CA54F2E70820DE
:10028000F6E71120F4E700BF9CB50020A0A902000A
:100290000003005014ED00E0036802790521C3F863
:1002A0000015044B3C2101FB0233022283F82D2070
:1002B000704700BF9CB5002003680A4A0179C3F863
:1002C0000823D3F8002222F00302C3F80022002200
:1002D000C3F80025044B3C2202FB0133012283F8C2
:1002E0002D207047864204009CB5002070B5067929
:1002F000234D3C2373430446EB5893B1036843F307
:100300000733002B0DDB5A09012103F01F0399402D
:1003100002F120031B4A42F82310BFF34F8FBFF3B3
:100320006F8F2046FFF7C8FF206800F0D5FB3C2305
:1003300003FB065393F83830DBB92268D2F808354E
:100340001F2B86BF03F01F030F484FF0A04003F59B
:10035000E073022140F82310D2F80C351F2B86BF22
:1003600003F01F03084A4FF0A04203F5E07342F880
:1003700023103C2303FB0655002385F82D3070BD68
:100380009CB5002000E100E0000300502DE9F74F8C
:100390002D4F0679D0F800902C4BC9F808333C2536
:1003A00005FB0675C6EB061C95F82F308E461446E5
:1003B00007EB8C0C03F0FF0B33B1AB68C9F80433C7
:1003C000112003B0BDE8F08F82F00403C3F3800373
:1003D00085F82F302A628A46BAE80F0005F10C082A
:1003E000A8E80F00DAF80030C8F80030DEF8043072
:1003F000AB62DEF80C206A629EF80110C9F888151D
:100400009EF80010012917D0A1B9C4F340143C2173
:1004100001FB0671604681F82C4000944946FFF7C5
:1004200057FD3C235E43BA19BB59002BC9D182F852
:100430002F30C6E70124EAE74946604685F82CB02C
:10044000FFF7C2FDEDE700BF9CB500208642040027
:10045000F0B587B004460F4615460021142201A8C6
:100460001E4602F0EDFE9DF830208DF80570520119
:1004700001A9204602960495FFF788FF07B0F0BD5A
:10048000F0B587B004460F461546002112220DF143
:1004900006001E4602F0D4FE0123002201A92046D8
:1004A0008DF804308DF8057002960495FFF76EFF05
:1004B00007B0F0BD00280CDB4309064900F01F001F
:1004C00020330122824041F82320BFF34F8FBFF336
:1004D0006F8F704700E100E00023435082B0435823
:1004E0000193019B02B070474358002B10B50A4698
:1004F00014BF0124002401D0FFF7EEFFA2F58070A5
:10050000800804FA00F010BD03680BB108461847D4
:10051000704707B5002A8DF80010416808BF4FF4F6
:10052000807201920A4342606946FFF7EDFF03B013
:100530005DF804FB8B7AF7B506460F46002B4BD1CE
:1005400001238B724D7A4FF48271FFF7CDFF4FF488
:10055000927104463046FFF7C7FF4FF4A67104437B
:100560003046FFF7C1FF4FF4A87104433046FFF750
:10057000BBFF4FF4B27104433046FFF7B5FF4FF4B1
:10058000B47104433046FFF7AFFF0443EDB220D00F
:10059000013D032D03D8DFE805F02A30525814F04E
:1005A000020304D034F00204F9D1002511E014F064
:1005B000806231D014F4801F8DF8003024F0C364C1
:1005C0000CD0694638468DF80430FFF79DFFA4B97A
:1005D000022500237D72BB7203B0F0BD0125694680
:1005E00038468DF80450FFF78FFF002CF1D02B4BCD
:1005F0001C4246D034F48014EAD0294B1C4240D02F
:1006000001238DF80030D6F84C35DBB26946384608
:100610000193FFF779FFC5E7A30129D5032514F45A
:10062000002F8DF8005024F0C36417D101236946D0
:1006300038468DF80430FFF767FF002CC9D0194BFE
:100640001C4224D034F4002410D0154B1C421ED080
:1006500004238DF80030D6F83C35D6E76946384695
:100660008DF80420FFF750FF002CEED10425B0E7F1
:10067000D6F8D024C6F8D02406213846FFF749FF23
:1006800093E7D6F8D024C6F8D0240221F5E7D6F8AF
:10069000D024C6F8D0240521EFE700BF02001006E1
:1006A0000200000602000806037906490C225A439C
:1006B0008A5832B903EB4303006801EB8301FFF76B
:1006C00039BF704714B6002001490248FFF732BF16
:1006D00014B600200030004002494FF04020FFF7E0
:1006E00029BF00BF20B600201F2886BF00F01F00D2
:1006F000054A4FF0A04240F2026300F5E07043EA81
:10070000810142F820107047000300501F2886BF67
:1007100000F01F00044B4FF0A04300F5E0700222F0
:1007200043F82020704700BF000300502DE9F84F28
:10073000DFF8F8A090F804900C2303FB09A30D4602
:100740001B7A9046002B68D10668364B304653F82A
:10075000291000F0A9F90746002860D14FF0FF3BAF
:1007600046F30734C6F80005C6F808B52046C6F8B3
:100770000CB5FFF79FFEC6F808B3297CA868FFF701
:10078000B3FF697CE868FFF7AFFFD5E9003253EAB1
:1007900002013BD0003B18BF01230AB143F0020322
:1007A000AA7C002C4FEA4212D2B231DB04F1604144
:1007B00001F5614181F8002304F01F016409A400E0
:1007C00004F1604404F5614401228A40C4F88021A8
:1007D0002260D5E90221C6F808252A78C6F80C154A
:1007E000C6F888252A79C6F88C25C6F894350C23D6
:1007F00003FB09F90AEB090300229A724AF80980FF
:100800005A7201221A723846BDE8F88F0123C7E7F1
:10081000054904F00F040A55DBE70827F3E7112721
:10082000F1E700BFA8A9020014ED00E014B6002013
:1008300073B504680579D4F80C15D4F8080502AB33
:1008400003E903004FF0FF360023C4F8003544F3FA
:100850000730C4F80865C4F80C65FFF72BFEC4F830
:100860000863009B002B02DB0098FFF74FFF019B02
:10087000002B02DB0198FFF749FF204600F02CF91E
:1008800004490C236B43C8180022CA50027202B0FC
:1008900070BD00BF14B6002010B503464FF482713E
:1008A00000681C79FFF718FE4FF49271FFF714FEF1
:1008B0004FF4A671FFF710FE4FF4A871FFF70CFE7E
:1008C0004FF4B271FFF708FE0C224FF4B471FFF73A
:1008D00003FE6243084B9A5812B1084AC0F8042339
:1008E0000922C0F800250C2202FB04330221002259
:1008F0005A6019725A7210BD14B60020020218060E
:10090000036807490279C3F808130021C3F80015EA
:10091000044B0C2101FB023301221A72704700BF05
:100920000202180614B6002030B5104B04790C25CD
:1009300005FB04331B7A022B11D101F06043B3F1A4
:10094000005F0ED1B2F5803F0DD20368D2B2C3F87A
:100950004415C3F8482501225A63002030BD082001
:10096000FCE71020FAE70920F8E700BF14B60020E2
:1009700030B5104B04790C2505FB04331B7A022B90
:1009800011D101F06043B3F1005F0ED1B2F5803FA9
:100990000DD20368D2B2C3F83415C3F8382501224A
:1009A0001A63002030BD0820FCE71020FAE7092078
:1009B000F8E700BF14B6002010B50446FFF774FE38
:1009C0002279044B0C2101FB0233587A431E584212
:1009D000584110BD14B6002010B50446FFF764FE60
:1009E0002279044B0C2101FB0233587AC31E584272
:1009F000584110BD14B6002010B50446FFF754FE50
:100A00002279044B0C2101FB0233587A831E584291
:100A1000584110BD14B6002010B50446FFF744FE3F
:100A20002279044B0C2101FB0233587A031F5842F0
:100A3000584110BD14B600200E4B9842024610D00B
:100A4000B0F1402F0FD003F5003398420DD0A3F53D
:100A5000803398420BD0084908488A4218BF0020CA
:100A6000704707487047074870470748704707486E
:100A7000704700BF00300040002000402CB600202E
:100A80004CB6002044B600203CB6002034B600200E
:100A9000014B1B68184700BF4CB60020014B1B6878
:100AA000184700BF44B6002038B50D46FFF7C4FF15
:100AB000044608B9002038BD0020FDF73AFC207933
:100AC00020B10020FDF737FC1120F4E70123256059
:100AD0002371FDF730FCEDE708B5FFF7ADFF10B16E
:100AE00000230360037108BD00487047B0A90200ED
:100AF000FBF736BBFBF786BB014BD3F80405704709
:100B0000001001404FF400320121FBF793BB0000BD
:100B100008B5F9F7BDFD064B01221A70054B4FF4DD
:100B20000032C3F80021BDE80840F9F7C7BD00BF97
:100B3000D4AF002000E100E0024B4FF40032C3F8D4
:100B40000823704700100140054B002282B0C3F813
:100B50004421D3F844310193019B02B0704700BF98
:100B60000010014081F0004102E000BF83F000432B
:100B700030B54FEA41044FEA430594EA050F08BF38
:100B800090EA020F1FBF54EA000C55EA020C7FEAFC
:100B9000645C7FEA655C00F0E2804FEA5454D4EB79
:100BA0005555B8BF6D420CDD2C4480EA020281EA43
:100BB000030382EA000083EA010180EA020281EA7B
:100BC0000303362D88BF30BD11F0004F4FEA0131CD
:100BD0004FF4801C4CEA113102D0404261EB4101DC
:100BE00013F0004F4FEA03334CEA133302D0524262
:100BF00063EB430394EA050F00F0A780A4F101041E
:100C0000D5F1200E0DDB02FA0EFC22FA05F2801857
:100C100041F1000103FA0EF2801843FA05F359413D
:100C20000EE0A5F120050EF1200E012A03FA0EFCBC
:100C300028BF4CF0020C43FA05F3C01851EBE371E6
:100C400001F0004507D54FF0000EDCF1000C7EEB03
:100C500000006EEB0101B1F5801F1BD3B1F5001F41
:100C60000CD349085FEA30004FEA3C0C04F1010460
:100C70004FEA445212F5800F80F09A80BCF1004F89
:100C800008BF5FEA500C50F1000041EB045141EA0B
:100C9000050130BD5FEA4C0C404141EB010111F40C
:100CA000801FA4F10104E9D191F0000F04BF0146B7
:100CB0000020B1FA81F308BF2033A3F10B03B3F195
:100CC00020020CDA0C3208DD02F1140CC2F10C0225
:100CD00001FA0CF021FA02F10CE002F11402D8BF83
:100CE000C2F1200C01FA02F120FA0CFCDCBF41EA4F
:100CF0000C019040E41AA2BF01EB0451294330BD1E
:100D00006FEA04041F3C1CDA0C340EDC04F11404FA
:100D1000C4F1200220FA04F001FA02F340EA0300D1
:100D200021FA04F345EA030130BDC4F10C04C4F117
:100D3000200220FA02F001FA04F340EA03002946F7
:100D400030BD21FA04F0294630BD94F0000F83F441
:100D5000801306BF81F480110134013D4EE77FEA24
:100D6000645C18BF7FEA655C29D094EA050F08BF70
:100D700090EA020F05D054EA000C04BF1946104651
:100D800030BD91EA030F1EBF0021002030BD5FEA95
:100D9000545C05D14000494128BF41F0004130BDBD
:100DA00014F580043CBF01F5801130BD01F0004511
:100DB00045F0FE4141F470014FF0000030BD7FEA84
:100DC000645C1ABF194610467FEA655C1CBF0B467F
:100DD000024650EA013406BF52EA033591EA030F96
:100DE00041F4002130BD00BF90F0000F04BF00218E
:100DF000704730B54FF4806404F132044FF00005C1
:100E00004FF0000150E700BF90F0000F04BF002139
:100E1000704730B54FF4806404F1320410F000459F
:100E200048BF40424FF000013EE700BF42004FEA9A
:100E3000E2014FEA31014FEA02701FBF12F07F4317
:100E400093F07F4F81F06051704732F07F4208BFCE
:100E5000704793F07F4F04BF41F40021704730B5D5
:100E60004FF4607401F0004521F000411CE700BF21
:100E700050EA010208BF704730B54FF000050AE0A4
:100E800050EA010208BF704730B511F0004502D5A5
:100E9000404261EB41014FF4806404F132045FEAA7
:100EA000915C3FF4D8AE4FF003025FEADC0C18BF50
:100EB00003325FEADC0C18BF033202EBDC02C2F142
:100EC000200300FA03FC20FA02F001FA03FE40EAD4
:100ED0000E0021FA02F11444BDE600BF70B54FF0D8
:100EE000FF0C4CF4E06C1CEA11541DBF1CEA1355B6
:100EF00094EA0C0F95EA0C0F00F0DEF82C4481EA1E
:100F0000030621EA4C5123EA4C5350EA013518BF3D
:100F100052EA033541F4801143F4801338D0A0FB2A
:100F200002CE4FF00005E1FB02E506F00042E0FBD7
:100F300003E54FF00006E1FB03569CF0000F18BFDD
:100F40004EF0010EA4F1FF04B6F5007F64F5407485
:100F500004D25FEA4E0E6D4146EB060642EAC62118
:100F600041EA55514FEAC52040EA5E504FEACE2E85
:100F7000B4F1FD0C88BFBCF5E06F1ED8BEF1004F88
:100F800008BF5FEA500E50F1000041EB045170BD04
:100F900006F0004646EA010140EA020081EA030148
:100FA000B4EB5C04C2BFD4EB0C0541EA045170BD44
:100FB00041F480114FF0000E013C00F3AB8014F1BE
:100FC000360FDEBF002001F0004170BDC4F1000407
:100FD000203C35DA0C341BDC04F11404C4F1200588
:100FE00000FA05F320FA04F001FA05F240EA0200E3
:100FF00001F0004221F0004110EBD37021FA04F619
:1010000042EB06015EEA430E08BF20EAD37070BDD2
:10101000C4F10C04C4F1200500FA04F320FA05F031
:1010200001FA04F240EA020001F0004110EBD37033
:1010300041F100015EEA430E08BF20EAD37070BDA3
:10104000C4F1200500FA05F24EEA020E20FA04F37C
:1010500001FA05F243EA020321FA04F001F000412B
:1010600021FA04F220EA020000EBD3705EEA430E9C
:1010700008BF20EAD37070BD94F0000F0FD101F0CB
:101080000046400041EB010111F4801F08BF013C04
:10109000F7D041EA060195F0000F18BF704703F042
:1010A0000046520043EB030313F4801F08BF013DC9
:1010B000F7D043EA0603704794EA0C0F0CEA135585
:1010C00018BF95EA0C0F0CD050EA410618BF52EA3F
:1010D0004306D1D181EA030101F000414FF0000045
:1010E00070BD50EA410606BF1046194652EA430653
:1010F00019D094EA0C0F02D150EA013613D195EAC7
:101100000C0F05D152EA03361CBF104619460AD10E
:1011100081EA030101F0004141F0FE4141F4700118
:101120004FF0000070BD41F0FE4141F4780170BD08
:1011300070B54FF0FF0C4CF4E06C1CEA11541DBF6D
:101140001CEA135594EA0C0F95EA0C0F00F0A7F86F
:10115000A4EB050481EA030E52EA03354FEA01319C
:1011600000F088804FEA03334FF0805545EA1313AF
:1011700043EA12634FEA022245EA111545EA106577
:101180004FEA00260EF000419D4208BF964244F10E
:10119000FD0404F5407402D25B084FEA3202B61A2D
:1011A00065EB03055B084FEA32024FF480104FF401
:1011B000002CB6EB020E75EB030E22BFB61A754675
:1011C00040EA0C005B084FEA3202B6EB020E75EB08
:1011D000030E22BFB61A754640EA5C005B084FEA70
:1011E0003202B6EB020E75EB030E22BFB61A75463D
:1011F00040EA9C005B084FEA3202B6EB020E75EB48
:10120000030E22BFB61A754640EADC0055EA060E08
:1012100018D04FEA051545EA16754FEA06164FEA4B
:10122000C30343EA52734FEAC2025FEA1C1CC0D1F7
:1012300011F4801F0BD141EA00014FF000004FF084
:10124000004CB6E711F4801F04BF01430020B4F145
:10125000FD0C88BFBCF5E06F3FF6AFAEB5EB030CFD
:1012600004BFB6EB020C5FEA500C50F1000041EBFA
:10127000045170BD0EF0004E4EEA113114EB5C04C7
:10128000C2BFD4EB0C0541EA045170BD41F480119A
:101290004FF0000E013C90E645EA060E8DE60CEAA2
:1012A000135594EA0C0F08BF95EA0C0F3FF43BAFBF
:1012B00094EA0C0F0AD150EA01347FF434AF95EA76
:1012C0000C0F7FF425AF104619462CE795EA0C0F5A
:1012D00006D152EA03353FF4FDAE1046194622E727
:1012E00050EA410618BF52EA43067FF4C5AE50EA01
:1012F00041047FF40DAF52EA43057FF4EBAE12E7F1
:101300004FF0FF3C06E000BF4FF0010C02E000BFD1
:101310004FF0010C4DF804CD4FEA410C7FEA6C5CB4
:101320004FEA430C18BF7FEA6C5C1BD001B050EA57
:10133000410C0CBF52EA430C91EA030F02BF90EA42
:10134000020F0020704710F1000F91EA030F58BF01
:10135000994208BF90422CBFD8176FEAE37040F063
:10136000010070474FEA410C7FEA6C5C02D150EA01
:10137000013C07D14FEA430C7FEA6C5CD6D152EABC
:10138000033CD3D05DF8040B704700BF8446104681
:1013900062468C461946634600E000BF01B5FFF780
:1013A000B7FF002848BF10F1000F01BD4DF808ED50
:1013B000FFF7F4FF0CBF012000205DF808FB00BF21
:1013C0004DF808EDFFF7EAFF34BF012000205DF87B
:1013D00008FB00BF4DF808EDFFF7E0FF94BF0120C8
:1013E00000205DF808FB00BF4DF808EDFFF7CEFFC9
:1013F00094BF012000205DF808FB00BF4DF808ED08
:10140000FFF7C4FF34BF012000205DF808FB00BFD8
:101410004FEA410C7FEA6C5C02D150EA013C0AD1F0
:101420004FEA430C7FEA6C5C02D152EA033C02D1E2
:101430004FF0000070474FF0010070474A0011D292
:1014400012F5001211D20DD56FF47873B3EB62521E
:101450000ED44FEAC12343F0004343EA505323FA2A
:1014600002F070474FF00000704750EA013002D19F
:101470004FF0FF3070474FF0000070474FEA4102D5
:10148000B2F1E04324BFB3F5001CDCF1FE5C0DD9E2
:1014900001F0004C4FEAC0024CEA5070B2F1004F2C
:1014A00040EB830008BF20F00100704711F0804F2F
:1014B00021D113F13872BCBF01F00040704741F4F4
:1014C00080114FEA5252C2F11802C2F1200C10FAF8
:1014D0000CF320FA02F018BF40F001004FEAC123DC
:1014E0004FEAD32303FA0CFC40EA0C0023FA02F380
:1014F0004FEA4303CCE77FEA625307D150EA013356
:101500001EBF4FF0FE4040F44000704701F0004025
:1015100040F0FE4040F40000704700BF7BB972B954
:101520000029BEBF00204FF0004106E008BF0028A0
:101530001CBF6FF000414FF0FF3000F0BDB9ADF1BE
:10154000080C6DE904CE002909DB002B1ADB00F042
:101550004DF8DDF804E0DDE9022304B070474042B5
:1015600061EB4101002B1BDB00F040F8DDF804E0EB
:10157000DDE9022304B0404261EB4101524263EBDA
:1015800043037047524263EB430300F02FF8DDF84A
:1015900004E0DDE9022304B0404261EB4101704701
:1015A000524263EB430300F021F8DDF804E0DDE98B
:1015B000022304B0524263EB4303704753B94AB964
:1015C000002908BF00281CBF4FF0FF314FF0FF304B
:1015D00000F072B9ADF1080C6DE904CE00F006F828
:1015E000DDF804E0DDE9022304B070472DE9F0479F
:1015F000089E04468846002B4BD18A42154667D97F
:10160000B2FA82F24AB1C2F1200701FA02F320FADB
:1016100007F7954047EA030894404FEA154E230C1C
:10162000B8FBFEF71FFA85FC0EFB178843EA084358
:1016300007FB0CF1994209D9EB1807F1FF3080F054
:101640001B81994240F21881023F2B445B1AA4B2DD
:10165000B3FBFEF00EFB103344EA034400FB0CFC2A
:10166000A44509D92C1900F1FF3380F00781A44566
:1016700040F2048102382C4440EA0740A4EB0C04F9
:1016800000271EB1D4400023C6E900433946BDE817
:10169000F0878B4209D9002E00F0EB800027C6E9C5
:1016A000000138463946BDE8F087B3FA83F7002FCA
:1016B00047D18B4202D3824200F2FA80841A61EB56
:1016C000030301209846002EE0D0C6E90048DDE77C
:1016D00002B9FFDEB2FA82F2002A40F08F80491B85
:1016E0004FEA154E1FFA85F80127B1FBFEFC230CCB
:1016F0000EFB1C1143EA014308FB0CF1994207D988
:10170000EB180CF1FF3002D2994200F2CD808446F2
:10171000591AA3B2B1FBFEF00EFB101443EA0444C5
:1017200008FB00F8A04507D92C1900F1FF3302D2BD
:10173000A04500F2B6801846A4EB080440EA0C402D
:101740009FE7C7F1200CBB4022FA0CFE4EEA030EC5
:1017500001FA07F420FA0CF521FA0CF34FEA1E48BF
:101760002543B3FBF8F92C0C08FB19331FFA8EFA4A
:1017700044EA034309FB0AF49C4202FA07F200FA26
:1017800007F10BD91EEB030309F1FF3080F08780CE
:101790009C4240F28480A9F1020973441B1BADB244
:1017A000B3FBF8F008FB103345EA034400FB0AFAE8
:1017B000A24508D91EEB040400F1FF336BD2A24509
:1017C00069D90238744440EA0940A0FB0289A4EBBD
:1017D0000A044C45C2464B4654D351D0002E69D022
:1017E000B1EB0A0564EB030404FA0CFCFD40FC4079
:1017F0004CEA0505C6E90054002747E7C2F120037B
:1018000020FA03F7954001FA02F021FA03F34FEAB8
:10181000154E3843010CB3FBFEF71FFA85F80EFB9B
:10182000173341EA034107FB08F38B4204FA02F441
:1018300007D9691807F1FF3C2FD28B422DD9023FFF
:101840002944CB1A81B2B3FBFEF00EFB103341EA00
:10185000034100FB08F38B4207D9691800F1FF3CF4
:1018600017D28B4215D902382944C91A40EA0747D2
:101870003BE73746304609E70746E7E61846FBE60A
:101880004145ABD2B8EB020A69EB0E0201381346B0
:10189000A4E76046E9E7184695E76746D1E7814641
:1018A0007CE702382C4447E7ACF1020C2B442FE7CD
:1018B000384608E73746E9E6704700BF00F054B8FD
:1018C00010B52DED028B8AB008EE100A00F006F973
:1018D000234B93F90040631C09D0B4EE488AF1EE23
:1018E00010FA04D6B5EEC08AF1EE10FA03D40AB0AD
:1018F000BDEC028B10BD01231A4A009318EE100AAA
:10190000002301920893FFF791FA0022CDE9040128
:10191000CDE902010023ACB110461946FFF708FCDF
:10192000022CCDE906010FD100F0CCF92123036090
:10193000089B7BB9DDE90601FFF7A0FD0AB0BDEC0D
:10194000028B10BDCDE90623684600F0CFF80028D1
:10195000EED1E9E700F0B6F9089B0360EAE700BFC3
:1019600006060020BCA9020030B583B007EE900A3D
:101970000191019B23F00042B2F1FF4F17DC20F0F0
:101980000041B1F1FF4F054611DCB3F17E5F3FD05E
:101990009C1704F0020444EAD07481B9022C4CD0A4
:1019A0009FED437A032C08BFF0EE477A03E09DEDEC
:1019B000017A77EE277A17EE900A03B030BDF2B1C4
:1019C000B2F1FF4F29D0B1F1FF4F18D08A1AD215CA
:1019D0003C2A35DC002B36DA3C3234DADFED357A5E
:1019E000012C47D0022C3CD0002CE4D0DFED326A31
:1019F0009FED327A77EEA67A77EEC77ADBE7DFEDF6
:101A0000307A9FED307A002DB8BFF0EE477AD2E7FA
:101A100003B0BDE8304000F06BB8B1F1FF4F30D0FB
:101A2000022C0AD0032C39D0DFED277A9FED217AE2
:101A3000012C18BFF0EE477ABDE7DFED207ABAE758
:101A4000DFED1F7ACCE7019807EE100AC7EE877A20
:101A500017EE900A00F02AF900F04AF807EE900A13
:101A6000BEE7DFED156A9FED157A77EEA67A77EE81
:101A7000677AA0E717EE903A03F1004307EE903A39
:101A800099E7022C10D0032C0BD0DFED107A9FEDDC
:101A9000107A012C18BFF0EE477A8CE7DFED047A5C
:101AA00089E7DFED0C7A86E7DFED0B7A83E700BF8D
:101AB000DB0F49C0000000002EBDBB33DB0F4940E7
:101AC000DB0FC93FDB0FC9BF00000080DB0F49BF40
:101AD000DB0F493FE4CB16C0E4CB164007EE900A7B
:101AE000F1EEE77A17EE900A704700BF00207047CA
:101AF00038B520F00044B4F1A14F07EE900A054636
:101B00000DDBB4F1FF4F5CDC9FED557ADFED557ACC
:101B10000028C8BFF0EE477A17EE900A38BD524B46
:101B20009C4261DCB4F1445F50DB4FF0FF3327EEA1
:101B3000A76A9FED4E1A9FED4E2ADFED4E1ADFED9C
:101B40004E2A9FED4E3ADFED4E3A9FED4E4ADFEDC5
:101B50004E4A9FED4E5A9FED4E7ADFED4E5A66EE9D
:101B6000066A5A1CA6EE812AE6EEA12AA2EE263AC1
:101B7000E2EEA63AA3EE264AE3EEA64AA4EE265AE1
:101B8000A4EEA67AE5EE265A27EE267AA5EE867A08
:101B900027EE277A3FD04049404A9B001944D1EDB7
:101BA000006A37EE667A134437EE677AD3ED007A2F
:101BB00077EEC77A002DB8BFF1EE677A17EE900A7C
:101BC00038BD77EEA77A17EE900A38BD9FED347ACC
:101BD00037EE877AF7EE006AB4EEE67AF1EE10FAA5
:101BE000A3DD17EE900A38BD00F060F82D4B9C4243
:101BF00007EE100A14DCA3F5D0039C4225DCF0EEBE
:101C0000007AFFEE006AE7EE276A002337EE277AB4
:101C1000C6EE877A8BE777EEC77A17EE900A38BD63
:101C2000214B9C420BDCF7EE087AF7EE006AE7EEF8
:101C3000276A022337EE677AC7EE267A77E7FFEE48
:101C4000006AC6EE877A032371E7F7EE007A77EE33
:101C5000676A37EE277A0123C6EE877A67E700BF07
:101C6000DB0FC93FDB0FC9BFFFFFDF3ED769853CF4
:101C700059DA4B3D21A215BD6BF16EBD356B883D28
:101C800095879DBD6E2EBA3D388EE3BD2549123E27
:101C9000CDCC4CBEABAAAA3ED4A90200C4A9020076
:101CA000CAF24971FFFF973FFFFF1B4020F0004041
:101CB000704700BF08B5062001F0C6FC0120F9F707
:101CC0000BF800BF014B1868704700BF08060020E2
:101CD00070B5002948D005460C4610B1836B002B27
:101CE00048D0626EB4F90C30D00740D4990530D595
:101CF0002146284600F05CF8E36A064633B1E16904
:101D0000284698470028B8BF4FF0FF36A3891A0627
:101D10003CD4216B41B104F14003994202D02846E2
:101D2000F8F708FC00232363616C21B12846F8F71B
:101D300001FC0023636400F0E9F9636E0022DB0715
:101D4000A2811FD5A06D00F0B1FD00F0E5F930468D
:101D500070BDA06D00F0ACFDB4F90C30002BC7D104
:101D6000666E16F0010616D00026304670BD002BB8
:101D7000FAD0BDE700F04CF9626EB4F90C30D00730
:101D8000F5D4B3E7A06D00F095FDDBE721692846A7
:101D9000F8F7D0FBBDE7A06D00F08CFD304670BDBC
:101DA000024B01461868FFF793BF00BF08060020EA
:101DB000B1F90C309AB22DE9F0410C46110780467A
:101DC00044D4626843F40063002AA38159DDA56A04
:101DD000002D53D000229BB2D8F80060E169C8F80A
:101DE000002013F4805240F0838001234046A8472E
:101DF000421C4AD0A389A56AE1695B0705D56268E0
:101E0000236B801A0BB1E36BC01A024600234046D5
:101E1000A847471C45D0B4F90C302269226023F44E
:101E200000630022A381DB04626000D52065216B82
:101E3000C8F8006011B304F14003994202D0404653
:101E4000F8F778FB00202063BDE8F0812669AEB189
:101E50002568266092070CBF63690023AD1BA36051
:101E60000AE02B463246676AE1694046B8470028D7
:101E7000A5EB000506442BDD002DF2DC0020BDE8BB
:101E8000F081E26B002AA2DCF8E7D8F80030002BE2
:101E9000B0D01D2B01D0162B2CD1C8F8006000202B
:101EA000EDE7D8F800101D291AD8154BB4F90C200D
:101EB000CB40DB4313F0010314D1256922F4006207
:101EC000C4E90053D504A281B1D50029AFD1ADE753
:101ED000A38943F04003A3814FF0FF30BDE8F081B8
:101EE000B4F90C2042F04002A2814FF0FF30C6E767
:101EF000206D82E7A38943F04003A381BFE700BFC1
:101F00000100402038B50D46044608B1836BA3B1EB
:101F1000B5F90C00B8B16B6EDB0701D481051AD599
:101F200020462946FFF744FF6B6EDA07044602D4C9
:101F3000AB899B050AD5204638BD00F069F8B5F994
:101F40000C000028E7D10446204638BDA86D00F0FB
:101F5000B1FC204638BDA86D00F0AAFCE0E700BF48
:101F600020B1054B01461868FFF7CCBF034B04496D
:101F7000186800F04BBC00BF08060020E8AA020069
:101F8000051F020010B5002304468181C281C0E90B
:101F9000003383604366C0E9043383611946082235
:101FA0005C3001F04DF907480749084A084BE362E5
:101FB000C4E90740C4E9091204F15800BDE8104023
:101FC00000F072BCC9360200ED360200293702006B
:101FD00049370200014900F019BC00BFD11C0200C2
:101FE00070B54A1E682505FB02F50E4605F1740121
:101FF000F8F75EFA044640B100210C30666005F146
:1020000068022160A06001F01BF9204670BD00BF8E
:1020100010B50446124800F04BFCA26BD2B904F58F
:102020003B731048C4F8E8320321C4F8E022E063AF
:10203000C4F8E41260680421FFF7A4FF012209211B
:10204000A068FFF79FFF02221221E068FFF79AFFC6
:102050000123A3630248BDE8104000F02BBC00BF81
:102060008CB60020D51F020070B50646244800F04B
:102070001FFC244B1D68AB6B83B305F53875D5E9A0
:102080000134013B05D525E0013B5A1C04F16804ED
:1020900020D0B4F90C20002AF6D100251A4BE360B9
:1020A00004F15800656600F0FFFB154800F002FCE3
:1020B0002560C4E90155C4E90455A56129460822F3
:1020C00004F15C0001F0BCF8C4E90C55C4E91155F9
:1020D000204670BD2C682CB12546D0E72846FFF776
:1020E00097FFCAE704213046FFF77AFF04462860CD
:1020F0000028F1D1024800F0DDFB0C233360E7E754
:1021000098B60020E8AA02000100FFFF014800F095
:10211000CFBB00BF98B60020014800F0CBBB00BF8A
:1021200098B60020F0B5134683B00F4601AA1946B1
:10213000064603F043FF002836D005463046FFF739
:1021400093FF044600282FD039464FF4DB73019AE1
:10215000304601F0BFF8071E30DB636EDB0715D594
:102160001C4B1D491D4AE781C4E90743C4E9091214
:102170001B4BA581E905E3620FD4636EDA0702D435
:10218000A3899B0514D5204603B0F0BDA38998050B
:10219000E6D4A06D00F08CFBE2E73046022300227B
:1021A000214600F06BF9E8E70024204603B0F0BDBB
:1021B000A06D00F07FFB204603B0F0BD0025FFF7C7
:1021C000A5FFA581A06D00F071FB2C46FFF7A4FFD1
:1021D000D9E700BFC9360200ED36020029370200F8
:1021E00049370200024B0A4601461868FFF79ABFBA
:1021F00008060020F8B5244F0C460646F8F77BFD8C
:10220000BB685D68C4F57E610F3125F00305294484
:1022100021F47F6121F00F01A1F58054B4F5805FB6
:1022200007DB0021304601F009F9BB682B449842D6
:1022300004D03046F8F763FD0020F8BD6142304617
:1022400001F0FCF801300DD0104BBA6819682D1B55
:1022500045F001053046091B55601960F8F74FFD40
:102260000120F8BD0021304601F0E8F8BA68831A71
:102270000F2BDEDD064C0549246843F00103001BEB
:1022800053600860D5E700BFA40B002054B60020BF
:10229000AC0F0020002953D0F8B50C460646F8F7DD
:1022A0002AFD54F804CC714F2CF00101A4F108056B
:1022B0006B18B8685A68984222F0030253D01CF099
:1022C000010F5A6003EB02003BD154F808CC406880
:1022D000A5EB0C0507F1080EAC687445614400F0ED
:1022E000010075D0D5F80CC0C4F80CC0CCF808407B
:1022F00060B341F001036B606950B1F5007F50D3CA
:102300004B0A042B70D88B0903F13904E40003F164
:10231000380238193B590838984278D05A6822F068
:1023200003028A4271D99B689842F7D1C368C5E914
:1023300002039D60C5603046BDE8F840F8F7DFBC99
:102340007047406800F001000028D2D19868484CDE
:102350001144A04241F0010262D0DB68C360986082
:102360006A606950C9E71CF0010F0A4407D154F8AC
:10237000083CED1A1A44D5E90213CB6099603D4B35
:102380001B6842F0010193426960BD6004D83A4B7A
:1023900030461968FFF72EFF3046BDE8F840F8F7E1
:1023A000AEBCC90878684A1C012389108B400343DE
:1023B00007EBC20157F832007B600839C5E902011A
:1023C00047F83250C5603046BDE8F840F8F797BC92
:1023D000002845D10A44D3E9021342F00100CB6042
:1023E00099606860AA50D7E7142B08D9542B1ED8DF
:1023F0000B0B03F16F04E40003F16E0289E703F1B4
:102400005C04E40003F15B0283E718468EE7931057
:102410007968012202FA03F30B437B60034686E7E7
:10242000C7E90455C5E902006A606950B4E7B3F52D
:10243000AA7F06D8CB0B03F17804E40003F17702FE
:1024400067E740F25452934206D88B0C03F17D04A7
:10245000E40003F17C025CE74FF47E747E2258E7CF
:1024600041F001026A60196096E700BFA40B0020EA
:10247000AC0B0020B00F002084B6002000F000B8A4
:102480002DE9F04F0C4697B091461F46064618B10D
:10249000836B002B00F08F80626EA389D20702D479
:1024A0009D0540F1A18003F48473B3F5847F00F0AF
:1024B0009680D4F82880B8F1000F7FD0012F13D078
:1024C000022F00F08780002F00F08480636E1622B8
:1024D000D907326002D4A3899A0577D54FF0FF352A
:1024E000284617B0BDE8F08F21463046FFF70AFDB9
:1024F000A38913F4805240F03181E1693B463046B4
:10250000C047411C054600F0DC80A38922695F07B3
:1025100040F1E8806368216BED1A09B1E06B2D1A78
:10252000A9444FF0010A0027002A00F0E580B4F921
:102530000C3040F61A019AB20A4208D1520566D40C
:10254000944A904500F0FB8043F40063A381214648
:102550003046FFF7D7FC002840F0BF803B464A4694
:10256000E1693046C047013000F0B780216B41B1CE
:1025700004F14003994202D03046F7F7DBFF002315
:102580002363A3892269226023F402630021A381CB
:102590006160082204F15C0000F052FE656E15F0E7
:1025A000010503D1A3899B0540F1938000252846AE
:1025B00017B0BDE8F08FFFF72BFD6DE7636E1D22AE
:1025C000D80732608AD4A3899A0587D4A06D00F019
:1025D00071F983E74FF0000A22695546A4E72146C6
:1025E0003046FFF78FFC64E7A06D00F061F9A38926
:1025F00059E7019AB4F90C3002F47042B2F5004F79
:10260000A2D143F480634FF48062A381E264002F7F
:1026100040F08880CB46BAF1000F72D1A389DB0469
:102620007ED452460123E1693046C047451C8ED016
:102630006368216BC51A1A46002968D0E06B2D1A11
:10264000A26BD4F810C01D44A2EB0C02AD1A0244D8
:10265000AB4580F28580E56CE1696D4205EA0B05CA
:102660002A4600233046C04701303FF470AF23694B
:10267000216B23600023636041B104F14003994260
:1026800002D03046F7F756FF00232363A389BBEB44
:10269000050B23F02003A38110D02146304600F023
:1026A00041FE00287FF453AF63685B45FFF44FAFF2
:1026B0002268A3EB0B035A44C4E90023082200213B
:1026C00068E7636EDA073FF509AFA3899B053FF51D
:1026D00005AFA06D00F0EEF802E7636ED9077FF555
:1026E000FAAEFBE618077FF51BAF2368002B3FF41B
:1026F00017AF9B1A1D4413E72146304600F00AF934
:1027000015E7216B11B16368E06B99E76268206897
:10271000D4F810C0A0EB0C002D1A0244002197E75A
:10272000206D85E76A46B4F90E10304600F034F8A3
:1027300000287FF40CAF049B09EB030B6BE7B4F9A3
:102740000E100029FFF600AF6A46304600F024F86C
:1027500000283FF44EAFB4F90C30F5E6256DD5E610
:10276000AB185B457FF677AFABEB05050CEB0503CC
:10277000521BC4E9003241B104F14003994202D036
:102780003046F7F7D7FE00232363A38923F0200305
:10279000A38193E72937020038B50B46074C05465D
:1027A0001146184600232360F8F7A0FC431C00D014
:1027B00038BD2368002BFBD02B6038BD88B60020C5
:1027C0002DE9F04110F538771BD088460026D7E96F
:1027D0000154013D0FD4A389012B05F1FF3520469B
:1027E00005D9B4F90E30013301D0C04706436B1C44
:1027F00004F16804EFD13F68002FE8D13046BDE80E
:10280000F0813E463046BDE8F08100BF2DE9F84337
:1028100010F538771FD0884606464FF00009D7E9F3
:102820000154013D11D4A389012B05F1FF35214647
:10283000304606D9B4F90E30013302D0C04749EA18
:1028400000096B1C04F16804EDD13F68002FE6D14C
:102850004846BDE8F883B9464846BDE8F88300BF5E
:1028600070B50D4E0D4D761BB61006D00024013408
:1028700055F8043B9847A642F9D1094E094D761BFD
:1028800003F0DAFFB61006D00024013455F8043BFB
:102890009847A642F9D170BDB80F0020B80F0020AC
:1028A000DC0F0020B80F0020704700BF704700BF4A
:1028B000704700BF704700BF70B50C46B1F90E10ED
:1028C000002996B015461E460FDAA289002312F0A1
:1028D0008000336004D14FF480632B6016B070BD6C
:1028E000402218462A6016B070BD6A46FFF754FFB2
:1028F0000028EADB019B03F47043A3F50053B3FA0D
:1029000083F35B094FF480624FF4006033602A6008
:1029100016B070BD8A8992070B4606D501F14302B5
:1029200001211A60C3E90421704770B582B001AB80
:102930006A460C460546FFF7BFFF00990646284643
:10294000F7F7B6FDB4F90C30D8B11649E963019A2E
:102950000099206043F08003A381C4E904011AB9FF
:102960003343A38102B070BD2846B4F90E1003F0C2
:102970005FFBA0B1A38923F0030343F001031BB263
:10298000EEE79A05EED423F0030304F1430243F08B
:1029900002030121A3812260C4E90421E2E7B4F922
:1029A0000C30DDE7D51F0200024B01461868F7F72F
:1029B0007FBD00BF08060020024B01461868F7F7EC
:1029C000B9BD00BF080600202DE9F04F01F10B054D
:1029D000162D83B0064623D8102900F2B980F8F7E7
:1029E0008AF9102518230220C54F3B44A3F10802A1
:1029F0005C68944200F06681636823F0030323441B
:102A0000D4E902515A68E96042F001028D60304613
:102A10005A60F8F774F90834204603B0BDE8F08F27
:102A200035F0070500F19480A94200F29180F8F793
:102A300062F9B5F5FC7FC0F083816B0A00F08F80EE
:102A4000042B00F24681AB0903F1390003F1380C85
:102A5000C300AB4F3B44A3F108015C68A14206D11F
:102A60000CE0002A80F21D81E468A14206D0636870
:102A700023F003035A1B0F2AF3DD60463C69DFF89D
:102A800094C2644571D0636823F003035A1B0F2A74
:102A900000F34481002AC7E904CC80F22681B3F513
:102AA000007F80F06981DB08591C7A6857F8318013
:102AB000C4F808804FF0010E9B100EFA03F307EBE9
:102AC000C10E1343AEF10802E2607B6047F831406B
:102AD000C8F80C408210012494409C424BD81C4200
:102AE00006D120F0030064001C4200F10400FAD07B
:102AF00007EBC009CE468046DEF80C309E4507D174
:102B000022E1002A80F22981DB689E4500F01C81C9
:102B1000596821F003014A1B0F2AF2DDD3E9028E26
:102B20005C1945F001055D6042F00105C8F80CE054
:102B30003046CEF80880C7E90444C4E902CC656099
:102B40005A500193F8F7DBF8019B03F1080463E79F
:102B500000240C232046336003B0BDE8F08F4FF40F
:102B6000007340204FF03F0C73E77B688210012414
:102B700094409C42B3D9BC68636823F00309A9451B
:102B800003D3A9EB05030F2B7BDC5E4BDFF888A199
:102B90001A68DAF80030013305EB020800F04881CA
:102BA00008F5805808F10F0828F47F6828F00F080E
:102BB0004146304600F042FCB0F1FF3F834600F052
:102BC000048104EB0900584500F2FD804E4A136869
:102BD0004344136000F04D81DAF8001001311BBF4F
:102BE000ABEB00001B18CAF800B013601BF0070322
:102BF00000F03481C3F10801C3F580538B440833DE
:102C0000D844C8F30B08A3EB0808414630460192AC
:102C100000F014FC431C019A00F04681A0EB0B016C
:102C2000414441F001011368C7F808B04344BC4275
:102C3000CBF80410136015D0B9F10F0F40F23081BA
:102C40006068A9F10C0121F0070100F0010004EB1C
:102C5000010C08434FF0050E0F296060CCE901EE2E
:102C600000F23A81294A2A481168BC688B420168FF
:102C700088BF136062688B4222F0030288BF036042
:102C8000A7E0621943F0010345F001056560304695
:102C9000BA605360F8F733F80834204603B0BDE853
:102CA000F08F2344E1685A68A56842F00102E960A8
:102CB00030468D605A60F8F722F80834204603B099
:102CC000BDE8F08FDC68A34208BF02303FF4D6AE07
:102CD00092E6142B71D9542B00F2AD802B0B03F12B
:102CE0006F0003F16E0CC300B3E6234430465A680C
:102CF00042F001025A600834F8F701F88CE600BF90
:102D0000A40B002084B6002054B600207CB600201E
:102D100080B60020AC0B0020AC0F0020611945F0FC
:102D2000010E42F00105C4F804E03046C7E9041181
:102D3000C1E902CC4D60E250F7F7E1FF08346BE6E1
:102D4000E80805F108034FE608F1010818F0030F41
:102D50000EF1080E7FF4D0AE52E019441C464A68CA
:102D6000DB6854F8085F42F001024A603046EB60CD
:102D70009D60F7F7C4FF4FE65A0A042A35D9142A92
:102D80006FD802F15C01C9005B3207EB010E795884
:102D9000AEF1080E8E4558D04A6822F003029A42DE
:102DA00002D989688E45F7D1D1F80CE07B68C4E977
:102DB000021ECEF80840CC608CE603F15C0003F103
:102DC0005B0CC30045E6BC4272D0BC68626822F06E
:102DD00003029542A2EB050302D80F2B3FF751AF38
:102DE0003046F7F78CFF002416E69A0902F1390104
:102DF000C9003832C9E7D9F80090994540F083807E
:102E000010F0030FA9F1080300F1FF30F3D17B6844
:102E100023EA04037B6064009C423FF6ACAE1CB91D
:102E2000A9E6640008F104081C42FAD040465FE6B7
:102E300008F11008BCE6B3F5AA7F26D8EB0B03F126
:102E4000780003F1770CC30003E67B6892104FF023
:102E5000010808FA02F213437B60A8E74FF480539D
:102E6000CEE6542A29D81A0B02F16F01C9006E323E
:102E70008BE7C0F30B0100297FF4AEAE09EB08022B
:102E8000B96842F001024A60ECE640F254529342C3
:102E90001CD8AB0C03F17D0003F17C0CC300D8E51A
:102EA0000123CBF804309BE701214FF00008BAE67C
:102EB000164A1368434413608EE6B2F5AA7F14D80D
:102EC000DA0B02F17801C90077325EE74FF47E73C6
:102ED0007F204FF07E0CBCE504F1080130460192E2
:102EE000F7F728FB019A1368BCE640F254518A4276
:102EF00005D89A0C02F17D01C9007C3245E74FF4F8
:102F00007E717E2241E77B6885E700BF54B60020D2
:102F100082B049B15AB16BB113780B601278101CB2
:102F200018BF012002B0704701A9002AF3D1104652
:102F300002B070476FF00100F4E700BF000000002E
:102F400001F0FF01102A2BDB10F0070F08D010F85A
:102F5000013B013A8B422DD010F0070F42B3F6D15E
:102F6000F0B441EA012141EA014122F007047FF077
:102F700000070023F0E80256083C85EA010586EACE
:102F8000010685FA47F5A3FA87F586FA47F6A5FA0A
:102F900087F68EB9EED1F0BC01F0FF0102F0070216
:102FA00032B110F8013B013A83EA010313B1F8D1C1
:102FB0000020704701387047002D06BF35460338A2
:102FC000073815F0010F07D1013015F4807F02BFDB
:102FD000013015F4C03F0130F0BC0138704700BF2C
:102FE000032A70B414D940EA0105AD0704460B4624
:102FF00022D11D682668AE421946204603F104031B
:1030000004F1040418D1043A032A20461946F0D8E2
:10301000541E72B102780B789A4208BF641806D029
:103020000CE010F8012F11F8013F9A4206D1A1429D
:10303000F7D1002070BC7047541EEBE7D01A70BC6B
:10304000704700BF844641EA000313F003036DD1CB
:10305000403A41D351F8043B40F8043B51F8043B5B
:1030600040F8043B51F8043B40F8043B51F8043B62
:1030700040F8043B51F8043B40F8043B51F8043B52
:1030800040F8043B51F8043B40F8043B51F8043B42
:1030900040F8043B51F8043B40F8043B51F8043B32
:1030A00040F8043B51F8043B40F8043B51F8043B22
:1030B00040F8043B51F8043B40F8043B51F8043B12
:1030C00040F8043B51F8043B40F8043B51F8043B02
:1030D00040F8043B403ABDD2303211D351F8043BA2
:1030E00040F8043B51F8043B40F8043B51F8043BE2
:1030F00040F8043B51F8043B40F8043B103AEDD251
:103100000C3205D351F8043B40F8043B043AF9D2A1
:10311000043208D0D2071CBF11F8013B00F8013B74
:1031200001D30B8803806046704700BF082A13D381
:103130008B078DD010F003038AD0C3F10403D21A99
:10314000DB071CBF11F8013B00F8013B80D331F8CD
:10315000023B20F8023B7BE7043AD9D3013A11F84D
:10316000013B00F8013BF9D20B7803704B784370B8
:103170008B788370604670478842F0B40DD98B1805
:1031800083420AD9841832B1224613F8014D02F85D
:10319000014D9942F9D1F0BC70470F2A49D940EA54
:1031A00001039B0747D1A2F110031B0901F120077E
:1031B00007EB031701F1100400F1100554F8106C2F
:1031C00045F8106C54F80C6C45F80C6C54F8086C0D
:1031D00045F8086C54F8046C45F8046C1034BC4293
:1031E00005F11005EAD1013302F00F051B01032D93
:1031F0001944034421D91F1F0E462C46043C56F89F
:1032000004CB47F804CF032CF8D82C1F24F0030478
:1032100004342344214402F00302002ABBD0013BC2
:103220000A4411F8014B03F8014F9142F9D1F0BC67
:1032300070470346F1E70346F1E72A46EDE700BF92
:10324000F0B4860743D0541E002A3ED0CAB20346CB
:1032500002E014F1FF3438D303F8012B9D07F8D1B5
:10326000032C2BD9CDB245EA05250F2C45EA05459F
:1032700016D9A4F110073F0903F1200606EB071643
:1032800003F1100242E9045542E902551032B242FC
:10329000F8D104F00F040137032C03EB07130DD909
:1032A0001E462246043A032A46F8045BFAD8221F37
:1032B00022F003020432134404F003042CB1C9B217
:1032C0001C4403F8011B9C42FBD1F0BC7047144620
:1032D0000346C5E770B50D46084C114606461A462A
:1032E000284600232360F7F7EDFF431C00D070BD94
:1032F0002368002BFBD0336070BD00BF88B6002070
:10330000024B0A4601461868F7F762B80806002023
:10331000838903F00903092B01D000207047FEF7D1
:103320001FBE00BFF8B50C46054610B1836B002BDD
:1033300040D0B4F90C309AB2970407D4626E43F4CB
:10334000005322F400526266A3819AB200219606CD
:10335000616038D450071AD4D10662D512074ED412
:1033600043F00403A3812369002B55D0B4F90C70FA
:10337000BEB2B3072AD12269226028466369256A52
:10338000E169A8470028606017DD0020F8BD216BC7
:103390000029E8D004F14003994202D02846F7F70B
:1033A000C9F8E36B636000202063002BDBD0A36BC4
:1033B0002360F8BDFEF72CFEBBE7B4F90C3016D144
:1033C00043F02003A3814FF0FF30F8BD194B1A4999
:1033D00018680123A38106F00906FFF7F1F9092E09
:1033E000A781C8D121462846FEF7E2FCC3E743F097
:1033F00040030022A38162604FF0FF30F8BD2146F8
:103400002846FEF77FFD0028DDD1B4F90C30A0601E
:10341000A06123F00803A3E721462846FFF77AFAC4
:10342000A4E743F0400309222A604FF0FF30A38154
:10343000F8BD00BFE8AA02001133020038B5074CFE
:103440000023054608462360F7F730FC431C00D0F4
:1034500038BD2368002BFBD02B6038BD88B6002018
:1034600000290CBF022200224FF4806300F000B854
:103470002DE9F0435D4C256883B004468846164626
:103480001F4615B1AB6B002B7ED0022E05D0012E4E
:1034900000F2A980002FC0F2A680636EDA0735D54E
:1034A00021462846FEF72EFD216B41B104F1400371
:1034B000994202D02846F7F73DF800232363B4F978
:1034C0000C3000221806A261626061D423F44A63C2
:1034D00023F00303022EA3811FD10025616E00207B
:1034E00004F1430243F00203A060C9074FF001005A
:1034F000A3812260C4E9042004D49B0502D4A06DFA
:10350000FFF7D8F9284603B0BDE8F083A3899B05EF
:10351000C6D4A06DFFF7CCF9C2E701AB6A462146DD
:103520002846FFF7C9F9A3891843A081002F36D197
:10353000009F3846FFF738FA8046002842D0A3891A
:1035400043F08003A381AB6B7BB3009AB4F90C30DA
:10355000C4F80080BA421CBF43F40063A381012E6B
:1035600004BF43F00103A3819BB213F00802C4E936
:1035700004871ED1A260656E15F00105BDD000253F
:10358000284603B0BDE8F0832846FEF741FD7CE7FE
:1035900021692846F6F7CEFFB4F90C3096E7B8F16A
:1035A000000FC6D0AB6B002BCFD12846FEF730FD05
:1035B000CBE7DA0704D57F420022A761A260DAE7F1
:1035C000A760D8E7DDF80090B94504D1B4F90C3014
:1035D0004FF0FF3582E74846FFF7E6F980460028BE
:1035E000F4D04F46ABE74FF0FF358BE708060020DD
:1035F0001F2938B522D8D0F8DC3205460C466BB10D
:1036000053F8212052B1012A12D0511C12D00025AA
:10361000204643F824509047284638BD284600F0FD
:103620002FF8224601462846BDE8384000F014B87D
:10363000002038BD16230360012038BD1623036027
:103640004FF0FF3038BD00BF024B01461868FFF74E
:10365000CFBF00BF0806002038B50B46074C054613
:10366000114618460023236003F0DEF8431C00D007
:1036700038BD2368002BFBD02B6038BD88B60020F6
:1036800003F0CAB80EB430B59CB01FAB0C4C0D4D56
:1036900053F8042B0193014602910691206802A978
:1036A0006FF000440794CDE9044500F051FA029B05
:1036B00000221A701CB0BDE8304003B0704700BF54
:1036C000080600200802FFFF10B50C46B1F90E10E5
:1036D00002F0EAFF002803DB236D0344236510BDDD
:1036E000A38923F48053A38110BD00BF2DE9F041CD
:1036F0001646B1F90C201F46D3050C460546B1F914
:103700000E1007D50022022302F0B2FCB4F90C20FF
:10371000B4F90E1022F48052A2813B46324628466C
:10372000BDE8F04101F09ABC10B50C46B1F90E109D
:1037300002F09EFCA389421C0EBF23F4805343F485
:1037400080532065A38110BDB1F90E1001F09CBC1F
:103750000000000000000000000000000000000069
:10376000A2EB0300704700BF02780B78012A28BF44
:103770009A42F5D16DE9044540EA0104CDE90267BA
:103780006FF0000C4FEA447212B380EA010414F0A7
:10379000070F6AD100F0070420F0070004F00305CA
:1037A00021F007014FEAC505F0E8042314F0040FE7
:1037B000F1E804670CFA05F462EA040266EA04061A
:1037C0000AD063EA0403624667EA0407664603E038
:1037D000F0E80423F1E8046782FA4CF582EA060473
:1037E000A4FA8CF46CBB83FA4CF583EA0705A5FABE
:1037F0008CF595B950E9022351E9026782FA4CF53C
:1038000082EA0604A4FA8CF483FA4CF583EA0705ED
:10381000A5FA8CF52543DBD09CB92DBAB5FA85F411
:1038200024F0070427FA04F1DDE9026723FA04F320
:1038300003F0FF0001F0FF01FDE80445A0EB0100EB
:10384000704724BAB4FA84F424F0070426FA04F189
:10385000DDE9026722FA04F202F0FF0001F0FF0145
:10386000FDE80445A0EB0100704714F0030F3CD1C4
:1038700010F0030428D150F8082B51F8083B82FAC5
:103880004CF582EA0305A5FA8CF55DB950F8042CD5
:1038900051F8043C82FA4CF582EA0305A5FA8CF54E
:1038A000002DE8D02DBAB5FA85F424F0070423FAE8
:1038B00004F122FA04F202F0FF0001F0FF01FDE83A
:1038C0000445A0EB010070474FEAC40420F0030058
:1038D00050F8082B21F0030151F8083B0CFA04F4CE
:1038E00062EA040263EA0403C9E710F003041AD091
:1038F000A1EB040120F00300E40750F8042B06D0EC
:103900000FD28B785FFAA2F4E41A06D12BB1CB78F0
:103910005FFAB2F4E41A00D11BB920465DF8104BEF
:10392000704701F1040150F8042BCC0721F003018A
:1039300051F8043B48D824D222F07F4482FA4CF557
:1039400094EA1325A5FA8CF50AD165B951F8043B20
:1039500084EA0204B4EB036F0ED150F8042BEBE7BA
:103960004FEA132355E035F07F454DD10878FDE847
:103970000445C0F1000070474FEA126203F0FF03F4
:1039800047E002EA1C4482FA4CF594EA1345A5FA92
:103990008CF50AD165B951F8043B84EA0204B4EB12
:1039A000034F0CD150F8042BEBE74FEA134330E000
:1039B00015EA1C4528D10B884FEA124229E04FEA4C
:1039C000124203EA1C4324E002F0FF0482FA4CF5A1
:1039D00094EA1365A5FA8CF50AD165B951F8043B50
:1039E00084EA0204B4EB032F09D150F8042BEBE76F
:1039F0004FEA13630DE015F0FF0F05D10B684FEA96
:103A0000122223F07F4304E04FF00000FDE804455C
:103A1000704712BA1BBA82FA4CF482EA0304A4FA81
:103A20008CF5B5FA85F402FA04F203FA04F34FEACE
:103A30001260FDE80445A0EB136070470000000031
:103A400090F800F06DE9024520F007016FF0000CDE
:103A500010F0070491F820F040F049804FF0000486
:103A60006FF00700D1E9002391F840F000F1080061
:103A700082FA4CF2A4FA8CF283FA4CF3A2FA8CF399
:103A80004BBBD1E9022382FA4CF200F10800A4FA00
:103A90008CF283FA4CF3A2FA8CF3E3B9D1E9042354
:103AA00082FA4CF200F10800A4FA8CF283FA4CF38B
:103AB000A2FA8CF37BB9D1E9062301F1200182FA45
:103AC0004CF200F10800A4FA8CF283FA4CF3A2FA4B
:103AD0008CF3002BC6D0002A04BF04301A4612BA59
:103AE000B2FA82F2FDE8024500EBD2007047D1E95C
:103AF000002304F00305C4F100004FEAC50514F0EB
:103B0000040F91F840F00CFA05F562EA05021CBFBB
:103B100063EA050362464FF00004A9E770B4047835
:103B2000A4B10D7806464DB1A5420AD00A4601E07F
:103B3000A34206D012F8013F002BF9D1801B70BCC4
:103B4000704710F8014F002CEDD1F7E72046F6E75B
:103B50002DE9F04FC5B00C460C9191460F930D9096
:103B600002F078FA036818931846FFF769FFA389F3
:103B700017901D0603D52369002B00F01D879FEDCC
:103B8000947B00238DED147BCDE928330DF1D00813
:103B90001393169319930A93CDF89C80C246CB4693
:103BA0009BF80030002B00F09980252B5C4602D159
:103BB0001CE0252B03D014F8013F002BF9D1A4EB16
:103BC0000B0585B1DDE9283201332A44072BCAF8F9
:103BD00000B0CAF80450CDE9283277DC0AF1080AAF
:103BE0000A9B2B440A932378002B77D000231A4694
:103BF0008DF87F3019460B931F464FF0FF306378E6
:103C0000099004F1010B0BF1010B9946A9F1200376
:103C1000582B00F27583DFE813F0C30273037303BC
:103C2000BE02730373037303730373037303B2025C
:103C3000AD02730367034C0373036C03B600B60055
:103C4000B600B600B600B600B600B600B600730304
:103C500073037303730373037303730373037303B4
:103C600073033703E4027303E40273037303730300
:103C70007303DF0273037303A500730373037303FA
:103C8000730373037500730373038D02730373036C
:103C90007303730373037303730373037303730374
:103CA0007C012F01E402E402E4022A012F017303E4
:103CB00073031D0173030901A700CA00C500730344
:103CC000E1007303770073037303CB0227AADDE9D6
:103CD0000C1002F0FFFC40B9C24681E7299B23B1DA
:103CE0000D980C9927AA02F0F5FC0C9B9B8913F008
:103CF000400F0A9B18BF4FF0FF330A930A9845B054
:103D0000BDE8F08F47F01007BE0640F127850F9DF4
:103D1000073525F0070303F10802D3E900450F92A8
:103D20000123099A002601328DF87F6000F0288473
:103D300027F08002079254EA050240F0C080099AF9
:103D4000002A40F0B386002B40F0D68417F0010320
:103D50000E9300F0488544AB1A46302302F8413DEB
:103D60001192CDE047F0100717F0200300F0008516
:103D70000F9D073525F0070303F10802D3E900453D
:103D80000F920023CDE7A9F1300300201BF8019B1F
:103D900000EB800003EB4000A9F13003092BF5D9BB
:103DA0000B9033E747F020079BF800302BE70F9A82
:103DB000094B14681693043247F63003ADF880308F
:103DC00047F002070F92002502234FF07809A8E779
:103DD000000000000000000020AB02000F9A1368F2
:103DE000119300248DF87F40151D002B00F00E86E6
:103DF000099A531C00F0B68621461198FFF7A0F8E7
:103E0000002800F09C87119B0994C31A0E930F950C
:103E1000079723EAE3739DF87F6008931294002EBE
:103E200000F08980089B0133089384E0002A41F068
:103E3000AE800F9AB90652F8043B0F9200F112853A
:103E4000FA0600F109867F0640F10686BDF82820B3
:103E50001A80A5E69BF800306C2B03BF9BF801305D
:103E600047F020070BF1010B47F01007CBE647F0B6
:103E700040079BF80030C6E6002A41F06A80BC0685
:103E800040F10A820F9D073525F00703D3E900456D
:103E900003F108020F92002C75F10003C0F2AF8409
:103EA000099B9DF87F60013300F0B48427F0800205
:103EB000079254EA05024FF001033FF440AF012B93
:103EC00000F06283022B00F08283414600E011463D
:103ED000E20842EA4572E80804F007030546144682
:103EE000303354EA050001F8013C01F1FF32EED114
:103EF00007981192C00700F15984A8EB02030E93B2
:103F0000099B0E9A9342B8BF13460893002312935D
:103F100085E70F9900230A688DF87F301E468DF8DB
:103F2000A82001230A1DCDE90773CDE90E322AAB83
:103F3000099612961193079B13F0020702D0089B73
:103F400002330893079B299C13F0840310933FD1FD
:103F50000B9B089A9D1A002D3ADD102D289B29DD18
:103F600052462146AA461026DDE90C5406E0AAF185
:103F7000100ABAF1100F02F1080218DD0133BB4834
:103F80001031072BCDE92831C2E90006EFDD27AA61
:103F90002946204602F09EFB00287FF4A6AEAAF137
:103FA000100ABAF1100FDDE928314246E6DC554629
:103FB0000C4692460133AD4A2C44072BCDE92834F8
:103FC000CAE9002500F34C859DF87F600AF1080AD4
:103FD00076B1289B013301340DF17F010122072BBB
:103FE000CDE92834CAE9001200F3DB820AF1080A9D
:103FF0006FB1289B0133023420A90222072BCDE99F
:104000002834CAE9001200F3D7820AF1080A109B8B
:10401000802B00F0E781099B0E9A9D1A002D31DD5F
:10402000102D289A924F22DD534621461026DDE9B5
:104030000CA404E0103D102D03F1080315DD01323E
:104040001031072ACDE92821C3E90076F2DD27AA3D
:104050005146204602F03EFB00287FF446AE103D5C
:10406000102DDDE928214346E9DC9A460C46013251
:104070002C44072ACDE92824CAE9007500F3BC8244
:104080000AF1080A079BDF0500F15081289B119A6D
:10409000CAF800200E9ACAF8042001331444072BF2
:1040A0002994289300F30E820AF1080A079B5A0705
:1040B00031D50B9B089A9D1A002D2CDD102D289BC5
:1040C0001FDD1026DDE90C9704E0103D102D0AF1EC
:1040D000080A16DD0133654A1034072BCDE9283470
:1040E000CAE90026F1DD27AA4946384602F0F2FA6D
:1040F00000287FF4FAAD103D102DDDE92834C246CA
:10410000E8DC0133594A2C44072BCDE92834CAE9AD
:10411000002500F35E83DDE90A3208998A42ACBFCC
:104120009B185B180A93002C40F09581002328937C
:10413000C24635E5002A40F01A874E4B1693B90661
:104140003DD50F9D073525F00703D3E9004503F161
:1041500008020F92FE0740F1D18054EA050300F0F7
:10416000CD8030238DF880308DF8819047F00207A4
:104170000223D6E59BF8003001222B2143E50F985E
:104180009BF8003004680B94002C00F10400C0F28E
:104190000D840F9037E547F001079BF8003032E5BA
:1041A0009BF8003000297FF42EAD012220212AE562
:1041B000002A40F0F086304B1693B906C1D40F9B0D
:1041C000FA0653F8044B0F9300F111837B0640F17C
:1041D0000E83A4B20025BDE747F008079BF8003026
:1041E00011E5002A40F0C7860F9D073525F0070529
:1041F00095ED007B52EC171B22F000431B938DEDD5
:104200001A7A05F10804DDE91A014FF0FF321B4B61
:104210000F948DED147BFDF7FBF8002840F03183FF
:104220004FF0FF32154BDDE91A01FDF7D3F80028F6
:1042300040F0278300220023DDE91401FDF7C0F8D8
:10424000002840F02A859DF87F600D4A0D4B032120
:10425000002027F08004B9F1470FD8BF1A46CDE9F6
:104260000810079411920E911290D8E540AB02000D
:1042700050AB02000CAB020020AB0200FFFFEF7F4F
:1042800000AB0200FCAA0200002A40F0788647F04A
:104290001007BC063FF5F6AD0F9BF80653F8044B2C
:1042A0000F9300F1A682790640F1A38224B2E517AC
:1042B000F1E59BF80090B9F12A0F0BF1010000F035
:1042C0002286A9F13003092B834600F20C850020D9
:1042D0001BF8019B00EB800003EB4000A9F13003C9
:1042E000092BF5D9099091E49BF8003047F00407B9
:1042F00089E447F080079BF8003084E4022310E54E
:10430000002A40F04086B9F1000F3FF4E7AC0023EB
:1043100001221E468DF87F30099312932AAB089232
:104320008DF8A89007970E92119304E6B9F1650FE6
:1043300040F3D38000220023DDE91401FDF736F8B5
:10434000002800F06981289BB14ACAF80020013397
:1043500001340122072BCDE92834CAF8042000F3E8
:10436000D1830AF1080A219B139A299C934280F277
:104370002B82289B189ACAF80020179ACAF80420A2
:1043800001331444072BCDE9283400F334830AF1B8
:10439000080A139B5D1E002D7FF788AE102D289A0A
:1043A0009C4F40F3888323461026DDE90C4905E045
:1043B0000AF1080A103D102D40F37C8301321033BE
:1043C000072ACDE92823CAE90076F1DD27AA21468C
:1043D000484602F07FF900287FF487ACDDE9282306
:1043E000C246E7E70B9B089A9D1A002D7FF713AE94
:1043F000102D289A874F22DD534621461026DDE9ED
:104400000CA404E0103D102D03F1080315DD01326A
:104410001031072ACDE92821C3E90076F2DD27AA69
:104420005146204602F056F900287FF45EAC103D5C
:10443000102DDDE928214346E9DC9A460C4601327D
:104440002C44072ACDE92824CAE9007500F33D83EE
:104450000AF1080ADFE527AADDE90C1002F03AF9B3
:1044600000283FF463AE40E427AADDE90C1002F017
:1044700031F900287FF439AC219B299CC2461BB935
:10448000139A002A00F07883289A1899CAF8001025
:104490001799CAF8041001320C44072A299428926B
:1044A00000F358840AF1080A002BC0F29184139B90
:1044B000119901321C44072ACDE92824CAE90013C6
:1044C0007FF7F2AD27AADDE90C1002F003F900280E
:1044D0007FF40BAC299CC246E8E5139A289B012A7D
:1044E00004F1010403F101050AF1080640F34A81D1
:1044F0000123119ACAF80020072DCDE92854CAF8E3
:10450000043000F3BB82179B189A01351C44072D19
:10451000CDE92854C6E9002300F3BC8208366B1CA1
:104520001F46B946139F0E93013F00220023DDE989
:104530001401099706F1080AFCF738FF002840F03B
:10454000E180119B776001333C44B9F1070F336080
:104550002994CDF8A09000F33E8206F1100305F1F6
:10456000020956469A46199A7260144423ABB9F16F
:10457000070F2994CDF8A09033607FF797ADA1E79E
:10458000012B07977FF49EAC002D08BF0A2C80F00A
:10459000478144AB303403F8414D119301230E930E
:1045A000AEE427AADDE90C1002F094F800287FF4AD
:1045B0009CAB299CC2461BE527AADDE90C1002F042
:1045C00089F800287FF491AB299CC2461FE5169F0D
:1045D0004246230904F00F0043EA057329091C46EB
:1045E0000D463B5C02F8013D54EA0503F1D1A8EB0E
:1045F000020311920E9383E427AADDE90C1002F066
:1046000069F800287FF471AB299CC2463AE500BFE7
:104610003CAB020050AB0200219B002B40F36182B7
:10462000DDE912329342A8BF1346002B1D460EDD72
:10463000289B119ACAF8002001332C44072B299497
:10464000CAF80450289300F31D830AF1080A129B4C
:10465000002DA8BF5B1B002B1D4600F38381219B0F
:10466000139A9342C0F2E781079AD00700F1E381E1
:10467000139A1298D31A151A9D42A8BF1D46002DF1
:104680000FDD289A1199CAF80450013201442C44D4
:10469000072ACAF80010CDE9282400F328830AF17C
:1046A000080A002DACBF5D1B1D46002D7FF7FEAC38
:1046B000102D289ABF4F40F3FE8123461026DDE9D6
:1046C0000C4905E00AF1080A103D102D40F3F28173
:1046D00001321033072ACDE92823CAE90076F1DD3B
:1046E00027AA2146484601F0F5FF00287FF4FDAADD
:1046F000DDE92823C246E7E7099B0E93CDF8448005
:10470000FFF7FEBB099A002A7FF72DAF102AA94FA9
:1047100040F3F483334692464FF0100922460E9D33
:10472000DDE90C6407E00833AAF1100ABAF1100FB2
:1047300040F3F28101351032072DCDE92852C3E94B
:104740000079F0DD27AA3146204601F0C3FF00289A
:104750007FF4CBAADDE928524346E5E70F9BFD062F
:1047600053F8044B0F9376D500250123FFF7D9BAF0
:104770000F9A52F8044B0F9217F0100279D00025CF
:10478000FFF7CFBA079AD1073FF5B2AE01221199D0
:10479000CAF80010072DCDE92854CAF8042000F308
:1047A0001A8103F102090AF1100ADCE6302B00F04D
:1047B0003C81119A0239302302F8013CA8EB010335
:1047C0000E931191FFF79CBB079BDE073FF5D1AD20
:1047D0006CE427AADDE90C1001F07CFF00287FF4CF
:1047E00084AA299C97E4CDF84480FFF789BB002573
:1047F000B0E4E517002C75F10003BFF651AB099B3F
:1048000064424FF02D0665EB450501338DF87F605E
:104810007FF44CAB002D08BF0A2C0797FFF4B9AE0C
:104820004746204629460A220023FCF7C7FE3032BD
:1048300007F8012D2046294600230A22FCF7BEFE78
:1048400004460D4654EA0503EBD1A8EB0703119784
:104850000E93FFF755BB780648BFA4B2002501238D
:10486000FFF75FBA0A9A1046D117C3E90001FFF7B4
:1048700097B917F040031CBF1346A4B20025FFF7F9
:1048800050BADDE9140102460B46FCF7C1FD0028D1
:1048900040F00D83099B5A1C29F0200600F04C8241
:1048A000472E00F06E81159B47F48072002B079213
:1048B000C0F210829DED147B8DED1C7B00231093C4
:1048C000B9F1660F00F02682B9F1460F00F064825C
:1048D000452E00F05B8125A822A921AA0223099C6C
:1048E0000292CDE9031000930194DDE91C230D9899
:1048F00000F06EFCB9F1670F119040F03683FB07B2
:1049000040F16B81119B099A9C1800220023DDE97C
:104910001C01FCF74BFD002800F0D0812346119AC2
:104920009B1A1393472E219B129300F05F81B9F1DC
:10493000660F40F06381129B002B099B40F3D782E6
:10494000002B40F0C082FD0700F1BD82129B08934E
:104950000E93109B002B40F07C8109939DF87F60A3
:10496000FFF75DBA102B289A124F40F3EF802346D1
:104970001026DDE90C4905E00AF1080A103D102D6A
:1049800040F3E38001321033072ACDE92823CAE936
:104990000076F1DD27AA2146484601F09BFE00285B
:1049A0007FF4A3A9DDE92823C246E7E764420B941C
:1049B0000F909BE450AB020040210D98F5F778FD75
:1049C0000C9B18601861002800F0C7820C9A4023E5
:1049D0005361FFF7D4B827AADDE90C1001F07AFE85
:1049E00000287FF482A9DDE928340DF1D80A03F10B
:1049F00001094646B7E527AADDE90C1001F06AFE79
:104A000000287FF472A9299CC246C2E4099B119E2A
:104A10000996062B28BF062308930E93BB4B0F95D0
:104A2000079712961193FFF7FAB9119BA8EB0303AE
:104A30000E93FFF765BA289A1899CAF800101799CB
:104A4000CAF8041001320C44072A2994289200F372
:104A500029810AF1080A0BE60A9A1A60FFF7A0B842
:104A600027AADDE90C1001F035FE00287FF43DA9EE
:104A70009DF87F60299CC246FFF7AABA27AADDE904
:104A80000C1001F027FE00287FF42FA9DDE928543F
:104A9000464638E527AADDE90C1001F01BFE002888
:104AA0007FF423A9DDE92854464638E5012B7FF43D
:104AB00009AA6EE51C4601322C44072ACDE92824B8
:104AC000CAE900757FF7F0AAFCE427AADDE90C101B
:104AD00001F000FE00287FF408A9299CC246FFF7D8
:104AE0009ABA289A8A49CAF8001001320134012181
:104AF000072ACDE92824CAF804103FF7B5AC0AF11B
:104B0000080ABCE427AADDE90C1001F0E3FD002847
:104B10007FF4EBA8C24626E414461E46CDF824A036
:104B200005F1010903F10802099BCDF8A0901C448E
:104B3000B9F1070F2994C6E900733FF74CAF09F1AB
:104B4000010902F1080A16460DE51C4601322C4403
:104B5000072ACDE92824CAE9007500F32E810AF15D
:104B6000080A7CE511980994FEF76AFF0797CDE9DA
:104B70000E050346FFF74DB9079AD5077FF596AAAC
:104B800082E4002B08BF012309938CE6099B25A82A
:104B90005D1C22A921AA0223CDE9031002920093F1
:104BA0000195DDE91C230D9800F012FB1190B9F17D
:104BB000470F40F0C881FB0740F1BE81119BB9F15E
:104BC000460F03EB05047FF4A0AE119B1B78302B3E
:104BD00000F05F81219D2C4497E6219A259B12923B
:104BE000119A472EA3EB0203139307D1129BDA1CF1
:104BF00002DB099A9A4233DAA9F10209129B8DF875
:104C00008C90013B002B2193BDBF129BC3F101038C
:104C10002D222B22092B8DF88D2000F306813033B5
:104C200030228DF88F308DF88E2024AB23AA9B1A6A
:104C3000139A1993012A13440E9340F34E810E9B4D
:104C4000179A13440E9323EAE373089300231293F5
:104C50007FE62D2600238DF87F600993FFF7E2B8E9
:104C6000DDE912318B42C0F28380F80740F10A81FE
:104C7000129B179A13440E9323EAE37308934FF0A1
:104C8000670966E627AADDE90C1001F023FD00287C
:104C90007FF42BA8299CC246D9E42D268DF87F608D
:104CA000FFF7D3BA27AADDE90C1001F013FD0028A5
:104CB0007FF41BA8219B299CC246D9E4259BA342D3
:104CC000BFF42DAE30215A1C25921970259B9C42B1
:104CD000F9D824E6DDE9141202F100431D932D23D7
:104CE0001C911093ECE500230993FEF78FBF27AAD0
:104CF000DDE90C1001F0EEFC00287EF4F6AF219BFC
:104D0000139A299CD31AC246CBE400BF34AB0200ED
:104D10003CAB0200099D019525A822A921AA0323E5
:104D2000CDE90310029200930D98DDE91C2300F0F9
:104D30004FFA1190441948E706230993B3E5099BFC
:104D400008930E9309900F95079712909DF87F6036
:104D5000FFF765B827AADDE90C1001F0BBFC0028BD
:104D60007EF4C3AF219BDDE92824C246FFF79CBB3C
:104D7000179A139B1344129A0E93002A06DC129B77
:104D80000E9AC3F101031A4413460E9223EAE37309
:104D900008934FF06709DCE525A822A921AA03237F
:104DA000099D0292CDE9031000930195DDE91C23D2
:104DB0000D9800F00DFA119000E727AADDE90C101C
:104DC00001F088FC00287EF490AF299CC24646E49E
:104DD0005D421033724F1CDA1026DDF8349004E087
:104DE0000AF1080A103D102D13DD01321034072A94
:104DF000CDE92824CAE90076F2DD27AA0C994846B5
:104E000001F068FC00287EF470AFDDE92824C2467A
:104E1000E8E701322C44072ACDE92824CAE90075C5
:104E20007DDC0AF1080AFFF742BB0DF19B04204626
:104E30005C4D00E01046A5FB0312D20802EB820194
:104E4000A3EB410303F130011346092B00F8011CC9
:104E500000F1FF32EEDC30330238D9B2844202F87E
:104E6000011C73D90DF18E00134601E013F8011BEC
:104E700000F8011B9C42F9D127AB9B1A0DF18E0261
:104E80001344D3E623EAE37208920E934FF06709C6
:104E90005FE500220023DDE91C01FCF787FA00280A
:104EA0007FF498AEC5F1010521952C442DE5159BA5
:104EB0003D4A002BB6BF2D269DF87F608DF87F60A0
:104EC0003A4BFFF7C4B9129B179A1344099A1A4434
:104ED00022EAE2730E9208933BE517F00103129366
:104EE0007FF4ADAE0E9B23EAE373089331E53BB943
:104EF000FC0705D4012308930E932AE5524613E6D6
:104F0000179B0133E2E70F9D9BF801302C68834625
:104F100044EAE474281D09940F90FEF774BE27AA92
:104F2000DDE90C1001F0D6FB00287EF4DEAEDDE9F1
:104F30002824C246FFF7BBBA219A259B1292119AE8
:104F40009B1A139352E6119B5C19DEE40DF18E035C
:104F50006CE68DF87F10FEF792BF0D9A0C2313605C
:104F60004FF0FF330A93FEF7C9BE099D1FE68DF887
:104F70007F10FFF7E2B88DF87F10FFF735B98DF895
:104F80007F10FFF784B98DF87F10FFF7BCB98DF85B
:104F90007F10FEF74EBF8DF87F10FFF70CB900BFF2
:104FA00050AB0200CDCCCCCC08AB020004AB02006D
:104FB00070B5141E9AB005462CDB1A464FF40273E6
:104FC00000910491ADF80C3013D0013C4FF6FF7600
:104FD0001E9B029469460594ADF80E60FEF7B8FD7D
:104FE000421C01DA8B232B60009B00221A701AB03E
:104FF00070BD1E9B02944FF6FF7669460594ADF88E
:105000000E60FEF7A5FD431C01DB1AB070BD8B23BB
:105010002B60FAE78B2303604FF0FF30F5E700BF0A
:1050200010B582B0054C0093246813460A46014629
:105030002046FFF7BDFF02B010BD00BF08060020EC
:1050400021B1FF2A04D80A70012070470846704732
:105050008A2303604FF0FF30704700BF70B50D46E4
:10506000084C114606461A46284600232360F5F7E9
:1050700047FF431C00D070BD2368002BFBD033607A
:1050800070BD00BF88B6002038B5074C0023054628
:1050900008462360F5F7D2FE431C00D038BD2368D4
:1050A000002BFBD02B6038BD88B600202DE9F04FD7
:1050B00003690F69BB4283B0C0F28680013F01F1F2
:1050C000140900F1140A59F827205AF82730BC00B7
:1050D0000132B3FBF2F80AEB0403009409EB040B72
:1050E0000193B8F1000F38D000252E46CE46D446A5
:1050F0005EF8044BDCF80030A2B208FB0255220C2B
:105100002C0C08FB0242ADB2751B96B2C6EB1346DF
:1051100015FA83F306EB23469BB243EA0643F345B5
:105120004FEA12454CF8043B4FEA2646E0D2009B7A
:105130005AF803308BB9019A131F9A450CD252F8D2
:10514000043C4BB9A2F1080302E01A68043B1AB907
:105150009A4507F1FF37F8D30761044601F0B4F927
:1051600000282DDB08F101085546002359F8041BDF
:1051700028688AB29A1A0B0C12FA80F2C3EB104319
:1051800003EB224392B242EA0342CB4545F8042B9B
:105190004FEA2343EAD25AF827200AEB87037AB969
:1051A0001A1F92450BD253F8042C42B9083B02E077
:1051B0001A68043B1AB99A4507F1FF37F8D32761FB
:1051C000404603B0BDE8F08F002003B0BDE8F08F8B
:1051D0002DE9F04F016C97B014461D468346CDE98A
:1051E000024549B1426C4A60012393408B6000F054
:1051F0007BFF0023CBF840302E1E239AB4BF01233F
:1052000000231360784BBCBF26F000460396B343DF
:1052100000F0A880DDE902890022002340464946CB
:10522000FCF7C4F8054678B1229A01231360249B49
:10523000002B00F0C4806D4B249A1360013B049353
:10524000049817B0BDE8F08F14AA15ABCDE9003271
:10525000584642464B4601F0C9F9340D824640F0AB
:10526000A380DDE914542C4404F23243202B40F394
:105270001384C3F140039E40029B04F2124023FAC0
:1052800000F03043FBF7B0FD01238046013CA1F163
:10529000F87912930022564B40464946FBF766FCCC
:1052A0004BA3D3E90023FBF719FE4BA3D3E900235B
:1052B000FBF75EFC064620460F46FBF7A5FD48A31C
:1052C000D3E90023FBF70AFE02460B463046394677
:1052D000FBF74EFC06460F4601F076FA00220590D9
:1052E000002330463946FCF76BF8002840F06C820A
:1052F000059E162E00F25D823E4B03EBC603D3E9FA
:105300000001DDE90223FCF779F8002800F0C083F2
:10531000731E059300230A932C1B059BB4F101080F
:1053200046BFC4F101094FF000084FF00009002BFF
:10533000C0F242829844099300230893209B092BD2
:1053400060D8052B40F3A683043B20930025209BC7
:10535000023B032B00F28984DFE813F0C503A503A9
:10536000CF03E604229A42F20F731360029B7BB9CB
:10537000C6F3130666B9249B002B00F00E861E4B65
:1053800004930833249A0498136017B0BDE8F08F93
:10539000249B2BB9194B0493049817B0BDE8F08FE8
:1053A000164B04930333EDE7C9F3130343F07F591E
:1053B0001295A4F2FF3449F44019149D6AE7104B8A
:1053C0000493049817B0BDE8F08F00BFAFF30080DE
:1053D00061436F63A787D23FB3C8608B288AC63FFB
:1053E000FB799F501344D33F0000F07F3DAB020098
:1053F0000000F83F98AB020060AB02006CAB02000B
:105400003CAB02004FF0FF340125CDE906450023F7
:10541000209321930021CBF844100B94584600F0C0
:105420003DFE0E2C0490CBF8400000F2F780002DDA
:1054300000F0F4809DED027B059900298DED0C7B39
:1054400040F3D183C14B01F00F0203EBC20393ED94
:10545000007B0C11E3068DED027B40F18684BC4B92
:10546000DDE90C01D3E90823FBF762FECDE90E016B
:1054700004F00F0403267CB1DDE90201B44DE70717
:1054800004D5D5E90023FBF729FD0136641005F1A9
:105490000805F4D1CDE90201DDE90223DDE90E01C1
:1054A000FBF746FECDE902010A9B43B10022A94B5E
:1054B000DDE90201FBF784FF002840F0E984304673
:1054C000FBF7A2FCDDE90223FBF708FDA24B00225B
:1054D000FBF74EFB069B0646A1F15077002B00F030
:1054E0000884059B1393069B0E93DDE9020101F0EE
:1054F0006BF90E9A954B03EBC20313ED027B00F19F
:1055000030058DED107BFBF77FFC02460B46DDE995
:105510000201CDE90267FBF729FB049B06460798C9
:105520005C1CEDB20F46DDE91023002800F0438437
:1055300000208A49FBF7FCFDDDE90223FBF716FB9F
:10554000049A3B4615703246CDE90201FBF756FF3F
:10555000002840F0ED8432463B4600207D49FBF7B1
:1055600005FB02460B46DDE90201FBF747FF002879
:1055700040F0E3840E9901294CD0049ACDF838907C
:105580001144CDF84080DDE90289CDF808A08A46B3
:105590000CE000206F49FBF7E9FA42464B46FBF767
:1055A0000FFF002840F0C78454452DD0404649469F
:1055B00000226B4BFBF792FC0022694B8046894628
:1055C00030463946FBF78AFC0F46064601F0FCF8E8
:1055D0000546FBF719FC02460B4630463946FBF7F9
:1055E000C5FA3035EDB242464B4604F8015B06463B
:1055F0000F46FBF7E5FE32463B460028C9D0139B19
:10560000DDF808A0059317E2DDF83890DDF840805A
:10561000DDF808A0DDE90C34CDE90234159B002B40
:10562000C0F2AD80059A0E2A00F3A980474B03EB28
:10563000C203D3E90089219B002BC0F2B182DDE9CE
:10564000026742464B4630463946FBF771FD01F092
:10565000BBF80546FBF7D8FB42464B46FBF73EFC42
:1056600002460B4630463946FBF780FA049A05F1AC
:1056700030031370069B012B06460F4602F101040E
:1056800046D00022364BFBF729FC002200230646B9
:105690000F46FBF78BFE002840F0CE81CDF808A026
:1056A000DDF818A0CDF818B0DDF810B00AE0FBF76F
:1056B00015FC0022002306460F46FBF777FE002864
:1056C00040F03C8342464B4630463946FBF730FDBE
:1056D00001F07AF80546FBF797FB42464B46FBF78D
:1056E000FDFB02460B4630463946FBF73FFA05F113
:1056F000300C04F801CBA4EB0B0CE24506460F4638
:105700004FF00002164BD2D1DDF808A0DDF818B03A
:1057100032463B4630463946FBF72AFA42464B466C
:1057200006460F46FBF76AFE58B942464B463046DE
:105730003946FBF73BFE002800F07E81EB0740F185
:105740007B8114F8015C049A12E000BF98AB020060
:1057500070AB02000000F03F00001C400000E03F82
:10576000000024409A4200F01C8313F8015C1C46A0
:10577000392D04F1FF33F5D001351D705CE1079A36
:1057800092B3209A012A40F30082069B5F1E089B79
:10579000BB42C0F2D882DF1B069B002BC0F2F7820F
:1057A0004C46984499440121584600F037FD05467F
:1057B0001DE001230A93AFE5059BA9EB03095B42BA
:1057C000089300230993B9E5DDF814804046FBF700
:1057D0001BFB32463B46FBF7E9FD00287FF488AD12
:1057E00008F1FF33059383E5089F079D4C46002C85
:1057F0000BDDB8F1000F08DD44452346A8BF434642
:10580000A9EB0309E41AA8EB0308089B6BB1079AFC
:10581000002A00F08C82DE1B002F40F08C81514664
:105820003246584600F0AAFD82460121584600F053
:10583000F5FC099A0646002A40F01681209B012BB0
:1058400040F35E810120404410F01F0000F007810A
:10585000C0F12003042B40F3A483C0F11C00814459
:1058600004448044B9F1000F05DD51464A465846CC
:1058700000F0D4FD8246B8F1000F05DD3146424606
:10588000584600F0CBFD06460A9B002B73D1069BC1
:10589000002B40F30782079B002B00F08580002C33
:1058A00000F35E81099B002B40F0C681A846029A56
:1058B000049F02F001020992069A7B1E1A44079285
:1058C00031465046FFF7F2FB294681460890504684
:1058D00000F0FAFD314602904246584600F010FEB4
:1058E000C368044609F130090146002B40F0D58118
:1058F000504600F0E9FD21460690584600F0F4FBC2
:10590000069B33B9209A22B9099B002B00F019831A
:10591000209B029A002AC0F21E8205D1209A1AB951
:10592000099A002A00F01782002B07F1010400F306
:105930002382079B87F80090BB4200F02C825146DF
:1059400000230A22584600F0D9FB454582462946E5
:105950004FF000034FF00A02584600F0988100F023
:10596000CDFB4146054600230A22584600F0C6FBFF
:1059700027468046A4E73146504600F0A5FD0028A2
:1059800085DA059F514600230A225846013F0597B4
:1059900000F0B4FB079B8246002B40F0E2820B9B99
:1059A000002B40F3EA820693DDF81080069F444600
:1059B00002E000F0A3FB824631465046FFF776FB3B
:1059C00000F1300904F8019BA4EB08039F424FF05B
:1059D0000A024FF0000351465846EADC00230293C6
:1059E00051460122584600F019FD3146824600F02A
:1059F0006BFD002814F8012C40F3B980049905E0F0
:105A0000994200F05C8113F8012C1C46392A04F1FC
:105A1000FF33F5D001321A703146584600F064FB6E
:105A200055B1029921B1A94202D0584600F05CFB61
:105A30002946584600F058FB5146584600F054FBA2
:105A40000022059B2270229A01331360249B002BB5
:105A50003FF4F6AB04981C6017B0BDE8F08F1C2033
:105A6000814404448044FDE60146584600F086FC2B
:105A7000209B012B064640F3F380002309933369F2
:105A800006EB8303186900F079FBC0F12000DAE629
:105A90000A9041E401255AE4C3F12006029B03FA6F
:105AA00006F0FFF7EFBB00230793059B219A1344F1
:105AB0000B930133012B1E460693B8BF012600212C
:105AC000172ECBF84410069C7FF7A8AC01220423C4
:105AD0005B0003F11400B042114602F10102F7D954
:105AE000CBF844109AE400230793219B002B40F34A
:105AF000ED800B9306931E46E1E701230793F4E73D
:105B0000029B002B7FF49EAEDDE90212C2F3130369
:105B1000002B40F0998122F000431B0D1B0523B19F
:105B200009F1010908F101080123099A0993002AE2
:105B30003FF488AEA3E73A462946584600F01EFCDB
:105B4000524601460546584600F072FB514607464C
:105B5000584600F0C9FABA46002E3FF466AE5EE63B
:105B600029462246584600F059FC05469AE607D1D8
:105B700019F0010F7FF442AF02E014F8022C1C462A
:105B8000302A04F1FF33F8D046E7129A002A00F0D9
:105B9000538103F233434C4698449944089F02E6EC
:105BA000069B002B3FF74BAD40F0BB800022B24B71
:105BB00040464946FBF792F9DDE90223FBF714FC66
:105BC000069E3546002875D1059A01320592049A41
:105BD00031231370541C3146584600F085FA002DCD
:105BE0007FF426AF28E700F03F81059B5C42A34B82
:105BF00004F00F0203EBC203D3E90023DDE90C013B
:105C0000FBF76CF92411CDE9020100F0BB819C4D3A
:105C100000230226E20705D5D5E90023FBF75EF94C
:105C200001360123641005F10805F3D1002B3FF480
:105C30003BACCDE9020137E46968584600F02EFA22
:105C40002B6902339A00044605F10C010C30FDF774
:105C5000F9F921460122584600F0E0FB804626E68D
:105C6000029B002B3FF450AF07E70024CBF84440E1
:105C70002146584600F012FA4FF0FF330B9306937B
:105C8000012304902194CBF840000793C6E400F070
:105C900035FA27460546804612E6584600F024FAB3
:105CA000012336E6209B022B7FF7F5AD069B002BE8
:105CB00000F0CC80219B049CDB4305938BE7059A85
:105CC00001320592049A31231370A5E60124219430
:105CD0000694FFF79FBB3046FBF796F8DDE90223F9
:105CE000FBF7FCF80022674BFAF742FF0646A1F1EA
:105CF00050770022604BDDE90201FAF737FF3246A8
:105D00003B4604460D46FBF779FB002846D1324658
:105D100007F1004320462946FBF752FB00283FF4D9
:105D200079AC00263546C5E701230793BDE6514609
:105D3000089A584600F022FB824676E5DDF808A076
:105D4000DDF818B078E6089B099AFB1A1A44CDE9E9
:105D50000872002720E5002B07F1010400F3BC8046
:105D6000029587F80090454656E69DED0C7B02268D
:105D70008DED0E7BFFF77FBBB9F1390F00F0BE80D0
:105D800009F10109029587F80090454644E6069B13
:105D9000A9EB030407E50295454621E600263546B2
:105DA00012E7049A30231370059B14F8015C013349
:105DB00005931346E0E4DDE90201FBF78FF8049B4D
:105DC0001D700E9B012BCDE9020123D00E9B049A7E
:105DD000CDF838901344C146984600222A4B3046ED
:105DE0003946FBF77BF80F46064600F0EDFC05460A
:105DF000FBF70AF8303502460B4630463946FAF7CB
:105E0000B5FE04F8015B444506460F46E5D1C84699
:105E1000DDF838901D4B0022DDE90201FAF7A8FEFB
:105E200032463B46FBF7CCFA00286DD0139B059316
:105E300014F8015C049A9BE4149B089FC3F1360399
:105E40004C4698449944AEE400236EE63146052260
:105E5000584600F053F901460646504600F034FB20
:105E600000283FF7B1AE25E79DED0C7B02268DEDB6
:105E7000027BFFF719BB00BF0000144098AB020083
:105E800070AB020000001C40000024400000E03F16
:105E9000069B002B3FF41FAF0B9C002C7FF7BAAB87
:105EA0000022424BDDE90201FBF718F8CDE90201BF
:105EB000701CFAF7A9FFDDE90223FBF70FF83C4B52
:105EC0000022FAF755FE059B0E94013B0646A1F110
:105ED00050771393FFF709BB51460122584600F053
:105EE0009DFA3146824600F0EFFA002832DDB9F122
:105EF000390F03D0089B03F1310931E739220295AC
:105F00003A704546049981E5DDE9022300202949DC
:105F1000FAF72CFE32463B46FBF770FA10B9FFF752
:105F200079BB144614F8013C302B04F1FF32F8D051
:105F3000139B059380E5DDF808A0139B0593049A55
:105F400016E4B9F1390F07F10104D7D0029B002BF9
:105F5000D0DC05E77FF404AF19F0010F3FF400AF88
:105F6000C5E7294600230A22584600F0C7F80B9BD4
:105F7000002B054609DD069391E4209B022B09DCEA
:105F80000B9B10E50226FFF78FBA209B022B01DC4A
:105F90000B9BF0E70B9B069388E6074B0493FFF7F8
:105FA0004FB93FF45FACC0F13C0059E5000024401C
:105FB00000001C400000E03F60AB02000B78722B39
:105FC00030B431D0772B2AD0612B04D01623036054
:105FD00030BC002070474FF4027501244FF48470E8
:105FE00011F8013F8BB1622B16D0782B11D02B2BDF
:105FF000F6D111F8013F20F01C0024F0030440F01A
:10600000100044F00204002BEDD12C43146030BC8E
:10601000704744F40064E3E744F48034E0E74FF46D
:10602000C06501240820DBE700252C460420D7E7C3
:1060300038B5074C0023054608462360F4F7CCFF2B
:10604000431C00D038BD2368002BFBD02B6038BD2B
:1060500088B60020044A054B1268506B002808BF20
:106060001846F030704700BF08060020380A0020AC
:1060700070B50D46084C114606461A4628460023C0
:106080002360F5F713F8431C00D070BD2368002B84
:10609000FBD0336070BD00BF88B60020C36C70B504
:1060A00005460C464BB153F8240080B1026843F812
:1060B00024200023C0E9033370BD21220421F4F71A
:1060C000A4F90346E8640028EDD1002070BD012149
:1060D00001FA04F6721D28469200F4F796F900289A
:1060E000F3D0C0E90146E4E731B1C36C4A6853F824
:1060F0002200086043F82210704700BFF0B50C6919
:1061000083B00D46064601F1140C0027DCF80000B0
:1061100081B202FB0133010C180C02FB01019BB29E
:10612000013703EB0143BC424CF8043B4FEA1143F7
:10613000ECDC3BB1AA68A24207DD05EB8402013426
:1061400053612C61284603B0F0BD696801930131A9
:106150003046FFF7A3FF2A69023205F10C0107461A
:1061600092000C30FCF76EFFF26C6968019B52F8EC
:106170002100286042F821503D46DEE7020C12045F
:106180000346C2B90304102013F07F4F04BF1B0263
:10619000083013F0704F04BF1B01043013F0404F60
:1061A00004BF9B000230002B04DB5B0001D50130F3
:1061B0007047202070470020E6E700BF036813F017
:1061C0000702014607D0DA071FD498071FD55B08DE
:1061D0000B600120704798B2A0B1104613F0FF0F7A
:1061E00004BF1B0A08301A0704BF1B0904309A07B2
:1061F00004BF9B080230DA0702D45B080BD00130E1
:106200000B6070471B0C1020E8E7002070479B08CC
:106210000B60022070472020704700BF10B50C466D
:106220000121FFF73BFF0122C0E9042410BD00BF9C
:106230002DE9F04F0E691469A64283B00F4615464A
:1062400004DA32462F4626460D461446D7E9011396
:1062500006EB04084345B8BF0131FFF71FFF00F10B
:10626000140909EB880EF145009005D24B46002237
:1062700043F8042B9E45FBD805F1140A0AEB84046D
:1062800007F11403A24503EB860C61D2641B153C95
:1062900024F00304CDF804E0A24405F110029E4668
:1062A00005E02D0C2BD1924509F104094ED052F88E
:1062B000045F1FFA85FBBBF1000FF2D077464E4614
:1062C000002000E0264657F8041B34688BB2A5B2C4
:1062D000090C240C0BFB035303440BFB014000EBA4
:1062E000134034469BB243EA0043BC454FEA10409A
:1062F00044F8043BE6D8706015682D0CD3D0D9F86B
:10630000003076461846CB46002100E0A34634888C
:10631000000C05FB040001449BB25C4643EA0143C8
:1063200044F8043B56F8043BDBF804001B0C87B22E
:1063300005FB037303EB1143B4454FEA1341E5D862
:106340009245CBF8043009F10409B0D1DDF804E03E
:10635000B8F1000F0BDD5EF8043CAEF1040E1BB18A
:1063600005E05EF8043D13B9B8F10108F9D10098D1
:10637000C0F8108003B0BDE8F08F00BF12F0030337
:106380002DE9F041144607462ED10D46A4101CD02D
:10639000BE6C96B3E3074FF0000806D4641014D027
:1063A0003068A8B10646E307F8D532462946384694
:1063B000FFF73EFFB5B16A68FB6C641053F822101A
:1063C000296043F822500546EAD12846BDE8F0810D
:1063D000324631463846FFF72BFF3060C0F8008068
:1063E0000646E0E70546D9E7013B0B4A52F8232071
:1063F0000023FFF783FE0546C8E701213846FFF773
:106400004DFE40F2712343610122002302610646E2
:10641000B8640360BEE700BF60AC02002DE9F0473E
:1064200091460A690E464FEA6914D1E9011304EB5B
:10643000020808F101059D42074604DD5B009D420C
:1064400001F10101FADC3846FFF728FE002C00F1CB
:10645000140337DD03EB8401002243F8042B8B4245
:10646000FBD1346906F1140319F01F0903EB840C06
:1064700020D0C9F1200E002200E051461C688A4657
:1064800004FA09F414434AF8044B53F8042B634507
:1064900022FA0EF2F1D34A600AB108F10205FB6C50
:1064A0007268013D53F822100561316043F82260A3
:1064B000BDE8F087043953F8042B41F8042F9C45BC
:1064C000F9D8ECE71946CCE730B40B69054600690A
:1064D000C01A0FD19B001435143119442B4401E02C
:1064E0009D4207D253F8044D51F8042D9442F7D041
:1064F00002D3012030BC70474FF0FF30FAE700BFF5
:106500002DE9F04113690D69ED1A002D0E469046F4
:1065100001F1140402F1140714D19B00E2183B446A
:1065200001E0A24259D952F804CD53F8041D8C451C
:10653000F7D009D2224633463C464646174698468F
:10654000012501E0F6DB00257168FFF7A7FDD8F80B
:1065500010303669C56007EB830EBC4600F11405A8
:1065600004EB860700235CF8041B54F8048B8AB202
:1065700013FA88F3090C9A1AC1EB184303EB224370
:1065800092B242EA0342E64545F8042B4FEA234320
:10659000E9D8A74217D9AE46A4465CF8042B13FAF3
:1065A00082F3191401EB12419BB243EA01426745A1
:1065B0004EF8042B4FEA2143EFD8E443274427F059
:1065C000030704373D44043D22B955F8043D013E1C
:1065D000002BFAD00661BDE8F0810021FFF75EFDD7
:1065E00001220023C0E90423BDE8F0812DE9F04336
:1065F00083B001211F4616460A9DFFF74FFDC7F3E2
:106600000A548146C7F313030CB143F48013002EE0
:10661000019323D002A840F8086DFFF7CFFD0028B2
:1066200035D1DDE90023C9F81420002B0CBF01216E
:106630000221C9F81830C9F81010DCB909EB810340
:10664000A0F2324028601869FFF798FD0B9BC0EB61
:1066500041101860484603B0BDE8F08301A8FFF779
:10666000ADFD019BC9F8143001212030C9F810108C
:10667000002CE3D0A4F2334808EB00032B600B9B03
:10668000C0F135001860484603B0BDE8F083DDE98D
:106690000013C0F1200203FA02F20A43C34001933F
:1066A000C9F81420C1E700BF70B50D46084C11466B
:1066B00006461A46284600232360F4F78FFC431C45
:1066C00000D070BD2368002BFBD0336070BD00BFCD
:1066D00088B600202DE9F04F936883B09046002BD8
:1066E0006CD017688D6882460C460868083742E00F
:1066F000A38913F4906F2DD0D4E9041505EB45055B
:10670000A0EB010B05EBD575701C6D105844A84229
:106710002A4684BF05462A465B0536D511465046B3
:10672000F3F7C6FE00283AD05A4621690190FCF7DB
:1067300089FCA289019B22F4906242F08002A2812E
:10674000A5EB0B0203EB0B00656123612060A260E7
:106750003546B3465A464946FCF70EFDD8F8083090
:10676000A2682068551B58449E1BA5602060C8F88D
:1067700008601EB3083757E90296AB46002EF9D0E1
:10678000AE42B5D23546B346E4E75046F3F720FEB5
:1067900003460028D4D121695046F3F7CBFE0C23E1
:1067A000CAF80030A389002243F040034FF0FF30C5
:1067B000A381C8E9012203B0BDE8F08F0020C8F82A
:1067C000040003B0BDE8F08F4FEA410212F5001259
:1067D00015D211D56FF47873B3EB625212D94FEA28
:1067E000C12343F0004343EA505311F0004F23FA12
:1067F00002F018BF404270474FF00000704750EA67
:10680000013005D111F0004008BF6FF00040704723
:106810004FF00000704700BF024B58221A604FF043
:10682000FF30704788B60020024B58221A604FF0A4
:10683000FF30704788B60020F8B500BFF8BC08BC30
:106840009E467047F8B500BFF8BC08BC9E4670472E
:10685000526F6C6C2C2050697463680000002041FA
:10686000000000400000C0400000004100007041F6
:106870000000A0410000C8410000F0416576656E4F
:106880007473004572726F72205B005D203A204E77
:10689000756C6C20706F696E746572005D203A20B3
:1068A000436F6D6D756E69636174696F6E206661AB
:1068B000696C757265005D203A2044657669636590
:1068C000206E6F7420666F756E64005D203A204FF5
:1068D0007574206F662072616E6765005D203A20D6
:1068E000496E76616C696420616363656C20636FD7
:1068F0006E66696775726174696F6E005D203A201B
:10690000496E76616C6964206779726F20636F6E7F
:1069100066696775726174696F6E005D203A20491F
:106920006E76616C696420616363656C2F67797250
:106930006F20636F6E66696775726174696F6E0050
:106940005D203A20496E76616C69642073656E73D0
:106950006F72005D203A20436F6E666967757261E1
:1069600074696F6E206C6F6164696E672065727206
:106970006F72005D203A20496E76616C6964207008
:1069800061676520005D203A20496E76616C69641C
:10699000206665617475726520626974005D203AD5
:1069A00020496E76616C696420696E7465727275D7
:1069B00070742070696E005D203A205365747469AC
:1069C0006E6720616476616E63656420706F7765C1
:1069D00072206D6F6465206661696C6564005D207E
:1069E0003A20496E76616C696420617578696C6CD7
:1069F0006961727920636F6E666967757261746927
:106A00006F6E005D203A20417578696C6C69617227
:106A1000792062757379005D203A2053656C662099
:106A200074657374206661696C6564005D203A204A
:106A300052656D617070696E67206572726F720069
:106A40005D203A204779726F207573657220676107
:106A5000696E20757064617465206661696C656437
:106A6000005D203A2053656C662074657374206E57
:106A70006F7420646F6E65005D203A20496E766108
:106A80006C696420696E707574005D203A20496EEF
:106A900076616C696420737461747573005D203A6B
:106AA00020435254206572726F72005D203A205369
:106AB000656C66207465737420616C7265616479BD
:106AC0002072756E6E696E67005D203A20435254E5
:106AD00020726561647920666F7220444C20666183
:106AE000696C2061626F7274005D203A20444C2012
:106AF0006572726F72005D203A20505245434F4ECE
:106B0000206572726F72005D203A2041626F72746C
:106B1000206572726F72005D203A204779726F2093
:106B200073656C662074657374206572726F720091
:106B30005D203A204779726F2073656C662074651A
:106B400073742074696D656F7574005D203A205709
:106B500072697465206379636C65206F6E676F6915
:106B60006E67005D203A205772697465206379630F
:106B70006C652074696D656F7574005D203A2053F3
:106B8000656C662074657374206E6F742072756E08
:106B90006E696E67005D203A204461746120726501
:106BA00061647920696E74657272757074206661B3
:106BB000696C6564005D203A20496E76616C696499
:106BC00020464F4320706F736974696F6E005D20BB
:106BD0003A20556E6B6E6F776E206572726F722001
:106BE000636F64650000000000000000000000000A
:106BF0002B050100BB050100110601007305010012
:106C0000E50501005106010091060100D7060100CB
:106C1000ED0601008307010015070100FBFAF9C822
:106C20002E002E802E3DB1C82E002E802E91038086
:106C30002EBCB0802EA303C82E002E802E00B05094
:106C400030212E59F51030212E6AF5802E3B03009D
:106C5000000000081901002200750000100010D18A
:106C600000B343802E00C1802E00C1802E00C18061
:106C70002E00C1802E00C1802E00C1802E00C18058
:106C80002E00C1802E00C1802E00C1802E00C18048
:106C90002E00C1802E00C1802E00C1802E00C18038
:106CA0002E00C1802E00C1802E00C1802E00C18028
:106CB0002E00C1802E00C1802E00C1802E00C18018
:106CC0002E00C1802E00C1802E00C1802E00C18008
:106CD0002E00C1802E00C1802E00C1802E00C180F8
:106CE0002E00C1802E00C1802E00C1802E00C180E8
:106CF0002E00C1802E00C1802E00C1802E00C180D8
:106D00002E00C1802E00C1802E00C1E05F00000077
:106D100000010000000000000000000000920000E0
:106D2000000000000000000000000000000000085B
:106D3000190000880000000000000005E0AA3805E6
:106D4000E09030FA0096004B091100110002002D6E
:106D500001D47B3B01DB7A04003F7BCD6CC304850F
:106D600009C304ECE60C460100270019009600A0B8
:106D70000001000C00F03C00010100030001000EC6
:106D800000000032000500EE060400C80000000408
:106D900000A805EE060004BC02B300850700000051
:106DA00000000000000000000000000000000000E3
:106DB00000B4000100B900010098000000000000CC
:106DC000000000010080000400000000000000003E
:106DD00000000000000000000000000000000000B3
:106DE00000000000000000000000000000000000A3
:106DF0000000000000000000000000000000000093
:106E00000000000000000000000000000000000082
:106E1000000000000000000000802E00C1FD2DDEFB
:106E200000EB00DA00000CFF0F0004C0005BF5C9A6
:106E3000011EF280003FFF19F458F566F564F5C0B5
:106E4000F1F000E000CD01D301DB01FF7FFF01E4A1
:106E50000074F7F300FA00FF3FCA036C3856FE4493
:106E6000FDBC02F90600FC1202AE0158FA9AFD7749
:106E700005BB02960195017F018201890187018886
:106E8000018A018C018F018D0192019101DD009F2A
:106E9000017E01DB00B601706926D39C071F059DAA
:106EA000000008BC0537FAA201AA01A101A801A0AF
:106EB00001A805B401B401CE00D000FC00C501FF5B
:106EC000FBB10000380030FDF5FCF5CD01A0005FFE
:106ED000FF0040FF0000806D0FEB007FFFC2F568F0
:106EE000F7B3F1670F5B0F610F800F58F75BF78304
:106EF0000F8600720F850FC6F17F0F6CF700E00060
:106F0000FFD1F5870F8A0FFF03F03F8B008E0090B3
:106F100000B9002DF5CAF5CB0120F20000000000F9
:106F20000000000000000000000000000000000061
:106F30000000000000000000000000000000000051
:106F40000000000000000000000000000000000041
:106F50000000000000000000000000000000000031
:106F60000000000000000000000000000000000021
:106F70000000000000000000000000000000000011
:106F80000000000000000000000000000000000001
:106F900000000000000000000000000000000000F1
:106FA00000000000000000000000000000000000E1
:106FB00000000000000000000000000000000000D1
:106FC00000000000000000000000000000000000C1
:106FD00000000000000000000000000000000000B1
:106FE00000000000000000000000000000000000A1
:106FF000000000000000003050982ED70E5032984C
:107000002EFA030030F07F002E002ED02E002E012D
:107010008008A2FB2F982EBA03212E1900012EEE14
:107020000000B2072F012E190000B2032F015003F8
:1070300052982E07CC012EDD0000B2272F052E8A94
:10704000000552982EC7C1032EE90040B2F07F0818
:107050002F012E190000B2042F0030212EE90098D4
:107060002EB4B1012E180000B2102F0550982E4DED
:10707000C30550982E5AC7982EF9B4982E54B2983A
:107080002E67B6982E17B21030212E7700012EEF02
:107090000000B2042F982E7AB70030212EEF0001A5
:1070A0002ED40004AE0B2F012EDD0000B2072F05F9
:1070B00052982E8E0E00B2022F1030212E7D00012C
:1070C0002E7D000090902EF102012ED70000B20418
:1070D0002F982E2F0E0030212E7B00012E7B0000DA
:1070E000B2122F012ED4000090022F982E1F0E09ED
:1070F0002D982E810D012ED4000490022F5032982D
:107100002EFA030030212E7B00012E7C0000B2906D
:107110002E0903012E7C000131010800B2042F98D2
:107120002E47CB1030212E77008130012E7C0001BC
:107130000800B2612F032E8900012ED40098BC985C
:10714000B805B20F58232F079009540030372F1578
:10715000410441DCBE44BEDCBA2C0161000F564A3A
:107160000F0C2FD14294B8C1421130052E6AF72C72
:10717000BD2FB980B20822982EC3B7212D613023CC
:107180002ED400982EC3B70030212E5AF5182DE1C9
:107190007F5030982EFA030F520750504270300D36
:1071A0005442427E82E26F80B24242052F212ED4A9
:1071B000001030982EC3B7032D6030212ED400016B
:1071C0002ED4000690182F012E76000B540752E0A3
:1071D0007F982E7AC1E16F081A4030082F212ED4F3
:1071E000002030982EAFB75032982EFA03052D9814
:1071F0002E380E0030212ED4000030212E7C0018B5
:107200002D012ED40003AA012F982E450E012ED455
:10721000003F8003A2012F002E022D982E5B0E301E
:1072200030982ECEB70030212E7D005032982EFAA5
:1072300003012E770000B2242F982EF5CB032ED514
:10724000001154010ABC848386212EC901E0401339
:1072500052C4408240A8B9524243BE5342040A502D
:1072600042E17FF0314140F26F25BD0808020AD0AB
:107270007F982EA8CF06BCD16FE26F080A80429893
:107280002E58B70030212EEE00212E7700212EDD62
:1072900000802EF4011A242200802EEC011050FBF5
:1072A0007F982EF3035750FB6F0130715411424207
:1072B0000EFC2FC02E0142F05F802E00C1FD2D017B
:1072C00000000000000000000000009A01340300EC
:1072D00000000000000000000000000000000000AE
:1072E000000000000000000000000000000000009E
:1072F000000000000000000000000000000000008E
:10730000000000000000000000000000000000007D
:10731000000000000000000000000000000000006D
:10732000000000000000000000000000000000005D
:10733000000000000000000000000000000000004D
:10734000002050E77FF67F06320F2E61F5FE09C060
:10735000B3042F17302F2EEF002D2E61F5F66FE7B7
:107360006FE05FC82E2050E77FF67F46300F2EA4D7
:10737000F1BE0980B3062F0D2ED40084AF022F1664
:10738000302D2E7B0086302D2E60F5F66FE76FE0F6
:107390005FC82E012E77F709BC0FB800B21050FB62
:1073A0007F10300B2F032E8A0096BC9FB840B20589
:1073B0002F032E68F79EBC9FB840B2072F032E7E86
:1073C000004190012F982EDC03032C0030212E7EEB
:1073D00000FB6FF05FB82E2050E07FFB7F002E2770
:1073E00050982E3BC82950982EA7C80150982E556A
:1073F000CCE16F2B50982EE0C9FB6F0030E05F218D
:107400002E7E00B82E7350013057541142420EFCAC
:107410002FB82E212E59F51030C02E212E4AF19072
:1074200050F77FE67FD57FC47FB37FA17F907F82B7
:107430007F7B7F982E35B700B2902E97B0032E8FAA
:1074400000072E9100052EB1003FBA9FB8012EB162
:1074500000A3BD4C0A052EB10004BEBFB9CB0A4F34
:10746000BA22BD012EB300DC0A2FB9032EB8000AE0
:10747000BE9A0ACFB99BBC012E97009FB8930A0F02
:10748000BC910A0FB8900A252E1800052EC1F52EC2
:10749000BD2EB9012E190031308A040090072F014A
:1074A0002ED40004A2032F012E180000B20C2F19B5
:1074B000500552982E4DB7052E780080901030015F
:1074C0002F212E7800252EDD00982E3EB700B20227
:1074D000300130042F012E190000B2002F2130019D
:1074E0002EEA00081A0E2F232EEA0033301B500B11
:1074F000090140175646BE4B084C0A01420A801546
:10750000520142002E012E180000B21F2F032EC080
:10751000F5F030480847AA7430072E7A0061224BF4
:107520001A052F072E66F5BFBDBFB9C0900B2F1DE2
:10753000562B30D242DB420104C24204BDFE8081A0
:1075400084232E7A0002420232252E62F5052ED6C1
:10755000008184252ED6000231252E60F5052E8A65
:10756000000B50900880B20B2F052ECAF5F03E900C
:1075700008252ECAF5052E59F5E03F9008252E590D
:10758000F5906FA16FB36FC46FD56FE66FF76F7B28
:107590006F826F705FC82EC050907FE57FD47FC32D
:1075A0007FB17FA27F877FF67F7B7F002E012E60D9
:1075B000F5607F982E35B70230636F1552507F62A9
:1075C0007F5A2C02321A0900B3142F00B2032F097C
:1075D0002E180000910C2F437F982E97B71F500252
:1075E0008A02320430252E64F51552506F436F44E1
:1075F00043252E60F5D908C0B2362F982E3EB7002D
:10760000B2062F012E190000B2022F506F00900A0F
:107610002F012E79000090192F1030212E790000B3
:1076200030982EDC03132D012EC3F50CBC0FB812BD
:1076300030100403B0262521500352982E4DB71068
:1076400030212EEE000230607F252E7900606F0021
:1076500090052F0030212EEA001550212E64F515DB
:1076600052232E60F50232506F0090022F03302714
:107670002E7800072E60F51A090091A32F19090032
:1076800091A02F906FA26FB16FC36FD46FE56F7B26
:107690006FF66F876F405FC82EC050E77FF67F267A
:1076A000300F2E61F52F2E7C000F2E7C00BE09A21C
:1076B0007F807F80B3D57FC47FB37F917F7B7F0B3B
:1076C0002F23501A251240427F74821240527F00AD
:1076D0002E0040607F982E6AD68130012E7C0001FA
:1076E0000800B2422F032E8900012E890097BC06A4
:1076F000BC9FB80FB80090232ED800103001302A5C
:107700002F032ED40044B2052F47B200302D2F2175
:107710002E7C002B2D032EFDF59EBC9FB8409014AF
:107720002F032EFCF599BC9FB840900E2F032E49D5
:10773000F125544A084090082F982E35B700B21012
:1077400030032F5030212ED400102D982EAFB700CB
:1077500030212E7C000A2D052E69F72DBD2FB98012
:10776000B2012F212E7D00232E7C00E031212E61DD
:10777000F5F66FE76F806FA26FB36FC46FD56F7B45
:107780006F916F405FC82E60510A253688F47FEBF9
:107790007F0032315232301330982E15CB0A253308
:1077A00084D27F433005502D52982E95C1D26F2739
:1077B00052982ED7C72A25B086C07FD37FAF8429A1
:1077C00050F16F982E4DC82A25AE8AAA88F26E2BEA
:1077D00050C16FD36FF47F982EB6C8E06E00B232FE
:1077E0002F33548386F16FC37F04303030F47FD061
:1077F0007FB27FE330C56F56404541280803140E21
:10780000B408BC8240100A2F542605917F4428A357
:107810007F982ED9C008B933305309C16FD36FF4A4
:107820006F831747406C15B26FBE09750B904245C8
:1078300042510E32BC0289A16F7E86F47FD07FB2A6
:107840007F0430916FD62FEB6FA05EB82E032E977A
:10785000001BBC60509FBC0CB8F07F40B2EB7F2B8C
:107860002F032E7F004140012EC800011A112F372F
:1078700058232EC8001041A07F38810141D07FB12C
:107880007F982E64CFD06F0780A16F1142002EB178
:107890006F01421130012EFC0000A80330CB224AB8
:1078A00025012E7F003C8935520554982EC4CEC147
:1078B0006FF06F982E95CF042D0130F06F982E95B4
:1078C000CFEB6FA05FB82E032EB3000232F030036F
:1078D0003130508A080808CB08E07F80B2F37FDBA4
:1078E0007F252F032ECA004190042F0130232ECA7A
:1078F00000982E3F03C0B2052F032EDA000030415E
:1079000004232EDA00982E92B21025F06F00B205F3
:107910002F012EDA0002301004212EDA0040B201CD
:107920002F232EC801DB6FE06FD05F802E95CF0133
:1079300030E06F982E95CF1130232ECA00DB6FD028
:107940005FB82ED0500A2533845550D27FE27F0392
:107950008CC07FBB7F0030055A39545141A57F96BA
:107960007F807F982ED9C00530F57F2025916F3B11
:10797000583D5C3B56982E67CCC16FD56F52405036
:1079800043C17FD57F1025982EFEC91025982E74EF
:10799000C0866F3028926F828CA56F6F52690E3946
:1079A00054DB2F19A01530032F0030212E81010A3E
:1079B0002D012E810105284236212E8101020E0162
:1079C0002F982EF303575012300140982EFEC951C4
:1079D0006F0B5C8E0E3B6F57580230212E95014580
:1079E0006F2A8DD27FCB7F132F02303F50D27FA8DA
:1079F0000E0E2FC06F535402005154420E103059D6
:107A0000520230012F002E032D504242421230D23A
:107A10007F80B2032F0030212E8001122D012EC94C
:107A2000000280052E8001113091280040252E8013
:107A300001100E052F012E7F010190012F982EF3CA
:107A400003002EA0410190A67F902EE3B4012E9555
:107A50000100A8902EE3B45B549580824080B2026E
:107A6000402D8C3F52967F902EC2B3290E762F0167
:107A70002EC900004081284552B330982E0FCA5DB0
:107A800054807F002EA140727F82808240607F9868
:107A90002EFEC91025982E74C0626F05308740C035
:107AA000910430052F052E830180B21430002F047D
:107AB00030052EC900736F8140E2406904110FE167
:107AC000401630FE29CB40022F836F830F222F47B1
:107AD00056130F1230772F4954420E1230732F0075
:107AE000910A2F012E8B0119A802306C2F635000D0
:107AF0002E17420542682C12300B25080F50300219
:107B00002F212E8301032D4030212E83012B2E8522
:107B1000015A2C123000912B25042F63500230178C
:107B200042172C0242982EFEC91025982E74C005CB
:107B30002EC90081845B308240372E8301020E07FC
:107B40002F5F52403062404140910E012F212E8321
:107B50000105302B2E85011230362C16301525816B
:107B60007F982EFEC91025982E74C019A2163015C4
:107B70002F052E9701806F820E052F012E8601069C
:107B800028212E86010B2D032E87015F544E28914C
:107B900042002E8240900E012F212E8801023013C8
:107BA0002C0530C06F081CA80F163005305B50093B
:107BB0002F02802D2E820105420580002E02423EBA
:107BC00080002E06420230906F3E88014004414CF6
:107BD000280142078010252440004000A8F52223F8
:107BE0002944427A827E884340044100ABF523DF7A
:107BF000284342D9A0142F0090022FD26F81B205E2
:107C00002F6354062890428542092C02305B5003B2
:107C100080292E7E012B2E8201054212302B2E83CD
:107C2000014582002E40407A8202A0082F63503B1B
:107C300030154205423780372E7E01054212300151
:107C40002EC900028C404084417A8C040F032F011E
:107C50002E8B0119A4042F2B2E8201982EF30312D0
:107C60003081906152082F65426542438039848299
:107C7000880542454285420543002E804100909090
:107C80002EE1B46554C16F804000B243586950443E
:107C90002F555CB7878C0F0D2E9601C440362F41AF
:107CA000568B0E2A2F0B52A10E0A2F052E8F011470
:107CB00025982EFEC94B54020F69500530655415A6
:107CC0002F032E8E014D5C8E0F3A2F052E8F0198BB
:107CD0002EFEC94F54820F053069506554302F6D08
:107CE000521530428C454204302B2C84436B524257
:107CF0008C002E85431530242C45428E0F202F0DED
:107D00002E8E01B10E1C2F232E8E011A2D0E0E1752
:107D10002FA10F152F232E8D01132D982E74C043E4
:107D200054C20E0A2F655004800B3006820B427934
:107D30008041401230252E8C01014205306950658A
:107D40005484824384BE8C8440864126299442BE5A
:107D50008ED57F19A143400B2E8C018440C7415D15
:107D600029272945428442C27F012FC0B31D2F0518
:107D70002E940199A0012F80B3132F80B3182FC028
:107D8000B3162F12400140927F982E74C0926F104C
:107D90000F2030032F1030212E7E010A2D212E7E40
:107DA00001072D2030212E7E01032D1030212E7E43
:107DB00001C26F012EC900BC840280824000409045
:107DC0000ED56F022F1530982EF303419105300721
:107DD0002F67503D802B2E8F0105420480002E0519
:107DE00042022C00300030A26F988A864080A7059E
:107DF0002F982EF303C030212E950106251A25E277
:107E00006F768296405643510EFB2FBB6F305FB8A2
:107E10002E012EB8000131410840B22050F230024C
:107E200008FB7F0130102F052ECC008190E07F03EE
:107E30002F232ECC00982E55B6982E1DB51025FB5D
:107E40006FE06FE05F802E95CF982E95CF10302198
:107E50002ECC00FB6FE05FB82E00510558EB7F2A57
:107E60002589526F5A895013410640B3011642CBFF
:107E7000160640F3021342650EF52F054014302C10
:107E800029044208A10030902E52B6B388B08AB6B9
:107E900084A47FC47FB57FD57F927F733004305533
:107EA0004042408A17F3086B01900253B84B82ADF1
:107EB000BE717F450A0954847F982ED9C0A36F7B79
:107EC00054D042A37FF27F607F2025716F755A776F
:107ED00058795C7556982E67CCB16F626F5042B17D
:107EE0007FB3301025982E0FCA846F2029716F92AE
:107EF0006FA56F76826A0E73300030D02FD26FD1AB
:107F00007FB47F982E2BB715BD0BB8020AC26FC085
:107F10007F982E2BB715BD0BB8420AC06F081741CA
:107F2000188916E118D018A17F27251625982E79D3
:107F3000C08B54907FB330824080900D2F7D529241
:107F40006F982E0FCAB26F900E062F8B50143042CE
:107F50006F516F144212420142002E316F982E74FD
:107F6000C0416F807F982E74C0826F10044352010D
:107F70000F052ECB0000300430212F516F43588C59
:107F80000E04301C2F8588416F04418C0F0430167D
:107F90002F8488002E044104058C0E04300F2F829C
:107FA00088316F044104058C0E0430082F8388004B
:107FB0002E04418C0F0430022F212EAD011430000D
:107FC00091142F032EA10141900E2F032EAD011409
:107FD000304C28232EAD0146A0062F81848D5248B7
:107FE000828240212EA10142425C2C0230052EAA41
:107FF0000180B20230552F032EA901926FB3309841
:108000002E0FCAB26F900F003002304A2FA26F8736
:108010005291008552510E022F002E432C0230C285
:108020006F7F52910E02303C2F516F8154982EFE7B
:10803000C91025B3302125982E0FCA326FC07FB3E7
:10804000301225982E0FCA426FB07FB33012259898
:108050002E0FCAB26F90288352982EFEC9C26F901D
:108060000F003002301D2F052EA10180B212300FFB
:108070002F426F032EAB01910E0230122F526F036D
:108080002EAC01910F02300C2F212EAA010A2C12C6
:1080900030032ECB008D5808894140114300432501
:1080A0002EA101D46F8F5200433A89002E10431045
:1080B00043610EFB2F032EA001111A022F0225216E
:1080C0002EA001EB6F005FB82E9152103002309558
:1080D0005652424B0EFC2F8D548882935680425349
:1080E00042404242868354C02EC242002EA3520018
:1080F00051524047401A25012E97008FBE7286FBD1
:108100007F0B307CBFA5501008DFBA7088F8BFCB5A
:1081100042D37F6CBBFCBBC50A907F1B7F0B43C067
:10812000B2E57FB77FA67FC47F902E1CB7072ED203
:1081300000C0B20B2F9752012ECD00827F982EBB2C
:10814000CC0B30372ED200826F906F1A2500B28B85
:108150007F142FA6BD25BDB6B92FB980B2D4B00CFF
:108160002F99549B560B300B2EB100A1589B42DB2C
:10817000426C092B2EB1008B42CB42867F7384A7C1
:1081800056C30839520550727F637F982EC2C0E1F2
:108190006F626FD10A012ECD00D56FC46F726F97D9
:1081A000529D5C982E06CD236F906F9952C0B204F9
:1081B000BD5440AFB94540E17F0230062FC0B20246
:1081C00030032F9B5C12309443854303BF6FBB8009
:1081D000B3202F066F2601166F6E034542C090290B
:1081E0002ECE009B52142F9B5C002E93418641E3C0
:1081F00004AE0780AB042F80910A2F866F730F07A0
:108200002F836FC0B2042F544245421230042C1108
:1082100030022C1130113002BC0FB8D27F00B20AEC
:108220002F012EFC00052EC701101A022F212EC788
:1082300001032D022C01300130B06F982E95CFD163
:108240006FA06F982E95CFE26F9F52012ECE0082C5
:108250004050420C2C42421130232ED2000130B04B
:108260006F982E95CFA06F0130982E95CF002EFBE2
:108270006F005FB82E8386013000309440241806CA
:1082800000530E4F02F92FB82EA952002E60404124
:10829000400DBC98BCC02E010A0FB8AB52533C52E3
:1082A0004040404B00821626B901B8414010089763
:1082B000B80108C02E11300108438625400440D87B
:1082C000BE2C0B2211544203804B0EF62FB82E9F6A
:1082D000501050AD52052ED300FB7F002E1340935B
:1082E00042410EFB2F982EA5B7982E87CF012ED98D
:1082F0000000B2FB6F0B2F012E69F7B13F0108019F
:1083000030F05F232ED900212E69F7802E7AB7F046
:108310005FB82E012EC0F8032EFCF51554AF56821F
:10832000080B2E69F7CB0AB1588090DDBE4C085F70
:10833000B959228090072F0334C308F23A0A080281
:1083400035C0904A0A4822C02E232EFCF51050FB5F
:108350007F982E56C7982E49C31030FB6FF05F21CF
:108360002ECC00212ECA00B82E032ED30016B80240
:10837000344A0C212E2DF5C02E232ED30003BC2110
:108380002ED500032ED50040B21030212E770001EB
:1083900030052F052ED8008090012F232E6FF5C0B9
:1083A0002E212ED90011308108012E6AF7713F234A
:1083B000BD0108020AC02E212E6AF73025003021A7
:1083C0002E5AF51050212E7B00212E7C00FB7F9829
:1083D0002EC3B74030212ED400FB6FF05F03258001
:1083E0002EAFB7802E00C1802E00C1802E00C1802C
:1083F0002E00C1802E00C1802E00C1802E00C180C1
:108400002E00C1802E00C1802E00C1802E00C180B0
:108410002E00C1802E00C1802E00C1802E00C1011F
:108420002E5DF708BC80AC0EBB022F0030410482E9
:1084300006C0A40030112F40A9032F40910D2F003A
:10844000A70B2F80B3B358022F90A12613202380AF
:10845000901030012FCC0E002F0030B82EB55018E0
:108460000808BC88B60D17C6BD56BCB758DABA04A2
:10847000011D0A1050053032254503FB7FF63021DF
:1084800025982E37CA16B59ABC06B880A8410A0EA0
:108490002F8090022F2D50480F092FBFA0042FBF0F
:1084A00090062FB754CA0F032F002E022CB7522D5F
:1084B00052F233982ED9C0FB6FF137C02E0108F06D
:1084C0005FBF56B954D040C4400B2EFDF3BF52904D
:1084D00042944295420530C1500F880640044196AF
:1084E00042C54248BE73300D2ED8004FBA844203B5
:1084F0004281B3022F2B2E6FF5062D052E77F7BD87
:10850000569308252E77F7BB54252EC2F5072EFD6E
:10851000F34230B433DA0A4C00272EFDF34340D443
:108520003FDC084342002E002E43402430DC0A4347
:10853000420480032EFDF34A0A232EFDF36134C06A
:108540002E0142002E60501A257A86E07FF37F03C9
:1085500025C3524184DB7F3330982E16C21A257D05
:1085600082F06FE26F322516409440260185408EDE
:1085700017C4426E039542410EF42FDB6FA05FB823
:108580002EB051FB7F982EE80D5A25982E0F0ECB5A
:10859000583287C47F65896B8DC55A657FE17F83BB
:1085A0007FA67F747FD07FB67F947F1730C752C974
:1085B00054517F002E856F427F002E5141458142EC
:1085C0004113403B8A00404B04D006C0AC857F027B
:1085D0002F02305104D306418405305D02C916DFF5
:1085E00008D3008D02AFBCB1B9590A656F1143A120
:1085F000B4524153410143347F657F2631E56FD446
:108600006F982E37CA326F756F83404241237F12B5
:108610007FF63040255125982E37CA146F200570FB
:108620006F256F6907A26F316F0B3004429B428B3D
:10863000425542327F40A9C36F717F0230D040C3A0
:108640007F032F4091152F00A7132F00A4112F8413
:10865000BD982E79CA556FB75454418200F33F45F7
:1086600041CB02F630982E37CA356FA46F414303D1
:108670002C0043A46F356F1730426F516F93404207
:10868000820041C3000343517F002E944041414C7E
:1086900002C46FD156630E746F5143A57F8A2F09B0
:1086A0002ED80001B3212FCB58906F1341B66FE441
:1086B0007F002E9141144092411540172E6FF5B660
:1086C0007FD07FCB7F982E000C0715C26F140B292B
:1086D0002E6FF5C3A3C18FE46FD06FE62F14300562
:1086E0002E6FF5140B292E6FF5182DCD560432B5CB
:1086F0006F1C0151415241C340B57FE47F982E1F4A
:108700000CE46F218700430432CF545A0EEF2F152B
:1087100054092E77F7220B292E77F7FB6F505EB89E
:108720002E1050012ED40000B2FB7F512F01B24811
:108730002F02B2422F0390562FD7527980424081A8
:108740008400404242982E930CD954D750A14098AF
:10875000BD82403E82DA0A44408B16E30053420059
:108760002E43409A025242002E414015544A0E3A7E
:108770002F3A8200304140212E850F40B20A2F98B7
:108780002EB10C982E450E982E5B0EFB6FF05F00FD
:1087900030802ECEB7DD52D35442424F847330DB4B
:1087A0005283421B306B422330272ED700372ED402
:1087B00000212ED6007A84172C42423030212ED44C
:1087C00000122D21300030232ED400212E7BF70BF8
:1087D0002D1730982E510CD5500C8272302F2ED47C
:1087E00000252E7BF74042002EFB6FF05FB82E7005
:1087F000500A253986FB7FE1326230982EC2C4B51B
:1088000056A56FAB08916F4B08DF56C46F23094D17
:10881000BA93BC8C0BD16F0B09CB52E15E5642AFC1
:10882000094DBA23BD940AE56F68BBEB08BDB96377
:10883000BEFB6F5242E30AC02E4342905FD1500309
:108840002E25F3134000409BBC9BB408BDB8B998DB
:10885000BCDA0A08B68916C02E190062021050FB55
:108860007F982E810D012ED40031300804FB6F015A
:1088700030F05F232ED600212ED700B82E012ED740
:1088800000032ED600480E012F802E1F0EB82EE3B7
:1088900050213401428230C132252E62F50100227E
:1088A0003001404A0A0142B82EE354F03B8340D8DD
:1088B00008E5528342003083305042C432272E6490
:1088C000F5940050424042D33F84407D82E308400B
:1088D000428342B82EDD52003040427C86B95209B4
:1088E0002E700FBF54C442D38654405540944285E5
:1088F00042212ED7004240252EFDF3C0427E820544
:108900002E7D0080B2142F052E890027BD2FB9803F
:1089100090022F212E6FF50C2D072E710F14301C95
:1089200009052E77F7BD5647BE9308940A252E7782
:10893000F7E75450424A0EFC2FB82E5050023043F5
:1089400086E550FB7FE37FD27FC07FB17F002E4161
:108950004000404804982E74C01EAAD36F1430B152
:108960006FE322C06F5240E46F4C0E1242D37FEB94
:108970002F032E860F40901130032F232E860F02D7
:108980002C0030D06FFB6FB05FB82E4050F17F0AE3
:10899000253C86EB7F41332230982EC2C4D36FF43E
:1089A00030DC094758C26F9409EB586ABBDC08B445
:1089B000B9B1BDE95A950821BDF6BF770B51BEF19B
:1089C0006FEB6F52425442C02E4342C05F5050F58D
:1089D0005031301142FB7F7B300B4211300280233B
:1089E0003301420300072E8003052ED3002352E2F9
:1089F0007FD37FC07F982EB60ED16F080A1A257BD1
:108A000086D07F01331230982EC2C4D16F080A007D
:108A1000B20D2FE36F012E80035130C786232E2124
:108A2000F208BCC042982EA5B7002E002ED02EB062
:108A30006F0BB8032E1B00081AB07F7030042F2173
:108A40002E21F2002E002ED02E982E6DC0982E5D75
:108A5000C0ED50982E44CBEF50982E46C3F150985D
:108A60002E53C73550982E64CF1030982EDC03203B
:108A700026C06F02311242AB330B42378001300106
:108A800042F337F752FB504440A20A42428B31096D
:108A90002E5EF7F954E30883421B4223334B00BC9C
:108AA000840B40333083420B42E07FD17F982E58B5
:108AB000B7D16F803040420330E06FF35404300090
:108AC0002E002E0189620EFA2F43421130FB6FC037
:108AD0002E0142B05FC14A00006D570000778E0042
:108AE00000E0FFFFFFD3FFFFFFE5FFFFFFEEE1FF29
:108AF000FF7C13000046E6FFFF00000000000000BE
:108B00000000000000000000000000000000000065
:108B10000000000000000000000000000000000055
:108B20000000000000000000000000000000000045
:108B3000000000802E00C1802E00C1802E00C18068
:108B40002E00C1802E00C1802E00C1802E00C18069
:108B50002E00C1802E00C1802E00C1802E00C18059
:108B60002E00C1802E00C1802E00C1802E00C18049
:108B70002E00C1802E00C1802E00C1802E00C18039
:108B80002E00C1802E00C1802E00C1802E00C18029
:108B90002E00C1802E00C1802E00C1802E00C18019
:108BA0002E00C1802E00C1802E00C1802E00C18009
:108BB0002E00C1802E00C1802E00C1802E00C180F9
:108BC0002E00C1802E00C1802E00C1802E00C180E9
:108BD0002E00C1802E00C1802E00C1802E00C180D9
:108BE0002E00C1802E00C1802E00C1802E00C180C9
:108BF0002E00C1802E00C1802E00C1802E00C180B9
:108C00002E00C1802E00C1802E00C1802E00C180A8
:108C10002E00C1802E00C1802E00C1802E00C12FE9
:108C200001002401022A01032B0103260104220171
:108C3000052C010509010604010C050200030204CC
:108C40001D030006060207060208060213060614A4
:108C500007000700000800041300060900082900A7
:108C60000C27000E28000E00152901001D0501002B
:108C7000B5040100493243536C6176650000000081
:108C80000000000000000000F1260100DD440100AA
:108C9000C1260100152701000F270100232701002D
:108CA0005927010089270100AD2701005328010041
:108CB00035280100CD26010083280100D9260100B6
:108CC000BB280100E1260100172701001D27010034
:108CD000C52601000528010000C001400010024027
:108CE0000020024000D00240252525642E25646620
:108CF000000000001D2E01001D050100B50401004B
:108D000000000000000000008D2E01000D2F01006A
:108D1000C1260100D92C0100FD2F0100E130010026
:108D200059300100912D01008D2C0100F12C010022
:108D30003D2E01004E616E6F20333320424C4500C2
:108D4000000000000000000009320100253201008F
:108D50007793010069880100758501005D86010037
:108D60005D9401008181010083810100E5820100A1
:108D7000E582010019820100013301004534010040
:108D8000E981010001320100F533010021340100C5
:108D900001820100BB330100C9310100CD31010066
:108DA000CF310100D1310100E73101003B32010038
:108DB0007B320100AF320100D7320100F1350100F2
:108DC000F5350100F935010010034100720064001F
:108DD000750069006E006F000000000000000000D8
:108DE00001380100153801005B3D0100E77D0100FD
:108DF0000000000000000000293801003D3801009B
:108E0000953E0100E77D0100000000000000000029
:108E1000D9370100ED37010003360100E77D01007D
:108E2000F53901001D050100B50401008025000091
:108E300000000800FFFFFFFF5F72785F73697A65CB
:108E4000203D3D2030005F74785F6C6973742E653F
:108E50006D7074792829005F72785F6C6973742E65
:108E6000656D707479282900433A5C557365727397
:108E70005C7A6163686A5C417070446174615C4CE7
:108E80006F63616C5C41726475696E6F31355C70E3
:108E900061636B616765735C61726475696E6F5C59
:108EA00068617264776172655C6D6265645F6E6152
:108EB0006E6F5C332E352E345C636F7265735C614C
:108EC000726475696E6F5C5553425C5553424344FE
:108ED000432E637070007265736F6C7665722E76C8
:108EE000616C696428290000000000000000000097
:108EF0001D3601008D3B0100A13B0100BD3B01007F
:108F0000D1380100153A0100D33701005138010072
:108F10000B3601001136010089370100BD37010011
:108F200015360100FD350100FF3501000136010055
:108F3000160343004400430020004400450056004F
:108F40004900430045000000594001001D05010093
:108F5000B5040100333F01001D050100B504010007
:108F600055534265767400000000000000000000C8
:108F70001D3601008D3B0100A13B0100BD3B0100FE
:108F8000D1380100153A0100D337010051380100F2
:108F90000B3601001136010079400100D540010077
:108FA00015360100DF3F01001940010001360100C4
:108FB0008D3F0100B53F0100C14101001F3F01008D
:108FC0002B3F0100D92F0100253001009530010011
:108FD0002F3F0100692E0100D12E0100373F010013
:108FE000D8FEFFFF00000000C5400100F340010073
:108FF0004B9E01001B9E01007D9E0100179E0100FB
:10900000179E0100179E0100179E0100819E01001E
:10901000179E0100F33E0100F93E0100053F0100EB
:10902000093F01000F3F0100153F0100193F0100FA
:10903000AD3F0100D73F01001B3F01001D3F010074
:10904000D4FEFFFF00000000CD400100EB40010016
:10905000C0FEFFFF00000000852E0100072F010069
:10906000C1260100313F0100F52F0100D930010078
:10907000533001009D420100253F01002D3F0100BA
:10908000473F01000000000000000000074301000E
:109090006E616E00696E66006F766600433A5C55DD
:1090A000736572735C7A6163686A5C417070446175
:1090B00074615C4C6F63616C5C41726475696E6F66
:1090C00031355C7061636B616765735C6172647597
:1090D000696E6F5C68617264776172655C6D626510
:1090E000645F6E616E6F5C332E352E345C636F721D
:1090F00065735C61726475696E6F2F6D6265642F54
:10910000746172676574732F5441524745545F4EC2
:109110004F524449432F5441524745545F4E5246A3
:1091200035782F6770696F5F6F626A6563742E6848
:10913000006F626A2D3E70696E20213D20285069C3
:109140006E4E616D65294E43005254582056352E9F
:10915000352E330000000000000000000000000079
:1091600000000000000000000000000000000000FF
:1091700000000000000000000000000000000000EF
:1091800000000000000000000000000005000000DA
:10919000E803000005000000702900201000000016
:1091A00000000000000000000000000000000000BF
:1091B00000000000000000000000000000000000AF
:1091C000000000000000000000000000000000009F
:1091D000000000000000000000000000000000008F
:1091E00000100000509202002C920200656C0100F9
:1091F000456C010000920200040000000000000025
:109200000000000000000000B02300203400000037
:1092100060230020500000007274785F74696D65EF
:1092200072007274785F69646C65000018920200C5
:1092300000000000E826002044000000E823002091
:1092400000030000280000000100000000000000F2
:1092500022920200000000002C27002044000000A1
:109260007027002000020000010000000100000043
:10927000000000006D616C6C6F635F6D75746578E4
:1092800000656E765F6D75746578006D61696E005E
:10929000507265206D61696E20746872656164202A
:1092A0006E6F742063726561746564004661696CF9
:1092B000656420746F2073746172742052544F532C
:1092C0000073696E676C65746F6E5F6D7574657839
:1092D00000000000C19202000B000000182A0020CC
:1092E0001C000000434D5349532D52544F532065E9
:1092F00072726F723A20537461636B206F7665727D
:10930000666C6F7700434D5349532D52544F532091
:109310006572726F723A20495352205175657565B6
:10932000206F766572666C6F7700434D5349532DFD
:1093300052544F53206572726F723A2055736572A2
:109340002054696D65722043616C6C6261636B20AF
:109350005175657565206F766572666C6F77004331
:109360004D5349532D52544F53206572726F723AC8
:109370002053544420432F432B2B206C696272618D
:109380007279206C69627370616365206E6F7420FE
:10939000617661696C61626C6500434D5349532D80
:1093A00052544F53206572726F723A2053544420C6
:1093B000432F432B2B206C696272617279206D758B
:1093C00074657820696E697469616C697A61746921
:1093D0006F6E206661696C656400434D5349532D7F
:1093E00052544F53206572726F723A20556E6B6EF5
:1093F0006F776E004E6F7420616C6C6F77656420C0
:10940000696E2049535220636F6E746578740053FF
:10941000797374656D206973206F7574206F662091
:109420006D656D6F727900506172616D6574657202
:10943000206572726F72005265736F75726365207A
:109440006E6F7420617661696C61626C65004F704B
:1094500065726174696F6E206E6F7420636F6D70DA
:109460006C657465642077697468696E20746865DA
:109470002074696D656F757420706572696F640022
:10948000556E7370656369666965642052544F5305
:10949000206572726F720000F49302000F94020054
:1094A00027940200379402004E9402008094020038
:1094B0002E2F6D6265642D6F732F636D7369732F2B
:1094C0006465766963652F72746F732F736F75723D
:1094D00063652F6D6265645F7274785F69646C6543
:1094E0002E637070007469636B735F736C65707466
:1094F000203C2072746F733A3A4B65726E656C3A19
:109500003A776169745F666F725F7533325F6D6160
:10951000780066726571203D3D2031303030006842
:10952000616E646C6572203D3D202849525148614E
:109530006E646C65725F74294E5649435F4765746B
:10954000566563746F722869727129002E2F6D62DF
:1095500065642D6F732F706C6174666F726D2F6907
:109560006E636C7564652F706C6174666F726D2FBD
:1095700043616C6C6261636B2E6800626F6F6C2874
:109580002A7468697329002E2F6D6265642D6F73CC
:109590002F706C6174666F726D2F696E636C756489
:1095A000652F706C6174666F726D2F53696E676C96
:1095B00065746F6E5074722E680070203D3D20728D
:1095C00065696E746572707265745F636173743C13
:1095D00054202A3E28265F6461746129002E2F6D75
:1095E0006265642D6F732F746172676574732F5495
:1095F00041524745545F4E4F524449432F544152C4
:109600004745545F4E524635782F6770696F5F6FDC
:10961000626A6563742E68000000000000000000AC
:10962000F9730100097401002572010045720100FF
:109630000000000000000000F17401001975010035
:109640002E2F6D6265642D6F732F6472697665725B
:10965000732F736F757263652F53657269616C4206
:109660006173652E637070005F7374617469635F0A
:1096700070696E6D6170203D3D204E554C4C000070
:1096800000000000000000008D7501008D750100D4
:10969000097901007D790100000000000000000050
:1096A0000143010000000000000000008D75010072
:1096B0008D750100ED7C0100097D0100257D010013
:1096C000717D01006F7C01007B7C0100877C0100C3
:1096D0008F7C0100C97C0100DB7C0100977C0100CC
:1096E000F8FEFFFF00000000017D01001F7D01006A
:1096F000977D0100697D0100757C0100937C01006C
:109700006B7C01008B7C01004971010053710100E9
:10971000817C0100F33E0100F93E0100053F01009C
:10972000D37C0100E57C0100C17C0100193F0100F0
:109730002E2F6D6265642D6F732F6472697665726A
:10974000732F7573622F736F757263652F41737911
:109750006E634F702E637070005F6C697374203D90
:109760003D204E554C4C005F77616974203D3D2093
:109770004E554C4C000000000000000000000000AE
:10978000000000000000000001430100E77D01002F
:109790002E2F6D6265642D6F732F6472697665720A
:1097A000732F7573622F736F757263652F555342F4
:1097B0004465766963652E637070005F6C6F636BE0
:1097C0006564203E20300054686520656E64706FCB
:1097D000696E74206973206E6F7420696E64657899
:1097E00061626C652E005F7472616E736665722EC5
:1097F000757365725F63616C6C6261636B203D3D84
:10980000205265717565737458666572446F6E6534
:1098100000446576696365207374617465206973BB
:109820002022506F776572656422206F7220224477
:1098300065746163686564220054686520737461AF
:10984000636B2069732077616974696E67206F6E3E
:10985000206120757365722063616C6C6261636B5B
:1098600020666F7220746865206275666665722076
:10987000746F2066696C6C206F72207374617475EC
:10988000732E005F7472616E736665722E757365F8
:10989000725F63616C6C6261636B203D3D20536558
:1098A00074436F6E66696775726174696F6E005F8D
:1098B0007472616E736665722E757365725F636133
:1098C0006C6C6261636B203D3D20536574496E741E
:1098D000657266616365005F7472616E736665725E
:1098E0002E757365725F63616C6C6261636B203DA2
:1098F0003D2052657175657374002128696E666F2D
:109900002D3E666C616773202620454E44504F49BA
:109910004E545F454E41424C454429006D61785F8D
:109920007061636B65745F73697A65203C3D2031BB
:109930003032340021636F6E666967757265642822
:1099400029005468652073697A65206F6620746801
:1099500065206461746120746F20726561642069A0
:1099600073206C657373207468616E207468652061
:109970006D6178207061636B65742073697A65200E
:10998000666F72207468697320656E64706F696EAB
:10999000742E0054686520656E64706F696E742063
:1099A0006973206E6F7420696E64657861626C659E
:1099B0000053697A65206265696E67207772697401
:1099C00074656E20697320746F6F206C61726765B7
:1099D0002E00215F696E697469616C697A65640043
:1099E0000000000000000000000000000000000077
:1099F0007793010069880100758501005D8601008B
:109A00005D9401008181010083810100E5820100F4
:109A1000E5820100198201008981010001430100F2
:109A2000E9810100F181010011820100F981010049
:109A30000182010009820100C9310100CD3101001C
:109A4000CF3101007F81010001430100014301008A
:109A5000014301000143010001430100B9820100FB
:109A6000398201009982010016035500530042001B
:109A7000200044004500560049004300450008030B
:109A80005500530042000603300031001603300039
:109A90003100320033003400350036003700380022
:109AA000390012036D006200650064002E006F0033
:109AB000720067000403090465717565756500002F
:109AC000C89A0200F0AB0020F10A0200F90A020075
:109AD000390B0200490B0200050B0200110B0200BA
:109AE000F50A0200E90A0200010000002E2F6D6253
:109AF00065642D6F732F68616C2F736F757263656A
:109B00002F6D6265645F7469636B65725F61706914
:109B10002E63006D617463685F7469636B20213D1F
:109B20002071756575652D3E7469636B5F6C61733B
:109B3000745F72656164005469636B65722066725C
:109B4000657175656E6379206973207A65726F003F
:109B50005469636B6572206E756D626572206F6605
:109B60002062697420697320677265617465722070
:109B70007468616E203332206F72206C65737320BD
:109B80007468616E2034206269747300949B0200D3
:109B900030AC0020A19B01004DD80100A9D80100E4
:109BA000B9D801005DD8010099D80100919B01004E
:109BB000A9D701000000000064656661756C74003F
:109BC00000000000000000004D9C0100B19C01005D
:109BD0000000000000000000000000000000000085
:109BE0000143010001430100014301000143010061
:109BF0006B7C0100399D0100497101005371010026
:109C00003D9D0100F33E0100F93E0100053F0100CA
:109C1000093F01000F3F0100153F0100193F0100FE
:109C20002F002E2F6D6265642D6F732F706C617421
:109C3000666F726D2F736F757263652F46696C6501
:109C4000506174682E637070006C656E20213D2039
:109C50003000772B0053747265616D206F626A204B
:109C60006661696C7572650000000000000000000C
:109C7000000000000000000001430100014301005A
:109C800001430100014301006B7C0100399D01008B
:109C900049710100537101003D9D0100F33E010037
:109CA000F93E0100053F0100093F01000F3F01009F
:109CB000153F0100193F0100FCFFFFFF00000000FD
:109CC0000000000000000000000000000000000094
:109CD00000000000000000004B9E01001B9E0100E0
:109CE0007D9E0100179E0100179E0100179E010036
:109CF000179E0100819E0100179E0100F33E0100A6
:109D0000F93E0100053F0100093F01000F3F01003E
:109D1000153F0100193F010001430100014301000B
:109D20001B3F01001D3F0100FCFFFFFF0000000082
:109D300000000000000000002E2F6D6265642D6F92
:109D4000732F706C6174666F726D2F736F757263B1
:109D5000652F53797354696D65722E63707000219D
:109D60005F7469636B696E6700215F7469636B6917
:109D70006E6720262620215F77616B655F74696DB1
:109D8000655F7365740000000000000000000000C3
:109D900045A001000A52252D34643A202530386C44
:109DA00058000A53502020203A202530386C580A99
:109DB0004C522020203A202530386C580A5043203D
:109DC00020203A202530386C580A78505352203AD7
:109DD000202530386C580A50535020203A20253026
:109DE000386C580A4D535020203A202530386C5892
:109DF000000A43505549443A202530386C58000A2F
:109E000048465352203A202530386C580A4D4D466A
:109E100053523A202530386C580A42465352203A61
:109E2000202530386C580A55465352203A202530A8
:109E3000386C580A44465352203A202530386C5822
:109E40000A41465352203A202530386C58000A4DBA
:109E50004D4641523A202530386C58000A4246415E
:109E600052203A202530386C58000A4D6F64652026
:109E70003A20546872656164000A50726976203A2B
:109E80002055736572000A50726976203A2050722C
:109E90006976696C65676564000A4D6F6465203A90
:109EA0002048616E646C6572000A537461636B3A9A
:109EB00020505350000A537461636B3A204D535045
:109EC000000A2B2B204D6265644F53204661756C50
:109ED000742048616E646C6572202B2B0A0A4661FF
:109EE000756C74547970653A20004D656D4D616EE6
:109EF0006167654661756C74004275734661756C87
:109F0000740055736167654661756C7400486172D1
:109F1000644661756C74000A0A436F6E74657874E8
:109F20003A000A0A2D2D204D6265644F5320466188
:109F3000756C742048616E646C6572202D2D0A0A60
:109F4000004661756C7420657863657074696F6E26
:109F5000002E2E2E0A002E2F6D6265642D6F732F3A
:109F6000706C6174666F726D2F736F757263652F9D
:109F70006D6265645F637269746963616C2E63000E
:109F8000637269746963616C5F73656374696F6E32
:109F90005F7265656E7472616E63795F636F756E13
:109FA000746572203C2055494E5433325F4D415800
:109FB000003C756E6E616D65643E00203C68616EAC
:109FC000646C65723E000A0A2B2B204D6265644F5B
:109FD00053204572726F7220496E666F202B2B0AD8
:109FE0004572726F72205374617475733A203078C1
:109FF000255820436F64653A202564204D6F6475B1
:10A000006C653A2025640A4572726F72204D657343
:10A01000736167653A20004B65726E656C2045720E
:10A02000726F723A203078256C582C200054687278
:10A030006561643A203078256C582C20004D757489
:10A0400065783A203078256C582C200053656D6176
:10A0500070686F72653A203078256C582C20004D5E
:10A06000656D6F7279506F6F6C3A203078256C583F
:10A070002C20004576656E74466C6167733A20301B
:10A0800078256C582C200054696D65723A20307820
:10A09000256C582C20004D6573736167655175659B
:10A0A00075653A203078256C582C20004173736513
:10A0B0007274696F6E206661696C65643A20000A8B
:10A0C0004C6F636174696F6E3A203078256C58006C
:10A0D0000A46696C653A20002B2564000A457272B5
:10A0E0006F722056616C75653A203078256C580087
:10A0F0000A43757272656E74205468726561643AC1
:10A1000020257325732049643A203078256C582027
:10A11000456E7472793A203078256C5820537461FA
:10A12000636B53697A653A203078256C58205374F4
:10A1300061636B4D656D3A203078256C5820535023
:10A140003A203078256C5820000A466F72206D6FD7
:10A15000726520696E666F2C2076697369743A2087
:10A1600068747470733A2F2F6D6265642E636F6D1F
:10A170002F732F6572726F723F6572726F723D300E
:10A180007825303858266F737665723D256C6426C5
:10A19000636F72653D30782530386C5826636F6D7B
:10A1A000703D2564267665723D256C75267467744E
:10A1B0003D41524455494E4F5F4E414E4F3333421D
:10A1C0004C45000A2D2D204D6265644F5320457289
:10A1D000726F7220496E666F202D2D0A00446565EE
:10A1E00070536C6565704C6F636B206F766572663B
:10A1F0006C6F7720283E203078464646462900443A
:10A20000656570536C6565704C6F636B20756E642B
:10A210006572666C6F7720283C203029002E2F6DE8
:10A220006265642D6F732F706C6174666F726D2F31
:10A23000736F757263652F6D6265645F72657461BB
:10A24000726765742E637070002867756172642090
:10A2500026204358415F47554152445F4D41534B7F
:10A2600029203D3D2030002867756172642026203A
:10A270004358415F47554152445F4D41534B29205C
:10A280003D3D204358415F47554152445F494E4947
:10A29000545F494E5F50524F4752455353004572E9
:10A2A000726F72202D2077726974696E6720746FE7
:10A2B00020612066696C6520696E20616E204953BB
:10A2C00052206F7220637269746963616C207365D8
:10A2D0006374696F6E0D0A000D004572726F722013
:10A2E0002D2072656164696E672066726F6D2061F2
:10A2F0002066696C6520696E20616E20495352208A
:10A300006F7220637269746963616C207365637432
:10A31000696F6E0D0A004F70657261746F72206E06
:10A320006577206F7574206F66206D656D6F72792B
:10A330000D0A00000000000000000000D5AB010085
:10A3400051AC01005DAC0100FDAB0100C1AB0100EF
:10A35000D1AB01006B7C0100CDAB01004971010064
:10A3600053710100C7AB0100F33E0100F93E01004B
:10A37000053F0100093F01000F3F010021AC010032
:10A38000193F010000000000230000000000000051
:10A390002A00000000000000010000002F73746418
:10A3A000657272002F7374646F7574002F73746418
:10A3B000696E002E2F6D6265642D6F732F706C6156
:10A3C00074666F726D2F736F757263652F6D626542
:10A3D000645F73746174732E6300737461747320AB
:10A3E000213D204E554C4C002E2F6D6265642D6F23
:10A3F000732F72746F732F736F757263652F457649
:10A40000656E74466C6167732E637070005F69647B
:10A41000006170706C69636174696F6E5F756E6EF8
:10A42000616D65645F6576656E745F666C616773A8
:10A43000006170706C69636174696F6E5F756E6ED8
:10A44000616D65645F6D75746578002E2F6D626552
:10A45000642D6F732F72746F732F736F75726365D2
:10A460002F4D757465782E637070005F6964207C71
:10A470007C206D6265645F6765745F6572726F7280
:10A480005F696E5F70726F67726573732829004D24
:10A4900075746578206C6F636B206661696C6564A8
:10A4A000004D7574657820756E6C6F636B20666106
:10A4B000696C6564002E2F6D6265642D6F732F7259
:10A4C000746F732F736F757263652F53656D617051
:10A4D000686F72652E637070005F696420213D2093
:10A4E0006E756C6C7074720053656D6170686F721C
:10A4F000652061637175697265206661696C656468
:10A50000002E2F6D6265642D6F732F72746F732F21
:10A51000736F757263652F546869735468726561EF
:10A52000642E6370700028666C616773203D3D2067
:10A530006F73466C6167734572726F7254696D65B3
:10A540006F75742026262072656C5F74696D6520B6
:10A55000213D20776169745F666F725F7533325F8A
:10A56000666F726576657229207C7C2028666C6136
:10A570006773203D3D206F73466C6167734572724F
:10A580006F725265736F757263652026262072653F
:10A590006C5F74696D65203D3D2072656C5F746908
:10A5A0006D652E7A65726F28292900737461747540
:10A5B00073203D3D206F734F4B006170706C696379
:10A5C0006174696F6E5F756E6E616D65645F7468EE
:10A5D00072656164000000000000000000000000DF
:10A5E000DDB7010019B80100FFFF0000FFFFFFFF0A
:10A5F000FFFF0000FFFFFFFF2E2F6D6265642D6FD0
:10A60000732F746172676574732F544152474554B8
:10A610005F4E4F524449432F5441524745545F4E79
:10A62000524635782F5441524745545F4E52463575
:10A63000322F5441524745545F4D43555F4E524669
:10A6400035323834302F5553425068795F4E6F722F
:10A650006469632E63707000726574203D3D204E06
:10A6600052465F53554343455353000000000000DA
:10A670000000000069B8010099B8010025BA010086
:10A68000B5B901006BB80100F1B90100A7B801002C
:10A6900081B80100C7B8010083B8010089B8010082
:10A6A0008FB8010081B8010091B80100A1BD01007F
:10A6B000C9BD0100C5BA010035B9010049BB01009F
:10A6C00041B9010045B9010063B901007FB901003A
:10A6D00085B90100CBB801003BB90100FBB801000E
:10A6E000ADB9010089BC0100000600003100000086
:10A6F0003C0000003C0000003C0000003C0000006A
:10A700003C0000003C0000003C0000003200000063
:10A710003000000030000000300000003000000079
:10A7200030000000300000003000000049BE010091
:10A730002E2F6D6265642D6F732F7461726765745F
:10A74000732F5441524745545F4E4F524449432F53
:10A750005441524745545F4E524635782F5441522A
:10A760004745545F4E524635322F6770696F5F61BF
:10A7700070692E63006572725F636F646520213DAE
:10A78000204E5246585F4552524F525F4E4F5F4DDA
:10A79000454D002875696E7433325F742970696E97
:10A7A000203C204750494F5F50494E5F434F554E24
:10A7B00054002E2F6D6265642D6F732F7461726764
:10A7C0006574732F5441524745545F4E4F5244496C
:10A7D000432F5441524745545F4E524635782F54CB
:10A7E00041524745545F4E524635322F6932635FBE
:10A7F0006170692E6300696E7374616E6365203CDD
:10A80000204E5246585F5457495F454E41424C4591
:10A81000445F434F554E540000300040000000009C
:10A820000040004001000000003000400000000037
:10A8300000400040010000000030004000400040A7
:10A840002E2F6D6265642D6F732F7461726765744E
:10A85000732F5441524745545F4E4F524449432F42
:10A860005441524745545F4E524635782F54415219
:10A870004745545F4E524635322F73657269616C9D
:10A880005F6170692E63006F626A00646174615F6A
:10A8900062697473203D3D203800287061726974CC
:10A8A00079203D3D205061726974794E6F6E652943
:10A8B000207C7C2028706172697479203D3D205095
:10A8C00061726974794576656E290073746F705F83
:10A8D00062697473203D3D203100010101000000D8
:10A8E000002000400080024040420F002000000095
:10A8F0000000FFFFDEC0ADDEFE011EF1DEC0ADDEFA
:10A90000FF011EF10C0D0E0F10111213140203049F
:10A9100005060708090B3001340138013C014001EC
:10A92000440148014C01500108010C0110011401BF
:10A9300018011C01200124012C01000089E4010000
:10A940004DE601001DE60100D5E60100CFE601005D
:10A95000C9E60100C3E60100BDE60100B7E601005B
:10A96000B1E601000DE501001DE90100CDEE010099
:10A97000D1E80100CBE80100C5E80100BFE8010013
:10A98000B9E80100B3E80100ADE8010075E9010094
:10A99000D9E8010029E50100B1F00100BDE901009D
:10A9A0006D0102007D010200C9060200D906020005
:10A9B0000080000018000000000000007371727435
:10A9C000660000003863ED3EDA0F493F5E987B3F3A
:10A9D000DA0FC93F6937AC3168212233B40F143321
:10A9E0006821A23300202020202020202020282899
:10A9F000282828202020202020202020202020203F
:10AA0000202020202088101010101010101010107E
:10AA100010101010100404040404040404040410AE
:10AA2000101010101010414141414141010101013C
:10AA30000101010101010101010101010101010106
:10AA40001010101010104242424242420202020212
:10AA500002020202020202020202020202020202D6
:10AA60001010101020000000000000000000000086
:10AA700000000000000000000000000000000000D6
:10AA800000000000000000000000000000000000C6
:10AA900000000000000000000000000000000000B6
:10AAA00000000000000000000000000000000000A6
:10AAB0000000000000000000000000000000000096
:10AAC0000000000000000000000000000000000086
:10AAD0000000000000000000000000000000000076
:10AAE00000000000000000001006002043000000ED
:10AAF000504F5349580000002E000000494E4600B8
:10AB0000696E66004E414E006E616E003031323328
:10AB10003435363738394142434445460000000059
:10AB200030313233343536373839616263646566C3
:10AB300000000000286E756C6C29000030000000D9
:10AB40002020202020202020202020202020202005
:10AB500030303030303030303030303030303030F5
:10AB6000496E66696E697479000000004E614E009E
:10AB70000080E03779C34143176E05B5B5B89346F9
:10AB8000F5F93FE9034F384D321D30F94877825AC5
:10AB90003CBF737FDD4F1575000000000000F03FE3
:10ABA00000000000000024400000000000005940A8
:10ABB0000000000000408F40000000000088C340FB
:10ABC00000000000006AF8400000000080842E4170
:10ABD00000000000D01263410000000084D79741BC
:10ABE0000000000065CDCD41000000205FA00242C2
:10ABF000000000E876483742000000A2941A6D4237
:10AC0000000040E59C30A2420000901EC4BCD64229
:10AC100000003426F56B0C430080E03779C34143D4
:10AC200000A0D8855734764300C84E676DC1AB434A
:10AC3000003D9160E458E143408CB5781DAF154468
:10AC400050EFE2D6E41A4B4492D54D06CFF0804443
:10AC5000F64AE1C7022DB544B49DD9794378EA4458
:10AC600005000000190000007D0000000000000049
:10AC7000D054FE7F01000000000000000301070225
:10AC800006020804131014080440052023000000E5
:10AC90000000000000000000000000002A0000008A
:10ACA0000000000000000000000000002B00000079
:10ACB0000000000000000000000000002C00000068
:10ACC0000000000000000000000000002F00000055
:10ACD0000000000000000000000000002D00000047
:10ACE0000000000000000000000000002E00000036
:10ACF000000000000000000000000000170000003D
:10AD0000000000000000000000000000150000002E
:10AD10000000000000000000000000001B00000018
:10AD20000000000000000000000000002200000001
:10AD300000000000000000000000000021000000F2
:10AD400000000000000000000000000028000000DB
:10AD50000000000000000000000000000D000000E6
:10AD600000000000000000000000000004000000DF
:10AD700000000000000000000000000005000000CE
:10AD80000000000000000000000000001E000000A5
:10AD90000000000000000000000000001D00000096
:10ADA0000000000000000000000000001F00000084
:10ADB0000000000000000000000000000200000091
:10ADC0000000000000000000000000001C00000067
:10ADD0000000000000000000000000000300000070
:10ADE000000000000000000000000000180000004B
:10ADF0000000000000000000000000001000000043
:10AE0000000000000000000000000000060000003C
:10AE10000000000000000000000000002900000009
:10AE2000000000000000000000000000130000000F
:10AE30000000000000000000000000001100000001
:10AE40000000000000000000000000001A000000E8
:10AE500000000000000000000000000019000000D9
:10AE60000000000000000000000000000E000000D4
:10AE70000000000000000000000000000F000000C3
:10AE800000000000000000000000000020000000A2
:10AE9000000000000000000000000000160000009C
:10AEA00000000000000000000000000049910200C6
:10AEB000D3B3FB020000000000000000000000000F
:10AEC0000000000000000000000000000000000082
:10AED0000000000000000000000000000000000072
:10AEE0000000000000000000000000000000000062
:10AEF0000000000000000000000000000000000052
:10AF00000000000000000000000000000000000041
:10AF10000000000000000000000000000000000031
:10AF20000000000000000000000000000000000021
:10AF30000000000000000000000000000000000011
:10AF40000000000000000000000000000000000001
:10AF5000496F0100010000009B9A01009B9A0100CB
:10AF6000B0B60020FFFFFFFFFFFFFFFFFFFFFFFF67
:10AF700000000000000000000000000000000000D1
:10AF800000000000000000000000000000000000C1
:10AF900000000000000000000000000000000000B1
:10AFA00000000000000000000000000000000000A1
:10AFB0000000000000000000000000000000000091
:10AFC0000000000000000000000000000000000081
:10AFD0000000000000000000000000000000000071
:10AFE0000000000000000000000000000000000061
:10AFF0000000000000000000000000000000000051
:10B000000000000000000000000000000000000040
:10B010000000000000000000000000000000000030
:10B020000000000000000000000000000000000020
:10B030000000000000000000000000000000000010
:10B040000000000000000000000000000000000000
:10B0500000000000000000000000000000000000F0
:10B06000000000000090D00301010000010000007A
:10B07000FFFFFFFFFFFFFFFFFFFFFFFFFF010100DB
:10B08000100600200000000000000000FC08002066
:10B0900064090020CC09002000000000000000002E
:10B0A00000000000000000000000000000000000A0
:10B0B0000000000000000000000000000000000090
:10B0C0000000000000000000000000000000000080
:10B0D0000000000000000000000000000000000070
:10B0E0000000000000000000000000000000000060
:10B0F0000000000000000000000000000000000050
:10B10000000000000000000000000000000000003F
:10B11000000000000000000000000000000000002F
:10B12000000000000000000000000000000000001F
:10B1300001000000000000000E33CDAB34126DE6BC
:10B14000ECDE05000B000000000000000000000025
:10B1500000000000000000000000000000000000EF
:10B1600000000000000000000000000000000000DF
:10B1700000000000000000000000000000000000CF
:10B1800000000000000000000000000000000000BF
:10B1900000000000000000000000000000000000AF
:10B1A000000000000000000000000000000000009F
:10B1B000000000000000000000000000000000008F
:10B1C000000000000000000000000000000000007F
:10B1D000000000000000000000000000000000006F
:10B1E000000000000000000000000000000000005F
:10B1F000000000000000000000000000000000004F
:10B20000000000000000000000000000000000003E
:10B21000000000000000000000000000000000002E
:10B22000000000000000000000000000000000001E
:10B23000000000000000000000000000000000000E
:10B2400000000000000000000000000000000000FE
:10B2500000000000000000000000000000000000EE
:10B2600000000000000000000000000000000000DE
:10B2700000000000000000000000000000000000CE
:10B2800000000000000000000000000000000000BE
:10B2900000000000000000000000000000000000AE
:10B2A000000000000000000000000000000000009E
:10B2B000000000000000000000000000000000008E
:10B2C000000000000000000000000000000000007E
:10B2D000000000000000000000000000000000006E
:10B2E000000000000000000000000000000000005E
:10B2F000000000000000000000000000000000004E
:10B30000000000000000000000000000000000003D
:10B31000000000000000000000000000000000002D
:10B32000000000000000000000000000000000001D
:10B33000000000000000000000000000000000000D
:10B3400000000000000000000000000000000000FD
:10B3500000000000000000000000000000000000ED
:10B3600000000000000000000000000000000000DD
:10B3700000000000000000000000000000000000CD
:10B3800000000000000000000000000000000000BD
:10B3900000000000000000000000000000000000AD
:10B3A000000000000000000000000000000000009D
:10B3B000000000000000000000000000000000008D
:10B3C000000000000000000000000000000000007D
:10B3D000000000000000000000000000000000006D
:10B3E000000000000000000000000000000000005D
:10B3F000000000000000000000000000000000004D
:10B40000000000000000000000000000000000003C
:10B41000000000000000000000000000000000002C
:10B42000000000000000000000000000000000001C
:10B43000000000000000000000000000000000000C
:10B4400000000000000000000000000000000000FC
:10B4500000000000000000000000000000000000EC
:10B4600000000000000000000000000000000000DC
:10B4700000000000000000000000000000000000CC
:10B4800000000000000000000000000000000000BC
:10B4900000000000000000000000000000000000AC
:10B4A000000000000000000000000000000000009C
:10B4B0004300000000000000000000000000000049
:10B4C000000000000000000000000000000000007C
:10B4D0004300000000000000000000000000000029
:10B4E000000000000000000000000000000000005C
:10B4F0004300000000000000000000000000000009
:10B50000000000000000000000000000000000003B
:10B5100043000000000000000000000000000000E8
:10B52000000000000000000000000000000000001B
:10B5300043000000000000000000000000000000C8
:10B5400000000000000000000000000000000000FB
:10B5500043000000000000000000000000000000A8
:10B5600000000000000000000000000000000000DB
:10B570004300000000000000000000000000000088
:10B5800000000000000000000000000000000000BB
:10B5900041500200112F020000000000E4A9020047
:10B5A000F8AA02001CAB02001CAB02001CAB02009C
:10B5B0001CAB02001CAB02001CAB02001CAB020067
:10B5C0001CAB02001CAB0200FFFFFFFFFFFFFFFFF1
:10B5D000FFFFFFFFFFFF0000010041534349490007
:10B5E000000000000000000000000000000000005B
:10B5F00000000000000000000000415343494900E2
:10B60000000000000000000000000000000000003A
:10B61000000000000000000000000000000000002A
:10B6200000000000A40B0020A40B0020AC0B0020A5
:10B63000AC0B0020B40B0020B40B0020BC0B00208E
:10B64000BC0B0020C40B0020C40B0020CC0B00203E
:10B65000CC0B0020D40B0020D40B0020DC0B0020EE
:10B66000DC0B0020E40B0020E40B0020EC0B00209E
:10B67000EC0B0020F40B0020F40B0020FC0B00204E
:10B68000FC0B0020040C0020040C00200C0C0020FB
:10B690000C0C0020140C0020140C00201C0C0020AA
:10B6A0001C0C0020240C0020240C00202C0C00205A
:10B6B0002C0C0020340C0020340C00203C0C00200A
:10B6C0003C0C0020440C0020440C00204C0C0020BA
:10B6D0004C0C0020540C0020540C00205C0C00206A
:10B6E0005C0C0020640C0020640C00206C0C00201A
:10B6F0006C0C0020740C0020740C00207C0C0020CA
:10B700007C0C0020840C0020840C00208C0C002079
:10B710008C0C0020940C0020940C00209C0C002029
:10B720009C0C0020A40C0020A40C0020AC0C0020D9
:10B73000AC0C0020B40C0020B40C0020BC0C002089
:10B74000BC0C0020C40C0020C40C0020CC0C002039
:10B75000CC0C0020D40C0020D40C0020DC0C0020E9
:10B76000DC0C0020E40C0020E40C0020EC0C002099
:10B77000EC0C0020F40C0020F40C0020FC0C002049
:10B78000FC0C0020040D0020040D00200C0D0020F6
:10B790000C0D0020140D0020140D00201C0D0020A5
:10B7A0001C0D0020240D0020240D00202C0D002055
:10B7B0002C0D0020340D0020340D00203C0D002005
:10B7C0003C0D0020440D0020440D00204C0D0020B5
:10B7D0004C0D0020540D0020540D00205C0D002065
:10B7E0005C0D0020640D0020640D00206C0D002015
:10B7F0006C0D0020740D0020740D00207C0D0020C5
:10B800007C0D0020840D0020840D00208C0D002074
:10B810008C0D0020940D0020940D00209C0D002024
:10B820009C0D0020A40D0020A40D0020AC0D0020D4
:10B83000AC0D0020B40D0020B40D0020BC0D002084
:10B84000BC0D0020C40D0020C40D0020CC0D002034
:10B85000CC0D0020D40D0020D40D0020DC0D0020E4
:10B86000DC0D0020E40D0020E40D0020EC0D002094
:10B87000EC0D0020F40D0020F40D0020FC0D002044
:10B88000FC0D0020040E0020040E00200C0E0020F1
:10B890000C0E0020140E0020140E00201C0E0020A0
:10B8A0001C0E0020240E0020240E00202C0E002050
:10B8B0002C0E0020340E0020340E00203C0E002000
:10B8C0003C0E0020440E0020440E00204C0E0020B0
:10B8D0004C0E0020540E0020540E00205C0E002060
:10B8E0005C0E0020640E0020640E00206C0E002010
:10B8F0006C0E0020740E0020740E00207C0E0020C0
:10B900007C0E0020840E0020840E00208C0E00206F
:10B910008C0E0020940E0020940E00209C0E00201F
:10B920009C0E0020A40E0020A40E0020AC0E0020CF
:10B93000AC0E0020B40E0020B40E0020BC0E00207F
:10B94000BC0E0020C40E0020C40E0020CC0E00202F
:10B95000CC0E0020D40E0020D40E0020DC0E0020DF
:10B96000DC0E0020E40E0020E40E0020EC0E00208F
:10B97000EC0E0020F40E0020F40E0020FC0E00203F
:10B98000FC0E0020040F0020040F00200C0F0020EC
:10B990000C0F0020140F0020140F00201C0F00209B
:10B9A0001C0F0020240F0020240F00202C0F00204B
:10B9B0002C0F0020340F0020340F00203C0F0020FB
:10B9C0003C0F0020440F0020440F00204C0F0020AB
:10B9D0004C0F0020540F0020540F00205C0F00205B
:10B9E0005C0F0020640F0020640F00206C0F00200B
:10B9F0006C0F0020740F0020740F00207C0F0020BB
:10BA00007C0F0020840F0020840F00208C0F00206A
:10BA10008C0F0020940F0020940F00209C0F00201A
:10BA20009C0F0020FFFFFFFF00000200000000004D
:10BA300025010100690E01006D2A0100513101004C
:10BA4000AD420100B5440100394A010045700100D2
:10BA500079700100000000000101010000000000F9
:10BA600000000000000000000000000000000000D6
:10BA700000000000000000000000000085E201005E
:08BA80000000000000000000BE
:00000001FF
