:020000021000EC
:10000000000004208DBE0100C5BE0100C9A1010091
:10001000C9BE0100D5A10100DBA101000000000064
:10002000000000000000000000000000854B0100FF
:10003000D1BE0100000000001F4C01002F4C010048
:1000400015FC01009D700100D7BE0100D7BE010064
:10005000D7BE0100D7BE0100D7BE0100D7BE010048
:10006000D7BE0100D7BE0100D7BE0100D7BE010038
:10007000D7BE0100A9FD0100D7BE0100B570010087
:10008000D7BE0100D7BE0100D7BE0100D7BE010018
:10009000D7BE0100D7BE0100D7BE0100D7BE010008
:1000A000D7BE0100D7BE0100D7BE0100D7BE0100F8
:1000B000D7BE0100D7BE0100000000000000000014
:1000C000D7BE0100D7BE0100D7BE0100D7BE0100D8
:1000D000D7BE0100D7BE0100D7BE0100D7BE0100C8
:1000E000D7BE0100D7BE0100D7BE0100000000004E
:1000F00000000000D7BE010000000000D7BE0100D4
:1001000010B5054C237833B9044B13B10448AFF351
:1001100000800123237010BD10100020000000009B
:100120001CAC020008B5034B1BB103490348AFF3F5
:10013000008008BD00000000141000201CAC02006C
:10014000154B002B08BF134B9D46A3F5803A0021A9
:100150008B460F461348144A121A13F069F80F4BD6
:10016000002B00D098470E4B002B00D09847002062
:10017000002104000D000D48002802D00C480AF0B0
:10018000ABFD12F063FB2000290006F0C3FD0AF06E
:10019000A0FD00BF000008000000042000000000D7
:1001A000716C010010100020D8B60020D9AC0100FD
:1001B00000000000154B164993ED006A154B91EDB8
:1001C000007AD3ED016A144AF7EE007A76EE876A78
:1001D00077EEC67A93ED027AD2ED005A27EE877A4F
:1001E000A6EE867AD3ED036A83ED067A67EEA67AE9
:1001F000D3ED006A81ED007A76EEA56AE6EE267A06
:10020000C3ED077AC2ED007A704700BF04020020F8
:10021000501000202C1000204C10002010B54FF47E
:1002200016510948084C02F0F7FD204602F04AFE3C
:100230000028FAD0054800F015FE00B9FEE704F0EA
:10024000CBFB034B186010BD8C1900205810002008
:10025000541000201FB504460F4800F004FAC8B13E
:1002600003AB02AA01A90C4800F0B5F99FED0B6A97
:100270009DED027ADDED037ADDED016A27EE067A67
:1002800067EE867A66EE866A84ED017AC4ED006ACE
:10029000C4ED027A04B010BD5810002000000039EF
:1002A0001FB50446084800F0F3F958B103AB02AAA1
:1002B00001A9054800F0B3F9019B2360029B63602C
:1002C000039BA36004B010BD581000200000000084
:1002D000F8B505462DED028B0E4604F07DFBD5EDFD
:1002E000027A95ED017A364B95ED008A186067EE3B
:1002F000A77AB1EE488AE7EE077A324C17EE900AF9
:1003000011F0D4FA014618EE100A11F0CDFA10F0EF
:1003100083FD00222C4B10F0D7FD27A3D3E9002347
:1003200010F0FCFE11F0A0F8A060D5ED027A95ED7A
:10033000007A6F6867EEA77AE7EE077A17EE900A01
:1003400011F0B4FA0146384611F0AEFA10F064FD2F
:1003500000221D4B10F0B8FD17A3D3E9002310F0C5
:10036000DDFE11F081F8E060184800F0C9F907EEF1
:10037000900AB7EE007AC7EE277ABDEC028BD6ED75
:10038000026A94ED027AA6EEA77A84ED047AD6ED9D
:10039000026A94ED037AA6EEA77A84ED057A96EDCB
:1003A000027A27EE277A84ED007A96ED017A67EEDD
:1003B000277AC4ED017AF8BD182D4454FB21094079
:1003C000541000202C10002000806640581000209F
:1003D000F0B589B002A8FFF73DFF05A8FFF760FF61
:1003E00005A902A8FFF774FF02A905A8FFF7E2FE1E
:1003F0000298574C574E584F10F00EFD06250246F6
:100400000B460095204604F0D9F93146204604F009
:10041000D7F8039810F000FD009502460B462046E1
:1004200004F0CCF93146204604F0CAF8049810F0E4
:10043000F3FC009502460B46204604F0BFF9314616
:10044000204604F0BDF8B86810F0E6FC00950246BE
:100450000B46204604F0B2F93146204604F0B0F8CD
:10046000F86810F0D9FC009502460B46204604F0CF
:10047000A5F93146204604F0A3F8059810F0CCFC0D
:10048000009502460B46204604F098F93146204676
:1004900004F096F8069810F0BFFC009502460B4653
:1004A000204604F08BF93146204604F089F807987D
:1004B00010F0B2FC009502460B46204604F07EF98F
:1004C0003146204604F07CF8786810F0A5FC0095D1
:1004D00002460B46204604F071F93146204604F0EE
:1004E0006FF8386810F098FC009502460B462046DD
:1004F00004F064F93146204604F062F8B86910F05F
:100500008BFC009502460B46204604F057F9314615
:10051000204604F055F8F86910F07EFC009502467C
:100520000B46204604F04AF93146204604F048F8CC
:10053000386910F071FC009502460B46204604F025
:100540003FF90649204604F03BF809B0F0BD00BF72
:100550008C190020106802002C100020EB9E020075
:1005600070472DE9F041804617461C460E4629B3D8
:10057000531E1F2B22D82068257903682946DB6A81
:1005800098472068036841461B68984720680368BD
:100590005B6B984790B9206803683A462946DB6B45
:1005A00098473546C7B2AB1B9BB29F420AD9206819
:1005B00003685B69984705F8010BF4E74FF0FF30DB
:1005C000BDE8F0810020FBE70B6803604B684360E7
:1005D0008B688360704770B58AB00E4600F13801B1
:1005E00001A81C46154601F073F8BDF9043007EE6A
:1005F000903ABDF90630F8EEE77AC6ED007A07EEDC
:10060000903ABDF90830F8EEE77AC5ED007A07EECA
:10061000903AF8EEE77AC4ED007A0AB070BD70B592
:100620008AB00E4600F1380101A81C46154601F0BB
:100630004FF8BDF9103007EE903ABDF91230F8EEE0
:10064000E77AC6ED007A07EE903ABDF91430F8EE7D
:10065000E77AC5ED007A07EE903AF8EEE77AC4ED56
:10066000007A0AB070BD13B5044600F138010DF1EF
:10067000060000F0ACFFBDF80630B4F8CC0018431B
:1006800000F40040C3F30E03A4F8CC3002B010BD58
:1006900013B5044600F138010DF1060000F097FF94
:1006A000BDF80630B4F8CC00184300F4804023F4C1
:1006B0008043A4F8CC3002B010BD00000000000060
:1006C00000B58FB00EAB002203F8342D012100F1EC
:1006D0003802184601F0ACFC9DF806300120984025
:1006E00010F088FB04A3D3E9002310F0EDFB10F019
:1006F000BBFE0FB05DF804FBF6285C8FC2F5D83F57
:1007000010B58EB00EAB012403F8344D00F1380261
:100710002146184601F08CFC9DF8060004FA00F012
:1007200010F068FB04A3D3E9002310F0CDFB10F018
:100730009BFE0EB010BD00BFF6285C8FC2F5D83FFF
:1007400073B50E4600F1A00168461C46154601F03F
:10075000ACFFBDF9003007EE903ABDF90230F8EE7B
:10076000E77AC6ED007A07EE903ABDF90430F8EE6C
:10077000E77AC5ED007A07EE903AF8EEE77AC4ED35
:10078000007A02B070BD10B50446A03001F0D3FF6E
:10079000B4F8C80000F4807010BD00007FB500F10F
:1007A000A00101A801F042FF9DF80620072A9BBF87
:1007B000034B03EB82030020186807B05DF804FBCD
:1007C0001468020030B59FB04FF480734FF484700A
:1007D000ADF800304FF00113012540F201120193F2
:1007E000ADF812000023ADF8460001A80C46ADF8A4
:1007F00008508DF81030ADF814208DF84450ADF845
:1008000048208DF84A3000F070FE80B92246294613
:10081000042001F02FF850B92246022104A801F06B
:10082000A1FA20B922460221684600F0EDFE1FB071
:1008300030BD7FB5002301A88DF8053001F0C3FE5F
:1008400007B05DF804FB04F0DBB808B501210D200A
:1008500004F032F900210D2004F06CF9642004F05A
:10086000CDF801210D2004F065F9642004F0C6F8EC
:10087000F0E7F8B5074615461E460C46E9B1531E8B
:100880001F2B1AD8306831790368DB6A98473068C3
:10089000036839461B68984725443068A5420368B9
:1008A00004D01B6814F8011B9847F6E75B6B984768
:1008B000003018BF01204042F8BD4FF0FF30FBE789
:1008C000CB68C3600BB15B6818477047C3680BB156
:1008D0009B6818477047000010B5044B044640F869
:1008E0000C3BFFF7F3FF204610BD00BFA86B0200D2
:1008F00030B5846887B00D46002C00F0968201F177
:100900002203222B00F28282DFE813F070026002E1
:10091000500240023002200210020002F001E00109
:10092000D00190018001700160015001400130014F
:10093000200110010001F000E000D000C000B00074
:10094000A000900080007000600050004000230074
:100950008F02BE4903A803F08BFF0A224FF0FF313C
:10096000684603F0A4FF694603A803F0E5FFB84911
:1009700003F0EEFF0146204603F030FE684603F028
:100980002CFF03A803F029FFFFF75FFFAF4903A87F
:1009900003F06EFF0A226FF00101684603F087FF43
:1009A000694603A803F0C8FFAA49E1E7A74903A8DD
:1009B00003F05EFF0A226FF00201684603F077FF42
:1009C000694603A803F0B8FFA349D1E79F4903A8EC
:1009D00003F04EFF0A226FF00301684603F067FF41
:1009E000694603A803F0A8FF9C49C1E7974903A8FB
:1009F00003F03EFF0A226FF00401684603F057FF40
:100A0000694603A803F098FF9549B1E78F4903A809
:100A100003F02EFF0A226FF00501684603F047FF3E
:100A2000694603A803F088FF8E49A1E7874903A818
:100A300003F01EFF0A226FF00601684603F037FF3D
:100A4000694603A803F078FF874991E77F4903A827
:100A500003F00EFF0A226FF00701684603F027FF3C
:100A6000694603A803F068FF804981E7774903A836
:100A700003F0FEFE0A226FF00801684603F017FF3C
:100A8000694603A803F058FF794971E76F4903A845
:100A900003F0EEFE0A226FF00901684603F007FF3B
:100AA000694603A803F048FF724961E7674903A854
:100AB00003F0DEFE0A226FF00A01684603F0F7FE3B
:100AC000694603A803F038FF6B4951E75F4903A863
:100AD00003F0CEFE0A226FF00B01684603F0E7FE3A
:100AE000694603A803F028FF644941E7574903A872
:100AF00003F0BEFE0A226FF00C01684603F0D7FE39
:100B0000694603A803F018FF5D4931E74F4903A880
:100B100003F0AEFE0A226FF00D01684603F0C7FE37
:100B2000694603A803F008FF564921E7474903A88F
:100B300003F09EFE0A226FF00E01684603F0B7FE36
:100B4000694603A803F0F8FE4F4911E73F4903A89F
:100B500003F08EFE0A226FF00F01684603F0A7FE35
:100B6000694603A803F0E8FE484901E7374903A8AE
:100B700003F07EFE0A226FF01001684603F097FE34
:100B8000694603A803F0D8FE4149F1E62F4903A8BE
:100B900003F06EFE0A226FF01101684603F087FE33
:100BA000694603A803F0C8FE3A49E1E6274903A8CD
:100BB00003F05EFE0A226FF01201684603F077FE32
:100BC000694603A803F0B8FE3349D1E61F4903A8DC
:100BD00003F04EFE0A226FF01301684603F067FE31
:100BE000694603A803F0A8FE2C49C1E6174903A8EB
:100BF00003F03EFE0A226FF01401684603F057FE30
:100C0000694603A803F098FE2549B1E60F4903A8F9
:100C100003F02EFE0A226FF01501684603F047FE2E
:100C2000694603A803F088FE1E49A1E6074903A808
:100C300003F01EFE0A226FF01601684603F037FE2D
:100C4000694603A803F078FE174991E63B68020065
:100C500043680200546802006E6802008368020064
:100C600094680200B4680200D3680200F8680200C9
:100C70000B6902002B6902003D6902005569020000
:100C80006F69020096690200BB690200CF69020029
:100C9000E4690200F8690200196A0200306A020081
:100CA000426A0200556A0200636A0200604903A8B2
:100CB00003F0DEFD0A226FF01701684603F0F7FD2E
:100CC000694603A803F038FE5A4951E6584903A87B
:100CD00003F0CEFD0A226FF01801684603F0E7FD2D
:100CE000694603A803F028FE534941E6504903A88A
:100CF00003F0BEFD0A226FF01901684603F0D7FD2C
:100D0000694603A803F018FE4C4931E6484903A898
:100D100003F0AEFD0A226FF01A01684603F0C7FD2A
:100D2000694603A803F008FE454921E6404903A8A7
:100D300003F09EFD0A226FF01B01684603F0B7FD29
:100D4000694603A803F0F8FD3E4911E6384903A8B7
:100D500003F08EFD0A226FF01C01684603F0A7FD28
:100D6000694603A803F0E8FD374901E6304903A8C6
:100D700003F07EFD0A226FF01D01684603F097FD27
:100D8000694603A803F0D8FD3049F1E5284903A8D6
:100D900003F06EFD0A226FF01E01684603F087FD26
:100DA000694603A803F0C8FD2949E1E5204903A8E5
:100DB00003F05EFD0A226FF01F01684603F077FD25
:100DC000694603A803F0B8FD2249D1E5184903A8F4
:100DD00003F04EFD0A226FF02001684603F067FD24
:100DE000694603A803F0A8FD1B49C1E5104903A803
:100DF00003F03EFD0A226FF02101684603F057FD23
:100E0000694603A803F098FD1449B1E5084903A811
:100E100003F02EFD0A222946684603F048FD694684
:100E200003A803F089FD0E49A2E507B030BD00BF5D
:100E30003B680200816A0200A16A0200AE6A0200F9
:100E4000BF6A0200CF6A0200E86A0200036B020078
:100E50001B6B0200336B02004D6B02006D6B0200D6
:100E6000866B020070B504464068284E0368DB6953
:100E7000984704F124022648E2631E22682325498C
:100E8000A4F8462000220125C4E92B6084F83830FC
:100E90002667A16704F13806A26484F828306268E6
:100EA000C4F8B410102304F12C016262E26284F8E9
:100EB000A03084F830306067C4F8A41084F8415042
:100EC00084F8A150304601F0A9F901462046FFF709
:100ED0000FFD236831469B6A2046984704F1A0061F
:100EE00001462046FFF704FD304601F0E8FA0146CE
:100EF0002046FFF7FDFC236831465B6A2046984791
:100F000001462046FFF7F4FC257770BD630501001C
:100F1000730801004708010073B5224C224E234D8F
:100F200001220B21204606F0FFFA2046204C2149E1
:100F3000324609F0CCFE00224FF40271204608F040
:100F4000D3FA32461C492046002409F0C0FE1B4B50
:100F50002B60214605F140002C610AF0FFFA05F1F3
:100F600054000AF09BFA164B0093284623464FF490
:100F7000407228210AF08CFB32461249284609F0BB
:100F8000A6FE1148114B03601149124B8460324692
:100F9000846104770462436002B0BDE8704009F0E8
:100FA00096BE00BF2811002000020020B0110020D2
:100FB00054110020DD740100079501008CA502008A
:100FC00034680200C9B7010058100020A86B020065
:100FD000D9080100601500204A780B7843EA022303
:100FE0000380CA788B7843EA022343804A790B79DD
:100FF00043EA02238380704782B00388ADF8003053
:101000004388ADF802308388ADF8043091F827208A
:1010100091F824305B00E2B902AA134433F8083C8B
:10102000038091F8253002AA02EB430391F82820AF
:1010300033F9083C9AB9438091F8263002AA02EBB2
:10104000430391F8292033F9083C52B9838002B058
:10105000704702AA134433F8083C5B42E0E75B4266
:10106000E9E75B42F2E748B1836B3BB1C36B2BB15D
:10107000006CB0FA80F04009404270474FF0FF30FA
:1010800070472DE9F04804460025231ADBB2994247
:1010900002D82846BDE8F08814F8013B012B0FD098
:1010A00006D3022B11D0202B14D06FF00705ECE7EC
:1010B000D2E9006746F0010BBC46C2E900BCE4E798
:1010C000D2E9006746F0020BF6E7D2E9006746F086
:1010D000040BF1E7D2E90067B34647F0010CECE7F7
:1010E00010B588B104788C423FBF0170197841F087
:1010F000010119700178914204D902701A7842F006
:1011000002021A70002001E04FF0FF3010BD2DE9FF
:10111000F0418046A0B018460D4616461C46FFF723
:10112000A2FF50BB49B3637A0BB948F08008E27A5A
:101130006368A76B324469464046B84794F8473025
:10114000A072012B0CBF4FF4E1700220236C616888
:10115000984794F90A0098B92A46511B8BB29E42CF
:1011600002D820B0BDE8F081E37A20AF3B440B44C5
:1011700013F8803C02F8013BEFE74FF0FF30F0E757
:101180006FF00100EDE7000007B5034601220DF105
:1011900007011B20FFF7BBFF48B99DF80730C3F3D9
:1011A0008203013BDBB2022B9CBF024AD05603B044
:1011B0005DF804FBD46B020013B500230446084617
:1011C000ADF80430FFF74FFFB8B90B46022201A972
:1011D0004020FFF79CFF70B99DF80430DA09A27037
:1011E000C3F3021203F00F0323709DF80530627001
:1011F00003F00303E37002B010BD4FF0FF30FAE7D5
:1012000013B5002304460846ADF80430FFF72BFF62
:10121000E8B90B46022201A94220FFF778FFA0B9E6
:101220009DF80430DA09A270C3F380126271C3F32F
:10123000011203F00F0323709DF805306270C3F3B1
:10124000C00203F00703E270237102B010BD4FF03B
:10125000FF30FAE7F8B5054618460E461C46FFF77C
:1012600002FF20BB19B3637A0BB905F07F056368F1
:10127000E76B31462846B84794F84730A072012BF7
:101280000CBF4FF4E1700220236C616898477C2DFD
:1012900006D1337813F0010318BF012384F84730D7
:1012A00094F90A00002818BF6FF00100F8BD4FF054
:1012B000FF30FBE773B515461E460446A0B1C1F3E7
:1012C000430249098DF804208DF80510022201A976
:1012D0005B20FFF7BFFF28B933462A4621465E2030
:1012E000FFF7B8FF02B070BD4FF0FF30FAE773B5FB
:1012F00002AC002304F8013D06460D460B460122D0
:1013000021465920FFF703FF60B99DF8070020F040
:10131000010030438DF807002B4601222146592059
:10132000FFF798FF02B070BDF7B50D4605F108064E
:1013300004460021334601220230ADF80410FFF7C5
:10134000CFFE002838D1A378671C012B0CBF0322E5
:101350000722014633463846FFF7C2FE60BB0C2227
:1013600001212046FFF7BCFE30BB03220146A01836
:10137000FFF7B6FE00BB6378A2781B0103F0700391
:1013800043EAC213227802F00F0213438DF80430AF
:10139000E2789DF8053002F0030223F003031343C3
:1013A0008DF8053002222B4601A94020FFF752FF9D
:1013B00010B92846FFF7E8FE03B0F0BD73B50D463F
:1013C00005F1080604460021334601220230ADF83B
:1013D0000410FFF785FE002857D101460322601C48
:1013E000FFF77EFE002850D101460122601DFFF765
:1013F00077FE002849D10D2206212046FFF770FE16
:10140000002842D101460122E01CFFF769FE0028B6
:101410003BD104220146A018FFF762FEA8BB9DF84D
:101420000430A27803F07F0343EAC2136279920189
:1014300002F0400223F0400313436278120102F0ED
:10144000300223F030031343227823F00F0302F01D
:101450000F0213438DF80430E378DB0003F0080239
:101460009DF8053003F0F0031343227902F00702E0
:1014700013438DF8053002222B4601A94220FFF7C5
:10148000E9FE10B92846FFF77FFE02B070BD37B500
:101490000023054608460C468DF80730FFF7E3FDAC
:1014A000F0B90B4601220DF107017C20FFF72FFE5A
:1014B000B0B99DF8070005F0010520F001002843B0
:1014C0008DF80700234601220DF107017C20FFF76C
:1014D000C1FE38B99DF8073003F0010384F84730A6
:1014E00003B030BD6FF00C00FAE773B5002304467B
:1014F00008460D46ADF804308DF80630FFF7B3FD11
:1015000000285ED1002C5CD02678731E022B5BD89D
:101510000B46032201A95320FFF7F9FD00284ED105
:1015200006F0FD03012B1BD1A3785B0003F0020240
:101530009DF8043003F0F9031343E278920002F0BF
:10154000040213432279D20002F0080203F0E703F9
:1015500013436279120102F0100213438DF8043034
:10156000023E012E1BD8A3795B0003F002029DF816
:10157000053003F0F9031343E279920002F004020C
:101580001343227AD20002F0080203F0E703134368
:10159000627A120102F0100213438DF805309DF8B3
:1015A0000630627823F0010302F0010213438DF844
:1015B000063003222B4601A95320FFF74BFE02B051
:1015C00070BD4FF0FF30FAE76FF00B00F7E713B58F
:1015D000002304460846ADF80430FFF744FD80B907
:1015E0007CB10B46022201A91C20FFF790FD30B907
:1015F0009DF805209DF8043043EA0223238002B0C1
:1016000010BD4FF0FF30FAE72DE9F043174685B0E3
:101610000446002200233846CDE90223FFF723FDCC
:10162000002852D1002C50D002AA2046FFF729FDF5
:10163000002847D104AE3B4606F8090D0122314689
:101640007D20DDE90289FFF762FD00283AD1002301
:1016500008F0010213431EBF9DF8073043F0040356
:101660008DF8073008F00202002313431EBF9DF8D7
:10167000073043F002038DF8073008F0040200231E
:1016800013431EBF9DF8073043F001038DF8073068
:10169000002209F00103134318BF9DF8073008F03A
:1016A000070418BF43F0080309F0010518BF8DF8BF
:1016B000073054EA050305D03B46012231467D2020
:1016C000FFF7C8FD05B0BDE8F0834FF0FF30F9E744
:1016D0002DE9F04188B00E4605460021142203A8EA
:1016E0008DF8071011F0A4FD3046FFF7BCFC002870
:1016F00040F09880002D00F09580334601220DF1D6
:1017000007017D20FFF703FD00287DD19DF80740EC
:1017100014F0010F14BF4FF008084FF0000814F048
:10172000040718BF08F1060714F002041CBF08F1F3
:101730000604E419B8F1000F07D0002F75D0002C73
:1017400014BF14220E22042005E0002F72D0002CBA
:101750005DD106220C20334603A9FFF7D8FC0028F0
:1017600052D1ADF808008DF80A00B8F1000F0BD087
:101770000DF10B0205F1170305F11F0112F8010F1E
:1017800003F8010F9942F9D147B103ABB91F1944CE
:101790002846FFF721FC3146FFF72EFC14B305F174
:1017A0000C04B8F1000F4CD00DF11A012046FFF7E0
:1017B00013FC298AB6F84420B5F90C3012FB01F26B
:1017C0004FF4007192FBF1F212B29B1AB3F5004F85
:1017D00023DA13F5004F23DB1BB2AB8131462046E1
:1017E000FFF70AFC3346032202A91820FFF78FFCFB
:1017F00050B99DF809309DF80A201B0243EA0243C4
:101800009DF8082013432B6208B0BDE8F0810C223C
:101810001046A0E70DF11201C8E747F6FF73DCE7B9
:101820000A4BDAE74FF0FF30EEE7002C14BF14222A
:10183000082288E7002C0BBF2246062220461220F1
:1018400089E7002FE6D103A9B0E700BF0080FFFFC2
:1018500010B504460846FFF706FC40B93CB10B46FC
:10186000012221460320BDE81040FFF750BC4FF095
:10187000FF3010BDF7B502AC002304F8013D064669
:101880000F4615461346214601225820FFF73FFC1C
:10189000B0B9032F19D83301022FD8B29DF8073001
:1018A00011D0032F0ED0012F1ABF3043834333438F
:1018B0008DF8073001222B4621465820FFF7CAFC3D
:1018C00003B0F0BD33430343F2E76FF00B00F7E7DB
:1018D00070B5054608460C46FFF7C5FB60B95DB11B
:1018E0000B6C074849689847234629460122212066
:1018F000BDE87040FFF70BBC4FF0FF3070BD00BF7C
:10190000E0220200F7B5002304468DF80730FFF708
:10191000AAFB00287DD1B4F84A60002E79D0E38973
:10192000DA0744BF03F1FF33E381E389012B9CBF56
:101930000223E38121460020E789FFF7A8FD034643
:1019400060BB2146FFF7D3FC034638BBB6FBF7F577
:1019500007FB156515F0FF0523D0751BADB20746D3
:10196000BD4220D9D3B92069E2892346394638449B
:10197000FFF7A0FCE28917440346BFB2F0E72069F5
:10198000E289234629462844FFF794FCE28915445E
:101990000346ADB2AE420ED9002BF0D0184603B0CC
:1019A000F0BD0546F6E7002BF8D10222E789E28177
:1019B000AE4220D8E781002BF0D121460120FFF76D
:1019C00096FC03460028E9D121460120FFF75FFD80
:1019D00003460028E2D121460DF10700FFF778FF0A
:1019E00003460028DAD19DF8072012F0010F08BF46
:1019F0006FF00803D2E7002BDCD12069E28923468F
:101A000029462844FFF756FCE28915440346ADB247
:101A1000CEE74FF0FF33C1E737B5B6238DF8063078
:101A2000002305468DF80730FFF71DFB0446B8B9C3
:101A300001222B460DF106017E20FFF70BFC2B6CDB
:101A4000696804464FF4FA609847012285F84720F8
:101A500034B96B7A3BB12846FFF754FF044660B1B6
:101A6000204603B030BD20462B460DF10701FFF79D
:101A70004EFB04460028F3D1EDE700220023C5E920
:101A80000C23EDE713B500238DF807300446FFF76C
:101A9000EAFA034668B9637A012284F847205BB109
:101AA000234601220DF107010020FFF730FB03461A
:101AB00058B1184602B010BD23460DF10701FFF7DB
:101AC00026FB03460028F4D1EAE79DF80720217899
:101AD00091420BD1102222730122E275054A208522
:101AE00062622046FFF798FF0346E2E722706FF03C
:101AF0000203DEE7000102002DE9F74314468DF8EA
:101B000007008946002942D0002A40D0127DC3B286
:101B10009A423FD9234601220DF107012F20FFF7FA
:101B200099FB30BBE3890F2B2AD8DA0748BF03F1B2
:101B3000FF334FF0000648BFE3813027B046102541
:101B4000E089AAB2824209EB0801234614D3024677
:101B50003846FFF7DCFAA57BA8442F445FFA88F8E3
:101B6000FFB22E44F6B2C6F11005EDB208B9002D51
:101B7000E6D103B0BDE8F0833846FFF7C8FAF0E7D6
:101B80002346102249463020FFF7C1FAF1E74FF013
:101B9000FF30EEE76FF00900EBE77FB50E46044635
:101BA00010220021684611F043FBB57D0023DAB214
:101BB000AA4202D36FF007000FE003EB4302316A41
:101BC00088188A5C092A03F10103F0D185784078EE
:101BD00032466946FFF790FF08B104B070BD04AB10
:101BE0001D4415F8103C03F001022270C3F34002BB
:101BF0006270C3F38002C3F3C203A270E370ECE728
:101C00002DE9F043074687B010461646FFF72BFA3A
:101C1000044600286ED1002F6CD03D1D92F84780FD
:101C200007EB01170437BD4203D1204607B0BDE8DA
:101C3000F08315F8043C032B07D9B8F1010F04D148
:101C400031460020FFF723FC044674BB15F8043C22
:101C5000092B48D0292B0ED11022214602A811F0C1
:101C6000E7FAB6F848309B0608D496F816C0234623
:101C7000DAB294451BD86FF00704D6E73346012249
:101C80000DF107011E20FFF742FA08BB9DF807304F
:101C900013F0400F18BF803B2B80B8F1010F04D127
:101CA00031464046FFF7F3FB04461035BBE703EB34
:101CB0004302316A88188A5C292A03F10103D7D1CB
:101CC00090F802904078324602A9FFF715FF08B15C
:101CD0000446AAE706AB994419F8102C02F07F03DA
:101CE00012F0400FD6E731462846FFF756FF00288E
:101CF000D3D0EDE74FF0FF3497E71FB5B0F8483089
:101D00009B07044611D5FFF7AEF988B904A829232B
:101D100000F8103D22460121FFF772FF18B9BDF807
:101D20000430A4F8443004B010BD6FF00700FAE7A7
:101D30004FF0FF30F7E7F0B5577D0023DCB2A74244
:101D400001D800200DE003EB4305D6697419755DD9
:101D50008D4203F10103F1D123880380A3788370BE
:101D60000120F0BD2DE9F04F044687B0104615461E
:101D7000FFF779F9002840F05681002C00F05381DC
:101D80004FF0340818FB014892F847A0DFF89CB2E6
:101D9000A61C08F10208814602AFB04505D1BAF190
:101DA000010F00F03A8100241AE0BAF1010F10D0BF
:101DB00016F8023C092B00F2EA80DFE813F0150068
:101DC0001B002000E800E800E800E800E800E80068
:101DD000D90029460020FFF75AFB04460028E7D027
:101DE000204607B0BDE8F08F29463046FFF79CFA41
:101DF0000446A7E029463046FFF7E0FAF8E705F188
:101E000008030B220121701DFFF76AF90446002820
:101E1000E6D12B46012239466B20FFF778F90446BC
:101E20000028DDD133789DF808205B0122F02002E4
:101E300003F0200313438DF8083001222B46394666
:101E40006B20FFF707FA04460028C9D1ADF8080057
:101E50008DF804002B46022239464B20FFF757F934
:101E600004460028BCD19DF80830F27903F0010344
:101E700043EA42038DF808309DF80930727803F088
:101E80007F0343EAC213B278920102F0400223F0CA
:101E900040031343F278920002F00C0223F00C038B
:101EA0001343327923F0030302F0030213438DF846
:101EB00009301524294601A8FFF7CAFC00284BD198
:101EC0009DF804305B0747D42B46394602224B204D
:101ED000FFF7C0F92B6C696804464FF47A70984795
:101EE000002C7FF47DAF73788BBBEC752B4606F12D
:101EF000080101224D20FFF7ADF92B6C69680446FB
:101F00004FF47A709847002C7FF46AAF2B46012279
:101F100039464420FFF7FBF8044698B97379B27943
:101F200003F00F0343EA02138DF8083039462B46BD
:101F300001224420FFF78EF92B6C696804464FF4A8
:101F40007A7098473436002C3FF427AF48E70123D6
:101F5000EB75F3782B76D9E72B6C696842F2107039
:101F6000013C984714F0FF04A4D16FF00E0437E74A
:101F700010220021384611F05BF92A46092101A8F8
:101F8000ADF804908DF80690FFF7D5FE10B96FF00C
:101F9000070425E739469DF80500FFF7ADFD044627
:101FA0000028CFD19DF80630B6F800C05A0810B20C
:101FB000CCF30A0C37F8101001EA0B0141EA0C01CE
:101FC00027F81010501CB6F802C037F81010CCF3E8
:101FD0000A0C01EA0B0141EA0C0127F81010901CD1
:101FE000B6F804C037F81010CCF30A0C01EA0B0164
:101FF00041EA0C010332C3EB420327F8101003F04F
:10200000FF03E2B2934206D82B4610223946302015
:10201000FFF720F9ECE60134F3E729465046FFF7D5
:1020200036FA0446DCE64FF0FF34D9E600F8FFFF4D
:102030002DE9F041804686B010461546FFF713F8AB
:1020400020B14FF0FF3006B0BDE8F081B8F1000FCD
:10205000F7D0342616FB018692F8477008F1020487
:102060000236B44203D1012F73D00020EBE714F8FD
:10207000023C032B0CD8022B73D014F8023C092B22
:102080006CD8DFE803F00E16706B6B6B6B6B6B1B21
:10209000012FF2D129460020FFF7F9F90028D2D10B
:1020A000EBE729462046FFF787F8002800F0A680D6
:1020B000C9E729462046FFF7A3F8F6E710220021DA
:1020C00002A811F0B5F800232A46092101A8ADF8AD
:1020D00004308DF80630FFF72EFE00283ED002A90E
:1020E0009DF80500FFF708FD0028ACD19DF80630EB
:1020F00006A95A1C51FA82F212F8101C06AA1A44B8
:1021000012F8102C42EA0122C2F30A0206A9228028
:10211000DA1C51FA82F2991C12F8100C06AA52FA33
:1021200081F111F8102C42EA0022C2F30A0206A93A
:1021300062805A1D043351FA82F251FA83F312F885
:10214000102C13F8103C43EA0223C3F30A03A380C4
:1021500054E029463846FFF79AF974E76FF0070014
:1021600071E7012F96D02846FEF77DFF00287FF407
:1021700068AF2B46012202A96B20FEF7C8FF00289A
:102180007FF461AF9DF80830ADF80800C3F3401349
:10219000237002222B4602A94B20FEF7B8FF00282D
:1021A0007FF451AF9DF808305B08E3719DF809306A
:1021B000C3F38011DA09A170C3F3810103F00303B3
:1021C0006270E17023714AB92B46012204F10801C3
:1021D0004D20FEF79CFF00287FF435AF2B460122EF
:1021E00002A94420FEF793FF00287FF42CAF9DF84E
:1021F00008301A0903F00F03A2716371343430E719
:1022000048B1836B3BB1C36B2BB1006CB0FA80F06B
:102210004009404270474FF0FF30704710B5044608
:10222000FFF7EEFF034610BB24222270104AA2647F
:10223000627A02B90123E37223690BB90D4B236162
:102240002046FFF71FFC90B90B4BE3610B4B236259
:1022500041F20813A3820723A375094BE365082302
:1022600084F860302046BDE81040FFF746BD10BD41
:1022700003000020D76B0200D78B02000A8C0200FB
:102280000802002058B1C3684BB103693BB14369F0
:102290002BB14068B0FA80F04009404270474FF0DF
:1022A000FF30704710F5805F30B502D0D38C19B97C
:1022B0000BB9194830BD19469B0393FBF1F1A1F509
:1022C000804109B201FB01F3802493FBF4F392F8FF
:1022D000244092F92550E401614305FB03114FF4BA
:1022E000007391FBF3F192F91A3001F58011A033DC
:1022F00059434FF4805391FBF3F14FF4005348439B
:1023000090FBF3F092F9183000B200EBC3001023F9
:1023100090FBF3F000B2CDE70080FFFF10F5805F87
:1023200030B502D0D38C19B90BB9194830BD194654
:102330009B0393FBF1F1A1F5804109B201FB01F38D
:10234000802493FBF4F392F8244092F92550E401A1
:10235000614305FB03114FF4007391FBF3F192F914
:102360001B3001F58011A03359434FF4805391FB8A
:10237000F3F14FF40053484390FBF3F092F9193016
:1023800000B200EBC300102390FBF3F000B2CDE7E6
:102390000080FFFF10F5804F70B529D0B2F91E40C4
:1023A00034B3938B23B319B3D68C0EB3B2F9225046
:1023B0008E1B4900451B4B43108C03F5004304EB77
:1023C000234310FB06F0042290FBF2F0C0EBC53073
:1023D00090FBF3F0074B9842B8BF184647F6FF73DF
:1023E0009842A8BF1846102390FBF3F000B270BDCE
:1023F0000148FBE70180FFFF0080FFFFF8B50746BB
:1024000018461D46FFF73EFF044640B939B132B1C8
:102410002E696B683846B04728722046F8BD4FF0E9
:10242000FF34FAE7F8B5064618461C46FFF72AFFC0
:10243000054660B959B16378E768012B18BF46F0CB
:10244000800663683046B84720722846F8BD4FF0D2
:10245000FF35FAE773B502AC002304F8013D0646E8
:102460000D460B46012221464B20FFF7DBFF78B9D2
:102470009DF8073023F0010333438DF80730012224
:102480002B4621464B20FFF7B9FF08B985F82A6093
:1024900002B070BD38B50446FFF7F4FE054660B9DA
:1024A00094F82A304BB921460120FFF7D3FF636926
:1024B0006168054640F6B8309847284638BD10B5E3
:1024C00086B004460023014601208DF80330FFF753
:1024D000C1FF002857D16369616840F6B83098475A
:1024E000234601220DF103014020FFF79BFF002846
:1024F00049D19DF80330322B45D12370ADF804004B
:10250000CDE902000490ADF814002346022201A98F
:102510005D20FFF787FFB0BB2346042202A962209B
:10252000FFF780FF78BB23460A2203A96820FFF744
:1025300079FF40BB9DF8043023769DF80530637623
:102540009DF80A30A3769DF80B30E376BDF80E3087
:10255000A383BDF80C30E383BDF812302384BDF8AB
:10256000083063849DF8153084F824309DF81430C9
:1025700084F825309DF811309DF810201B0203F4DB
:10258000FE431343E38406B010BD37B50B46044643
:102590000D4601220DF107014C20FFF743FF80B9E2
:1025A0009DF80700640020F0060004F006042043B4
:1025B0008DF807002B4601220DF107014C20FFF793
:1025C0001DFF03B030BD10B5024608460C46FFF7AC
:1025D00059FE034640BB5378042B23D8DFE803F0B1
:1025E000030D22151D000846FFF754FF0346D8B916
:1025F0002146BDE81040FFF7C8BF0846FFF74AFF75
:10260000034688B921460120F3E70846FFF742FF59
:10261000034648B921460320EBE70020BDE81040FF
:10262000FFF718BF6FF00203184610BD13B5002363
:102630000446CDE9003308220B464B206946FFF7DC
:10264000F1FE80BB9DF8073023719DF80630E370E2
:102650009DF8053023749DF80430E3739DF8033032
:10266000C3F3C2022270DA09A271C3F38012E271CD
:10267000C3F380022272C3F3400203F00103A3728A
:102680009DF802306272DA09E272C3F3801222739B
:10269000C3F3C20203F00703A3739DF80130627312
:1026A000C3F3C203A37002B010BD2DE9F7430023AA
:1026B000CDE9003307460B460E4608226946422004
:1026C000FFF7B0FE804690BB9DF802509DF90320B5
:1026D0009DF905909DF806409DF800309DF9010098
:1026E000ED088DF8025045EA42159DF80420520885
:1026F0008DF8042042EAC9199DF80720A408DB08D8
:102700008DF8064044EA821443EA401032462146DE
:102710008DF80030FFF7C6FD214638802846FFF7C8
:10272000FDFD214678804846FFF734FEB8804046DC
:1027300003B0BDE8F08313B50346044601220DF152
:1027400007014820FFF76EFE80B9234601220DF1F4
:1027500006014A20FFF766FE40B99DF8073003F0F6
:1027600001029DF8063043EA0223238502B010BD22
:10277000002070470368C9B21B681847490000234E
:10278000C161C0F82C327047036801211B6B1847E8
:1027900010B403689C6B0123A4465DF8044B6047AA
:1027A000D0F82C32B3F5807F1FBF5A1CC0F82C2202
:1027B000C01880F82C1114BF012000207047D0F8F9
:1027C000280170477047C0F830127047C0F83412C3
:1027D0007047D0F82831A3B1D0F828318BB1D0F8A8
:1027E0002431D0F8242103440132D2B293F82030AE
:1027F000C0F82421D0F82821013AC0F82821184631
:1028000070474FF0FF307047D0F828312BB1D0F827
:102810002431184490F8200070474FF0FF30704783
:1028200010B5044B0360044600F50E7008F0CCFFB1
:10283000204610BD408C020038B503685B6A044630
:102840009847A82008F04AFC94F9192094F9181028
:10285000054604F0D7FD656138BD00007FB503680B
:102860005B6A04460E469847482008F037FC94F906
:10287000192094F91810054604F0FEFD7100284651
:10288000256104F015FE094B0393094B019369463A
:10289000002304F50E700293009408F005FF039BDB
:1028A00013B19B686846984704B070BD208C020045
:1028B000E329010038B5D0F82C3214461A44B2F599
:1028C000807F88BFC3F58074054600F59670224668
:1028D000184410F0AFFBD5F82C322344C5F82C3245
:1028E000204638BD38B5044640690D4608B104F0AD
:1028F000A9FC206920B12946BDE8384004F0D6BDC6
:1029000038BD38B50446406910B10368DB689847A4
:1029100023696BB104F50E75284608F033FF28468D
:1029200008F07AFF20694821BDE8384008F0EABB8A
:1029300038BD1FB50246D0F82C32D469406981F009
:10294000010100913BB9012303AA214604F0ADFC2B
:10295000C0B204B010BD02F59672214604F084FCAA
:10296000002814BF02200020F3E770B5C2B083F046
:102970000103009302AE0446154613464900324651
:10298000406904F092FCC8B9A84218D0D4F82831A4
:10299000B3F5807F10D0D4F82031325C234483F823
:1029A0002020D4F820310133DBB2C4F82031D4F830
:1029B00028310133C4F828310130E5E700252846E5
:1029C00042B070BD10B4D0E9013401686210E40770
:1029D00001EB020048BF8A585DF8044B48BFD3584A
:1029E000184730B50446BDB00025206904F067FDE6
:1029F0000328FAD8DFE800F04C021414D4F834327B
:102A000003B19847D4F82C2232B104F596712069AD
:102A100004F059FDC4F82C52206904F05CFDE4E791
:102A2000C4F82051F022C4F824516946C4F8285152
:102A3000206904F046FD002282421DDAD4F82831D4
:102A4000B3F5807F18D0D4F82831B3F5807F11D04A
:102A5000D4F820311DF80210234483F82010D4F854
:102A600020310133DBB2C4F82031D4F828310133EE
:102A7000C4F828310132DFE7D4F82831002BB4DD67
:102A8000D4F83032002BB0D0D4F828019847ACE706
:102A900001F0C6FFA9E7000073B54FF47A73002573
:102AA000C0E901531A4B03600446C0E9045501769E
:102AB000427629464FF48072203010F0B9FB154B56
:102AC000C4F82051C4F838322946C4F82451C4F857
:102AD0002C52C4F82851C4F83052C4F83452C4F807
:102AE000485204F51E7008F039FD04F5237008F013
:102AF000D5FC04F50E76084B009330462B464FF478
:102B00000062182108F0C4FD204602B070BD00BF6D
:102B1000408C02008CA502002C8C0200F8B512201B
:102B200001F040FF0546132001F03CFF104C114E10
:102B30002946114D02462046FFF7AEFF3246294690
:102B4000204608F0C4F81E2001F02CFF07461F2085
:102B500001F028FF094C024639462046FFF79CFF4A
:102B6000324629462046BDE8F84008F0B0B800BF1C
:102B70006C120020000200202128010060150020B6
:102B800030B5A1F11004002500F00F02D3B2092ADC
:102B9000CCBF373330338B73CD7302398C424FEA5D
:102BA0001010F1D130BD22207047000030B5012156
:102BB00085B0192001F080FF0121192001F0BAFF32
:102BC0004FF080430022C3F85C2503F588334FF4AF
:102BD0008032C3F848230121C3F80823212001F0E3
:102BE0006BFF0121202001F067FF0121212001F06E
:102BF000A1FF0121202001F09DFF104B01221A604E
:102C00000F4A1368002BFCD00E4B0024C3F800457C
:102C1000C3F800450C4B0FCB6D4685E80F002346EB
:102C200020464FF0FF3155F823200133042BC2F822
:102C30000005C2F86015F6D105B030BD0420004093
:102C40004421004000200040908C020038B54FF035
:102C5000805504462146D5F8A800FFF791FFD5F826
:102C6000A40004F11001FFF78BFF202038BD000005
:102C700072B64FF08043B022C3F81C25BFF34F8FCC
:102C80000549064BCA6802F4E0621343CB60BFF308
:102C90004F8F00BFFDE700BF00ED00E00400FA0524
:102CA000F0B58BB041B3931E222B2FD80A2A06D140
:102CB000002804DA4442012601AB1D4610E0044618
:102CC0000026F9E7B4FBF2F002FB1047092F044697
:102CD00003F10103F8B294BF3030573003F8010C10
:102CE000002CEFD1AB42EDD04EB12D204A1C087024
:102CF000AB4206D80023137008460BB0F0BD0A465D
:102D0000F6E713F8010D02F8010BF1E70021F3E7F4
:102D1000FFF7C6BF70B590F8343105461446F3B9D5
:102D20000368DB69984704F47063B3F5407F04F0EF
:102D3000F0030CBF0721082104F00F02302B0CBF59
:102D400002230123012A08D0901E42424241A86971
:102D5000BDE87040006804F011BD0222F7E770BDC5
:102D600010B590F8343104462BB9A369186804F003
:102D70005BFD0028F9D010BD38B590F834510446F9
:102D8000A5B983695BB1186848B10368DB689847E7
:102D9000A3691D600421A06908F0B4F9A5610023AE
:102DA000C4F82431C4F82831C4F82C3138BD13B527
:102DB00090F8343104466BBBA369186804F0F6FC44
:102DC00040B307F05BFCA3691868036801225B69E4
:102DD0000DF107019847D4F82C31B3F5807F16D058
:102DE000D4F82C31B3F5807F11D0D4F824319DF87C
:102DF0000720234483F82420D4F824310133DBB2A4
:102E0000C4F82431D4F82C310133C4F82C3107F044
:102E10004BFCD1E702B010BD7FB590F834310446C9
:102E20000D46002B34D1866926B9042008F056F9E6
:102E3000A0610660A369186860BB4FF4867008F053
:102E40004DF92B4694F9212094F92010064604F000
:102E50009DFFA3691E6094F92220531C06D0A0692F
:102E600094F923300068032104F09EFFA3691868D9
:102E700070B10A4B03930022094B019369460094F9
:102E8000029204F0EEFC039B13B19B6868469847DE
:102E900004B070BD294604F05DFCDCE7A08C0200A4
:102EA000AF2D010010B4D0E9013401686210E407CD
:102EB00001EB020048BF8A585DF8044B48BFD35865
:102EC0001847000008B590F834313BB1012001F0FB
:102ED00095FD0648BDE8084001F028BA82691AB19C
:102EE0001368003318BF0123184608BD582000207E
:102EF00070B504460D4601F019FA30B12368294631
:102F000020461B6CBDE87040184770BDA0F5A0704E
:102F1000EEE7000013B590F834318DF80710044641
:102F20002BB1C9B20B48FFF7E3FF02B010BDA36994
:102F3000186804F079FC0028F9D0A36918680368C0
:102F400001221B690DF107019847013018BF0120CC
:102F5000EBE700BF582000202DE9F04107468846E6
:102F6000164601F0E3F970B10024A6420CD9351BD6
:102F7000402D28BF402508EB04012A46384600F0C2
:102F8000BBFE2C44F1E704462046BDE8F081A0F5E5
:102F9000A070E1E770B590F8343105460E4614464E
:102FA0002BB11048FFF7D8FF0446204670BDAB692F
:102FB000186804F039FC0028F9D0AB691868D0F81B
:102FC000083101211B6B00F584709847AB691868C4
:102FD000036822461B6931469847013008BF002428
:102FE000E3E700BF5820002030B50446C3B001F02D
:102FF00017F9D4F85832C3F5807398420546C4BF18
:10300000D4F85852C5F580752A4601AB02A920466E
:1030100000F05CFF019902AB6D1A00221D44D4F848
:103020005832B3F5807F19D08A4217D0D4F858327D
:10303000B3F5807F10D0D4F85032A85C234483F8D5
:103040005001D4F850320133DBB2C4F85032D4F816
:1030500058320133C4F858320132E0E743B030BD92
:1030600038B5044600F0F0FA2046FFF7BDFFD4F86B
:103070005852204600F0F0FA284638BDA0F5A0705E
:10308000EEE7000010B590F8343104462BB1064845
:10309000FFF7E6FF0446204610BD07F0EFFAD4F82C
:1030A0002C4107F001FBF6E75820002038B5044614
:1030B00000F0CAFA2046FFF797FFD4F858324BB118
:1030C000D4F85432234493F85051204600F0C4FA07
:1030D000284638BD4FF0FF35F7E7A0F5A070E5E7CB
:1030E00010B590F8343104462BB10B48FFF7DEFFE2
:1030F0000446204610BD07F0C1FAD4F82C313BB18C
:10310000D4F82801044494F8244007F0CDFAF0E7FD
:103110004FF0FF34F9E700BF5820002038B50446CF
:1031200000F092FA2046FFF75FFFD4F85832A3B1BF
:10313000D4F85432234493F85051D4F85432013324
:10314000DBB2C4F85432D4F85832013BC4F85832D8
:10315000204600F081FA284638BD4FF0FF35F7E7EA
:10316000A0F5A070DAE7000010B590F834310446FD
:103170002BB11148FFF7D2FF0446204610BD07F0DF
:103180007DFAD4F82C319BB1D4F82831234493F83C
:103190002400D4F828310133DBB2C4F82831D4F844
:1031A0002C31013BC4F82C31044607F07DFAE4E7EA
:1031B0004FF0FF34F9E700BF5820002008B54FF466
:1031C0008072002110F034F80022C0F80021C0F80D
:1031D0000421C0F8082108BD2DE9F047194C1A4F09
:1031E000276000254FF47A78C4E90158202604F1BD
:1031F0002400C4E90565E5614FF00109FFF7DEFF32
:10320000284684F8349101F0CDFB8246484601F00F
:10321000C9FB0E4CFF2384F82100C4E9015804F1D6
:1032200024002760C4E90565E56184F820A084F8DE
:10323000223084F82330FFF7C1FF84F83451BDE811
:10324000F08700BF8C190020B48C020054180020B5
:10325000002070477047704710B5D0F88C452CB1EE
:10326000236820465B689847A468F8E710BD38B526
:10327000D0F88C450D4634B1236820469B6829461A
:103280009847A468F7E738BD00487047748D02007E
:1032900010B5054B0360044606F09BF8204606F087
:1032A000B1F8204610BD00BFF48C020010B50446F2
:1032B000FFF7EEFF20464FF4B26107F023FF2046F0
:1032C00010BDF7B5D0F88C4505460E460023A4B1D5
:1032D00023683146DF680DF1030201AB2046B84791
:1032E0009DF803100429034605D0019A284605F0ED
:1032F000D5FA03B0F0BDA468E9E7019A9DF8031080
:10330000F4E770B505460E4622B10021BDE87040D5
:1033100005F0C6B8D0F88C455CB1236800221B6963
:1033200031462046984710B101212846EEE7A468AF
:10333000F2E72146F9E770B5D0F88C450E46054610
:1033400000213CB12368314620465B699847A46858
:103350000146F6E72846BDE8704005F09BB9F8B590
:10336000D0F88C4505460E4617463CB123682046EA
:103370009B693A4631469847A468F6E728460121FA
:10338000BDE8F84005F0E4B970B5002186B0044608
:1033900005F07CFC0023ADF8063023898DF8103051
:1033A0001B0AA188E2888DF811304FF4897540F22C
:1033B0000123ADF80450ADF81230022540F203139A
:1033C000EF268DF807508DF809508DF80C10012567
:1033D000090A8DF80E20ADF81430120A04F10A0320
:1033E0008DF808608DF80A508DF80B008DF80D10DF
:1033F0008DF80F2001AD05AE1C462A4603CAB24225
:1034000018605960154603F10803F6D112881A8036
:10341000204606B070BDF8B5002406460D46274686
:10342000304610F0EDFAA04207D9335D05F81430AC
:1034300005EB440301345F70F2E7400000F0FE004A
:10344000F8BD38B5D0F88C55044635B12B68284600
:103450001B6A984710B9AD68F7E7284640F2023377
:10346000A4F8483504F24A51FFF7D5FF94F84835DF
:10347000184484F8480504F5A96038BD40F20233C9
:1034800010B500F20A510446A0F808350548FFF7C8
:10349000C2FF94F80835184484F8080504F5A160C3
:1034A00010BD00BFE08C020040F2023310B50446AC
:1034B000A0F8C83400F2CA40FFF7C8FB94F8C8343B
:1034C000184484F8C80404F5996010BD2DE9FF4143
:1034D00000238DF80A3090F888351B4A8DF80830A3
:1034E000012301928DF809303222C0238DF80B3070
:1034F0008DF80C2001AB044600F54E7803CBC4F8E0
:103500003803C8F8041088F80820D4F88C65092519
:103510008EB1336800211B6830469847478805F50F
:103520004E73093F00F109013A46E0180FF082FDA1
:103530003D44B668ECE784F83A5340462D1284F8CF
:103540003B5304B0BDE8F0810902FFFF73B50446A8
:103550000D46164608F04CFB4FF48073009301466D
:1035600033462A46204605F059FB024B236020468D
:1035700002B070BDF48C020010B5D0F88C35044652
:10358000A3B9C0F88C1594F888350B7194F8883578
:103590004A79134484F888350B6808465B6A984773
:1035A000238918442081012010BD13469A68002AFF
:1035B000FBD19960E7E71FB5044605F029FB0146FA
:1035C000684604F0B3FC4021684604F02BFDD4F8B3
:1035D0008C4534B123682046DB6969469847A46866
:1035E000F7E7684604F0A9FC04B010BD10B5044626
:1035F000FFF7E1FF2046BDE8104005F079BA000072
:1036000010B50D4C2378BFF35B8FDB0712D4204637
:1036100007F070FB70B148F25A0242F2413107489C
:10362000FFF794FF204607F087FB054A054903484A
:1036300007F04DFB014810BDC41A0020C81A002035
:10364000000200209132010010B5FFF7D9FF036896
:10365000BDE810405B6F184710B5FFF7D1FF036856
:10366000BDE810409B6F184710B5FFF7C9FF03680E
:10367000BDE81040DB6F184704F014BE04F0D2BD63
:1036800004F000BE704770477047436A93F87800B3
:103690007047D0F8240170470120704700487047F8
:1036A000DC8E02002DE9F04F044697B00F464B2206
:1036B000002103A80FF0BCFDD4F82431267994F83A
:1036C0000EA094F80C90002B06F10105637B01938A
:1036D00014BF05200020EDB2002F40F0978040F28B
:1036E0000923ADF80C304FF48173ADF8103080230E
:1036F0008DF8133032238DF8143008238DF81530EF
:103700000B2301218DF816308DF8250040F202239D
:1037100042F205404FF0240C4FF0090E04274B22D3
:10372000ADF818308DF8211002238DF82410ADF873
:1037300026004FF0100805208DF82A108DF82D1066
:103740008DF82F104FF0030B06218DF80E208DF809
:1037500017608DF81A308DF81DE08DF81F608DF818
:1037600022308DF823308DF82B008DF82CC08DF889
:1037700031C08DF832308DF833108DF834008DF86B
:1037800035C08DF81E708DF829808DF82EB08DF81B
:1037900030708DF8361007218DF839108DF84910EA
:1037A00044F20201ADF84C1040F20751ADF8501050
:1037B0001D349DF804108DF837608DF838508DF861
:1037C0003A008DF842508DF84A008DF852108DF86D
:1037D000533044F20306402340F6022503A9204655
:1037E0008DF83BA0ADF83C608DF83F808DF840E04F
:1037F0008DF84170ADF844508DF84B908DF85430F1
:103800000FF018FC204617B0BDE8F08F0020FAE753
:1038100038B505460A4B45F8D03B0446FFF7F0FEA5
:1038200005F0D7FD284604F097FC04F17C0004F075
:1038300093FC04F1700004F08FFC204638BD00BFFB
:103840009C8E020010B50446FFF7E2FF20464FF4BD
:10385000947107F057FC204610BDFFF705BF00002C
:1038600010B5034B0360044604F0E6FA204610BD91
:10387000BC8D020010B50446FFF7F2FF2046282158
:1038800007F040FC204610BD10B5034B0360044612
:1038900004F0D2FA204610BD8C8D020010B504460B
:1038A000FFF7F2FF2046342107F02CFC204610BD24
:1038B00010B5034B0360044604F0BEFA204610BD69
:1038C000A48D020010B50446FFF7F2FF2046382110
:1038D00007F018FC204610BD38B51C4B0D46196882
:1038E000C0F80F1099889B7943750446A0F813100F
:1038F00040220221284604F08BFB40222073022143
:10390000284604F08AFB402260730321284604F015
:103910007FFBA073284604F011FB20B9AF220C49AD
:103920000C4806F003FE002304F18502C4E93223AB
:1039300004F1D90284F8783084F8843084F8D830DF
:10394000C4F81C21C4F8203138BD00BFD88D020056
:10395000778E0200828E02002DE9F34104460E4666
:103960001546FFF781FEF28823799A4237D1002D60
:1039700035D17778012F2ED1F378202B27D13289BA
:10398000072A24D104F10F0804F116052946404600
:103990000FF01EFBD0B1D4F81630C4F80F30207CE5
:1039A000E17B638BA4F8133001EB0021607CE57CA4
:1039B000237F009501EB00412568A07C637501EB36
:1039C0000061237D627D6D6B2046A8473D46F378FC
:1039D000212B08BF0125284602B0BDE8F081002553
:1039E000F9E710B50446FFF73FFEFFF709FE217B1C
:1039F00005F094FB04F18503C4F8C8300023C4F833
:103A0000CC3084F8843004F17C0004F05AFB94F844
:103A100084302BB923682046DB6BBDE81040184783
:103A200010BD000070B50446FFF71EFED4F820510B
:103A30002DB140F2DD120F490F4806F077FD04F179
:103A4000D903C4F81C31FFF7DBFD617B05F0C2FA36
:103A500084F8D850C4F8200104F1D00004F031FB00
:103A600094F8D8302BB9236820469B6BBDE8704092
:103A7000184770BD778E0200E48D020010B4D0E9C3
:103A8000013401686210E40701EB020048BF8A5864
:103A90005DF8044B48BFD35818470000F0B5044602
:103AA00087B002ADFFF7E0FD0026FFF7A9FDA17B7F
:103AB000009503234022059605F034F82846FCF7CC
:103AC00005FFFFF79DFD164B217B164F0095402209
:103AD000CDE9033602230597029405F023F8284622
:103AE000FCF7F4FEFFF78CFD0F4B617B0095402245
:103AF000CDE9033602230597029405F013F8284612
:103B0000FCF7E4FEFFF77CFD4023D4F81C21617B29
:103B100005F000FA012084F8D80007B0F0BD00BF1E
:103B2000E3390100CC8D0200253A010038B50223AB
:103B30004371002383600C4B044640F8703B1546EC
:103B400004F0B2FA04F17C0004F0AEFA04F1D00003
:103B500004F0AAFAC4F82451FFF752FD2146FFF7FA
:103B60000BFD204638BD00BF9C8E020070B5044698
:103B70000D46FFF779FD84F87850002D3ED194F87A
:103B8000843033B1FFF73CFD217B05F09BF884F8CE
:103B9000845004F1850304F17C0600253046C4F806
:103BA000C830C4F8CC5004F08CFA304604F082FAE5
:103BB00028B9154915484FF4A27206F0B7FC94F8DD
:103BC000D83033B1FFF71CFD217B05F07BF884F87A
:103BD000D85004F1D903C4F81C3104F1D0050023F6
:103BE0002846C4F8203104F06CFA284604F062FA42
:103BF00020B94FF4A77204490548DEE704F17000CC
:103C0000BDE8704004F05DBA778E0200F28D0200CC
:103C1000038E020010B50446FFF726FD2046002162
:103C2000BDE81040FFF7A2BF38B50D460446FFF7C8
:103C30001BFD042D05D020460021BDE83840FFF7CC
:103C400095BF38BDF8B5164604460D461F46FFF72A
:103C50000BFD04233370EA8823799A4225D16978D1
:103C6000012922D1EA78212A08D0222A0BD0202A41
:103C70004FF000001BD13070163401E031700F346A
:103C80003C600720F8BDAB8813F0010308BF19465C
:103C90002046FFF76BFFAB8803F00103E366AB88B8
:103CA00003F00203A366022333700020EAE7032334
:103CB0003370E7E710B58AB00446FFF7C5FC6846E5
:103CC00004F0AEF80A4B0093694604F170000994C1
:103CD00004F00FFA2046FFF7BFFC064B00211A68DC
:103CE000684604F0E9F86846FFF7BAFD0AB010BD6F
:103CF000BC8D0200E08D020070B58EB01546044602
:103D00000E46FFF7A1FC01A804F08AF80E4B0C95B3
:103D100001A9002504F17C000193CDE90A468DF844
:103D2000345004F0E6F92046FFF796FC074B29468D
:103D30001A6801A804F0C0F801A89DF83440FFF704
:103D4000A3FD20460EB070BD8C8D0200E08D0200F8
:103D500010B50446FFF788FC94F884307BB9D4F89A
:103D6000CC3063B1FFF74CFCD4F8CC30217B04F1AC
:103D7000850205F06FF910B1012384F8843010BD7D
:103D80002DE9F8431E460446894690469DF820706A
:103D9000FFF75AFC0023336094F87830E3B194F8CD
:103DA0008430CBB9D4F8CC50C5F14005454528BF87
:103DB0004546B8F1000F05D02A464946D4F8C80058
:103DC0000FF038F9D4F8CC302B44C4F8CC3035603F
:103DD00017B12046FFF7BCFF2046BDE8F843FFF7C8
:103DE0003BBCF0B50446406A90F8785085B0012697
:103DF0002DB984F830503546284605B0F0BD04ABE7
:103E0000002743F8047DD4E90A120096FFF7B8FFB3
:103E10000399E36AA26A5B1A0A44E362A26213B9D5
:103E200084F83060E8E7606AFFF792FF3D46E3E719
:103E30002DE9F0431C4691B0904606468946FFF7AF
:103E400003FC002C08BF01AC4FF00005256002A860
:103E50000CBF0127002703F0E3FF104B029302A9D8
:103E600006F1D000CDE90D84CDE90B698DF83C70E9
:103E70008DF83D5004F03DF93046FFF7EDFB084B5F
:103E800029461A6802A804F017F802A89DF83D40D8
:103E9000FFF70EFD204611B0BDE8F083A48D0200AF
:103EA000E08D020010B5D0F8203104466BB990F8CF
:103EB000D83053B9FFF7A4FB402304F1D902617B4A
:103EC00005F028F8012384F8D83010BD70B51E46DF
:103ED00004460023336094F878300846EBB194F838
:103EE000D830D3B9D4F82051D4F81C11954228BF4A
:103EF00015462A460FF09EF83560D4F81C31D4F8E8
:103F000020212B44551BC4F81C31C4F8205125B97D
:103F10002046BDE87040FFF7C5BF70BD37B5044609
:103F2000406A90F878502DB984F83550012528461C
:103F300003B030BD02AB002243F8042DD4E90A12CD
:103F4000FFF7C4FF0199A26A0A44A262226B1368B8
:103F50000B441360E36A01995B1A94F83410E3622E
:103F600009B9126802B91BB9012384F83530DEE7BC
:103F7000606AFFF797FF0025D9E76FF015007047DB
:103F800000290CBF6FF01800002070470120704717
:103F90006FF0150070476FF01500704711207047E3
:103FA00070477047704703689B6C1847A0F5A07076
:103FB000F9E770477047704770470368184710B5B6
:103FC0000446012000F01AFD94F8780010BDA0F519
:103FD000A070F4E738B54FF0FF320123FF210B4802
:103FE0000B4D07F01BFA00F0F7FC044695F878300B
:103FF0001BB1012000F002FDF8E700F0EDFC001B12
:10400000C728F6D9BDE83840FEF732BE102300209D
:104010005820002007B502AB012243F8041D1946C1
:10402000FFF76AFE18B1019803B05DF804FB4FF08A
:10403000FF30F9E7A0F59470FFF7ECBF07B502A9D0
:10404000002301F8013D0122FFF7F2FE20B19DF8A7
:10405000070003B05DF804FB4FF0FF30F9E7A0F56F
:104060009470FFF7EBBF2DE9F843044688461746E6
:104070001E46089DFFF7F8FAD4F87092B9F1000FC8
:1040800004D02B46324639464046C847C4F86082C1
:10409000C4F86472C4F86862C4F86C52BDE8F8836E
:1040A00070B50646FFF7E0FA06F51D740025D6F850
:1040B000B432AB4208D92046103454F8043C1BB14A
:1040C0001B6898470135F2E770BD0000B0F5966FA8
:1040D00003D10121014807F083B970471023002064
:1040E00010B4D0E9013401686210E40701EB02006A
:1040F00048BF8A585DF8044B48BFD35818470000A2
:10410000114B03F1780270B50360C0F8282103F168
:10411000D802E8330446C0F82C21C0F8403100F53D
:104120001D7600F52D75AE4204D0103D2846FCF7F3
:10413000CDFBF8E704F5947005F0C4FE2046FFF7C8
:1041400067FB204670BD00BF1C8F0200A0F5947075
:10415000FFF7D6BFA0F59670FFF7D2BF10B50446A3
:10416000FFF7CEFF20464FF42E7106F0CBFF20461E
:1041700010BDA0F59670FFF7F1BFA0F59470FFF7A2
:10418000EDBF0000F7B5044615461F460E4607F082
:104190002FFDBDF824300193BDF8203000932A464E
:1041A0003B4601462046FFF7C1FC002104F5947010
:1041B00005F05EFE4FF47A73C4F84831174B236064
:1041C00003F178020025C4F8282103F1D802E8336E
:1041D000C4F82C21C4F84451C4F840314FF4807223
:1041E000294604F5A8700FF023F8C4F85052C4F81B
:1041F0008052C4F85452C4F89052C4F85852C4F8CB
:10420000A052C4F8B052C4F8B452C4F8705216B1F7
:104210002046FFF74FFD204603B0F0BD1C8F020083
:1042200038B50546FFF710FA95F8D8304BB9D5F8F0
:104230002041402C28BF40242846FFF70DFA204695
:1042400038BD0024F8E7000070B5044686B0FFF7DB
:10425000FBF92D4BC4F870322046FFF7FDF92B4BCC
:1042600005932B4B03932046002302940493FFF7FE
:10427000EBF9D4F8B452032D13D804EB05166B1CDC
:1042800006F51D76C4F8B4323046FCF71FFB04EB8C
:104290000515059BC5F880321BB15B6802A9304645
:1042A00098472046FFF7D8F902A8FCF70FFBBC207F
:1042B00006F014FF0026174B0360054631460661E1
:1042C000403007F04BF905F1540007F0E7F8124BC6
:1042D00000934FF4807233462846182107F0D8F92E
:1042E0000E4B05930E4BC4F85C5202A92846CDE94B
:1042F0000236049607F0D8F902A8FCF7E7FA204640
:10430000FEF772FE06B070BDCD400100F48E0200D3
:10431000E92F01008CA502000C8F0200008F020023
:10432000D53F0100A0F5A070FFF78EBF90F8780090
:104330007047000037B50F4C0F4D204607F040F88E
:104340002A460E49204606F0C2FC0D4C42F21203EA
:104350000122CDE90032002211464FF4F8532046E5
:10436000FFF710FF07492A46204603B0BDE830405A
:1043700006F0ADBC1023002000020020E7B30100CE
:10438000582000200141010008B50DF089FC2DE9FD
:10439000F04F027D012A85B005460E4640F0908020
:1043A00000214FF0FF3B04460B465F4694F804C0E3
:1043B00048B2BCF1000F75D194F805C0BCF1000FF4
:1043C00070D1B7F1FF3F1BBF01335BB20123384609
:1043D000934201DD1A4683460131082904F10204A3
:1043E0005ED1002402EB0B03A1460293CB4502DC15
:1043F000029B4B4559DC95F8058095F804A04FEADF
:1044000028170AF00F03FAB25FEA2A1A019208F09D
:104410000F0870D05FFA8AF1BAF1090FD4BF3031BA
:1044200057313046039300F0CFF8039B0444092B27
:1044300094BF03F1300103F157013046039300F0BC
:10444000C3F80444BAF1000F02D1039B03B94FB182
:10445000092F019FD4BF30375737F9B2304600F0EB
:10446000B3F80444B8F1090F94BF08F1300108F122
:104470005701304600F0A8F8B9F1070F044404D002
:104480003A21304600F0A0F8044409F10109B9F1DD
:10449000080F05F10205A9D1204605B0BDE8F08F4F
:1044A000074683E74FF0FF3096E7CB45EDD1BBF1F0
:1044B000000FE5D13A21304600F086F80444DFE7EA
:1044C00000F1100700F11309002417F8011B0A225C
:1044D000304600F0B7F82E218046304600F074F8E0
:1044E000B94540440444F0D10A22E97C304600F04A
:1044F000A9F80444D0E7002B99D1A8E710B5054BE3
:104500000360044601751022002104300EF090FE75
:10451000204610BD3890020070B5074D05608374C9
:1045200000259DF81030057545608560C5600174F3
:104530004274C37470BD00BF3890020007B50121FA
:104540000648FFF7DBFF002300931A46194604488C
:10455000FFF7E2FF03B05DF804FB00BF2423002057
:104560003C2300202DE9F04106460D4601EB0208F0
:104570000C464445A4EB050707D0336814F8011B2B
:104580001B68304698470028F3D13846BDE8F081D3
:1045900070B5044608460D460FF032FA236802460D
:1045A000294620465B68BDE87040184709B1FFF70F
:1045B000EFBF0846704703688A685B680968184758
:1045C00008B5FFF7F3FF08BD03681B681847000034
:1045D0000149FFF7DDBF00BFBFA2020038B50546A5
:1045E000FFF7E9FF04462846FFF7F2FF204438BDF5
:1045F00070B58AB00D460AA9002301F8043D012ACE
:1046000098BF0A22B5FBF2F402FB1456F3B2092E4E
:1046100094BF30333733DBB2254601F8013D002C1F
:10462000F0D1FFF7C3FF0AB070BD10B42AB9036818
:104630005DF8044B1B68C9B21847D2B25DF8044B51
:10464000FFF7D6BFFFF7F1BF2DE9F84F0A9E0746E7
:10465000002E10461946B8BF022614461D460CF01F
:10466000CDFE28B14C493846BDE8F84FFFF790BF62
:1046700025F000494FF0FF32484B204649460CF0E8
:10468000BDFE48B94FF0FF32444B204649460CF07E
:1046900097FE08B94249E6E74FF06042414B204699
:1046A00029460CF0A1FE08B13F49DCE74FF060421B
:1046B0003E4B204629460CF079FE0028F4D100221A
:1046C0000023204629460CF071FED0B12D2138463A
:1046D000FFF77AFF05F1004382461D463449DFF8B3
:1046E000D8904FF0000B00204FF000085FFA8BF3DA
:1046F000B3420BF1010B06DA42464B460CF00EFDBD
:10470000F4E78246EAE702460B46204629460CF0CB
:1047100025FA0D4604460CF087FE0A220146804623
:104720003846FFF765FF82449EB340460CF052FBCB
:1047300002460B46204629460CF00EFA04460D466A
:1047400038461C49DFF87090FFF722FF4FF0000851
:10475000824416F1FF361CD34B464246204629467A
:104760000CF0B2FB0D4604460CF05EFE0A22014638
:1047700083463846FFF73CFF824458460CF02AFB3C
:1047800002460B46204629460CF0E6F904460D4643
:10479000DFE75046BDE8F88F3C900200FFFFEF7F57
:1047A00040900200FFFFEF4144900200FFFFEFC185
:1047B0000000E03F7C99020000002440FFF744BF66
:1047C00037B5069900910546FFF73EFF0446284697
:1047D000FFF7FEFE204403B030BD10B5044600686C
:1047E00008B10EF0DFF8204610BD10B50446006891
:1047F00008B10EF0D7F800232360C4E9013310BDDF
:1048000038B504460D46006801310EF071FD10B157
:10481000C4E90005012038BD036810B5044623B182
:1048200043688B4201D3012010BD2046FFF7E8FF0B
:104830000028F9D0A368002BF5D122681370F3E7A4
:1048400070B50E46114604461546FFF7E5FF20B940
:104850002046FFF7CAFF204670BD2A463146A560B4
:1048600020680EF0E7FB2268A3680021D154F2E72C
:1048700038B500230446C0E9003383600D4639B1E2
:1048800008460FF0BDF8294602462046FFF7D8FF3C
:10489000204638BD38B5054608460C460FF0B0F83E
:1048A000214602462846BDE83840FFF7C9BF10B58B
:1048B00004468AB00023C4E90033A360084601A976
:1048C000FEF726FA204601A9FFF7E4FF20460AB0CA
:1048D00010BD2DE9F04105461746884619B9002656
:1048E0003046BDE8F0819AB1846814442146FFF750
:1048F00093FF06460028F2D0AB6828683A46184471
:1049000041460EF097FB2B68AC6000221A55E7E792
:104910000126E5E738B5054608460C460FF070F865
:10492000214602462846BDE83840FFF7D2BF09B10C
:10493000FFF7F0BF0846704710B58A68096804465B
:10494000FFF7C7FF10B92046FFF74FFF204610BD05
:1049500010B5044621B92046FFF747FF204610BD99
:10496000FFF7E5FF0028F6D0F8E7000010B500F0EB
:1049700049F8FEF71BF9FEF743FEFEF737FE4FF44A
:10498000E1310648064CFFF75FFCFBF747FCFBF7FD
:104990001FFD002CFBD0AFF30080F8E7582000206B
:1049A0000000000010B50446FEF7FDF884423BBF4E
:1049B0002401024B4FF0FF30185710BD18020020A1
:1049C00010B5044603F08EF8204610BD10B504461D
:1049D00003F088F8204610BD07B50749684603F084
:1049E000BEF84FF47A720023DDE900010CF08CFD73
:1049F00003B05DF804FB00BF5823002006F0DEBDC5
:104A000006F0B4BC08B5044803F076F80348BDE8E6
:104A1000084003F071B800BF702300205823002025
:104A200006F0DCBD38B50A4C0A4D204603F0D4F838
:104A30002046094C09492A4606F049F9204603F068
:104A4000D6F82A4620460649BDE8384006F03FB968
:104A5000702300200002002058230020CD490100CF
:104A6000C149010008B590F900305A1C04D1212237
:104A70000E490F4805F05AFD012259B11F2B86BF80
:104A800003F01F030B494FF0A04102FA03F3C1F8F2
:104A9000083508BD1F2B86BF03F01F0305494FF0E3
:104AA000A04102FA03F3C1F80C35F2E7CF900200FF
:104AB000DD900200000300502DE9F8431C4D4FEA41
:104AC000001805EB08020446D0680F4610B101211A
:104AD00006F018FB2046FFF765FF8146012006F02F
:104AE000FDFA002606704946044604F006FE05EB72
:104AF0000803012FDC6010D006D3022F12D020460D
:104B000002F02EFB012103E0204602F029FB314692
:104B10002046BDE8F84302F02FBB2046BDE8F8432D
:104B200002F012BB204602F01BFB0321F0E700BF9E
:104B300018020020F7B506460F46FEF734F8864205
:104B40001BD20F4D05EB0615EC687CB93046FFF71C
:104B500029FF0646012006F0C1FA0023044603702F
:104B600001220097314604F0D1FDEC603946204621
:104B700003B0BDE8F040FFF775BF03B0F0BD00BF64
:104B8000180200201EF0040F0CBFEFF30880EFF3B3
:104B90000980816911F8021C002932D101B590E821
:104BA0000F10E047BDE800508CE80300244B93E869
:104BB0000600914208BF70471A6041B91EF0100FFD
:104BC00010D1204B186820F0010018600AE02CE991
:104BD000F00F1EF0100F08BF2CED108A81F822E0B4
:104BE000C1F838C0906B92F8221061F0FF0E1EF0F1
:104BF000100F08BFB0EC108AB0E8F00F80F30988FE
:104C00007047114A13689942FAD801B552F821C089
:104C10000FC8E047BDE80050CCF80000704701B570
:104C200001F046FBBDE80140EFF3098CBEE701B59A
:104C300001F002FBBDE80140EFF3098CB6E700008C
:104C40004C04002034EF00E0A891020008B50146B2
:104C500030B96FF0030000F0EEF96FF0030008BD0B
:104C6000132001F0D3FE30B94FF0FF3000F0E3F92C
:104C70004FF0FF30F3E70020F1E7000008B5EFF355
:104C800005834BB9EFF3108333B9EFF311831BB9ED
:104C9000DFF814C000DF08BD6FF0050000F0CBF9AD
:104CA0006FF00500F7E700BF4D4C0100EFF31083F4
:104CB0002BB9EFF31180003818BF01207047012095
:104CC0007047000010B5034628B30468806860B1DF
:104CD00010F0030202D1DB680F2B25D86FF008011A
:104CE000002002F0EFF8002014E0DB68002BF5D183
:104CF000104BD3F8900080B100F013FCB0B1012349
:104D000083700023C0E90233F3220A4B02700A4A7F
:104D100044605A6610BD0446EAE7D3F880000122D9
:104D2000102100F08AFBE9E71346E9E76FF0040180
:104D3000D7E700BF380400200D4E010010B504462F
:104D400010B10378F32B07D020466FF0030102F077
:104D5000B9F86FF0030010BD836863B1204601F01D
:104D600003FC00226FF0020101F0A8FDA0680028FA
:104D7000F4D101F081FC00232370A378DB0701D478
:104D80000020E8E7064BD3F89000214610B100F070
:104D9000E5FBF5E7D3F8800000F082FBF0E700BF09
:104DA00038040020930710B502F0010422D400F16A
:104DB0000C0384B153E8000F00EA01028A4203D0D9
:104DC000BFF32F8F002005E020EA010243E8002412
:104DD00004B1EFE710BD53E8000F084203D1BFF361
:104DE0002F8F002005E020EA010243E8002404B1EF
:104DF000F1E7EFE7C06801EA00031CB1994218BF70
:104E00000020E7E7002B08BF0020E3E7F8B584683F
:104E1000054604B9F8BD94F82320616AA7682846BE
:104E2000FFF7C0FF064638B1204601F0A6FB00227E
:104E30003146204601F042FD3C46EAE7F8B50D4612
:104E400017461E46044620B10378F32B01D10029F2
:104E500007DA20466FF0030102F034F86FF0030028
:104E6000F8BDFFF79FFF0028FAD186B131464320F5
:104E700001F0CCFD40B1074B5E692046314601F0A0
:104E800061FB756286F823706FF00100E8E76FF050
:104E90000200E5E7380400202DE9F041064620B184
:104EA0000378F32B01D1002909DA6FF003013046B2
:104EB00002F008F86FF003052846BDE8F08100F124
:104EC0000C0353E8002F42EA010543E8005000B10B
:104ED000F7E7B4681CB9204601F0CEFBECE794F884
:104EE0002320616AD4F808803046FFF75BFF07464D
:104EF00078B194F823309B0756BF656A054620EACF
:104F00000505204601F039FB00223946204601F014
:104F1000D5FC4446DEE7000008B50246EFF3058302
:104F200033B100206FF0050101F0CCFF002008BD77
:104F3000FFF7BCFE0028F4D1DFF808C0104600DF00
:104F4000F5E700BFC54C010038B502460D46EFF34A
:104F500005834BB192B96FF00301104601F0B2FF27
:104F60006FF00304204638BDFFF7A0FE0028F1D102
:104F7000DFF830C0104600DF0446F3E71378F32B68
:104F8000E9D1002DE7DB02F10C0353E8001F41EAF1
:104F9000050443E8004000B1F7E7104601F0D0F9FE
:104FA000E0E700BF994E0100F8B504460E461746EB
:104FB0001D46EFF3058343B18CB920466FF0030122
:104FC00001F080FF6FF00300F8BDFFF76FFE0028CF
:104FD000F2D1DFF82CC020462B4600DFF4E723781F
:104FE000F32BEAD1002DE8D1002EE6DB3A4631461C
:104FF0002046FFF7D7FE002808BF6FF00200E3E766
:105000003D4E010008B50246EFF305833BB1104663
:105010006FF0050101F056FF6FF0050008BDFFF7C6
:1050200045FE0028F3D1DFF808C0104600DFF5E7A1
:105030003D4D010070477047EFF310832BB9EFF33C
:105040001180003818BF0120704701207047000010
:10505000064BDA6A3AB1D0695B6C1BB11B699842A6
:1050600028BF184670474FF0FF30F5E7380400209E
:10507000014BD868704700BF3804002070B5464C1B
:10508000237A012B00F0858033B14FF0FF3001F01F
:105090000DFF4FF0FF3070BD404DD5E90B61EB685F
:1050A000E3652B8AA4F854303046AB68236400F0E3
:1050B000ADF908B1C4F88060D5E90561304600F06B
:1050C000A5F908B9D4F880606667D5E9076130466C
:1050D00000F09CF908B9D4F88060A667D5E90961A9
:1050E000304600F093F908B9D4F88060E6676E6B3B
:1050F0003EB1D6E902233168304600F0F1F9C4F838
:105100008460AE6B3EB1D6E902233168304600F0D0
:10511000E7F9C4F88860EE6B3EB1D6E90223316846
:10512000304600F0DDF9C4F88C602E6C3EB1D6E953
:1051300002233168304600F0D3F9C4F890606E6CF9
:105140003EB1D6E902233168304600F0C9F9C4F80F
:105150009460AE6C3EB1D6E902233168304600F06F
:10516000BFF9C4F89860EE6C3EB1D6E9022331680D
:10517000304600F0B5F9C4F89C602D6D3DB1D5E91D
:1051800002232968284600F0ABF9C4F8A050012397
:10519000237200207FE700BF38040020389102000E
:1051A00070B5274C237A012B07D06FF0060001F071
:1051B0007DFE4FF0FF35284670BD01F069FC10B947
:1051C0004FF0FF30F3E71F4AFF2382F8223092F8B6
:1051D000223063F0FF03DB4304D1D268C2F3022222
:1051E000531C08E0D268B3FA83F3C3F12003C2F37F
:1051F00002229342F4D9FE2202FA03F3124E114A1C
:1052000012497068DBB2D37701F0ACFE0546002886
:10521000D6D101F0FBFE206101F0E4FE0C4801F064
:10522000A3F901F021FA3368DB074CBF0223032303
:1052300083F31488BFF36F8F02232372BBE700BF91
:105240003804002000ED00E0389102002F4C0100EE
:105250005404002010B50F4C237A022B13D101F017
:10526000C9FE01236372BFF34F8F0B4A5168C90017
:1052700042BF4FF000615160A37204232372BDE866
:105280001040FFF7E5BE6FF0070001F00FFE0020B1
:1052900010BD00BF3804002000ED00E038B51D4C03
:1052A000237A042B054634D1FFF7D2FEE26A854209
:1052B0002CBF00F1FF332B4612B1D069C01AD06168
:1052C000626C12B11069C01A1061E268134415448F
:1052D000E360E3689D4213D102230020237201F0B2
:1052E000CBF900236372BFF34F8FA27A22B1A3726E
:1052F000094B4FF080525A60BDE8384001F072BE51
:105300000133E36001F076F9236D002BE1D098477B
:10531000DFE738BD3804002000ED00E0704738B505
:1053200004460D46FFF786FE29462046BDE8384074
:1053300001F07EBD08B5FFF7F1FFEFF3058333B150
:105340006FF0050001F0B2FD6FF0050008BDFFF73A
:1053500073FE0028F4D1DFF808C000DFF6E700BFD5
:105360007D50010008B5EFF3058333B16FF0050000
:1053700001F09CFD6FF0050008BDFFF75DFE002801
:10538000F4D1DFF808C000DFF6E700BFA15101004B
:1053900008B5EFF305832BB16FF0050001F086FD32
:1053A000002008BDFFF748FE0028F5D1DFF804C053
:1053B00000DFF6E75552010008B50246EFF305831A
:1053C0002BB1BDE808406FF0050001F06FBDFFF79D
:1053D00033FE0028F5D1DFF808C0104600DF08BD15
:1053E0009D52010008B5EFF3058313B1054BD86852
:1053F00008BDFFF721FE0028F8D1DFF80CC000DF60
:10540000F6E700BF380400207150010010B50346D4
:1054100088B1084310F007000DD117290AD9196087
:1054200008391022CC189C605A60585099684A601C
:10543000D860012010BD0020FCE770B5034668B3BA
:1054400061B3032A2AD80F3121F0070600F10804BE
:10545000214624684D68601A25F00305401B8642EA
:1054600003D920680028F3D170BD5D681868354401
:105470005D600344083B5868854288BF5D604B68A7
:1054800032431BB94A6001F10800EDE723F0030342
:10549000C818CC50426008600830E5E70020E3E718
:1054A00010B5034680B1C9B1A1F1080400F10802AA
:1054B0000021A24209D1506820F003045868001B63
:1054C000586041B95160012010BD10681146002894
:1054D000FAD00246EDE713680B60F4E70846F3E7FD
:1054E00030B5C0B189B1C2B1CBB10024C0E901422D
:1054F00002FB01F41D190160C36043610561184698
:10550000013904D1A41A19510121084630BD85186A
:1055100005602846F4E70146F7E71146F5E7194626
:10552000F3E710B5034608B9002010BD00F11402DE
:1055300052E8000F10B9BFF32F8F04E0016842E872
:10554000001404B1F4E70028EED0043353E8002F30
:10555000511C43E8001404B1F8E7E6E730B5F0B1B8
:10556000C3688B421BD803698B4218D900F114031E
:105570001A680A60BFF35F8F53E8002F0C689442EB
:10558000F6D143E8001505B1F2E7043050E8003FDA
:105590005A1E40E8002101B1F8E7002030BD6FF04D
:1055A0000300FBE7EFF310832BB9EFF31180003812
:1055B00018BF0120704701207047D1E9013223B1A3
:1055C0009A608A681AB153607047C262F9E7036350
:1055D000704700002DE9F84F8946074638B131B1D0
:1055E000B0FA80F1B9FA89F30B441F2B08DC6FF095
:1055F0000301002001F07CFC00242046BDE8F88F68
:1056000009F1030828F0030808F10C0808FB00FB67
:10561000002A5AD09468D2F800A0D2E904653CB1BF
:10562000A10702D1D368332B0DD86FF00801E0E752
:10563000D368002BF9D126B3B20701D1AB4522D9EB
:105640006FF00901D5E7B6B9002DF9D12A4B002238
:10565000D86F5946FFF7F1FE0646002844D13DB108
:10566000254BD3F8A0002146002838D0FFF776FF5D
:105670006FF00401BDE7B307E2D1AB45E0D80025E8
:105680000DE0002DDCD11C4BD3F8A00000B3FFF7D8
:1056900048FF04460028EBD00125002ED6D0FA237F
:1056A00023700023C4E90993C4E90B33A360424685
:1056B0003346A570C4F804A0394604F10C00FFF786
:1056C0000FFF0D4B0D4A1A6797E792461646DAE729
:1056D000D3F8800001223421FFF7AFFED9E7D3F8D9
:1056E0008000FFF7DDFEC3E75A4600210DF0A0FD64
:1056F00045F00205D3E700BF380400208D570100B4
:1057000010B500F1280353E8002F12B9BFF32F8F13
:1057100004E0511E43E8001404B1F4E70AB9002084
:1057200010BDC06A01220028F9D0811CD1E84F3F8A
:10573000C1E8442F04B1F9E7DBB2002BF0D0806858
:10574000F1E7036B30B5E3B1CD780024DA78AA42F3
:105750000FD31A46C1E901248AB19160A4B16160F6
:10576000283050E8003F5A1C40E8002101B1F8E71A
:1057700030BD5A681C46002AECD01346E6E7C162E9
:10578000ECE7C1E90133C1620163E9E7F8B5877865
:1057900004468FB3C568014600272846FFF70DFF72
:1057A000277005F10C042046FFF7D8FEAB68002BEC
:1057B00048D02046FFF7B5FE0446002842D02846D0
:1057C00000F0D2FE3A460646394601F077F83046F8
:1057D00000F040FF6A6A8168064604F10C000DF093
:1057E00029FCF9232370A770F368E370214628464B
:1057F000BDE8F840FFF7A5BF8568AB68002BF5D082
:105800005B78832BF2D1284600F0AEFE3A4606467E
:10581000394601F053F8304600F01CFF06466A6A2C
:10582000806804F10C010DF005FCF3680BB1E2781F
:105830001A7000232370214605F10C00BDE8F840E2
:10584000FFF78CBEF8BD00002DE9F0410E4617466B
:105850009846044618B10378FA2B00D141B9204686
:105860006FF0030101F044FB6FF00300BDE8F0812D
:105870008368BBB15B78832B14D100F075FE0122E5
:105880000546002101F01AF8284600F0E3FE05461F
:10589000626A806831460DF0CDFBEB6803B11F7082
:1058A0000020E3E704F10C00FFF73BFE054670B172
:1058B0003146626A0C300DF0BDFBF9232B700023DA
:1058C000AB70EF7029462046FFF73BFFE8E7B8F1E1
:1058D000000F11D04146932001F098F810B96FF0F5
:1058E0000100C3E7064B2046596900F02BFEEFF399
:1058F0000983C3E90267F2E76FF00200B6E700BF71
:10590000380400202DE9F0410F461646984604461B
:1059100018B10378FA2B00D141B920466FF003018A
:1059200001F0E6FA6FF00300BDE8F081FFF7E8FE52
:10593000054600283AD001462046FFF73EFE626A3F
:1059400005F10C0138460DF075FB0EB1EB783370A4
:10595000002704F10C062F7029463046FFF7FEFDA4
:10596000A3680BB90020DFE73046FFF7DAFD0546F4
:105970000028F7D0204600F0F7FD39460646012200
:1059800000F09CFF304600F065FE626A81680646C2
:1059900005F10C000DF04EFBF9232B70AF70F3688E
:1059A000EB7029462046FFF7CCFEDBE7B8F1000F8D
:1059B00011D04146832001F029F810B96FF00100A1
:1059C000B2E7064B2046596900F0BCFDEFF30983AE
:1059D000C3E90276F2E76FF00200A5E73804002081
:1059E00008B5064B08219A6ED86EFFF7F3FD044BFD
:1059F000D864B0FA80F04009404208BD38910200F6
:105A0000380400202DE9F04106460F4690461C461A
:105A1000EFF305834BB196B930466FF0030101F007
:105A200067FA6FF00300BDE8F081FFF7BBFD0028C7
:105A3000F1D1DFF84CC03046234600DFF3E733787E
:105A4000FA2BE9D1002FE7D0002CE5D106F10C00AC
:105A5000FFF767FD054680B1726A39460C300DF0DC
:105A6000E9FAF9232846C5E901762B70AC7085F870
:105A7000038000F065FC2046D5E76FF00200D2E716
:105A800049580100F8B504460F4616461D46EFF387
:105A9000058343B18CB920466FF0030101F028FA69
:105AA0006FF00300F8BDFFF77DFD0028F2D1DFF8AD
:105AB00048C020462B4600DFF4E72378FA2BEAD1D2
:105AC000002FE8D0002DE6D12046FFF719FE05464D
:105AD00070B100F10C01626A38460DF0ABFA0EB1FC
:105AE000EB7833702846EC6000F02AFC0020D9E700
:105AF0006FF00200D6E700BF05590100EFF31083F5
:105B00002BB9EFF31180003818BF01207047012036
:105B10007047000038B5044640B3D0E900258068DE
:105B200060B110F0030302D1E1681B2927D86FF0A0
:105B30000801002001F0CCF9002016E0E368002BFA
:105B4000F5D11446104BD3F8940088B1FFF7E9FC67
:105B5000B8B1012383700023C0E90233C0E90433E4
:105B6000F5220270C5704460037638BD0546E9E74A
:105B7000D3F8800001221C21FFF75FFCE8E7144600
:105B8000E8E76FF00401D5E738040020294B70B531
:105B90005D6904460E4635B96FF0070101F098F9CA
:105BA0004FF0FF3070BD10B10378F52B07D02046C1
:105BB0006FF0030101F08CF96FF00300F2E7037E50
:105BC00053B9C0E90353EB6A436103B11861EC6256
:105BD000012323760020E5E7C278D1070ED5C168FE
:105BE000A9420BD1FF2B06D16FF00F0101F070F924
:105BF0006FF00200D6E70133DBB2EAE7002EF7D000
:105C000093070AD5E06895F9203090F920209A4250
:105C100003DA80F8203000F0B9FC3146532000F060
:105C2000F5FE10B96FF00100BCE72946204600F0F0
:105C300089FCF7E7380400202F4B5A6970B50446F9
:105C400032B96FF0070101F043F94FF0FF3070BD3A
:105C500010B10378F52B07D020466FF0030101F057
:105C600037F96FF00300F2E7037E33B96FF00E01EE
:105C700001F02EF96FF00200E9E7C168914202D00D
:105C80006FF00D01F4E7013BDBB203760BB10020AE
:105C9000DDE743690BB1016919612169E9B14B6124
:105CA00092F92130D56AD5B982F82030A36883B142
:105CB000204600F059FC06462A46294600F0FEFD23
:105CC000F36A6361C4E9036503B11C610123F462F3
:105CD0002376002000F0D0FCD9E7D362E0E7E97832
:105CE000890706D5A96821B191F920108B42B8BF68
:105CF0000B466D69D7E700BF3804002010B5044695
:105D000010B10378F52B07D020466FF0030101F0A6
:105D1000DFF86FF0030010BD037EBBB16369C0689C
:105D20000BB122691A612269BAB1536190F921203D
:105D3000C36AA3B990F92030934203D080F82020A1
:105D400000F024FCA068B0B900F096FC002323709A
:105D5000A378DB0718D40020DDE7C362E6E7D97833
:105D6000890706D5996821B191F920108A42B8BFF8
:105D70000A465B69DDE7204600F0F6FB00226FF083
:105D8000020100F09BFDDDE7064BD3F894002146AD
:105D900010B1FFF7E3FBDEE7D3F88000FFF780FBED
:105DA000D9E700BF380400202DE9F0410446002661
:105DB00001270CB9BDE8F081E378D4F814801B0703
:105DC00012D5A36826767BB1204600F0CDFB0022D9
:105DD0000546114600F072FDEB6A6361C4E90356A3
:105DE00003B11C61EC6227764446E2E710B4C37845
:105DF0009B071DD5C06890F92120C36ADC78A407F1
:105E000009D59C688C4208BF8C6824B194F9204065
:105E1000A242B8BF22465B69002BEFD190F9203037
:105E2000934205D080F820205DF8044B00F0AEBB13
:105E30005DF8044B7047000008B50246EFF3058398
:105E400033B100206FF0050101F042F8002008BDD9
:105E5000FFF754FE0028F4D1DFF808C0104600DF39
:105E6000F5E700BF155B010008B50246EFF30583B7
:105E70003BB110466FF0050101F02AF86FF0050004
:105E800008BDFFF73BFE0028F3D1DFF808C010463D
:105E900000DFF5E78D5B010008B50246EFF30583EF
:105EA0003BB110466FF0050101F012F86FF00500EC
:105EB00008BDFFF723FE0028F3D1DFF808C0104625
:105EC00000DFF5E7395C010008B50246EFF3058312
:105ED0003BB110466FF0050100F0FAFF6FF00500CE
:105EE00008BDFFF70BFE0028F3D1DFF808C010460D
:105EF00000DFF5E7FD5C0100EFF310832BB9EFF352
:105F00001180003818BF01207047012070470C3005
:105F1000D0E85F3F13B9BFF32F8F04E05A1EC0E8EB
:105F2000512F01B1F4E798B2003818BF0120704733
:105F300030B500F10C02C189D2E85F3F994202D826
:105F4000BFF32F8F04E05C1CC2E8554F05B1F3E7A7
:105F5000C0899BB2984294BF0020012030BD000050
:105F600070B54FF6FE730D46411E9942044601D8A6
:105F7000A84206D26FF00301002000F0AFFF00201E
:105F800070BD12B39068166840B110F0030302D1DF
:105F9000D2680F2A0DD86FF00801EDE7D368002B07
:105FA000F9D1104BD3F8980088B1FFF7BAFAA8B12D
:105FB000012383700023F62283600A4B02700A4A91
:105FC00046608581C4819A66DAE71646E9E7D3F828
:105FD000800001221021FFF730FAE8E76FF004019A
:105FE000CBE700BF380400209D60010010B50446D7
:105FF00010B10378F62B07D020466FF0030100F0B4
:106000006DFF6FF0030010BD83683BB100F0ACFA88
:106010000122002100F052FC0020F4E7FFF788FF86
:106020000028F9D120466FF0100100F057FF6FF003
:106030000200E8E710B5044610B10378F62B07D04C
:1060400020466FF0030100F049FF6FF0030010BD20
:10605000836863B1204600F087FA00226FF00201E6
:1060600000F02CFCA0680028F4D100F005FB002310
:106070002370A378DB0701D40020E8E7064BD3F8B0
:106080009800214610B1FFF769FAF5E7D3F88000D0
:10609000FFF706FAF0E700BF38040020836810B568
:1060A00004465BB1FFF733FF40B1204600F05CFAD5
:1060B0000022BDE81040114600F000BC10BD0000F9
:1060C00038B50D46044610B10378F62B07D02046AC
:1060D0006FF0030100F002FF6FF0030038BDFFF71F
:1060E00016FF68B975B12946632000F08FFC20B116
:1060F000064B2046596900F025FA6FF00100EDE7E4
:106100000020EBE76FF00200E8E700BF3804002052
:1061100010B50446EFF3058333B100206FF005019D
:1061200000F0DCFE002010BDFFF7E6FE0028F4D1F1
:10613000DFF808C0204600DFF5E700BF615F01001F
:1061400010B502460C46EFF3058343B182B9104601
:106150006FF0030100F0C2FE6FF0030010BDFFF707
:10616000CBFE0028F2D1DFF824C0104600DFF5E7AF
:106170001378F62BEBD1002CE9D11046FFF7C7FEC0
:1061800000280CBF6FF002000020E7E7C1600100AB
:1061900010B50446EFF3058343B184B920466FF090
:1061A000030100F09BFE6FF0030010BDFFF7A4FE9B
:1061B0000028F2D1DFF830C0204600DFF5E7237871
:1061C000F62BEBD12046FFF7B3FE20B1204600F0BE
:1061D000B7F80020E9E720466FF0100100F07EFEDE
:1061E0006FF00200E1E700BFED5F010008B5024675
:1061F000EFF305833BB110466FF0050100F06EFE32
:106200006FF0050008BDFFF777FE0028F3D1DFF837
:1062100008C0104600DFF5E73560010010B5D0E892
:106220005F3F5A1C914200D80022C0E8542F04B1AD
:10623000F5E798B210BD000038B51C4C00F0E0FE48
:10624000E3680133E36000F0D5F9002000F014FAB0
:10625000236D03B19847226C32B3A369E06BD9690F
:10626000984202D0E36301B9DA61DA69C2B9237AEC
:10627000022B19D1656ABDB1E36B95F9202093F922
:1062800020309A4210D1284600F077F9E06B00F0F8
:106290008FF9284600F0E8F9236CE563EB6103E031
:1062A000013ADA61002AE2D038BD00BF380400208C
:1062B00070B5224C04F1560504F15A06B4F8541096
:1062C000D5E85F3F13B9BFF32F8F04E05A1EC5E82E
:1062D000502F00B1F4E79BB25BB33046FFF79EFF4F
:1062E000E36D53F8200020B30378F13B082BE5D889
:1062F00001A252F823F000BF1D630100BD6201003E
:1063000023630100BD620100BD620100276301003B
:106310002B630100BD6201002F630100236E9847CB
:10632000CCE7636EFBE7A36EF9E7E36EF7E7236F55
:10633000F5E7BDE87040002000F09EB93804002069
:1063400070B5164C0546B4F8541004F15602D2E864
:106350005F3F994202D8BFF32F8F04E0581CC2E878
:10636000560F06B1F3E79BB2994205D829460220A1
:10637000BDE87040FEF7D3BF04F15800FFF74EFFB1
:10638000E36D43F82050637A23B9054B4FF08052F8
:106390005A6070BD0123A372FBE700BF38040020E0
:1063A00000ED00E0EFF310832BB9EFF3118000381C
:1063B00018BF01207047012070470378F12B00D0EF
:1063C0007047C068F9E7000010B5C469621CD0E9E5
:1063D00004310CD103B1596142691AB11361002330
:1063E000436101E0074A13630023C36110BD1BB181
:1063F000DA6959612244DA614269002AEED1014A20
:10640000D362F1E73804002010B50A4A90F9201051
:1064100001234370536A1C321BB193F920408C4214
:1064200005DCC0E90232906003B1D86010BD1A46A5
:106430009B68F1E738040020014B5869704700BFA2
:106440003804002010B50023038083789A0704469F
:1064500008D513F0100F016B0E4B0FD0D3F884004A
:10646000FFF77CF8A378DB0712D50A4BD3F8880036
:10647000214638B1BDE81040FFF770B8586FFFF7FC
:106480000FF8EFE7BDE81040D3F88000FFF708B839
:1064900010BD00BF3804002008B500F02FFDDFF864
:1064A00010C000DF4FF0FF31002000F005FDFEE7D7
:1064B00025690100C278D207034601D4FFF7C2BFA5
:1064C0000422054942700022C2604A6B826002B118
:1064D000D0604B63704700BF38040020930710B5AD
:1064E00002F0010422D400F1280384B153E8000F24
:1064F00000EA01028A4203D0BFF32F8F002005E09B
:1065000020EA010243E8002404B1EFE710BD53E89C
:10651000000F084203D1BFF32F8F002005E020EACF
:10652000010243E8002404B1F1E7EFE7806A01EAE1
:1065300000031CB1994218BF0020E7E7002B08BFF9
:106540000020E3E710B591F9202083681BB193F98F
:106550002040944205DAC1E90230816003B1D9607C
:1065600010BD18469B68F1E70346806882689A6010
:1065700002B1D3600023C3607047C2682AB1836848
:10658000936003B1DA600023C360704710B504461E
:1065900064B12378F12B07D0FFF7EFFF01462046C7
:1065A000BDE81040FFF7CEBFE468F1E710BD000082
:1065B0000123014643700148FFF7C4BF5404002083
:1065C00070B50B4D2E7A022E10D16C6A74B16969C8
:1065D00094F9202091F920309A4207D12046FFF704
:1065E000CCFF0846FFF7E4FF6670AC61002070BD89
:1065F0003804002038B5164DEC6A44B3E369013B1A
:10660000E36123BB6378732B06D009D8532B0BD0DF
:1066100003F0DF03432B0DD12046FFF7CEFE09E048
:1066200003F0EF03832BF6E72046FFF7C6FE214673
:10663000FFF7DCFB2046FFF7A0FFFFF7B9FF246957
:1066400024B1E369002BDDD000236361EC6238BD27
:106650003804002090F82230826B13F0100F14BF22
:10666000202060201044704702234370014B986142
:10667000704700BF3804002070B5124D04462E7AD2
:10668000696990B9022E0FD16C6A6CB194F920201F
:1066900091F920309A4207DD2046FFF76EFF084649
:1066A000FFF7B2FE6670AC6170BD022E05D190F9A5
:1066B000202091F920309A42F1DC2046BDE870405C
:1066C000FFF776BF380400202DE9F74F804601918F
:1066D00040B96FF0030100F0EFFB0024204603B047
:1066E000BDE8F08F002A00F0A88094689769D2E98D
:1066F00000ABD2E9045644B1A10702D1D368432BC1
:1067000023D86FF008010020E5E7D368002BF8D10B
:10671000002D32D1002F3ED11827002E41D1614BE0
:10672000D3F88800002800F08E80FEF7FAFE0446B9
:10673000002800F0A280002D40F0A9804FF0010950
:106740004EB158480022314687E0B5B91FBB002E34
:106750006ED1B9461827544A5248566DD0F8842055
:10676000002A79D01046FEF7DCFE054600287AD0D4
:1067700049F0100949F002031FE06A0700D116B979
:106780006FF00A01BFE7002F52D07B1E372B08D9CC
:106790006FF00B01B7E77B1E372BF9D8002E49D0DD
:1067A000002516F00703EBD1404AA6F148019142BB
:1067B000E6D8002CB3D0002D62D0A3700023C4E92A
:1067C0000233C4E90433C4E90633C4E90933C4E934
:1067D0000B35A6F1400340F2F1122B44C4E90E3808
:1067E0002280334B84F803B07FB2FD22C4F804A0AA
:1067F00084F8207084F82170628466632B602A4BD1
:106800001B685B0745D4A36B3422002118460CF0AB
:106810000FFD284A234BC0E90D284FF08072C26358
:10682000019A0262244A1A662046FFF725FF55E7BF
:106830001827B6E774B9354671E79246154618270A
:10684000164693466BE7D3F8800001224421FEF7F9
:10685000F4FD6CE7B1467EE73146406FFEF7EDFD93
:106860000546002886D1B9F1000F06D00D4BD3F8AC
:106870008800214630B1FEF771FE6FF0040142E757
:10688000A9465EE7D3F88000FEF70AFEF5E701238C
:1068900093E726F00302443ACC21281D0CF0C8FCF3
:1068A000B1E700BF3804002038910200B7FFFF7F36
:1068B000A52E5AE299640100E168010038B5054649
:1068C0001446FFF7C7FE01602846FFF77DFD1CB1A7
:1068D000BDE83840FFF7D0BEBDE83840FFF768BEDE
:1068E00010B54378332B04460CD1416A90F823202D
:1068F000FFF7F4FD014628B120460022BDE8104014
:10690000FFF7DCBF10BD10B50446806918B1002246
:106910001146FFF7D3FF6378232B02BFA368002241
:106920009A6110BD70B50F4C267A022E18D1636A99
:10693000B3B16569E86AFFF737FA2846FFF7E3FF66
:1069400004F11C00FFF710FE4670A061EFF309830D
:10695000AB63002363612846BDE87040FFF7AABD22
:1069600070BD00BF3804002010B5044610B1037894
:10697000F12B07D020466FF0030100F09DFA6FF075
:10698000030010BD437803F00F03022B1ED0032B2E
:106990002BD0012B2ED1FFF7F0FDE06AFFF704FAB0
:1069A0002046FFF7B0FF6178022926D11548FFF78E
:1069B000DBFD154B41709861EFF30982A263002261
:1069C0005A612046FFF776FD0020DAE70E4B1A7A6F
:1069D000022A02D15B6A002BDFD16FF00201204650
:1069E00000F06AFA6FF00200CBE7FFF7C6FDFFF791
:1069F000EBFCD2E76FF00201F2E70020FFF73CFE6C
:106A0000DFE700BF540400203804002038B51E4CD6
:106A1000237A022B024634D1606AA0B163695A70AE
:106A20004A1C16D1226B002172B94FF0FF30C3E926
:106A30000421D86159B10B611448FFF795FD022379
:106A40004370A061012038BD11461269ECE7236351
:106A5000F2E7E26A002012B1D569A9420BD2C3E97C
:106A60000420D96158B10361002AE5D0D06953618F
:106A7000401AD061E0E71046491B1269EBE7E36278
:106A8000F2E70020DFE700BF3804002054040020B4
:106A900038B50D4C0D48A26D0D4D0021FFF714FEC9
:106AA000636EA8625BB1984758B9E26DE96C206EDD
:106AB000FFF70AFEA864003818BF012038BD012086
:106AC000FCE70020FAE700BF38910200296E0100C0
:106AD0003804002010B50446EFF3058333B10020DD
:106AE0006FF0050100F0E8F9002010BDFFF75AFC37
:106AF0000028F4D1DFF808C0204600DFF5E700BF2A
:106B0000C966010008B5EFF3058313B1054B586959
:106B100008BDFFF747FC0028F8D1DFF80CC000DF04
:106B2000F6E700BF380400203964010008B5EFF330
:106B300005833BB100206FF0050100F0BDF96FF057
:106B4000050008BDFFF72EFC0028F3D1DFF804C0D4
:106B500000DFF6E7C165010010B5044600F0DAF980
:106B6000EFF305833BB120466FF0050100F0A4F977
:106B70006FF0050010BDFFF715FC0028F3D1DFF81A
:106B800008C0204600DFF5E76969010030B50C4D0B
:106B90006B6C002213B11C698C420AD9C0E9022334
:106BA00001611BB11C699860641A1C612AB1D06034
:106BB00030BD1A46091BDB68ECE76864F8E700BFE4
:106BC000380400202DE9F041184D6C6C54B3236952
:106BD0006E69013B23610127236913BBE3680BB195
:106BE000A2689A606B640023E86C1A4604F11801ED
:106BF000FEF708FF58B1D5E90583214603206B61F4
:106C0000FEF78DFB6B6913B9B04508BF0026E3782A
:106C1000012B09D161692046FFF7B8FF6C6C002C8D
:106C2000DAD16E61BDE8F0816770F7E738040020C3
:106C300008B5FEF7D5FE18B9034B044A1A6508BD1E
:106C40004FF0FF30FBE700BF38040020C56B0100A8
:106C500007B504464FF0FF33002269462046FEF791
:106C600011FF0028F6D1DDE900309847F2E7000077
:106C700008B5094B094A1A60094B9B1A094A136067
:106C8000094B0A4A1A600A4B9B1A0A4A136000F021
:106C900051F800F069F800BF3C2A002000FC0320F6
:106CA00000000420382A0020F0AE0020D8B60020D2
:106CB00000FC0320ECAE00200E4838B50E4B0360FC
:106CC0000B250E4B45601C24C4608360FFF7B4F8AD
:106CD0000B4B18600B480C4BC460C0E900350B4BE4
:106CE0008360FFF7A9F80A4B1860BDE838400BF045
:106CF000ADBD00BF082A002020920200182A002003
:106D0000342A0020D82900202D920200E8290020F2
:106D1000042A0020FDF72ABE024B4FF0FF3118680D
:106D2000FFF7A2B8342A0020014B1868FFF7B4B867
:106D3000342A002008B505F059FFBDE8084000F0EE
:106D400011B87047704708B500F042F8FFF7F9FF37
:106D5000FFF7B2FFFFF7F6FF03F0FAFDBDE80840CA
:106D6000FFF7D8BFFEF7E6BA114C124B23614FF480
:106D7000004363614423E3600F4BA360182307B50E
:106D8000A3610E480E4B236022460021FFF7A2FEAE
:106D9000034628B90B49009022460B4803F0E0FD5A
:106DA000FEF7E0FA0023094900931A46F5E700BF11
:106DB000A8AA0020A82A0020602A0020476D010010
:106DC000379202003C9202001D010180589202009D
:106DD0001FB5064B0FCB6C4684E80F002046FFF72B
:106DE0002BF8034B186004B010BD00BF8092020066
:106DF0005C2A002073B506460C46154603F0AAFD32
:106E000058B906342ABF064B064953F8241000230C
:106E100000933246284603F0A3FD02B070BD00BFC8
:106E2000449402009893020008B500F0F3F80000C3
:106E300007B50023411E009302460023042919D8F8
:106E4000DFE801F003080C1014000C490C48012283
:106E500003F086FD0B490C480222F9E70B490C4868
:106E60000322F5E70B490C480422F1E70B490C48D3
:106E70000522EDE70B490C48EAE700BF90920200BB
:106E800025010280B192020026010280D692020002
:106E9000270102800B930200280102804693020022
:106EA0002A0102808693020000010280014A014605
:106EB000FFF7A0BF31010180014AFFF79BBF00BF70
:106EC00032010180014AFFF795BF00BF3701018001
:106ED000014AFFF78FBF00BF3301018011F1110F8D
:106EE00002D0024AFFF786BF704700BF340101801D
:106EF000014AFFF77FBF00BF3801018010B5FFF7DF
:106F000001FE034B1B6813B1BDE81040184710BDCC
:106F1000CCAA0020024B1B6803B11847704700BF82
:106F2000CCAA0020024B987A003818BF0120704785
:106F30003804002008B5FEF72BFA0749002203F0B9
:106F4000A1FDC31C04D9054905488B2203F0EEFAC4
:106F5000BDE80840FEF730BA256F01007F940200BB
:106F600091940200B0F57A7F38B50D4604D01849E7
:106F70001848322203F0DAFA02F0ECFF041E13DBA9
:106F800004F1604303F56143E02283F800232946BE
:106F9000204604F0A1FF204604F0A6FF85420AD057
:106FA0000B490D483F22E5E70C4B04F00F02134458
:106FB000E0221A76EBE7002C07DB094A610901237E
:106FC00004F01F04A34042F82130002038BD00BF68
:106FD0007F940200BE940200CB940200FCEC00E01F
:106FE00000E100E008B503F0D5FCBDE8084003F07F
:106FF0000FB80000014B186802F0D2BF20AE00208D
:10700000014B186802F0BEBF20AE002008B502F0A8
:10701000A1FF08BD08B5024C23689847FCE700BFF4
:10702000DC04002003680BB10846184770470000D5
:10703000044B0022C3E900229A601A61024ADA6016
:10704000704700BFD0AA00202570010038B5044663
:107050000D46002100F8011B10220CF0E9F86582B2
:10706000204638BD08B542F602110248FFF7EEFF90
:1070700008BD00BFE4AA0020C36810B52BB90549BC
:1070800005484FF4FD7203F051FABDE810401B684B
:10709000184700BF1C95020027950200034B1A7881
:1070A000034B53F8223003B118477047E004002027
:1070B000F8AA0020074B1B785BB1074B0122C3F8ED
:1070C0000823064B5A78FF2A00D1FEE7044A1288AB
:1070D0005A70704710AC002000F000400CAB00204C
:1070E00012AC0020F8B50546064655F8044B8CB99D
:1070F0000D4F386818B14FF0FF31FEF7B5FE346818
:1071000024B9284604F0CAF92C463560386808B11D
:10711000FEF7C2FEAC4204D0044905488B2203F0BE
:1071200005FA2046F8BD00BF5C2A002057950200F2
:1071300066950200036801221B6900211847036855
:1071400000221B691146184710B5044603F096FA51
:107150002046012105F030FABDE8104003F0A4BA42
:1071600010B5044603F08AFA2046002105F024FAFF
:10717000BDE8104003F098BA38B504460D4603F058
:107180007DFA2946204605F0F5F9BDE8384003F0C0
:107190008BBA0246406830B490B1D2E9034101F0A5
:1071A00001052CB965B100EB610003681C5903E0CF
:1071B00000EB6100002DF8D12346916830BC1847E0
:1071C00030BC704708B5431C04D10E490E4821223B
:1071D00003F0ACF9012351B11F2886BF0B4A00F020
:1071E0001F004FF0A0428340C2F8083508BD1F2899
:1071F00086BF064A00F01F004FF0A0428340C2F84D
:107200000C35F3E7B6950200DD9002000003005054
:10721000064B10B504460360806A08B102F0D4FC46
:10722000201DF9F753FB204610BD00BFCC9502008E
:1072300010B50446FFF7ECFF2046A82103F062FFDB
:10724000204610BD036870B504460D461B6898477C
:1072500004F13000A567294605F00EFB236820469F
:107260005B68BDE8704018472DE9F34106461D46AE
:1072700056F8303B1B6804460F46904698479DF8E9
:10728000203083F00103009342462B4639463046B6
:1072900005F050FB236806465B6820469847A81B0C
:1072A00018BF012002B0BDE8F0812DE9F341064688
:1072B0001D4656F8303B1B6804460F4690469847DB
:1072C0009DF8203083F00103009342462B46394657
:1072D000304605F011FB236806465B682046984758
:1072E000A81B18BF012002B0BDE8F0817FB50024C3
:1072F000012615462346224602A800968DF808402E
:1073000002F004FA03A800962346224629468DF887
:107310000C4002F0FBF903A805F0FEF818B96FF075
:10732000010004B070BD02A805F0F6F8012801D1F3
:107330000020F6E7214603A8FFF71EFF03A8FFF78A
:1073400003FF0A24002103A8FFF716FF00219DF97F
:107350000C00FFF737FF052004F008F8032103A80D
:10736000FFF70AFF9DF90C000121FFF72BFF052015
:1073700003F0FCFF013CE5D102A8FFF7E5FE214642
:107380009DF90800FFF71EFF052003F0EFFF012124
:107390009DF90C00FFF716FF052003F0E7FF012120
:1073A0009DF90800FFF70EFF052003F0DFFF02A89C
:1073B000FFF7D6FE03A8FFF7D3FE03A805F0ACF84D
:1073C0000028ACD002A805F0A7F80028B0D1A6E7A5
:1073D00010B500210446242240F8041B0BF028FFBE
:1073E000204610BD08B57C30FFF77CFEBDE80840A4
:1073F00004F05CB808B57C30FFF774FEBDE80840C7
:1074000004F070B8F8B5194B03600D46184B436192
:10741000002100F130070446C0E90711C0E9091155
:107420000161818516468061482238460BF000FFD5
:10743000104BA36704F17C00FFF7CAFF2046FFF75B
:10744000D1FF3246294684F8A45084F8A56020462E
:10745000FFF74CFF94F9A52094F9A410384605F0E5
:10746000C5F92046FFF7C6FF2046F8BDCC950200BF
:1074700093710100A086010070B504460D461646C2
:10748000002148220BF0D4FE32462946204605F062
:10749000ADF92046044905F0EFF92046012105F039
:1074A0006DFA204670BD00BFA086010005F0E4B96A
:1074B000CAB2002342F00102194605F0C7BA05F02E
:1074C0006FBA05F07FBA10B5144605F09DFA001B9F
:1074D00018BF012010BD05F0E7B9000010B5084B3A
:1074E000044640F8083B05F0BDF804F11C00F9F72C
:1074F000EDF904F10C00F9F7E9F9204610BD00BFE1
:10750000E495020010B50446FFF7E8FF20462C2161
:1075100003F0F8FD204610BD0346024A083005F08E
:107520006DB800BF5575010070B5094B03600023AD
:10753000044603718360836183620D461646FFF73C
:10754000EBFF201D3246294602F0DAF8204670BDD6
:10755000E4950200012908B502D0022907D008BD30
:107560008369002BFBD00C30FFF786FDF7E7836AB9
:10757000002BF4D01C30F7E770470246406830B467
:1075800090B1D2E9034101F001052CB965B100EBDE
:10759000610003681C5903E000EB6100002DF8D185
:1075A0002346916830BC184730BC704770B500F175
:1075B0004C0690F9DF2090F9DE100446304605F0C5
:1075C000C1FDD4E939530DB9DA070ED55A1004EBD1
:1075D0006300DB0748BFA35894F8EC1048BF5D591F
:1075E00094F9ED2094F9EE30A847D4F8D81030463D
:1075F00005F0BEFE224630460249BDE8704005F067
:1076000097BF00BF937901002DE9F0411F46D0F8E4
:10761000E03004460E4615462BB12849284840F272
:10762000351202F083FF274AC0E9392303681B683B
:10763000984784F8EC6084F8ED5084F8EE70042EDE
:107640000CD8DFE806F0160311161A004FF0FF33CE
:107650002A46012104F14C0005F040FF2368204632
:107660005B68BDE8F04118472B464FF0FF3202211E
:10767000F0E73B462A463146ECE70120013584F825
:1076800004010AD003F02AFD0023054694F9ED1009
:10769000037002F032F8C4F8F05094F9EE30013380
:1076A000DCD0012003F01AFD0022054694F9EE100B
:1076B000027002F027F8C4F8F450CFE705960200F4
:1076C00014960200097601002DE9F04198461E4B00
:1076D00003601E4B436000251D4B85600446C0E9D6
:1076E0000555C0E907550F461646C36085844563B6
:1076F0004564A0F848506C22294600614C300BF0DC
:1077000097FD40F20113A4F8DC304FF47F43A4F856
:10771000EC30FF232046C4E93558C4E93855C4E9A4
:107720003E55C4F8C45084F8DE7084F8DF60C4F8B5
:10773000E85084F8EE30C4F8005184F80451FFF7A3
:1077400035FF2046BDE8F08134960200AD7501009A
:107750007B75010070B50646044656F84C3B0D4655
:107760001B6898473046294605F002FE2368C4F896
:10777000D85020465B68BDE8704018472DE9F041BD
:107780000546984655F84C3B04460E4617461B687E
:107790009847434628463A46314605F069FE236835
:1077A00020465B68BDE8F0411847000038B5054643
:1077B000044655F84C3B1B689847284605F06CFF7B
:1077C00094F804310546BBB1D4F8F430A3B193F971
:1077D00000305A1C04D111491148212202F0A6FEA2
:1077E000012278B91F2B86BF0E4903F01F034FF00B
:1077F000A0419A40C1F80825236820465B68984755
:10780000284638BD1F2B86BF064903F01F034FF0E3
:10781000A0419A40C1F80C25EEE700BFB6950200E2
:10782000DD9002000003005038B50546044655F8C7
:107830004C3B1B689847284605F04EFF94F80431EE
:10784000054643B1D4F8F00004F066FE002814BFEA
:10785000002505F00105236820465B689847284607
:1078600038BD03682DE9F04105461B6816460F46F2
:10787000984795F8DC30340103B1AEB195F8DD30AE
:107880000BB1012E10D0B8342C44BC4206D0204697
:10789000F9F71CF839462046F9F712F82B68284604
:1078A0005B68BDE8F0411847B83402F0E7FE2C44AD
:1078B000FA68E36805F14C089AB10BB903F014F9C2
:1078C000A74206D02046F9F701F839462046F8F7D6
:1078D000F7FF01223146404605F03AFE02F0E4FE91
:1078E000DCE70BB103F016F92046F8F7EFFF0022B2
:1078F000E260EFE730B51B4B036085B000252A46F8
:10790000694604460395FFF7ACFF6846F8F7DEFFCB
:107910000122694620460395FFF7A3FF6846F8F762
:10792000D5FF94F8DC3013B994F8DD301BB104F1C5
:107930004C0005F0E7FC04F1C800F8F7C7FF04F1BC
:10794000B800F8F7C3FF04F13800F8F7BFFF04F1FF
:107950002800F8F7BBFF206A08B102F035F920468D
:1079600005B030BD3496020010B50446FFF7C2FFE3
:1079700020464FF4847103F0C5FB204610BD4C3007
:1079800005F012BE10B54C300C4605F04FFE2046F7
:1079900010BD00EB0110B83008B5C3680BB1FFF79C
:1079A0006BFB08BD036870B504461B680D4698471D
:1079B00094F8DC30AB422FD0BDB904F14C0602F094
:1079C0005DFE2A462946304605F0C2FDD4F8C43093
:1079D000ABBB02F069FE002384F8DC3094F8DD30A4
:1079E000D3B9304605F08EFC16E094F8DD304BB983
:1079F000A2686368511004EB6200D20744BF62586A
:107A0000D358984702F03AFED4F8C43053B902F084
:107A10004BFE012384F8DC30236820465B68BDE818
:107A20007040184704F1B800FFF726FB03F05CF83C
:107A30000122002104F14C0005F08AFDE7E703F084
:107A400069F8C6E7036870B504461B680D46984799
:107A500094F8DD30AB422FD0BDB904F14C0602F0F2
:107A60000DFE2A460121304605F072FDD4F8D430CF
:107A7000ABBB02F019FE002384F8DD3094F8DC3053
:107A8000D3B9304605F03EFC16E094F8DC304BB933
:107A9000A2686368511004EB6200D20744BF6258C9
:107AA000D358984702F0EAFDD4F8D43053B902F025
:107AB000FBFD012384F8DD30236820465B68BDE8C8
:107AC0007040184704F1C800FFF7D6FA03F00CF82D
:107AD0000122114604F14C0005F03AFDE7E703F0FE
:107AE00019F8C6E7437D10B504461BB1037D0BB101
:107AF00003F010F8204610BD13B5044601A802F0AB
:107B00006BF8637D53B9237D0BB102F0EDFF206963
:107B100002F01EF8C4E900010123637501A802F018
:107B200061F802B010BD37B504460D4601A802F059
:107B300053F800230022C4E900236B7D4BB1286970
:107B400002F006F8D5E90032C01A61EB0201C4E97F
:107B5000000101A802F046F8204603B030BD30B560
:107B600085B004460D4603A802F036F8294668465B
:107B7000FFF7D9FFD5E90221009B9B18019A03A8C2
:107B800042EB0102C4E9003202F02CF8204605B0B5
:107B900030BD13B5044601A802F01EF8206901F0BB
:107BA000D7FF00220023C4E90001C4E9022301A891
:107BB00002F018F802B010BDD0B50023002600274F
:107BC000C0E90067C0E902670446016102754375B8
:107BD000FFF7DFFF2046D0BD10B5044601F0E0FFFF
:107BE000012201462046FFF7E7FF204610BD10B5F1
:107BF000044601F0A5FD002201462046FFF7DCFF08
:107C0000204610BD03681B681847000010B50446E5
:107C1000074B236000220023C4E902230023084607
:107C2000A161C4E90433034901F020FF204610BDDF
:107C30004C960200057C010007B5009000F1080198
:107C4000806901F050FF03B05DF804FB00F108010A
:107C5000806901F062BF002070476FF01C00704720
:107C60006FF01C0070476FF0150070476FF0150043
:107C700070470120704701207047002070470020A6
:107C8000704770B511F0010406460D4604D0FFF7A9
:107C90008DFD041E18BF0124EB0605D53046FFF705
:107CA000C3FD08B144F01004204670BDA0F58470F7
:107CB000FFF7E7BF08B5FFF775FE002008BDA0F588
:107CC0008470FFF7F7BF08B5FFF7BCFE002008BDC2
:107CD000A0F58470FFF7F7BF10B5034B03600446AF
:107CE000FFF708FE204610BD58960200A0F58470EC
:107CF000F2E700BF10B50446FFF7EEFF20464FF451
:107D0000867103F0FFF9204610BDA0F58470F1E7FD
:107D10002DE9F04106460D461746C2B102F0ABFC14
:107D200080F0010313F0FF0403D0336830461B6872
:107D3000984705EB070815F8011B3046FFF722FEB0
:107D4000A845F8D11CB1336830465B68984738467F
:107D5000BDE8F081A0F58470FFF7DABF38B50446BE
:107D60000D4662B103681B6898472046FFF707FE7F
:107D70002870236820465B689847012038BD10466C
:107D8000FCE7A0F58470FFF7E9BF000010B50446DA
:107D9000FFF79AFC034B23603C33C4F808312046BC
:107DA00010BD00BF589602002DE9F0411F46036840
:107DB00004460D4616461B6898473B462046324609
:107DC0002946FFF721FC236820465B68BDE8F041A7
:107DD000184730B5044685B002F050FC04F10805A0
:107DE0001022002168460BF023FA29466846F8F76E
:107DF00067FD2846F8F76AFDE0690023C4E905330A
:107E000008B103F0D1FB02F04FFC039B13B11B68D8
:107E1000684698476846F8F759FD05B030BD000040
:107E2000002204494260C0E905220160C261028467
:107E3000704700BF2C970200074B10B503608369A1
:107E4000044623B105490648262202F06FFB08309C
:107E5000F8F73CFD204610BD2C970200F996020071
:107E60000597020070B504460D4602F007FCA669AE
:107E70001EB9BDE8704002F017BC04F10800F8F725
:107E800025FD00230122636184F82020E36184F84A
:107E90002150A36102F008FC21463046BDE8704045
:107EA00000F039B908B103F001BB02F0E7BB08B13B
:107EB00003F018BB02F0F8BB2DE9F041044686B090
:107EC0000E46174602F0DAFBA56902F0EDFB35B36A
:107ED00001AD0021284603F041FB02F0CFFBD4E9BD
:107EE000068323B10F491048392202F01FFBE561D8
:107EF00002F0DAFBB8F1000F0ED03946284603F045
:107F000035FB48B93046FFF7CDFF20460121FFF78A
:107F1000A9FF3046FFF7CBFF284603F048FB06B029
:107F2000BDE8F081F9960200139702000022C0E933
:107F30000122012201600273704770470346007BF3
:107F400030B1D3E90020136898428CBF0020012093
:107F500070472DE9F04106680127054682F0010EC1
:107F600007FA01F1002304366AB916F813400C42EF
:107F700027D014F0300428D10233202BF5D14FF054
:107F8000FF30BDE8F08116F813400C4203D10233F4
:107F9000202BF8D1F3E704F03004102CF7D043F095
:107FA0000100D5F808C007FA00F818EA0C0F08D14C
:107FB000202CE6D14EEA030407FA04F414EA0C0F6D
:107FC000DFD00233202BCFD1D9E71846E9E770B5CF
:107FD0000D4611462A4604461E46FFF7BAFF002802
:107FE00002DA0020207370BD25686368420805EB43
:107FF0008205E98819446B7906FB0313636001214C
:10800000A36881400B4342EAC010A360C0B2EAE714
:1080100013460A460121FFF7DABF13460A4600213C
:10802000FFF7D5BF38B50A4605460C460021FFF7D5
:10803000EFFF224628460021BDE83840FFF7EDBF9C
:108040000022C0E900227047704700687047002393
:108050000B60436813B90160416070471960FBE72A
:108060000346006828B1026802B95A601A6000230A
:108070000360704710B50468002223468B420ED17E
:108080000AB10B6813608C4204BF0B68036043683D
:108090008B424FF0000308BF42600B6010BD002B05
:1080A000FCD01A461B68E9E710B50446FFF7C8FF85
:1080B000204610BD08B5FFF7C8FFB0FA80F04009B0
:1080C00008BD70B505462846FFF7BFFF044678B1E6
:1080D00050F8043C061F9B683046984740B128463C
:1080E000FFF7BEFF54F8043C3046DB689847EAE7E8
:1080F00070BD70B504460D46FFF7A7FFAC6106469C
:10810000291D2046FFF7A3FF26B92046BDE8704091
:10811000FFF7D7BF70BD70B505460C46FFF795FF5A
:10812000064604B1043421462846FFF7A3FFA642C1
:1081300004D12846BDE87040FFF7C3BF70BD10B53D
:1081400004462046FFF781FF28B150F8043C04386C
:10815000DB689847F5E710BD10B50446FFF7EFFF61
:108160002046FFF771FF204610BD70477047036837
:108170009B6D184770B586B0154B01930023ADF881
:1081800008308DF80A3040F20123ADF8123040F289
:10819000031390F8204341680289ADF8143000F1D0
:1081A0000A038DF80B400391ADF8102001AC05AE29
:1081B0001D46224603CAB24218605960144603F1B4
:1081C0000803F6D112881A80284606B070BD00BF99
:1081D0001201000200487047609A02000048704790
:1081E0004E9A020000487047389A020000487047D3
:1081F000329A0200004870472A9A020000487047ED
:10820000149A0200036810B504465B6F9847D4F8CF
:10821000EC0203681B6F9847236820469B6FBDE8FC
:108220001040184738B5D0F83433012B044615D127
:108230000025D4E9C93000F0010243B972B1C4F895
:10824000283304EB60000268D3589847F1E7C4E98B
:10825000C95504EB6000002AF7D0F4E7D4F83433B2
:108260002BB90649064840F2C66202F05FF9013BAD
:10827000C4F83433BDE8384002F016BA599702000A
:108280006797020008B5D0F834332BB90349044886
:1082900040F2CD6202F04AF908BD00BF59970200D2
:1082A0006797020010B5044602F0E8F9D4F83433B9
:1082B0000133C4F834332BB9034904484FF4D7626F
:1082C00002F034F910BD00BF599702006797020011
:1082D000036837B5DB6F0D460446984715F0700FFD
:1082E00001D12B0706D100231049114800931A46EB
:1082F00002F036FB6B0003F01E0343EAD5118B1E20
:10830000182000FB034393F831206AB1013900FBC8
:108310000140013A043083F83120C36823B11B685F
:1083200003B0BDE83040184703B030BD739702007A
:1083300004011580036870B50446DB6F9847B4F8F4
:10834000F8522B0A022B1FD0032B50D0012B04D143
:10835000236820461B6B984708B9002070BD23682E
:1083600020461B6B98470578122DF6D123682046CE
:108370001B6B98474378012BEFD12368C4F8045353
:108380001B6B204698472CE02368EDB25B6B2946B7
:10839000204698470028E0D0236829465B6B20469A
:1083A00098470378092BD8D1236829465B6B204670
:1083B00098474378022BD0D1236829465B6B20462F
:1083C0009847236886785B6B294620469847C37890
:1083D00046EA03262368C4F804635B6B29462046FB
:1083E0009847C4F80003012084F80803B6E7EDB20B
:1083F000052DB2D8DFE805F0030D17212B352368D2
:1084000020469B6B98470378C4F8043323689B6B22
:10841000B7E723682046DB6B98470378C4F804333A
:108420002368DB6BADE7236820461B6C9847037815
:10843000C4F8043323681B6CA3E7236820465B6CF5
:1084400098470378C4F8043323685B6C99E7236882
:1084500020469B6C98470378C4F8043323689B6CD0
:108460008FE723682046DB6C98470378C4F8043311
:108470002368DB6C85E70B78DB0913700B78C3F39B
:10848000411353700B7803F01F0393704B78D37034
:108490004B8893808B88D380CB88138170470000F2
:1084A000036870B504465B6F0D46984794F80C332B
:1084B000022B05D009490A4840F23D1202F036F875
:1084C000084BC4F824330023C4F82833236884F805
:1084D000105320469B6FBDE8704018475997020023
:1084E00092970200B5890100036810B50446DB6F5E
:1084F000984794F808330BB1002010BDD4F8EC0273
:1085000003685B6C9847D4F804238242F4D3D4F810
:108510000013121A0144C4F80013C4F80423A2B9CA
:10852000022384F80C3394F80A334BB1236884F89F
:108530000A239B6E04F53D71204698470120DCE735
:1085400001212046FFF7ACFFF8E7D4F8EC02D4F89D
:1085500020430368A2421B6C28BF22469847EDE7E0
:10856000036813B50446DB6F984794F81C33012B5E
:1085700006D800230F4900931A460F4802F0F0F97D
:1085800094F80C3323B100230C4900931A46F4E706
:1085900094F80B33032B0BD02046FFF7A5FF38B917
:1085A000D4F8EC020368DB6C02B0BDE81040184759
:1085B00002B010BDBD9702000E011580E5970200C4
:1085C00038B503680446DB6F984794F80833012BED
:1085D00037D1D4F8045325B994F8093353B384F848
:1085E0000953D4F82033D4F8EC02D4F800139D4298
:1085F00028BF1D4603682A469B6C9847D4F8003371
:108600002B44C4F80033D4F804335B1BC4F80433A0
:1086100083B994F809236AB9022384F80C3394F8D7
:108620000A334BB1236884F80A239B6E04F53D712D
:1086300020469847012038BD01212046FFF730FF32
:10864000F8E70020F7E70000036813B50446DB6F86
:10865000984794F81C33012B06D800230B490C488B
:1086600000931A4602F07CF994F80B33032B0BD0DD
:108670002046FFF7A5FF38B9D4F8EC020368DB6C9D
:1086800002B0BDE81040184702B010BDBD9702000F
:108690000E011580036870B504465B6F0D46984760
:1086A00094F80C33032B05D009490A484FF4C372E0
:1086B00001F03CFF084BC4F824330023C4F82833EE
:1086C000236884F8105320469B6FBDE8704018471C
:1086D000599702002F9802006B94010010B50368AF
:1086E0000446DB6F9847012004F21D3384F8080329
:1086F000C4F80033C4F8040310BD036810B5044681
:10870000DB6F984794F81C33042B01BFB4F82E3369
:10871000A4F8FA32012004F54C7303BF84F808036F
:10872000C4F80033C4F80403002010BD036810B57A
:10873000DB6F04469847042384F80C33236894F8CD
:10874000F8221B6FB4F8FA1220469847012010BD9A
:10875000036870B504465B6F0D46984794F80C3378
:10876000042B05D009490A484FF4EB7201F0DEFEF4
:10877000084BC4F824330023C4F82833236884F852
:10878000105320469B6FBDE8704018475997020070
:108790005B980200458A0100036810B50446DB6F50
:1087A000984794F81C33042B02D0B4F8FA3233B94A
:1087B00094F8F632012B25D0022B02D023B30020EF
:1087C0001FE0B4F8FA2222F08F03002BF7D112F049
:1087D0000F030CD0530003F01E0343EAD213023BF5
:1087E000182202FB034393F83030C3F34003074AD7
:1087F000C4F80023138001200223C4F8043384F852
:10880000080310BD0023F2E70123F0E714AC0020B9
:1088100010B50368044690B0DB6F9847D4F8EC02BB
:10882000D4F8202303686946DB6B984704F53D7252
:1088300069462046FFF71FFE0023C4F80833C4E949
:10884000C033012384F80C33236811465B6E9847CC
:1088500010B010BD036813B50446DB6F984794F859
:108860001C33012B06D800230A490B4800931A46F3
:1088700002F076F894F80C23012384F82C332AB9FB
:10888000204602B0BDE81040FFF7C2BF84F82D3388
:1088900002B010BDBD9702000E0115802DE9F04118
:1088A0001D46036804465B6F0F461646984794F8CA
:1088B0000C33012B05D00B490B4840F2BA2201F0D2
:1088C00035FE0A4BC4F824330023C4F82833236848
:1088D00084F81073C4E9C56520469B6FBDE8F0417C
:1088E000184700BF5997020083980200DF920100E9
:1088F000036870B50446DB6F9847B4F8FC12A1B367
:1089000094F8F43294F80823012B16D1012A0DD1E2
:10891000D4F804338B4235D9C4F80413022384F805
:108920000B332046BDE87040FFF74ABED4F8EC0296
:108930000368DB6CBDE870401847D4F8EC02002AED
:10894000F6D1D4F804338B42F2D10168012284F8C5
:108950000B23D4F820230D6CD4F800139A4228BFBF
:108960001A462B46BDE870401847D4F8EC02D4F8FC
:1089700004230368002ADCD1032184F80B139B6CC9
:108980001146EFE7CAD2D4F82013B3FBF1F001FB94
:108990001033002BC2D184F80923BFE710B5036858
:1089A0000446DB6F9847002384F82D33032384F8B3
:1089B0000B3310BD036810B5DB6F044698470022E7
:1089C00084F80C2394F82D2394F8103322B1204618
:1089D000BDE81040FFF7E2BF33B9D4F8EC020368FA
:1089E000BDE81040DB6C184794F80B33012B0AD11B
:1089F000D4F8EC02032384F80B3303689B6CBDE8C6
:108A0000104011461847022B07D1D4F8EC0203237B
:108A100084F80B3303681B6CF1E710BD036810B5D5
:108A2000DB6F04469847002384F82C3394F80C330A
:108A300023B92046BDE81040FFF7B0BF012384F8FA
:108A40002D3310BD036810B5DB6F04469847002234
:108A500084F80C2394F82D2394F8103322B1204687
:108A6000BDE81040FFF79ABF63B1B4F8FA32A4F83A
:108A70002E33B4F8F83284F830332046BDE8104085
:108A8000FFF736BFD4F8EC020368BDE81040DB6C9A
:108A90001847036810B504465B6F984794F8F032A6
:108AA00083B9D4F8EC02036821469B689847D4F850
:108AB000EC02036840219B6B98470123C4F8200314
:108AC00084F8F032236820469B6FBDE810401847B9
:108AD00038B5036804465B6F984794F81C532368C5
:108AE00020469B6FEDB298472B1F5842584138BD26
:108AF000036810B55B6F044698472046FFF7C9FF2F
:108B000094F8F1323BB9D4F8EC0203685B699847FA
:108B1000012384F8F132236820469B6FBDE81040A2
:108B2000184700002DE9F04F904685B00268039188
:108B3000526F0293DDF8389005469047039911F083
:108B4000700F03D111F00F0F029B06D100232B49A8
:108B50002B4800931A4601F003FF95F8F2723FB9D3
:108B60002B6828469B6F9847384605B0BDE8F08FC4
:108B70004C0004F01E0444EAD114A61E4FF0180B5A
:108B80000BFB065A9AF83020D20705D51D491E481E
:108B90004FF48E6201F0CAFCB8F5806F04D9194910
:108BA0001A4840F27142F5E7D5F8EC020268176DF9
:108BB0004246B84707460028D2D0013C0BFB04547C
:108BC00004344C450BD02046F7F780FED9F80C3022
:108BD000CAF828301BB15B684946204698471823DD
:108BE00003FB065696F83030A6F82C8043F00103BC
:108BF00086F83030002386F83130B1E773970200F1
:108C00000401158059970200A6980200C898020036
:108C1000D0F8EC0203685B6B18470000F8B50F460C
:108C20001949044640F81C1B0025064604F53B7113
:108C3000F56018368E42FBD1E380BDF818302381F1
:108C4000A28000214FF434720AF0F2FA28220021A7
:108C500004F53D700AF0ECFAC4E9C855C4E9CA55F8
:108C6000012384F8305384F81D53C4F8EC72A4F83F
:108C7000F05284F8F252C4F8345384F81C3384F868
:108C80001E532046F8BD00BF9499020038B5036812
:108C90005B6F0D46044698472B071FBF6B0003F020
:108CA0001E0343EAD513023B1BBF182202FB0343FA
:108CB000D4F820539D8D236820469B6F9847284603
:108CC00038BD00000368F7B55B6F0E460546984750
:108CD00036F08F0701D1320706D100231749184813
:108CE00000931A4601F03CFE740004F01E0444EAAE
:108CF000D6141823023C03FB045494F83030DB07ED
:108D000009D42846FFF7E4FE80B10E490E4840F230
:108D10008C5201F00BFC94F831303BB1D5F8EC02E9
:108D200003683146DB6E984784F831702B689B6F7F
:108D3000284603B0BDE8F040184700BF7397020013
:108D40000401158059970200E0980200036873B58A
:108D50005B6F0E460446984716F0700F01D131073D
:108D600006D100231A491B4800931A4601F0F8FD6A
:108D7000750005F01E0545EAD6151823023D03FBD4
:108D8000054595F83030DA0709D42046FFF7A0FEF4
:108D9000B0B11149114840F2CC4201F0C7FB43F099
:108DA000020385F83030D4F8EC02036831469B6D3D
:108DB000984795F831301BB131462046FFF782FFC6
:108DC00023689B6F204602B0BDE87040184700BF83
:108DD000739702000401158059970200E098020081
:108DE000036810B50446DB6F984794F81C33042BD6
:108DF00002D0B4F8FA32A3B994F8F632022B10D1AB
:108E0000B4F8FA1231F08F000BD111F00F030AD031
:108E1000B4F8F83223B92046C9B2FFF797FF012012
:108E200010BD0020FCE71846FAE700000368F7B51C
:108E30005B6F0E460446984716F0700F01D131075C
:108E400006D100231C491D4800931A4601F088FDF5
:108E5000750005F01E0545EAD615023D182707FBEB
:108E6000054393F83020D20709D42046FFF730FE9F
:108E7000D0B11349134840F2F14201F057FB93F887
:108E800031301BB131462046FFF71CFF07FB05457B
:108E9000314695F8303023F0020385F83030D4F8AD
:108EA000EC020368DB6D984723689B6F204603B094
:108EB000BDE8F040184700BF739702000401158019
:108EC00059970200E0980200036810B50446DB6F72
:108ED000984794F81C33042B02D0B4F8FA32A3B9A3
:108EE00094F8F632022B10D1B4F8FA1231F08F0058
:108EF0000BD111F00F030AD0B4F8F83223B9204691
:108F0000C9B2FFF793FF012010BD0020FCE718460F
:108F1000FAE700002DE9F341984603680D465B6FC0
:108F200017460646984735F08F0201D1290706D12A
:108F300000232249224800931A4601F011FD6C00DB
:108F400004F01E0444EAD5141823023C03FB046415
:108F500094F83030DB0709D43046FFF7B9FD80B113
:108F60001849194840F2AF5201F0E0FAA38D434589
:108F700004D91649164800921346DEE794F83120CA
:108F800042B1336830469B6F98470025284602B0AF
:108F9000BDE8F081D6F8EC0202682946D2F860807C
:108FA0003A46C047054620B194F83130013384F881
:108FB0003130336830469B6F9847E7E7739702007C
:108FC0000401158059970200E0980200EE98020013
:108FD00005011580036837B55B6F0D460446984759
:108FE00015F0700F01D12A0706D100231549164844
:108FF00000931A4601F0B4FC6B0003F01E0343EA31
:10900000D513023B182202FB034393F83030DB07F1
:109010000AD42046FFF75CFD054660B10B490C48B9
:1090200040F2E95201F082FAD4F8EC0203682946D2
:109030005B6E98470546236820469B6F98472846F5
:1090400003B030BD739702000401158059970200E8
:10905000E09802002DE9F7431F4603680D465B6F59
:1090600006469046984735F08F0301D1290706D16F
:1090700000232449244800931A4601F071FC6C0037
:1090800004F01E0444EAD5141822023C02FB0464D6
:1090900094F83020D20709D43046FFF719FD80B18B
:1090A0001A491B4840F20A6201F040FAA28DBA4206
:1090B00004D21849184800931A46DEE794F8313074
:1090C00043B1336830469B6F98470025284603B06C
:1090D000BDE8F083D6F8EC0203682946D3F868901F
:1090E00042463B46C847054650B194F83130E785C3
:1090F000013384F83130336830469B6F9847E5E799
:10910000E085F8E73F9902000401158059970200B5
:10911000E09802005D99020005011580036837B5EB
:109120005B6F0D460446984715F0700F01D1290773
:1091300006D100231249134800931A4601F010FC8F
:109140006B0003F01E0343EAD5131822023B02FB17
:10915000034393F83020D2070AD42046FFF7B8FC27
:10916000054630B10849094840F2496201F0DEF98C
:10917000DD8D236820469B6F9847284603B030BD9D
:10918000739702000401158059970200E0980200CD
:10919000036870B50446DB6F0D46984794F81C23AE
:1091A00084F81C53AA42D3B21ED0032B19D9032D25
:1091B00010D84FF43472002104F11C000AF038F882
:1091C000002384F81D3384F8F232012D02D82046A2
:1091D000FFF724FC2368294620461B6EBDE870403B
:1091E0001847012BF6D9F0E770BD036810B50446A7
:1091F000DB6F9847D4F8EC0294F8F8120368DB6A46
:109200009847B4F8F8322BB902212046FFF7C0FF87
:10921000012010BD0321F8E7036810B50446DB6F99
:10922000984794F8F81284F81D1351B9D4F8EC0259
:1092300003681B6A984703212046FFF7A9FF012016
:1092400010BD012384F8F232032384F80C33236821
:109250002046DB6E9847F2E7036810B50446DB6FE3
:10926000984794F8F532C3BB94F8F7320B2B34D8F7
:10927000DFE803F0060B331033151A331F24292EB1
:109280002046BDE81040FFF787BA2046BDE81040F1
:10929000FFF71ABE2046BDE81040FFF7A1BD2046EB
:1092A000BDE81040FFF7A1BF2046BDE81040FFF722
:1092B00041B82046BDE81040FFF710BA2046BDE88F
:1092C0001040FFF7A9BF2046BDE81040FFF715BAD0
:1092D0002046BDE81040FFF729BA002010BD036802
:1092E00010B5DB6F04469847002084F80C0394F80F
:1092F0002D0394F81033D4E9C52190B1012B0BD87C
:10930000022384F80C33236804F53D7120469B6EDC
:10931000BDE81040012218472046BDE81040FFF785
:109320003DBB042B12D12046FFF796FF30B9D4F88D
:10933000EC020368BDE81040DB6C184794F80C336E
:1093400073B92046BDE81040FFF7D2BA032BEED028
:109350000120C4E9C02184F80A0384F80833F0E747
:1093600010BD036810B5DB6F044698472046022104
:10937000FFF70EFF002384F81E332046FFF74EFB55
:1093800023682046DB6DBDE810401847036810B520
:1093900004465B6F984794F8F1323BB1D4F8EC0285
:1093A00003689B699847002384F8F13294F81C33D2
:1093B000012B03D901212046FFF7EAFE002384F8A0
:1093C0001D3384F81E33236820469B6FBDE8104090
:1093D0001847036810B504465B6F984794F8F0325D
:1093E00053B12046FFF7D2FFD4F8EC020368DB68E4
:1093F0009847002384F8F032236820469B6FBDE82D
:10940000104018470D4B70B5036090F8F0320446D9
:109410002BB10B490B4840F2625201F087F8FFF77D
:10942000D8FF04F53B7504F11C06B54204D0183D85
:109430002846F7F74BFAF8E7204670BD94990200EA
:10944000599702007E99020038B503680D46DB6F1C
:109450000446984745B994F81C332BB12946204659
:10946000BDE83840FFF794BE38BD036870B50446C8
:10947000DB6F984794F82D3394F8106383B97EB16D
:1094800084F80C33D4F8EC020368DB699847204673
:109490000421FFF77DFE2046BDE87040FFF728BAA3
:1094A0002046FFF715FB054650B901464FF43472CC
:1094B00004F11C0009F0BCFE84F81D5384F8F2523C
:1094C000002384F80C3394F82D3323B12046BDE8F3
:1094D0007040FFF763BAD4F8EC020368002ED1D1D4
:1094E000BDE87040DB6C184738B50023044683653F
:1094F00019B90A4600F011F803E0002AFAD100F089
:1095000043F8204638BD10B5044600F04FF804F18A
:109510004C00F7F7DBF9204610BD032938B50446A7
:1095200007D9D31C23F003039A1A891A21F00301E7
:109530001A460023E26063610D4615BBC4E906517B
:1095400023612262256000F05CF800F05DF8C4E958
:109550000A5560602581A57284F8245004F130001A
:1095600000F06EF800280BDB04F1440000F064F812
:10957000002805DB04F1480000F05EF800EAE07026
:1095800038BD01336D08D8E770B5054608460E466C
:1095900009F000FA044630B1024631462846FFF78A
:1095A000BCFF6C6170BD4FF0FF30FBE770B5056824
:1095B0000446B5B9A36A1BB1E06A4FF0FF31984782
:1095C00004F1480000F03AF804F1440000F036F8E5
:1095D00004F1300000F03CF86069BDE8704009F02B
:1095E000E1B9EE6836B9EB6913B105F1240098478B
:1095F000AD68DEE7F36913B106F124009847F66819
:10960000F0E701F0C7B9000007B501F02EF870B11E
:10961000084B6846196800F0DBFCDDE900014FF4F7
:109620007A72002307F070FF03B05DF804FB01F0CD
:10963000F7FEF9E720AE00200020704770470000D9
:1096400008B5024901F0C6FE002008BD649A020078
:1096500001F0C9BE70B50E460446154602F038FF4B
:10966000013609D02046002102F0A6FF29462046F7
:10967000BDE8704002F07EBF70BD000008B5431C1D
:1096800004D10E490E48212200F050FF012351B1B0
:109690001F2886BF0B4A00F01F004FF0A0428340F6
:1096A000C2F8083508BD1F2886BF064A00F01F0013
:1096B0004FF0A0428340C2F80C35F3E7B6950200A4
:1096C000DD90020000030050F8B50F460446154631
:1096D0001E4602F0FDFE01370ED094F9000031461F
:1096E000FFF7CCFF2046012102F066FF2946204605
:1096F000BDE8F84002F03EBFF8BD0322FFF7AABF65
:10970000FFF7A8BF13460022FFF7DEBF2DE9F041A7
:109710001746069E04460D461A4657B9FFF79AFFAC
:1097200001350BD094F900003146BDE8F041FFF758
:10973000A5BF3346BDE8F041FFF7C6BFBDE8F081E5
:10974000004870476C9A0200024B1B680BB102483C
:1097500018477047E40400206C9A0200F8B544688A
:1097600094F832608EBB03685B689847226A824235
:109770002BD023692062821A1A40A368A2FB03C17E
:1097800094F93420CAB1606A10EB0C0541F1000174
:10979000002A1BDBC2F12000A2F1200325FA02FC03
:1097A00001FA00F021FA03F34CEA000C4CEA030C36
:1097B000D1400CFA02F2AA1A6262D4E90A3213EB1F
:1097C0000C0341EB0202C4E90A32F8BDE7683346F4
:1097D0003A46284607F0E8FE844607FB10506062D0
:1097E000EBE7824206D98A420BD9884294BF002017
:1097F00001207047884206D98A428CBF0020012090
:109800007047012070470020704700002DE9F041AB
:109810004668336B23F07F4828F0FF080546B8F10F
:10982000000F5CD1FFF79AFF7368002B59D0D3E982
:109830000003D6E90A1281429A4104D32B68BDE89D
:10984000F0415B6918476C68D4E90A12401A63EB6F
:10985000020CD4E90572E369824273EB0C031FD357
:10986000E368A3FB000103FB0C1194F93330A3B1AF
:10987000A26802F1FF3C1CEB000041F10001002B4B
:109880001BDBC3F1200CA3F12002D84001FA0CFC31
:1098900040EA0C0021FA02F21043874228BF074633
:1098A000236A1F4423691F40336ABB4209D112490E
:1098B000124840F2C91200F039FE434607F074FE28
:1098C000EBE72B6838461B6998472B685B6898471D
:1098D0003A460146306AFFF784FF0028AED1BDE862
:1098E000F0817369306A326918442B681040BDE812
:1098F000F0411B69184700BFAD9A0200BF9A0200F1
:109900004368F7B593F830200546002A7ED193F8D6
:109910003230002B7AD103681B6898472B68DB69CB
:10992000984703682BB93A493A4800931A4601F020
:1099300017F8394A1F461446B7FBF2F204FB1272BD
:109940002746002AF7D16E683349B1FBF4F11F2294
:10995000B1600127013A03D307FA02FC6145F9D14E
:1099600086F83320B3FBF4F2B2F1004FF2604FF00F
:109970001F0306D00124013B03D304FA03F7BA42C4
:10998000F9D186F834304068071F1C2F05D9002311
:109990002249234800931A46C9E720281CBF012307
:1099A00083404FF0070404FA07F414BF03F1FF33B8
:1099B0004FF0FF3333617461E017A4FB01430027CC
:1099C00001FB0031531E47F1FF3CE01841EB0C0155
:1099D0003B4607F0E9FD2B68C6E90601C6E90077BA
:1099E0005B6898476B683062002101220020C3E960
:1099F0000A015F6228461A8683F83270FFF7AEFECE
:109A0000284603B0BDE8F040FFF700BF03B0F0BD4B
:109A1000E39A02000E01048040420F00FC9A02000B
:109A200005010480F3B44568069C8C60C1E90023FD
:109A30006C68002734B9CC607FB9696002B0F0BCB3
:109A4000FFF7E4BE666801962668B242019E73EB9A
:109A50000606F0D32746E468ECE7F960D5E90A4149
:109A600094429941EAD202B0F0BC704738B505463D
:109A70000C46FFF745FF00F001FE6B681C60BDE877
:109A8000384000F011BE70B5054600F0F7FDD5E98D
:109A90000034DB68984794F832301BB1BDE8704061
:109AA00000F002BE012384F831306368A3B1284678
:109AB000FFF754FE6368D4E90A62D3E900018642E5
:109AC0008A4109D36A68DB68526863602368002BA7
:109AD000EBD090689847E8E7002384F831302846B7
:109AE000FFF794FEDAE72DE9F34104460D461746E9
:109AF0001E46DDF8208000F0C1FD2046FFF72EFE57
:109B0000CDF800803A46334629462046FFF78AFFC3
:109B100002B0BDE8F04100F0C7BD38B505460C46BF
:109B200000F0ACFD6A685368A34209D1DB6853605A
:109B30002846FFF76BFEBDE8384000F0B5BD134680
:109B4000002BF8D0DA68A242F9D1E268DA60F2E7D5
:109B500038B50446FFF7D4FE00F090FD2046FFF72D
:109B6000FDFD6368D3E90A4500F09EFD20462946C5
:109B700038BD08B5FFF7ECFF08BD0000024B00221E
:109B80001A7003F09DBE00BF50AC002008B503F072
:109B900005FE024B01221A7008BD00BF50AC002028
:109BA00000487047389B0200024B1B680BB102480B
:109BB00018477047E8040020389B020091F90C20F8
:109BC00091F9041003F0BEBA024B1B6803B11847A9
:109BD000704700BF90AC002010B5044600F04EFD69
:109BE000204610BD10B5044600F05EFD204610BDB5
:109BF000007B704738B50D4B03600023C0E901318D
:109C0000027304460A480D46FDF76CFA01F04EFC5B
:109C100055B1084B1A6862601C600548FDF762FA8E
:109C200001F060FC204638BD6560F6E7749B0200D9
:109C300098AC0020C0AC0020144B10B50360044663
:109C40001348FDF74FFA01F031FCA3682BB111491D
:109C500062680B68A34212D10A600F4B0C481A6865
:109C6000A24204BF00221A60FDF73CFA01F03AFC60
:109C7000237B13B9201F01F049FA204610BD194675
:109C80005B68A342FBD14A60E7E700BF749B020018
:109C900098AC0020C0AC002094AC002010B5044665
:109CA000FFF7CAFF2046102101F02CFA204610BD14
:109CB000F8B5064617480D46FDF714FA01F0F6FB15
:109CC000154B1C6884B9072D1BD114482A46314610
:109CD00009F07EF9A8B90F48FDF704FA01F002FC7B
:109CE0000F4B1C682046F8BDA76887B1384609F0BD
:109CF00087FEA8420BD12A463146384609F068F95A
:109D000028B90448FDF7EEF901F0ECFBEAE76468D6
:109D1000D8E700BF98AC0020C0AC0020649B0200D4
:109D200094AC002000207047036870B51B690122C5
:109D3000002104469847051E0DDB236802221B699B
:109D40000021204698472368064629461B690022C1
:109D5000204698473546284670BD000070B50E462F
:109D60000024C0E900440E490546304609F0B6FE1D
:109D70003044034621461A782F2A07D101332B603D
:109D800049B9084908482A2200F0D0FB002AF6D039
:109D900001310133EFE7FFF78BFF6860284670BDA4
:109DA000CC9B0200E89B0200F59B02000068704714
:109DB000406808B520B1FFF71BFF431E58425841C9
:109DC00008BD10B50446FFF7F3FF10B1606800B19D
:109DD000043810BD406808B520B1FFF709FFB0FA9C
:109DE00080F0400908BD10B50446FFF7F3FF10B13D
:109DF000606800B1043810BD4068003818BF012009
:109E0000704700207047F8B503681B6D0D46044687
:109E10008F1898472E46BE42236806D09B6C16F8D2
:109E2000011B204698470130F5D1236820465B6D21
:109E30009847701BF8BDF8B503681B6D0E460446C5
:109E40008F1898473546BD42236805D123682046C0
:109E50005B6D9847A81BF8BDDB6C20469847431CF8
:109E6000F4D005F8010BEEE70020704770470000C2
:109E70000F4B13B50022044640F8043BFFF7BAFE2F
:109E80000C4B236060336360002363610A49204602
:109E900001F09AF90346606128B90090024607492B
:109EA000074800F05DFD00F019FF204602B010BD2C
:109EB000849B02007C9C0200FE9B0200019C02002D
:109EC00019010180094B10B50360603304464360FB
:109ED000406907F05BFF064B23602046503340F893
:109EE000043FFFF7A9FE204610BD00BF7C9C020086
:109EF0001C9C020008B5024902488E2200F016FBA5
:109F0000FE9C02000B9D020010B504460846FFF7B8
:109F10001FFEC4E90001204610BD000010B5044634
:109F2000FDF774FE20460A4B40F8203BA169FFF77D
:109F3000EBFFD4E90823C4E90A2300220023C4E983
:109F40000C230023C4E90E3384F84030204610BDB2
:109F50003C9D02004FF0FF30704738B590F83F50FD
:109F600004460DB1FFF7C6FFFDF770FE94F84030D0
:109F7000A5872BB184F84050BDE8384000F0CABD39
:109F800038BD000008B50121383000F0F5FA18B1ED
:109F9000024B4FF080625A6008BD00BF00ED00E048
:109FA00010B50446FDF752FE002384F83F30024B03
:109FB0004FF000725A6010BD00ED00E010B504468D
:109FC00001F1300000F0EAFAC4E90001204610BDBA
:109FD00010B589690446FFF797FF204610BDD0E908
:109FE0000C32013342F10002C0E90C32D0E90A32EE
:109FF00013F57A7342F10002C0E90A327047D0E9E2
:10A000000A2312F57A7243F10003FDF715BE000032
:10A0100008B5012380F83F30836B1BB1034B4FF031
:10A0200080625A60FFF7EBFF08BD00BF00ED00E063
:10A0300090F83C3010B504464BB1002380F83C301A
:10A0400090F83E3013B9012380F83D3010BD90F8F0
:10A050003F30002BFAD0836B01338363044B4FF006
:10A0600080625A60FFF7BBFF2046FFF7C8FFEDE7AD
:10A0700000ED00E037B50D46044689696846FFF7F4
:10A0800043FFD5E90A3200980199C01A61EB020139
:10A09000B0F57A7F71F1000306D200220023C4E9F3
:10A0A0000023204603B030BDB0F5FA6F71F1000314
:10A0B00001D20122F2E700294FF47A724FF0000337
:10A0C000D8BF002107F070FAC4E90001E9E70000F9
:10A0D00091F83F30F7B505460C4613B991F83C604E
:10A0E00026B112491248E52200F020FA6846FFF72F
:10A0F000C1FFDDE900304FF47A71A3FB017201FB6F
:10A100000022A663D4E90A16C91942EB0602C4E983
:10A110000A12D4E90C125B1842EB00022846C4E98B
:10A120000C32C5E9003203B0F0BD00BFFE9C020056
:10A13000159D0200F7B51F4690F83F3004461646BD
:10A1400023B11F491F48582200F0F0F990F83C3025
:10A150005BB901466846FFF7BBFF009BB342019B1A
:10A16000BB4104D3012384F83D3003B0F0BD214648
:10A170006846FFF723FF4FF47A73A6FB032603FB21
:10A180000766D4E90831D51894F840204FF0010350
:10A1900046EB0106A38742B9A269126892F8202013
:10A1A0001AB984F8403000F09FFC002384F83E3058
:10A1B0002A463346204603B0BDE8F040FDF73CBDDB
:10A1C000FE9C02000B9D0200102300F007B8202324
:10A1D00000F004B8302300F001B840239C46F0B4EE
:10A1E00004AE7546E80801D3EFF309860E4F0FCE93
:10A1F0000FC70FBC0FC74046494652465B460FC7C4
:10A200001DCE3100A60A00D304316E0900D24831B8
:10A210001FC7EFF309806946EFF3148663C76046F2
:10A22000014900F079F800BFC4AC0020F0B52C4E15
:10A230002C4F85B000243546214656F8042B38466D
:10A24000013400F0FFF90D2CF6D1AB6C02936B6C6E
:10A2500001932B6C244C0093D5E90E23696B2348A2
:10A2600000F0F0F92168224800F0ECF9E16AA26AF6
:10A27000A36AA06A266BE76B000CCDE9016700902A
:10A28000C3F307231B48D2B200F0DCF9A36A1E0611
:10A2900003D5616B184800F0D5F9A36A180403D5FB
:10A2A000A16B164800F0CEF9EB6C190712D51448D3
:10A2B00000F0C8F92B6DDA070FD5124800F0C2F98B
:10A2C000EB6C5B074CBF1048104805B0BDE8F04090
:10A2D00000F0B8B90E4800F0B5F90E48EEE700BF3F
:10A2E000C4AC0020409D020000ED00E04E9D020045
:10A2F0009D9D0200AB9D0200FA9D0200089E020097
:10A30000169E0200259E0200559E0200619E0200DC
:10A31000459E0200329E020007B504460D461A48CB
:10A32000012100F032F968BB184800F08BF9302C9D
:10A3300019D0402C1CD0202C1FD11548154C00F0F2
:10A3400081F9154800F07EF9FFF770FF134800F01F
:10A3500079F90D4B00221A700023114900932A4607
:10A36000204600F0FDFA0F480F4C00F06BF9E8E7CB
:10A370000E480F4C00F066F9E3E70E480E4C00F073
:10A3800061F9DEE70024E7E7D1AD00206D9E020011
:10A39000969E02003E01FF80C39E0200CE9E0200F8
:10A3A000ED9E0200A59E02003F01FF80AE9E0200CE
:10A3B0004001FF80B99E02003D01FF80F8B51646BE
:10A3C0000C4629B151F8087C26B900252846F8BD6D
:10A3D0000F46F9E7304608F0DDFA05460028F4D0CC
:10A3E000B7423A46214628BF324608F023FE2046AF
:10A3F00008F0D8FAEAE738B502FB01F5284608F07C
:10A40000C9FA044618B12A46002108F011FF204677
:10A4100038BD000070B506461D481E4C0D46FCF7C1
:10A4200061FE01F043F815F1090F2CD805F1080180
:10A43000304608F0BFFA30B3A268174B05602A44D3
:10A440004360A260226923680132226162682B4462
:10A45000934250F8042C88BF63602360002AA0F167
:10A460000403B8BF9B18A2691B68521B23F00103A9
:10A47000134400F10806A3610548FCF733FE01F020
:10A4800031F8304670BD6369013363610026F3E73C
:10A4900034AD002018AD0020EFBEADDE00B5724631
:10A4A0005DF804EBFFF7B6BF38B5054619480C4612
:10A4B000FCF718FE00F0FAFF1CB354F8042C164BFE
:10A4C0009A4225D154F80C1C54F8082CA4F10C0322
:10A4D0000029B8BF5B181968002344F8043C0F4BEF
:10A4E0001868801A1860186901381861986921F095
:10A4F00001010244521A9A61A4F10801284607F0AA
:10A50000BFFE0448FCF7EEFDBDE8384000F0EABFAE
:10A510002146F3E734AD0020EFBEADDE18AD0020DC
:10A5200000B572465DF804EBFFF7BEBF07B50B46FA
:10A53000009201460022014800F012FA4401FF8017
:10A5400003460122D3E84F0FC3E8412FC0B20029D0
:10A55000F8D17047D0E85F3F5B18C0E8523F002A4F
:10A56000F8D198B27047D0E85F3F5B1AC0E8523F1D
:10A57000002AF8D198B27047034653E8000F401AFA
:10A5800043E80002002AF8D170470346D3E84F0F92
:10A59000C3E8421FC0B2002AF8D1704738B504465C
:10A5A00000F06CF8D4E9004500F07EF8204629461A
:10A5B00038BD08B500F062F8FEE773B50022014629
:10A5C0000446022000F032FC0D2600F057F800226D
:10A5D000254614F8013B23B902B0BDE8704000F0F5
:10A5E00063B80A2B09D10D2A07D001220DF107010A
:10A5F00002208DF8076000F019FC01222946022094
:10A6000000F014FC14F8012CE2E7000000B5A3B040
:10A6100002460B4601A884210AF0E2FC832806D9F1
:10A62000074B1A681B79CDF883208DF887300028F6
:10A6300002DD01A8FFF7C1FF23B05DF804FB00BFF6
:10A64000FD9E02000FB407B504A951F8040B019157
:10A65000FFF7DCFF03B05DF804EB04B07047EFF3E5
:10A660001080C04300F001007047EFF30580003810
:10A6700018BF0120704701F00FBE000008B501F0BF
:10A68000FBFD064A1368591C04D1054905483F22C1
:10A69000FFF74CFF0133136008BD00BF5CAD002025
:10A6A0001C9F02002C9F0200044A136823B1013B47
:10A6B00013600BB901F0E8BD704700BF5CAD00202E
:10A6C00008B50B48FFF73CFF28B1FFF7D7FFBFF3F2
:10A6D0004F8F20BFFDE7FFF7C8FF08B1FFF769FF05
:10A6E000FFF7BDFF0028F9D0012000F0F2FA00BF0B
:10A6F000D0AD00202DE9F041494C0E462168C1F350
:10A700004173032B0CBF4D428DB298B08046174663
:10A7100044482A46C1F30743FFF794FF6FF4987249
:10A720001544132D0FD8DFE805F00A35383B3E44B9
:10A7300041470E0E0E0E0E0E0E0E0E0E0E4AA168A4
:10A740003948FFF77FFF4046FFF737FF616837481A
:10A75000FFF778FF4EB13648FFF72FFF3046FFF77F
:10A760002CFF34483946FFF76DFFA1683248FFF7E8
:10A7700069FF2368314A1A44012A02D9304A9342B8
:10A7800021D1A3681BBBE3680BB1596801B92D49FE
:10A790002D4A25E0A1682D48D3E7A1682C48D0E7D1
:10A7A000A1682C48CDE7A1682B48CAE7A1682B48CF
:10A7B000C7E7A1682A48C4E7A1682A48C1E72A4830
:10A7C000FFF740FFBFE7294A9342DCD1D9E7DB6CB2
:10A7D0001B07D8D4E3680BB1596801B91949244A59
:10A7E000E0690390A069029060690190206900907F
:10A7F0002048FFF727FF04A800F08EFD079B019378
:10A800009DF81830009321681B48DDE90423FFF709
:10A8100019FF1A48FFF716FF18B0BDE8F08100BF16
:10A8200064AD0020729F0200C39F02006BA0020073
:10A830007CA0020084A0020088A00200C2FE007F6B
:10A840004001FF805D9F0200EC9E0200D99F020044
:10A85000E99F0200F89F02000BA002001FA0020067
:10A8600033A0020042A0020058A002003D01FF8078
:10A87000679F02009CA00200F5A002006FA10200E9
:10A880007047000070B5294B8EB010EA200538BF24
:10A890001D460C4616460021302202A808F0C8FCCE
:10A8A000234B01952B44012B039402D9214B9D424C
:10A8B00033D1E36B0293636B08931F4B5B69049383
:10A8C000DA6B05925A6B1B6B06920793FFF7D6FE65
:10A8D0001A4A13680133012B136009D101AD0FCD62
:10A8E000174C0FC40FCD0FC40FCD0FC42B682360BE
:10A8F00001AC0FCC134D0FC50FCC0FC50FCC0FC53E
:10A9000023682B60104B1B68A5F130005BB19847A2
:10A91000FFF7CAFE00200EB070BD0C4B9D42C8D0A0
:10A92000029601ABC8E7FFF7ABFFF1E70101FF803B
:10A93000C2FE007F4001FF8038040020CCAD002023
:10A9400098AD002064AD002060AD00203D01FF8087
:10A9500000207047014B1878C0B27047D1AD00207D
:10A9600080B506460C460A480121F04617461D46AA
:10A97000FFF70BFE48B9424639463046FFF782FFE3
:10A98000029A29462046FFF7B5FEFFF799FE00BF61
:10A99000D1AD002038B5064C23683BB9FEF7D0FE98
:10A9A000044D01462846FFF7B9FA2560206838BDF6
:10A9B00020AE0020D8AD002008B5836823B9054B30
:10A9C0001B6893F83D0008BDC06898470028F6D082
:10A9D000F9E700BF20AE0020F7B5194F04464FF04D
:10A9E000FF356FF000462046FFF7E6FF30BBD4E9A5
:10A9F0000023B34208BFAA4202D03868FFF79AFB8F
:10AA000001A8FFF7E9F82046FFF7D6FF98B9D4E987
:10AA10000023B34208BFAA4207D100F09FF801A863
:10AA2000FFF7E0F8BFF36F8FDDE73B6893F83C304A
:10AA3000002BF2D1F3E701A8FFF7D4F803B0F0BD83
:10AA400020AE002030B587B0CDE902230A9B0C4D23
:10AA500004930B9B05930446FFF79CFF02A8FFF7A6
:10AA6000BBFF2868FFF779FA68462968FFF730FBD3
:10AA7000DDE900232046C4E9002307B030BD00BF54
:10AA800020AE00202DE9F041DFF83C8086B005467D
:10AA90000E4604A8D8F800101746FFF78FFAD8F82A
:10AAA0000020DDE90443926BA41A63EBE2732A19D8
:10AAB00043F1000302A8CDE90067FFF7C3FF029846
:10AAC000001B06B0BDE8F08120AE002010B5054C9B
:10AAD000236813B9FEF734FE20602068BDE81040FB
:10AAE000FFF736B824AE002013B5074C01212046ED
:10AAF000FFF730FD034628B9009022880349044837
:10AB0000FFF72EFF02B010BD38AE002089A1020071
:10AB10002301048013B5094C01212046FFF723FDD2
:10AB20004FF6FF73984206D1002300932288044910
:10AB30000448FFF715FF02B010BD00BF38AE00207B
:10AB4000ABA1020024010480034B188880B2B0FA44
:10AB500080F04009704700BF38AE002070B5FFF7A5
:10AB60008DFDFFF7B3FF04460D46FFF7EDFF90B1F3
:10AB700002F0FAFDFFF7AAFF0A4ED6E900321B1BCE
:10AB800062EB05021B1842EB0102C6E90032BDE888
:10AB90007040FFF789BD02F0C3FD034EFFF796FF3B
:10ABA000EBE700BF28AE002030AE00206FF01C00A5
:10ABB00070476FF015007047012070470020704704
:10ABC00070470000034B186818B14FF0FF31FBF7D6
:10ABD0004BB970475C2A0020024B186808B1FBF79C
:10ABE0005BB970475C2A0020F8B5074F15460C4644
:10ABF0008E18B44201D12846F8BD14F8011B38461E
:10AC000002F014FDF5E700BF1CB1002038B511F0CB
:10AC100001040D4605D0084802F03EFD041E18BF91
:10AC20000124EB0605D5044802F056FD08B144F0B6
:10AC30001004204638BD00BF1CB1002010B50446EA
:10AC400007F0B0FE204610BD10B510460C4622B1EC
:10AC5000024802F0A9FC2070012010BD1CB10020A8
:10AC600038B5084B0360084B1B680446154633B9DA
:10AC70000648FEF7A3FF0548294602F079FB204667
:10AC800038BD00BFE8A2020088B100201CB100203E
:10AC90000020704700207047074A0849136818448D
:10ACA000884289BF064B10600C224FF0FF308CBFEA
:10ACB0001A601846704700BFEC04002000FC032017
:10ACC000B0B6002008B508B1FFF773FCFEE701201D
:10ACD000704708B5FFF7F6FF01207047002108F024
:10ACE000B7BB08B5FCF718F808BD08B5FCF71CF8A9
:10ACF00008BD000010B50446037803F00303012BE0
:10AD000008D0FFF75FFF237803F00302012A03D185
:10AD1000FFF762FF002010BD2AB1054905484FF436
:10AD2000D462FFF703FC43F0020323700120F2E733
:10AD3000E3A10200F5A1020008B5037803F00302C5
:10AD4000022A05D00749084840F2A962FFF7EEFB46
:10AD500023F0030343F001030370BDE80840FFF74D
:10AD60003BBF00BFE3A1020013A202003F2870B561
:10AD700004462CDC174E56F820305A1C25D10228E8
:10AD800023DCFFF787FF0346E8B92046FFF780FF83
:10AD90000346C0B9104D2B68BFF35B8FDB0711D49E
:10ADA0002846FFF7A7FF68B10C490D484FF4E13280
:10ADB000FFF756FF0B4A0C490948FFF788FF284662
:10ADC000FFF7BAFF064B46F82430184670BD002343
:10ADD000FBE700BFF00400203CAE002030A30200DF
:10ADE00040AE002000020020C1AB010038B504468F
:10ADF000FFF7BCFF0B4B002543F8245030B906F099
:10AE000057FF092303604FF0FF3038BD03685B69CB
:10AE10009847041E04DA06F04BFF64420460F2E730
:10AE20002846F2E7F0040020FFF7E0BF38B50C46F3
:10AE30001546FFF79BFF38B906F03AFF0923036078
:10AE40004FF0FF34204638BD03682146DB682A46B0
:10AE50009847041EF6DA06F02BFF64420460EFE721
:10AE600038B50C461546FFF781FF38B906F020FFCC
:10AE7000092303604FF0FF34204638BD03682146A4
:10AE80009B682A469847041EF6DA06F011FF6442D2
:10AE90000460EFE710B5FFF769FF30B906F008FF6F
:10AEA000092303600024204610BD0368DB6998472E
:10AEB000041EF8DA06F0FCFE64420460F2E737B5DF
:10AEC0004023CDF80100054668468DF8003007F0B4
:10AED0007FF9044630B12846FFF7DCFF10B1204669
:10AEE000FFF7FCFE204603B030BD00002DE9F74F10
:10AEF00006460F469046FFF7B8FB054630B10023E3
:10AF00002C492D4800933246FFF72AFDFFF7A7FB97
:10AF10000028F4D0B8F1000F09DA06F0C9FE1623B4
:10AF200003604FF0FF34204603B0BDE8F08F304699
:10AF3000FFF7B0FF044640B1DFF880A01AF8069092
:10AF40002C464FF00D0BA84511DCA045EBDDA8EB1E
:10AF5000040239193046FFF769FF0028E1DB2418A5
:10AF60001FBF3F19154B17F8012C9A55DBE77A5D87
:10AF70000A2A1AD1B9F10D0F17D0AC420BDA2A1BED
:10AF800039193046FFF752FF0028CADB0444A542B6
:10AF9000C9DC0AF806900A4901223046FFF746FF4D
:10AFA0000028BEDBBFD00AF806B017F805900135BF
:10AFB000C9E700BF4AA202002F01018044AE002071
:10AFC00084A20200FFF766BF7FB504460D46164611
:10AFD000FFF74BFB30B100231F4920480093224666
:10AFE000FFF7BEFCFFF73BFB0028F4D0002E07DA8A
:10AFF00006F05EFE162303604FF0FF3004B070BD14
:10B000002046FFF747FFF8B1154E01220DF10F0161
:10B010002046FFF725FF0028EEDBEFD09DF80F302C
:10B020000D2B08D1325D0A2A0AD01A460A2332555E
:10B030002B700120E2E70A2B04D1325D0D2AF3E7E1
:10B040003355E2E71A46F2E732462946204604B075
:10B05000BDE87040FFF704BF86A202002F01018007
:10B0600084AE002038B50C461546FFF77FFE38B990
:10B0700006F01EFE092303604FF0FF34204638BD62
:10B08000036821461B692A469847041EF6DA06F033
:10B090000FFE64420460EFE7FFF7E4BF38B50D46EA
:10B0A000FFF764FE044630B906F002FE0923036090
:10B0B0004FF0FF3038BD0368DB69984700280CBFAC
:10B0C0004FF400434FF400536B60236820469B6AA3
:10B0D000984728610020EDE7FFF7E0BF13B504466D
:10B0E00007F058FC034628B900900349034822465C
:10B0F000FFF736FC02B010BDC2A202001F010180A2
:10B1000007F048BC07F04EBC07F04CBC10B5044635
:10B110000B48FBF7E7FF00F0C9F90023094A19467D
:10B1200052F8040B0133A04208BF42F8041C402B24
:10B13000F6D10348FBF7D6FFBDE8104000F0D2B9C6
:10B14000C4AE0020F004002010B51248FBF7CAFF7F
:10B1500000F0ACF9104B032453F8242072B10134F1
:10B16000402CF9D106F0A4FD182303600948FBF731
:10B17000B9FF00F0B7F94FF0FF3408E04FF0FF32AD
:10B18000044843F82420FBF7ADFF00F0ABF920465C
:10B1900010BD00BFC4AE0020F004002010B504466E
:10B1A000FFF7D2FF002807DB044B054A43F8204095
:10B1B00000231354034A135410BD00BFF0040020B1
:10B1C00084AE002044AE002070B505460E46FFF761
:10B1D000E5FF041E01DA002070BD3146FFF76FFE67
:10B1E0000028F9D1064B53F82420954202D143F8A8
:10B1F0002400F0E706F05CFD09230360EBE700BFE5
:10B20000F00400200EB42DE9F04185B00546FFF7AB
:10B210009BFF041E13DB0023294602A80193FEF7BF
:10B220009DFD02A8FEF7E8FD1E4E054668B906F032
:10B230003FFD1323036046F824504FF0FF342046AF
:10B2400005B0BDE8F04103B0704702A8FEF7C2FDAB
:10B25000074602A85FB1FEF7C6FD0190019B124AA6
:10B2600046F8243000231355104A1355E7E7FEF73C
:10B27000A8FD05460028DAD0036802A8D3F80880A4
:10B28000FEF794FD0B9B024601A92846C0470546E0
:10B290000028E3D006F00CFD6D42056046F82470EE
:10B2A000CBE700BFF004002084AE002044AE0020B5
:10B2B00070B50E461549054608F026FA044618B939
:10B2C000FFF754FD204670BD1149284608F01CFACE
:10B2D00020B90120FFF74AFD0124F3E70D49284674
:10B2E00008F012FA20B90220FFF740FD0224E9E736
:10B2F0002B78402B02D1D5F80140E3E726F48031CA
:10B300002846BDE87040FFF77DBF00BF58A302008C
:10B3100050A3020048A3020010B5044620B90F490B
:10B320000F489022FFF702F94C220021043007F069
:10B330007FFF4FF2A00323604FF0005323614FF4CF
:10B34000802323624FF480132364064B1B686360E1
:10B3500002232372044BE36010BD00BF79A30200F7
:10B3600086A3020000ED00E088D5010070B5044618
:10B37000FEF716FC0646FEF7FCFB05463046FEF7D8
:10B38000F8FB431BA342F9D370BD00001FB5002397
:10B39000CDE90013031D044602936846102303936E
:10B3A000F9F7BAFD206020B9034904483522FFF7B8
:10B3B000BDF804B010BD00BFAAA30200B9A30200EB
:10B3C00010B503490446FFF7E1FF204610BD00BF5A
:10B3D000BDA3020010B50446FFF7D8FF204610BDFC
:10B3E0000068F9F7B1BD10B504460068F9F70AFE28
:10B3F000204610BD10B49DF804400CB942F0020282
:10B4000000685DF8044BF9F7CFBD07B5009313460C
:10B410000022FFF7EFFF03B05DF804FBFFF7F5BF75
:10B4200038B5FFF72BF9F9F7DDFF08490B6808601D
:10B430008342074B82BF1A6801321A601D680446B6
:10B44000FFF732F92046294638BD00BFF4AE002090
:10B45000F8AE00201FB5002303620D4B002918BF72
:10B460000B460093031D02931C2304460393684676
:10B470000B230193FAF7E0FC206038B9FFF76AFA72
:10B4800020B9044904483D22FFF750F804B010BD2C
:10B49000DDA302000DA4020017A4020010B50021D4
:10B4A0000446FFF7D7FF204610BD000037B504461D
:10B4B0004FF0FF310068FAF7D7FC054648B1FFF7B7
:10B4C00049FA034640B90090044905482A46FFF767
:10B4D00047FA236A0133236203B030BD3BA4020064
:10B4E00015010280036A013B13B503620068FAF795
:10B4F000D3FC044648B1FFF72DFA034628B9009063
:10B50000034904482246FFF72BFA02B010BD00BFE2
:10B510004DA402001701028010B504460068FAF736
:10B52000D3FC204610BD00001FB504460023CDE922
:10B530000033231D104602936A4610230393FAF743
:10B54000E7FD206020B9034903483722FEF7EEFFEC
:10B5500004B010BD77A4020085A4020010B54FF618
:10B56000FF720446FFF7E0FF204610BD13B50068E8
:10B570000C46FAF7E5FD024670B1C11C4FF0000021
:10B5800006D15CB10090064906480023FFF7E8F9B0
:10B59000931CF7D102B010BD0120FBE72046F9E76C
:10B5A00094A40200140102800068FAF7F1BD10B5FE
:10B5B00004460068FAF71AFE204610BD08B538B1F7
:10B5C000F9F75CFB20B103490348E322FEF7AEFF25
:10B5D00008BD00BFC3A4020057A50200FBF7A6BA2E
:10B5E000036910B504462BB90B490C484FF4FD72A2
:10B5F000FEF79CFF1B680430984704F15400FFF7E6
:10B6000055FF00236361012384F83D3004F14000BD
:10B61000BDE81040FFF7C8BF1C9502002795020047
:10B620002DE9F047DDE9085799466B07044618BF36
:10B6300025F00706884692464FF000014FF044027D
:10B6400000F178000CBF2E46083607F0F1FDB5FA80
:10B6500085F300215B0984F83C30616184F83D107A
:10B66000202204F11C0007F0E3FD4D44074BC4F811
:10B6700030A0AD1B25F00705002F08BF1F46E5626F
:10B68000A761A662C4F83480BDE8F08766A5020011
:10B6900013B5049CCDE9003413460A460021FFF798
:10B6A000BFFF02B010BD0000F8B5044600F154051C
:10B6B00028460E46FFF7FAFE636913B994F83D3049
:10B6C0002BB12846FFF70EFF6FF00300F8BDD4E959
:10B6D0000A3093B327490023E26AB3EB920F3FD3BA
:10B6E0004423271D6362B74204F17803236209D023
:10B6F0003846F5F7EBF8F36823611BB15B68314618
:10B70000384698471C4804F118022146FBF7E2F935
:10B71000606150BB94F83C302BB1A06A08B1FFF7D0
:10B72000F3FC0023A3622846FFF7DCFE04F140008F
:10B73000FFF73AFF6FF00200C8E7104B104998423C
:10B7400094BF20F003004FF0FF30FFF7D9FCA06258
:10B750000028BFD12846FFF7C5FE6FF00400B5E70B
:10B76000A26A42F823100133B6E72846FFF7BAFE73
:10B770000020ABE7A52E5AE2E1B50100FBFFFF7FF9
:10B7800064A9020070B500F1540504462846FFF78D
:10B790008DFE04F140006669FFF706FF0023636138
:10B7A00094F83D302BB100242846FFF79BFE20463D
:10B7B00070BD012384F83D30002EF4D03046FBF7F5
:10B7C000CBF90446F0E7000010B50D4B03600446CA
:10B7D000FFF7D8FF94F83C302BB1A06A08B1FFF70F
:10B7E00093FC0023A36204F15400FFF795FE04F1DB
:10B7F0004000FFF7DCFE201DF5F768F8204610BD7D
:10B800008CA5020010B50446FFF7DEFF2046BC21E0
:10B81000FFF778FC204610BD38B5044600F154050A
:10B820002846FFF743FE646914B1A26B246B141B16
:10B830002846FFF757FE204638BD4FF08043D3F827
:10B84000383413F0010004D013F0020F0CBF0120B4
:10B8500002207047704708B5FFF7EFFF012804D0BA
:10B86000FFF7EBFF831E5842584108BD7047012384
:10B870000372704700230372704770470048704797
:10B8800094A6020010B5F4210446FFF73BFC2046C5
:10B8900010BD08B50023437203F0B0F908B103F0FE
:10B8A0002FFD03F0A1F918B1BDE8084003F04ABD2F
:10B8B00008BD03F007BA70B54C00E4B2054604EBCE
:10B8C000D11408460C214C4304F11C06A91900268A
:10B8D00025444E608E60C5E9072303F009FAB0FAEB
:10B8E00080F0400970BD70B54C00E4B2054604EB31
:10B8F000D11408460C214C4304F11C0129440026B4
:10B900002C444E608E60C4E907231BB9636A43F080
:10B910000103636203F0ECF9B0FA80F0400970BDF6
:10B92000002003F05BBA084603F058BA03F0F1BAFE
:10B9300038B508460C46154603F04EFD2046A9B220
:10B9400003F06AF92046BDE8384003F0ABB901F0D6
:10B950007F03082B10B50C4602D0084603F064FAAA
:10B960002046BDE8104003F007BD084603F04EBA7C
:10B9700010B508460C4603F055FA10B1204603F006
:10B9800085FD204603F050FA204603F0F5FC2046E2
:10B99000BDE8104003F020BD084603F07DBB000069
:10B9A000036810B59B690446984703F037F820B147
:10B9B000074908488422FEF7B9FD04F0FBF86368E4
:10B9C0000BB1FFF7A7F8044A00236360136010BDB2
:10B9D000F2A5020004A60200F8AF002008B501237A
:10B9E0004372FFF72AFF012810D103F0FDF808B9D0
:10B9F00003F024F8FFF721FF022807D103F0FEF837
:10BA000020B9BDE80840012003F0C2B808BD00001D
:10BA100038B51E4B802204460D46C3F88420BFF380
:10BA20004F8FBFF36F8F43680BB9FFF75DF8656009
:10BA3000002004F09BF820B1582215491548FEF764
:10BA400075FD154804F0D2F8144803F0EBF80546EC
:10BA500008B16422F1E7402103F0DEF840218020A4
:10BA600003F0DAF80E4B0F4A1C600F4B0F491D70A4
:10BA7000D2F8303543F00103C2F83035272000F00A
:10BA80002BFABDE8384004F0B7B800BF00E100E091
:10BA9000F2A5020004A60200D8A6020001BE010021
:10BAA000F8AF002000700240F4AF002065BE010036
:10BAB00070B503460C46F1B9EAB990F912100029A5
:10BAC00019DA802003F08CF9154B68B1D3F8002205
:10BAD00042F00402C3F80022124B01221A70124BEA
:10BAE0008022C3F8042170BD01221A65BFF36F8F55
:10BAF000BFF34F8FF0E7002503F11C06C3E90742AF
:10BB00005D6203F0C3F93146284603F0F1F80028DE
:10BB1000E9D00649064840F24312FEF707FD00BF90
:10BB200000700240F4AF002000E100E0F2A5020046
:10BB300004A6020010B50B4600293AD1FAB9038BCE
:10BB40001BB190F91230002B29DB002003F048F9DB
:10BB50001C4B68B1D3F8002242F00402C3F8002263
:10BB6000194B01221A70194B8022C3F8042110BD11
:10BB700001221A65BFF36F8FBFF34F8FF0E700F11B
:10BB8000280183620363C262802003F0B1F80028B9
:10BB9000EDD00F490F4840F27112FEF7C7FC00F1DB
:10BBA00028018262C2620263036B43F001030363F4
:10BBB000EAE70024C0E90A3200F128010463002A00
:10BBC000F2D0E1E700700240F4AF002000E100E0B5
:10BBD000F2A5020004A60200044A026000224260AC
:10BBE0000281827201220274704700BF20A6020007
:10BBF00010B50B4C2368BFF35B8FDB070ED42046D8
:10BC0000FFF778F850B107480749FFF7E5FF074A03
:10BC10000448FFF75CF82046FFF78EF8014810BD96
:10BC2000FCAE002000AF002055B80100000200204B
:10BC300010B5044603F046F803F068F9064A0023FD
:10BC40008021A372C2F88411044AC2F8FF3FBFF3F7
:10BC50006F8FBFF34F8F10BD00E100E00060034025
:10BC6000034B8022C3F884215A6003F0C5BF00BF94
:10BC700000E100E0837A012B10B504464FD1037B2D
:10BC8000062B1DD8DFE803F0150E04091C3D220029
:10BC900040680368DB6901212CE040680368DB69C8
:10BCA000002127E0FFF7C4FF606803689B6898479E
:10BCB00006E0037A23B14068E18903681B6A98476C
:10BCC0000023A372BDE81040FFF7CABFC37B002B5F
:10BCD000F6D1807B03F0A6F80028F1D194F90E206C
:10BCE0006068A17B0368002A06DA4A0601D15B6915
:10BCF000DDE79B6A9847E3E709B91B69D7E75B6A09
:10BD0000F8E7802003F0C2FB002003F0BFFB04F142
:10BD1000120003F099F860680368DB68C7E7022B3C
:10BD20001ED1037C012B0FD0022B11D0002BC7D1C9
:10BD3000437A002BC4D002F057FF08B902F07EFE10
:10BD4000606803689B69A6E7406803689B69A7E78A
:10BD500002F054FF0028B3D1012002F019FFAFE731
:10BD6000032BADD194F912204068002A0368BEDA93
:10BD7000C3E70000044B8022C3F88420BFF34F8F39
:10BD8000BFF36F8F03F03FBF00E100E038B50C4612
:10BD9000FFF7F0FF402C28BF4024A5B22946002021
:10BDA00002F03AFF2946802002F036FFFFF758FFE5
:10BDB000204638BD70B5164605460C46FFF7DAFF3B
:10BDC000082E324605F11201204628BF082207F04E
:10BDD00031F9BDE87040FFF743BF000010B50446DD
:10BDE000FFF7C8FF054B22681B685868DA6001221C
:10BDF0009A720368BDE81040DB6A1847F8AF00206C
:10BE0000024B1B680BB1FFF7E9BF7047F8AF00208A
:10BE100010B50446FFF7AEFF054B1B6858681C744D
:10BE200002229A720368BDE81040DB6A184700BF1F
:10BE3000F8AF0020024B1B680BB1FFF7E9BF70475A
:10BE4000F8AF002010B5FFF795FF054B1B68586849
:10BE500003229A720368BDE81040DB6A184700BFEE
:10BE6000F8AF002010B5074C237833B1064B1B68A0
:10BE70000BB1FFF7E7FF00232370BDE8104003F08C
:10BE800049B900BFF4AF0020F8AF00200749084AC5
:10BE9000084B9B1A03DD043BC858D050FBDC064816
:10BEA00080470648804706480047000028AC02004B
:10BEB000000200201010002015BF0100C9CB0100B6
:10BEC00041010100FEE7FEE7FEE7FEE7FEE7FEE7D1
:10BED000FEE7FEE7FEE7FEE7024B103043F82010D6
:10BEE000704700BF00000020024B103053F82000C4
:10BEF000704700BF000000204FF08053D3F830217E
:10BF0000082A03BFD3F83401B0FA80F040090020BA
:10BF10007047000008B5FFF7EFFF40B14FF08043D6
:10BF20000022C3F80C21C3F81021C3F83825FFF70D
:10BF3000E3FF002846D04FF08052674BD2F804143C
:10BF4000C3F82015D2F80814C3F82415D2F80C143D
:10BF5000C3F82815D2F81014C3F82C15D2F814140D
:10BF6000C3F83015D2F81814C3F83415D2F81C14DD
:10BF7000C3F84015D2F82014C3F84415D2F824149D
:10BF8000C3F84815D2F82814C3F84C15D2F82C146D
:10BF9000C3F85015D2F83014C3F85415D2F834143D
:10BFA000C3F86015D2F83814C3F86415D2F83C14FD
:10BFB000C3F86815D2F84014C3F86C15D2F84424BD
:10BFC000C3F87025FFF798FF18B1444B444AC3F8F3
:10BFD0008C26FFF791FF18B1424BFB22C3F81825BE
:10BFE000FFF78AFF70B14FF080414FF08053D1F8D6
:10BFF000E42ED3F8583222F00F0203F00F0313435C
:10C00000C1F8E43EFFF778FF20B1374B4FF40072E0
:10C01000C3F84026FFF770FF48B14FF08043D3F8D4
:10C020000024D20744BF6FF00102C3F800242F4A56
:10C03000D2F8883043F47003C2F88830BFF34F8FD2
:10C04000BFF36F8F4FF01023D3F80022002A03DBD9
:10C05000D3F80432002B2EDA254B0122C3F8042535
:10C06000D3F80024002AFBD04FF010221221C2F88E
:10C070000012D3F80024002AFBD04FF01023122224
:10C08000C3F804221A4BD3F80024002AFBD0002264
:10C09000C3F80425D3F80024002AFBD0BFF34F8F48
:10C0A0001249144BCA6802F4E0621343CB60BFF339
:10C0B0004F8F00BFFDE7104B104A1A604FF08043CE
:10C0C00001220021C3F81825C3F804119A60D3F89F
:10C0D0000421002AFBD008BD00C0004000500040F1
:10C0E0004881030000F000400090024000ED00E0B5
:10C0F00000E001400400FA05F00500200090D003A4
:10C100000F4BD3F8042182B052B10022C3F80421AE
:10C11000D3F804210B490192019A0A6801320A609E
:10C12000D3F84421084B0AB91A7832B11A780AB107
:10C1300000221A7002B0FDF707BB02B0704700BFC3
:10C140000010014000B00020FCAF0020F0B5244FEB
:10C150003A7885B06AB1234B0022C3F84421D3F862
:10C1600044210192019A4FF40032C3F8082305B02C
:10C17000F0BD4FF08043C3F8042101229A60D3F848
:10C180000421002AFBD0174C1749002501266560C1
:10C1900011206660FFF7A0FEC4F80855C4F84451AA
:10C1A000D4F844310393039BC4F80451D4F8043108
:10C1B0000293029B4FF00213C4F848330223C4F8E1
:10C1C00004330A4B4FF400324021C4F8082383F8AB
:10C1D0001113C3F880211A6026603E70C7E700BFC4
:10C1E00004B000200010014001C1010000E100E0A6
:10C1F000084A012353604FF40033C2F80833064A5B
:10C20000C2F88030BFF34F8FBFF36F8F034B002214
:10C210001A7070470010014000E100E004B00020F7
:10C2200073B504460E461546FEF728FA114B24F066
:10C230007F40D3F80445A04204D0013424F07F4469
:10C24000844202D1023020F07F4006F5A87643F800
:10C250002600D3F804232A4007D1C3F84421D3F899
:10C2600044210192019AC3F8045302B0BDE8704022
:10C27000FEF71ABA00100140024803780BB101F032
:10C280003BBB7047F4050020024B012200201A70CE
:10C2900001F040BBF4050020024B1878B0FA80F0A2
:10C2A00040097047F40500201F288ABF00F01F03D3
:10C2B00003461A4A1A4998BF4FF0A04203F5E073AB
:10C2C00030B452F82320D1E90035C0F12004A0F1A8
:10C2D0002001C34005FA04F4234325FA01F1C2F317
:10C2E00001420B43032A03F0010302D17BB930BCA6
:10C2F0007047002BFBD00B4B1B5C9B06F7D5022134
:10C30000094B0A4A1B6852F8200030BC1847054BFD
:10C310001B5C5A06EBD50121F2E700BF0003005079
:10C3200008B00020D4B00020D0B0002010B0002011
:10C33000114930B4D1E90025C0F1200405FA04F414
:10C34000A0F12001C240224325FA01F10A43D4079B
:10C3500003460ED5094A115CC1F30012890703D5C3
:10C360001AB930BC03F096B91AB130BC184603F0C4
:10C37000E1BA30BC704700BF08B10020D4B0002043
:10C380002DE9F743DFF844914A4D19F8003013F0D6
:10C39000010F0446C0F12007A0F1200601D1D80604
:10C3A00078D519F804309907224603D5C3F3001154
:10C3B000DB0654D50023ADF8053003238DF8043097
:10C3C00019F80430C3F38101012901D0032901D1F7
:10C3D0008DF8051019F80430D80622D5364A01A97F
:10C3E000204603F0BDF9354AD2E9003202FA07F1DE
:10C3F000E3400B43F2401343D907804609D519F8AF
:10C4000004305A0601D49B0603D50121204603F0CF
:10C4100025FAB8F1040F12D129492A489822FEF7CB
:10C4200085F81F2C9DF8053086BF274904F01F02B0
:10C430004FF0A04102F5E0729B0041F82230012349
:10C44000D5E9000103FA06F223FA07F73A43A340BD
:10C4500003430A43C5E9003203B0BDE8F0831F2C53
:10C4600088BF194BADF8041094BF4FF0A04304F0FF
:10C470001F02D3F804358DF8061098BF2246D3402A
:10C4800003F0010301A920468DF8053003F098F868
:10C490008046BEE7012303FA06F623FA07F703FAFC
:10C4A00004F1D5E900323E4323EA010322EA060201
:10C4B000D0E700BF08B10020A9C2010008B00020E9
:10C4C00016A7020021A7020000030050D4B00020EC
:10C4D0004B1C10B50446017014D0C9B22F2904D9E1
:10C4E00009490A485422FEF721F809490620FFF7B6
:10C4F000F3FC03F025F8074994F900208B5C43F026
:10C5000001038B5410BD00BF16A702003FA7020015
:10C51000A9F90100D4B0002008B590F90030591CE9
:10C5200004D1104910485F22FEF700F80F4AD25C90
:10C5300092070CD51F2B8ABF0D4A4FF0A04203F083
:10C540001F03D2F80405D84000F0010008BD1F2BDE
:10C550008ABF074A4FF0A04203F01F03D2F810052C
:10C56000F1E700BF16A70200DD900200D4B0002062
:10C570000003005038B5044690F90000431C0D46F6
:10C5800004D10A490A48AE22FDF7D0FFC0B2FFF736
:10C59000CFFE94F90000074B1A5C65F383021A542E
:10C5A000BDE83840C0B2FFF7EBBE00BF16A70200DF
:10C5B000DD900200D4B0002038B5044690F90000A8
:10C5C000431C0D4604D10A490A48B922FDF7AEFFC3
:10C5D000C0B2FFF7ADFE94F90000074B1A5C65F39B
:10C5E00041021A54BDE83840C0B2FFF7C9BE00BFCF
:10C5F00016A70200DD900200D4B000202DE9F04122
:10C6000098464B1C07460C4616461FD0CDB22F2D20
:10C6100004D90F490F48CB22FDF788FF02F090FFA5
:10C620002846FFF785FE0C4B195D21F01C0141F0F7
:10C6300010011955094B3C6043F82480084B2846EB
:10C640001E60FFF79DFE0020BDE8F0810846FBE775
:10C6500016A702003FA70200D4B0002010B00020AF
:10C66000D0B0002010B50446006803F063F92068DC
:10C67000064B1A5C6FF304121A54054B002243F860
:10C680002020BDE81040C0B2FFF77ABED4B0002031
:10C6900010B0002000280CDB4309064900F01F0001
:10C6A00020330122824041F82320BFF34F8FBFF394
:10C6B0006F8F704700E100E00023435082B0435881
:10C6C0000193019B02B070470378012B10D0022B1D
:10C6D00010D0002B0CBF08230223CA690B6213423F
:10C6E0000AD08B6943B100228A6101220A7518477A
:10C6F0000423F2E71023F0E7704700002DE9F04132
:10C700000668044686B0304600F0AEF9844205D192
:10C710002369022B02D1237D002B3CD02F4D2146D3
:10C72000304600F099F90223236155F83630D3F8EA
:10C730000035F7005BB194F824307BB3284807EB51
:10C740000008404604F0D2F8404604F067F8254B54
:10C7500053F8260040F30730FFF79CFF94F825308C
:10C7600094F9050094F904100BB394F826301C4C8E
:10C77000049100225B083C44CDE90220019301A909
:10C7800007232046ADF814208DF8163003F0C4FFBF
:10C79000204604F077F806B0BDE8F08105EB070805
:10C7A000404603F07FFD404603F096FDCFE7A368C7
:10C7B00003930723ADF81030A369CDE901013D448F
:10C7C0004BB1094A234601A9284603F0D5FC284667
:10C7D00003F058FDDFE71A46F5E700BFD4A70200D3
:10C7E000C4A70200E4A70200C9C6010070B50E4646
:10C7F0001546044604F06EF9184B0268B3FBF2F3D9
:10C80000174A29463046136000F038F9012804DD44
:10C81000144915487E22FDF789FE00234FF0CC72A3
:10C82000C4E9022301222275104A20601178267182
:10C83000C4E90633657123612362A38484F826303A
:10C8400051B10B4913700320FFF746FBBDE8704060
:10C8500008490420FFF740BB70BD00BF40420F00F5
:10C86000F805002098A70200A2A70200F505002005
:10C870007D0A0200890A020090F8253063B9084B4E
:10C8800099420ADD074B9942CCBF4FF0CD614FF082
:10C89000806101238160037570474FF0CC71F8E728
:10C8A0008FD003007F1A06000268114B2DE9F0417A
:10C8B00053F822500F4F4FF4827104462846FFF779
:10C8C000FBFE01236B6104F00DF93B6842F20F7827
:10C8D00003FB00F6D5F8043133B904F003F93B68E3
:10C8E00043439B1B4345F5D90020E060BDE8F08140
:10C8F000E4A70200F80500202DE9F0411C460123C1
:10C900000375D0F800800E461746FFF7F7FE08487B
:10C9100023463A46C6F3470100EBC80003F0A6FDE4
:10C9200000280CBF20464FF0FF30BDE8F08100BF6B
:10C93000D4A702002DE9F3411D4601230375D0F869
:10C9400000800E461746FFF7D9FE089C0A48B4FA45
:10C9500084F4640900942B463A46C6F3470100EB81
:10C96000C80003F06BFD00280CBF28464FF0FF30D5
:10C9700002B0BDE8F08100BFD4A70200C36800394F
:10C9800018BF01214BB190F8253080F824300123E5
:10C9900080F825100375FFF7B1BE0B46F5E70000E0
:10C9A00010B50368064C04EBC304204604F00AF8F3
:10C9B00018B9204603F0F6FF10BD0320FCE700BFC6
:10C9C000C4A702002DE9F041D0F800800D4F0D46BC
:10C9D000164607EBC804204603F0F4FF0028FAD0FF
:10C9E00032462946204603F0B9FF204604F00AF8F3
:10C9F0000028FAD157F83830D3F83C05C0B2BDE86A
:10CA0000F08100BFC4A702002DE9F041D0F80080FA
:10CA10000D4F0D46164607EBC804204603F0C2FF33
:10CA20000028FAD032462946204603F073FF2046FC
:10CA300003F0D8FF0028FAD157F83830D3F84C0566
:10CA4000C0B2BDE8F08100BFC4A70200012101759A
:10CA500080F82620FFF752BE0228DCBF014B43F8C6
:10CA60002010704710B100200228DABF024B53F8A3
:10CA700020004FF0FF30704710B100202A4B70B5F6
:10CA800002461C46002093F900506E1C03D193F916
:10CA90000160013612D095422BD193F901508D429D
:10CAA00027D104EBC004214D606800EB40042B1932
:10CAB0002A55FF2459709C70431C19D11B4B93F9C4
:10CAC0000040A24207D193F90100884203D193F9B3
:10CAD0000200013025D093F9030082420CD193F972
:10CAE00004508D4208D193F90550013504D101203D
:10CAF00070BD01300833C6E75D782C409D782C402E
:10CB0000FF2C0CD01C7920405C792040FF2808D1F4
:10CB1000012000EB40041D191A556970E8E7002058
:10CB2000F7E70020E4E700BF9CA502000006002014
:10CB3000234B70B502461C46002093F90060751C1B
:10CB400013D093F90150B5F1FF3F0ED096421FD19B
:10CB50008D421DD104EBC0041A4B606803F810200D
:10CB600003EB4003461C597011D1164B93F900405A
:10CB7000A24203D193F9010088420CD093F902003C
:10CB800082420AD193F903508D4206D1012070BD33
:10CB900001300833D1E70020F9E75D782C40FF2C05
:10CBA0000BD0DC782040FF284FF00100EFD103F8D4
:10CBB000102003EB40035970E9E70020F7E700BFBE
:10CBC00094A50200FC05002008B5054B05494FF46B
:10CBD0008072184606F02EFA034A906008BD00BF26
:10CBE000000000200000010000ED00E000F0D0BDDA
:10CBF0000023435082B043580193019B02B0704719
:10CC00002822074B50431A181B58002151741A6AE6
:10CC100022B1586A800701D5D8691047704700BF14
:10CC2000F8B10020074B282250431A1800215173F5
:10CC30001B581A6A2AB1596AC90702D5D869012155
:10CC400010477047F8B10020084B282250431A18AB
:10CC50000021D17351731B581A6B2AB1596B4907C4
:10CC600002D5042199631047704700BFF8B1002036
:10CC700008B5174B1A7832B100201870154BDB7BC2
:10CC8000F3B1FFF7E1FF144B1A781AB100201870C6
:10CC9000FFF7B6FF114B1A7842B100221A700D4B04
:10CCA00093F8373001207BB1FFF7CEFF0C4B1A7899
:10CCB0006AB100221A70BDE808400120FFF7A0BF4A
:10CCC0001846FFF7AFFFDEE7FFF7ACFFEEE708BD62
:10CCD0008FB10020F8B100208EB100208DB100206E
:10CCE0008CB1002008B5114B024653F82000104BC0
:10CCF000C0F808334FF4A671FFF77AFF4FF488713C
:10CD0000FFF776FFD0F8003223F02003C0F800329E
:10CD1000084B282101FB023301221A74002283F8F8
:10CD200024201023C0F8043308BD00BF8CA80200E3
:10CD300010000800F8B10020184B2DE9F04153F81D
:10CD40002080174F174EC8F80863282303FB00F410
:10CD50003D190434686900F014FE20234FF4A671D5
:10CD60004046AB61FFF744FF4FF48871FFF740FF87
:10CD7000D8F8003243F02003C8F8003200233C44C6
:10CD80000122AB74C8F834452B74C8F8382585F8EF
:10CD90002430C8F80463BDE8F08100BF8CA802000D
:10CDA000F8B100201000080040B9074B01221A70AA
:10CDB000064B4FF48012C3F8002170470128FCD1C4
:10CDC000034B1870F4E700BF8FB1002000E100E0D2
:10CDD0008DB100202DE9F74FDFF84481044658F863
:10CDE0002000D0F81031EBB14FF48871FFF700FF4D
:10CDF000DFF81CA1282363430AEB030B9BF81060A8
:10CE0000002E43D000228BF810208BF80E205AF809
:10CE10000330D3E90F212AB1C80503D54FF480713F
:10CE20005964904758F82450D5F84C31FBB1D5F8E7
:10CE30001031E3B94FF4A6712846FFF7D9FE344804
:10CE4000282363431A1D0344997C81F001010A449D
:10CE50000244186AC5F83425411C4FF00102C5F898
:10CE6000382504D0996903294CD902F069FCD5F81A
:10CE70002031002B49D028464FF49071FFF7B8FEBF
:10CE8000204603B0BDE8F04FFFF78EBF9BF812506D
:10CE9000D0F83C9585F001028BF81220B9F1000F13
:10CEA000C0D01D4403F11807033557445544DBF83F
:10CEB000140001A900F087FD88B115F8013F037047
:10CEC000DBF8140001A900F0A8FD57E8002F013A93
:10CED00047E80023002BF8D10136B145E7D12823DC
:10CEE00003FB04A35A7C002A9CD101225A744FF4FC
:10CEF0008011084B24B908480270C3F8001191E76B
:10CF00000648F9E783F82420B1E703B0BDE8F08FC5
:10CF1000F8B1002000E100E08EB100208CB10020CB
:10CF20008CA802000120FFF755BF0020FFF752BF79
:10CF30002DE9F843044628B95B495C4840F2422297
:10CF4000FDF7F4FA4268551C18D01F2A4FF0010370
:10CF500085BF02F01F0003FA00F103FA02F1544BFF
:10CF60009CBF4FF0A043104600F5E07094BFC3F89B
:10CF70000815C3F80815032143F82010A168481CC0
:10CF80000CD01F298BBF01F01F030B4648484FF000
:10CF9000A04003F5E073002540F823502368454E78
:10CFA00056F82300C0F80C25C0F81415227D012A7C
:10CFB00015D1E268511C0CD01F2A8BBF02F01F0153
:10CFC00011463B4D4FF0A04501F5E071002745F8B3
:10CFD00021704FF0FF31C0F80815C0F81025364D0C
:10CFE0002169282707FB03531A6A91424ED0187F04
:10CFF00002F0C4FE20B140F26F222B492F489FE778
:10D00000236807FB03531B6A013302D0206902F037
:10D0100041FB2069431C33D0294902F0D1FA08288A
:10D0200006D1206902F036FB2549206902F0C8FAD2
:10D0300010B140F28622E0E72368206956F8237099
:10D040004FF0280808FB035207F5887792F81C90E8
:10D0500002F068FB39460246484602F059FE10B11C
:10D060004FF42372C9E7236808FB0353187F02F0CB
:10D070006FFE10B140F28F22BFE7206902F040FB43
:10D080002368282202FB035523692B622368217D34
:10D0900056F82320637D0B43C2F86C35A369C2F8B0
:10D0A0002435BDE8F88300BF26A8020033A802009B
:10D0B000000300508CA80200F8B1002004A6020072
:10D0C00086A8020070B5044628B91A491A484FF4D8
:10D0D0003C72FDF72BFA0568184E28236B43F218B3
:10D0E000F358834202D193F82C1081B12046FFF708
:10D0F0001FFF28236B432846F450002384F82C306C
:10D1000094F82D304BB1BDE87040FFF7EBBD93F8BC
:10D110002D30127C4BB93AB12846FFF70DFE084B73
:10D1200053F8253001221A6070BD002AFCD1284630
:10D13000E9E700BF26A8020033A80200F8B10020EA
:10D140008CA802002DE9F84F88461746044628B9F6
:10D150005749584840F23732FDF7E8F9564B574DDA
:10D160001A78002A5ED000221A7002F01FFA08B95D
:10D1700002F0E6F9524E53491420FEF7ADFEE023CB
:10D1800086F814334FF48013C6F880313360DFF82B
:10D190006C914D4901232122484600F0DFFB00231A
:10D1A0004A48C5F814902B6002F084FD814620B1F6
:10D1B0004FF456723E494648CEE7464B46494FF03B
:10D1C000FF3AC5F820A00220C3F808A3FEF784FEAA
:10D1D000042386F80293C6F880313360DFF820B16B
:10D1E0003E4901232122584600F0B8FB3C48C5F8CF
:10D1F0002890C5F83CB002F05DFD814610B140F2C8
:10D200006E32D7E7374BC5F848A03749C3F808A3B3
:10D210002820FEF761FE4FF4807386F82893C6F845
:10D220008431736039464046FFF782FC282343432C
:10D23000EA18206096680136012E96601ED12B4AAE
:10D2400052F820000822C0F800250C334FF0FF32BE
:10D25000C0F80C251D44C0F814254FF08052C0F8CA
:10D2600024254FF49071C0F84455C0F84865FFF785
:10D27000BFFC8660D0F81C31002BFBD01C4BA36197
:10D280004FF0FF33C4E903330023A3822362194B19
:10D290009C4208BF184A4FF00103C4E9018708BF48
:10D2A000136084F82C302046BDE8F84FFFF70ABF22
:10D2B00026A8020033A8020009060020F8B10020C9
:10D2C00000E100E071CC0100D4B1002014B20020D4
:10D2D00004A60200002000402BCF0100A0B10020D6
:10D2E0003CB200200080024025CF01008CA8020043
:10D2F000005027001CB1002088B10020C4B10020DC
:10D3000090B1002008B528B9134914484FF475723C
:10D31000FDF70CF902681249282303FB02118B6800
:10D3200083B1013B8B606BB90E4951F82210C1F8F3
:10D33000003501213AB90C4BC3F8FC2FD3F8FC2F70
:10D34000C3F8FC1F08BD094AC2F8FC3FD2F8FC3FF5
:10D35000C2F8FC1FF6E700BF26A8020033A80200AF
:10D36000F8B100208CA8020000200040008002409C
:10D3700008B528B93449354840F20242FDF7D6F8DD
:10D38000B1F5166F39DBB1F5965F39DBB1F5165F94
:10D3900039DBB1F5615F38DBB1F5964F37DBB1F5BD
:10D3A000E14F36DB47F61123994234DDB1F5164FD4
:10D3B00033DBB1F5614F33DBB1F5963F33DBB1F5CC
:10D3C000E13F33DBB1F5613F32DB214B994232DD86
:10D3D000B1F5E12F32DBB1F5612F32DB1D4B994204
:10D3E000CCBF4FF080514FF0706183698B421EBFFC
:10D3F0000123816180F82C3008BD4FF49E21F4E7B1
:10D400004FF41D21F1E71449EFE71449EDE7144902
:10D41000EBE71449E9E71449E7E74FF40001E4E7D3
:10D420004FF41D01E1E74FF46B01DEE70F49DCE744
:10D430004FF0EB71D9E74FF06C71D6E74FF0806198
:10D44000D3E74FF0E861D0E726A8020033A8020036
:10D450008FD003003F420F0000B0130000502700A0
:10D4600000F03A0000A04E0000C0750000903A01A4
:10D4700008B528B91449154840F24242FDF756F85C
:10D48000082904D01049124840F24742F6E732B169
:10D49000022A09D00C490F484FF48962EEE7012BAC
:10D4A0000CD1417D31B908BD012B07D1427D0E2A37
:10D4B000F9D00E22427580F82C30F4E70249064874
:10D4C00040F24942DAE700BF26A8020033A8020072
:10D4D00037A8020046A8020077A8020008B528B9BC
:10D4E0001149124840F26A42FDF720F8B3F1FF3FBC
:10D4F00014D0012912D14FF0FF33C3609A4201D1F9
:10D500004FF0FF32003918BF01210123017580F867
:10D510002C300261BDE80840FFF7D4BDC360531C46
:10D52000EED00229EBE700BF26A8020033A80200D4
:10D5300008B528B90449054840F2D642FCF7F6FF81
:10D54000C0E9072108BD00BF26A8020033A80200D9
:10D55000F8B50E4628B91149114840F2EB42FCF7E4
:10D56000E5FF01290768446A0CBF0125022582B145
:10D5700025434562FFF7A6FD012E0DD1094B53F857
:10D580002730D3F81C313BB13846BDE8F840FFF7EF
:10D590000BBC24EA05044462F8BD00BF26A80200C3
:10D5A00033A802008CA80200F7B528B91C491D4811
:10D5B00040F21452FCF7BAFF002207681A4C80F8B8
:10D5C0002D20FFF77FFD282303FB07435D696A8950
:10D5D000EB8892B29BB29A42F9D001A9284600F09A
:10D5E0002CFA01A90646284600F052FA282303FB2C
:10D5F0000743183353E8001F013143E80012002AA3
:10D60000F8D1282303FB074494F8243023B1206A7F
:10D6100084F8242002F094F8307803B0F0BD00BF05
:10D6200026A8020033A80200F8B1002038B50D4644
:10D6300028B91549154840F24552FCF777FF0468B0
:10D64000FFF740FD124B53F82400D0F81C31002B9B
:10D65000FBD04FF48E71FFF7CBFA28220D4B5443C9
:10D660001A190C341C4415730122C0F844454FF4B8
:10D670009071C0F84825FFF7BBFA4FF48073C0F8EB
:10D680000433826038BD00BF26A8020033A8020020
:10D690008CA80200F8B1002010B528B90B490C483D
:10D6A00040F26D52FCF742FF002280F82D20046802
:10D6B000FFF708FD074B282202FB04335B695889FA
:10D6C000DB88C01A18BF012010BD00BF26A80200C9
:10D6D00033A80200F8B1002008B528B90C490D485C
:10D6E00040F28A52FCF722FF02680B4B282101FB13
:10D6F00002335B7BDBB243B9084B53F82230D3F8DB
:10D700001C01003818BF012008BD0020FCE700BF45
:10D7100026A8020033A80200F8B100208CA802005D
:10D720000E4B1A6942F010021A61F1EE102A22F033
:10D730009F02E1EE102AF1EE102A094A4021C2F8B8
:10D7400084114FF080420121D16740BF20BF5A6849
:10D75000044B134003B920BF704700BF00ED00E049
:10D7600000E100E03FF0439E074808B5037813B19D
:10D77000064B01225A60FFF7D3FF037813B1034B26
:10D7800001221A6008BD00BF48B20020009000408E
:10D79000704700000048704794A8020073B5224EFD
:10D7A000224C327862B10023C4F84031D4F84031C1
:10D7B0000093009B4FF48033C4F8083302B070BD6F
:10D7C00001254FF480336560C4F80833D4F804357C
:10D7D000174923F00303C4F80435D4F8103523F0B7
:10D7E0000F0343F00403C4F81035D4F8083543F0B0
:10D7F0000303C4F80835C4F84025C4F84021D4F820
:10D80000403101930920019BFEF766FB094B402242
:10D8100083F809234FF40072C3F880211A60256051
:10D8200065643570CAE700BF48B200200090004030
:10D83000A99B010000E100E0024B01225A64D3F8E9
:10D84000440570470090004013B50446FCF716FFEE
:10D850000B4BC3F84045D3F8042312F4803209D1AE
:10D86000C3F84021D3F840210192019A4FF480324D
:10D87000C3F8042302B0BDE81040FCF715BF00BF99
:10D8800000900040024B4FF40072C3F80021704733
:10D8900000E100E0024B4FF48032C3F808237047E8
:10D8A00000900040054B002282B0C3F84021D3F81D
:10D8B00040310193019B02B0704700BF00900040CF
:10D8C0000A4B01225A601A614FF48032C3F80823D0
:10D8D000074B4FF40072C3F88020BFF34F8FBFF3A4
:10D8E0006F8F044B00221A70704700BF00900040F9
:10D8F00000E100E048B2002072B6054A1378191E14
:10D9000018BF01210133017013700020704700BF60
:10D9100049B20020044B1A7818B1013A1A7000205D
:10D920007047187062B6FAE749B2002010B5034696
:10D9300053E8002F02EA010043E8000494F0000FCE
:10D94000F6D110BD10B5034653E8002FA2EB01003D
:10D9500043E8000494F0000FF6D110BD10B561B19A
:10D96000B2FBF3F403FB1424A4B244B9C0E90014DD
:10D9700084608281C381204610BD0E20FCE709200F
:10D98000FAE782B050E8022FC188B2EB324F4FF075
:10D99000000317BF92B241EA014142EA014104E0AB
:10D9A0004268B2EB324F08BF012340E80212002A5E
:10D9B000E8D18DF807309DF80730002B0CBF1120FF
:10D9C000002002B0704737B550E8013F9DB2C489CE
:10D9D00025448489A54228BF2D1B0489A54202BF86
:10D9E000BFF32F8F002207E0C5EA030540E801548A
:10D9F000002CE9D14FF001028DF803200193019A28
:10DA00000A609DF8031001F0FF0321B1006810FACD
:10DA100082F003B030BD1846FBE70A884B889A4273
:10DA200009D150E8012FC2EA024240E80123002B4D
:10DA3000F7D1012070470020704737B550E8023F0A
:10DA40001FFAA3F5C488A54202BFBFF32F8F00229F
:10DA50000DE0C48925448489A54228BF2D1BC3EA53
:10DA6000054540E80254002CE8D14FF001028DF842
:10DA700003200193019A0A609DF8031001F0FF034F
:10DA800021B1006800EB124003B030BD1846FBE73F
:10DA90000A884B889A4209D150E8022FC2EA2242F2
:10DAA00040E80223002BF7D1012070470020704787
:10DAB00070B5064E0546002456F8043B0BB12846C7
:10DAC00098470134042CF7D170BD00BFBCB20020D0
:10DAD0004388033300EB8303994209D382884FF6CE
:10DAE000FF739A4206D00088B0FA80F04009704770
:10DAF00002207047012070470B4A0C4953881420BC
:10DB000000FB0311CB6833B904204968107001226F
:10DB1000074800F0DEBB07490523137002238B8002
:10DB2000012209680023F3E76CB2002084B20020D0
:10DB3000FC0F00207CB2002007B5002305490093AC
:10DB4000054A09680548082300F095FB03B05DF815
:10DB500004FB00BF7CB20020A8A80200FC0F00203C
:10DB600007B5002301460093034A0448082300F048
:10DB700082FB03B05DF804FBA0A80200FC0F0020AC
:10DB800013B500230C4600930146084A08480423B5
:10DB900000F071FB38B90749142202FB041101237C
:10DBA0000B7402B010BD0E20FBE700BF9CA8020062
:10DBB000FC0F002084B2002037B50A480A4B4268A7
:10DBC0009C88196853880325033305709BB2002095
:10DBD00000909B0001EB8401044800F04CFB03B073
:10DBE00030BD00BF6CB200207CB20020FC0F0020D2
:10DBF00038B5144B14220D4602FB00335C682B68C9
:10DC000004F58051A3B15C88033403EB84048C4297
:10DC100015D22368013312D02046FFF759FF01289F
:10DC200008D002280BD00028F1D12C60012038BD8B
:10DC30000834ECE76388033304EB8304E7E7002050
:10DC4000F5E700BF84B200204368F7B505460E46ED
:10DC50001BB1234AD1688B4206D200240027022C34
:10DC600034802AD1002022E012699342F5D813F0C3
:10DC70000304F2D11B4A018912899142EED1016855
:10DC80009A689142EAD118494A68934203D902F549
:10DC9000805293420DD38A6993420CD902F5805287
:10DCA000934208D201233380B4FA84F0400903B0D0
:10DCB000F0BD2346F7E70A24F6E7019701A92046BD
:10DCC000FFF796FF10B90134A4B2C8E7019B2A6898
:10DCD00099689142F2D16B60024B1B892B81E6E778
:10DCE000FC0F00206CB2002084B200202DE9F04728
:10DCF0001C461D4B1B780746884616467BB382B3ED
:10DD00007CB3DFF86C904FF0140AA588012D01D97F
:10DD10000A2022E00AFB05F319F803302BB921464B
:10DD20002846FFF765FF18B920600135A580ECE7AC
:10DD300023681FB199883A889142F0D1B8F1000F59
:10DD400004D01988B8F800209142E8D19A68C6E951
:10DD50000023064B1B8933810020BDE8F087022099
:10DD6000FBE70520F9E700BFD0B200206CB200202D
:10DD700084B2002008B5074B5888191DFFF738FFFB
:10DD800018B1BDE80840FFF717BFBDE80840FFF72E
:10DD9000B3BE00BF6CB200202DE9F0479C4FDFF806
:10DDA000948288B006463B6823B99A484146FFF7FB
:10DDB00044FE38603D6829784B1E052B00F2148123
:10DDC000DFE813F00600690069000901090172012A
:10DDD00046B1914B00215960142203A805F028FA9E
:10DDE000012407E12B79032B1CD8DFE803F0140290
:10DDF000303B8A4A1378022B1DD0137D022B4FF043
:10DE000001031AD114214B43D1180020D054486883
:10DE1000FFF7A6FE03E001232B71FFF78DFE00281C
:10DE200000F0D3807C4B0021142203A859600E24FB
:10DE300005F0FEF9DEE00023E4E7774A00211370E5
:10DE40005160142203A805F0F3F90024D2E07449CC
:10DE50007448002302222B718A800968012200F095
:10DE600038FADCE76E4C00262E712068FFF778FE4A
:10DE70006D4BDFF8A8C15B882568142253430CEB77
:10DE800003020CF8036051685560A58815810222D1
:10DE90002160A280C3E7B5F814A0AA7DDFF87C91C9
:10DEA000B6B1022AEB8806D9142101FB0A91DA1CCB
:10DEB000088902440A81142202FB0A99C3F57F43B0
:10DEC000B9F80A10FD330B44A9F80A30002184E7A1
:10DED000142303FB0A9318895C6804EB8004062A68
:10DEE00005D8DFE802F0355B4351256775000F2444
:10DEF000AA7DEB88022A06D9142101FB0A91DA1CBB
:10DF0000088902440A81142202FB0A99C3F57F435F
:10DF1000B9F80A20FD331344A9F80A30142200216D
:10DF200003A805F085F941F61D539C428DD061E0B0
:10DF30003E483F4900234360AB690360FFF784FE1E
:10DF4000014628B9142203A805F072F90A2451E009
:10DF50000223AB75002300930423EA1821463148BD
:10DF600000F089F9002830D00E24C1E72B69002B7E
:10DF70000CBF01230323AB750023009305F10C02B2
:10DF8000042304F10801EAE70123AB750022EB88C2
:10DF900000922A699B0004F10C01E0E7032914BFF9
:10DFA00006230523AB7500230093042305F1080223
:10DFB000E118D4E70623AB751D4B19881B4B586835
:10DFC000FFF7DEFD0446002892D108B0BDE8F087D7
:10DFD00041F61D548CE70EB1142277E72B79012B03
:10DFE00047D0022B57D03BB31422002103A805F0E1
:10DFF0001FF90F243B6804941A78023A042A00F2AD
:10E000000781DFE812F0E800F40016011E01250187
:10E0100068B20020ACB20020D0B2002084B2002050
:10E020007CB20020FC0F00206CB2002058B200200F
:10E0300054B2002064B2002002232B710DF10A01BA
:10E04000EB68039303A8CDE90466FFF7FDFD10B963
:10E050001422314677E70498BDF80A108388EB80D4
:10E0600003882B81FFF78CFD0446002C7FF456AF0C
:10E07000ABE7DFF8F89103AA4B463146A81DFFF73E
:10E0800035FE044650B9B9F804100498FFF778FD3E
:10E090000A280446E9D114220021D3E60A28C9E956
:10E0A00000667FF43BAFF6E7002E95D16A4B197BF3
:10E0B0001A78A9B11E731A78013A062A94D801A1D8
:10E0C00051F822F06BE1010091E10100AFE10100A4
:10E0D000B5E10100E9DF0100BBE10100CDE1010094
:10E0E000072AE8D801A151F822F000BF0DE1010094
:10E0F000B7E00100B7E0010033E1010047E10100B2
:10E1000067E1010067E101002FE101001A8953492D
:10E1100001321A8100225A801A730A78B2FA82F206
:10E1200052099A720A7DB2FA82F25209DA72012217
:10E1300007E04B4958688A884088033202448A8045
:10E1400002221A70B7E75C88444A4549142505FB4A
:10E1500004220868546850608888108102228A80EE
:10E160000C600622EDE70722EBE79A7A32B9DA7AF9
:10E170008AB9002119705980596062E63749002236
:10E180009A72CA68002AF2D1097C0029EFD05A801D
:10E19000FFF7F0FD68E70022DA72304A116A0029C1
:10E1A000E7D192F82420002AE3D00122EFE7FFF71D
:10E1B00003FD59E7FFF7A0FC56E75A88274B1421C7
:10E1C00001FB02335868FFF7CBFC4DE700225A6091
:10E1D000FFF7B2FC48E701228DF80C201A89ADF850
:10E1E00018209A88DB68ADF81A20059310E0022207
:10E1F0008DF80C201A89ADF818209A88ADF81A20ED
:10E20000DA689B7D05929A1F534253418DF81C306A
:10E2100003A8FFF74DFC0026414612483E60FFF779
:10E2200037FC11480121FFF78DFB00287FF4BBADBF
:10E23000CBE603228DF80C20DA88ADF818201A8975
:10E24000D0E704228DF80C20DB88ADF81830DFE72A
:10E2500005238DF80C30DBE76CB2002084B200207F
:10E260007CB20020ACB20020CCB200204CB2002026
:10E270004068FFF791BD2DE9F04308B302B3D0F831
:10E2800000E0BEF1000F1ED0FBB14768D7F8049044
:10E29000B3FBF9F709FB1737BFB942EA010C1CF0D1
:10E2A000030F14D1C768B94211D305694C1E1C4431
:10E2B000AC420CD8DEF80C40A446BDE8F043604701
:10E2C0000E20BDE8F0830820FBE70920F9E71020C5
:10E2D000F7E7F0B5D8B1D0F800C0BCF1000F18D006
:10E2E000CAB14768D7F800E00EF1FF370F4214D1EA
:10E2F000C768B94211D305694C1E0EFB0244AC42FB
:10E300000BD8DCF81040A446BDE8F04060470E2072
:10E31000F0BD0820FCE70920FAE71020F8E7FCF739
:10E32000ADB9FCF7C1B900F1804000F51C30012304
:10E330000360BFF36F8FBFF34F8F7047020713D493
:10E3400000F00F0310F0800F084A0BBF03F588732D
:10E3500003F5847302EB830252F8230008BF506870
:10E36000431E5842584170470020704700700240D9
:10E3700010F0080F074B06D0D3F8C00410F4803F0C
:10E3800018BF0020704700F00F0000F5947053F89C
:10E3900020007047007002404FF08053D3F83021C6
:10E3A000082A05D1D3F83401003818BF012070477E
:10E3B0000020704730B5D1E900549C4229BFC0E924
:10E3C00000530021E41AED1832BFC0E900514C603F
:10E3D0000D60934203D1201E18BF012030BD0020E4
:10E3E000FCE74B6810B59A420C6828BF1A46C0E992
:10E3F0000042981A0B684860134400380B6018BF3D
:10E40000012010BD30B54C680B68A24228BF2246DF
:10E41000002A14BF1D460025A4EB02041344C0E9E2
:10E4200000524C600B6014BF0120002030BD000082
:10E43000054B10F0800FA3F1900208BF134600F0C7
:10E440000F0003EB0010704780B40020C343C3F3F8
:10E45000C01300F00F0000EB03107047034A0023C5
:10E46000C2F81C3C024A1370704700BF00700240A3
:10E4700014B5002007B5074A00231370064A13702D
:10E4800001230193054B01A81B68984703B05DF871
:10E4900004FB00BF21B5002020B5002024B50020DA
:10E4A00013B5124C0122236802FA01F10B432360D9
:10E4B0000F4B1B68194003060DD551B906238DF883
:10E4C00004308DF806008DF807100A4B01A81B6870
:10E4D000984702B010BD0029FBD106238DF8043007
:10E4E0008DF806008DF80720EFE700BF1CB500206F
:10E4F00018B5002024B5002008B5054B1A78104641
:10E50000FFF7A4FFBDE8084001461046FFF7C8BF6B
:10E5100020B500201C4B13B5D3F80044C3F80044C9
:10E52000BFF36F8FBFF34F8FBFF36F8FBFF34F8F6B
:10E53000E10508D5154B01221A7002230193144BF3
:10E5400001A81B689847A20508D5104B00221A7035
:10E55000032301930E4B01A81B689847630511D54F
:10E560000A4B1A7872B100221A70074B0122C3F8C5
:10E5700008255820FFF7D7FE04230193044B01A878
:10E580001B68984702B010BD0070024021B5002002
:10E5900024B500204B689A4228BF1A460A4B70B532
:10E5A0000C46064609681846154604F043FDC6E9C0
:10E5B000000560682368401B60602B4400382360BE
:10E5C00018BF012070BD00BFD8B200204B689A422E
:10E5D00028BF1A4670B506460D46144682B1096832
:10E5E000084804F027FD074BC6E900346B681B1B85
:10E5F0006B602B68201E23442B6018BF012070BD68
:10E600001346F1E7D8B2002008B5FFF727FF084B03
:10E6100093F89E20032A06D1BDE8084005486FF014
:10E620000101FFF783B9D3F89030002BF4D008BD77
:10E63000F0B3002018B500200A4AD2F86834C2F8B6
:10E640006834BFF36F8FBFF34F8F012103B9704759
:10E6500093FAA3F2B2FA82F201FA02F223EA020377
:10E66000F4E700BF0070024008B5FFF7F7FE01466F
:10E67000FFF7DEFE837B032B0AD10846FFF7E6FE99
:10E6800001218140BDE808400348C943FFF74EB966
:10E690000368002BF1D008BD18B500208720FFF7D4
:10E6A000E3BF8620FFF7E0BF8520FFF7DDBF8420B2
:10E6B000FFF7DABF8320FFF7D7BF8220FFF7D4BF71
:10E6C0008120FFF7D1BF00002DE9F04FDFF858910E
:10E6D00099F8003085B0002B5CD1DFF844A1DFF859
:10E6E0004C81DAF80060D8F800301E4052D096FA1B
:10E6F000A6F6002E51D0B6FA86F30F2B1E464EDD3D
:10E70000A6F11004E4B22046FFF792FE054620462B
:10E71000FFF72EFE2F68AA8969680346834602A880
:10E72000B847029B002B46D100B92860394B8222A2
:10E73000C3F81C2CD8F80010012289F80020B24040
:10E7400021EA0201C8F80010039AA96867B21144CF
:10E75000002FA96004F00800029904F00F0449DAC0
:10E7600000283FD0C3F8A016C3F8A426042000EB6D
:10E770008400FFF7D8FD284A284B13EA270338BF47
:10E78000134633F8143003F1804303F51C331A6841
:10E79000002AFCD005B0BDE8F08F2026B0E743F09A
:10E7A00080042046FFF744FE0368828941680546DD
:10E7B00002A89847B8E7039B9B45B5D901210227DA
:10E7C000B140AF73C9431648FFF7B0F806238DF880
:10E7D0000430144B8DF806401B688DF8077001A8B3
:10E7E00098477EE7142000FB0433C3F80016C3F8F3
:10E7F0000426BBE728B1C3F8A017C3F8A427282034
:10E80000B5E7142000FB0433C3F80017C3F804274E
:10E81000F5E700BF00700240C2A80200D4A80200C1
:10E8200018B5002024B5002014B500201CB5002028
:10E8300037B5FFF713FE0446FFF7FAFD837B032B82
:10E840000DD12046FFF702FE01218140C943104847
:10E85000FFF76CF803B0BDE83040FFF735BF05683F
:10E86000002DF7D12046FFF7F1FD01218140C9437A
:10E870000748FFF75BF806238DF80430054B8DF849
:10E8800006401B688DF8075001A89847E2E700BFD3
:10E8900018B5002024B500200720FFF7C9BF0620C7
:10E8A000FFF7C6BF0520FFF7C3BF0420FFF7C0BFB7
:10E8B0000320FFF7BDBF0220FFF7BABF0120FFF71B
:10E8C000B7BF000007B500238DF804300B4BD3F819
:10E8D0002025ADF80620D3F8C034094A002B136870
:10E8E00014BF4FF001214FF480710B431360054BAF
:10E8F00001A81B68984703B05DF804FB0070024054
:10E900001CB5002024B5002007B5FFF7A7FD114B6B
:10E9100093F81E21032A07D10F486FF4807103B0CA
:10E920005DF804EBFFF702B8D3F8103173B90A4869
:10E930006FF48071FEF7FAFF06238DF80430882308
:10E94000ADF80630054B01A81B68984703B05DF889
:10E9500004FB00BFF0B3002018B5002024B5002050
:10E9600007B5FFF77BFD0D4B93F88E20032A11D0DE
:10E97000D3F8803073B90A486FF08071FEF7D6FF84
:10E9800006238DF804300823ADF80630054B01A8A6
:10E990001B68984703B05DF804FB00BFF0B300208C
:10E9A00018B5002024B5002038B51A4BD3F86C44B4
:10E9B000C3F86C44BFF36F8FBFF34F8FBFF36F8FFC
:10E9C000BFF34F8FFFF7E8FC38B9134A136823F001
:10E9D000011103F001130C43136001251CB9BDE8BC
:10E9E0003840FFF771BE94FAA4F171B1B1FA81F326
:10E9F0000F2B19460BDDA1F11000C0B205FA01F38F
:10EA000024EA0304FFF74CFDE8E72021F3E743F095
:10EA10008000F3E70070024010B50020054B1A7823
:10EA2000012A01BF044A00201060187018BF082096
:10EA3000704700BF28B5002024B500204E4B4FF48E
:10EA4000006210B5C3F80024BFF36F8FBFF34F8F80
:10EA5000FFF7A2FC98B10020FFF761FC474BD3F809
:10EA6000001C0322002979D149F27531C3F8001C3A
:10EA7000C3F8142DC3F8001C0020FFF752FC00203F
:10EA8000FFF74DFC3D4BD3F8001CC022002968D194
:10EA900049F27531C3F8001CC3F8142CC3F8001CEC
:10EAA0000020FFF73EFC344B0122C3F80025BFF3E2
:10EAB0006F8FBFF34F8FD3F800241205FBD54FF4AF
:10EAC0000062C3F80024BFF36F8FBFF34F8F0020A5
:10EAD000FFF725FC294BD3F8001C002944D149F24B
:10EAE0007532C3F8002CC3F8141CC3F8002C0020A6
:10EAF000FFF717FC204B40F2E372C3F800284022D6
:10EB0000C3F80428BFF36F8FBFF34F8F8022C3F881
:10EB10001C251B4B40F2FF121A601A4B00241C608C
:10EB2000FFF79CFC184B1C70184B02221A70FFF761
:10EB300033FC00B32046FFF7F2FB104BD3F8001C68
:10EB4000B1B949F27532C3F8002CC3F8141DC3F8EB
:10EB5000002CBDE810400020FFF7E3BBC3F8142DE4
:10EB60008AE7C3F8142C9BE70022C3F8142CBEE7F5
:10EB7000C3F8144DEDE710BD0070024000E0064000
:10EB80001CB5002018B5002020B5002028B50020B5
:10EB900008B5104B00221A70C8B9FFF7FDFB0E4BE9
:10EBA0000E4A002808BF13460D4AC2F804330D4B25
:10EBB000E02183F827138021C3F8841159600123D1
:10EBC000C2F80435BFF36F8FBFF34F8F08BD034BFF
:10EBD000EAE700BF21B500200714C0010714E001D7
:10EBE0000070024000E100E0034B1878012894BF58
:10EBF00000200120704700BF28B50020044B1B787F
:10EC0000012B83BF034B5868C0F3C010002070472E
:10EC100028B5002000E100E008B5FFF709FC81817C
:10EC200008BD000070B5002833D01C4B1C7894BB85
:10EC30001B4A106001221A70264664F07F0514F00A
:10EC4000080FEDB214BF4FF4007140212846FFF7C2
:10EC5000E3FF2846FFF7ECFB0134092C86730660BE
:10EC60008660EAD10024254614F0080FE6B214BFEE
:10EC70004FF4007140213046FFF7CEFF3046FFF7DA
:10EC8000D7FB0134092C857305608560ECD1002029
:10EC900070BD0720FCE70820FAE700BF28B5002078
:10ECA00024B50020064A10F0800F00F00F0314BFB7
:10ECB000D2F81005D2F81405D84000F001007047D2
:10ECC00000700240084B094AC3F8082341F20402CD
:10ECD000C3F804230122C3F81025C3F81425BFF399
:10ECE0006F8FBFF34F8F704700700240F8EB1F002B
:10ECF0002DE9F843054600208846FFF710FB15F084
:10ED00000F0103D12A4B1B78AB424CD1294B2A4F20
:10ED10001C683E682846FFF799FBE443A4B24FF015
:10ED20000109344309FA00F914EA09043DD12846DF
:10ED3000FFF77EFB0C232A06844601FB03F32ED546
:10ED4000D8F80020D8F8081002F06042B2F1005F55
:10ED500001F0010120D1194A1948002908BF0246D3
:10ED600018490B44CCF8002098E8070083E8070016
:10ED7000CCF804300023CCF808308CF80E30124B5D
:10ED800046EA090680223E60C3F804210020FFF70E
:10ED9000C8FA2046BDE8F8830C4A0D48DDE70D4A65
:10EDA00013440D4ADEE71024F0E71124EEE700BF1C
:10EDB00020B500201CB5002018B5002005E4010096
:10EDC000E3E3010084B3002000E100E0CDE50100B1
:10EDD00095E5010018B30020B5E30100FFF7C8BABC
:10EDE00008B5084B1A68084BD2431B6892B21A4305
:10EDF000FFF72CFB01238340134214BF01200020A6
:10EE000008BD00BF1CB5002018B50020044B40F41D
:10EE10008070C3F81805BFF36F8FBFF34F8F704733
:10EE200000700240FFF78ABA064BC3F80C05BFF327
:10EE30004F8F40F48070C3F80C05BFF36F8FBFF3A2
:10EE40004F8F7047007002400023036043600E4BF9
:10EE5000D3F880240270D3F884244270D3F8882435
:10EE6000D3F88C1442EA01224280D3F89024D3F8DC
:10EE7000941442EA01228280D3F89824D3F89C3477
:10EE800042EA0323C38070470070024008B5FFF7D1
:10EE900083FA58B9EFF3108272B64C20FFF743FAA9
:10EEA0004C20FFF740FA82F3108808BDBDE8084007
:10EEB0004C20FFF738BA000013B5FFF7CFFA104B1C
:10EEC0009A7B032A09D10F486FF48031FEF72EFD9B
:10EED00002B0BDE81040FFF7D9BF1C68002CF7D185
:10EEE0006FF480310748FEF721FD06238DF80430CA
:10EEF000054BADF806401B6801A8984702B010BD4D
:10EF0000F0B3002018B5002024B500205020FFF7F2
:10EF10000ABA5420FFF707BA70B50446FFF73CFA67
:10EF20001D4E0546E0B9FFF7FAF92046FFF78EFAC5
:10EF3000012303FA00F0336804F00F0423EA00030E
:10EF400033606400154B04F2C574C3F80048C3F87D
:10EF50000458D3F80438BDE870400020FFF7E1B949
:10EF60000020FFF7DCF92046FFF770FA012303FACF
:10EF700000F0336814F0080223EA00033360EAD19A
:10EF800004F00F04054B04F5947443F82420BFF3F8
:10EF90006F8FBFF34F8FDEE71CB50020007002407B
:10EFA0002DE9F34104460020FFF7B9F92046FFF7A9
:10EFB0003FFA14F0800F344905461ED12046FFF772
:10EFC00045FA0A68012303FA00F030EA02030AD086
:10EFD0002046FFF7A1FF0323AB73002002B0BDE87A
:10EFE000F041FFF79EB922EA00022B600A60274A2F
:10EFF000136823EA00031360EDE7230715D4802C80
:10F00000234B35D004F00F0202F2DA325200C3F87B
:10F010000028D3F80428D3F80408D2B242F0020240
:10F020000243C3F80428D3F80438184F0E683A682E
:10F030002046FFF70BFA012366EA020803FA00F004
:10F0400018EA000FC9D026EA000600230E602B60E4
:10F0500003230243AB738DF807300E4B3A60062250
:10F060001B688DF804208DF8064001A89847B4E786
:10F0700040F2B472C3F80028D3F80428D3F8040887
:10F08000D2B242F00402CBE718B500201CB5002034
:10F090000070024024B50020FFF782BF184BD3F860
:10F0A000002273B522F00402164CC3F80022D3F8F4
:10F0B00080542368144EDA43144B31781B6892B2A3
:10F0C00008461A43FFF7C2F901238340134202D0D6
:10F0D0000846FFF765FF6FF0011125F07F050B482B
:10F0E0003570FEF723FC236843F0010323600523FA
:10F0F0000193074B01A81B68984702B070BD00BF81
:10F10000007002401CB5002020B5002018B500207A
:10F1100024B500205F4B2DE9F041D3F804430021D2
:10F12000224601250E46002A40F09180FFF734F96F
:10F1300000287DD1584B1B78002B79D18D0277D5D3
:10F14000544B544F40F2A972C3F80028D3F8040876
:10F1500010F0FF001CBFD3F80428104040F2AA7240
:10F16000C3F80028D3F8042812F0FF021CBFD3F81C
:10F1700004381A4040F2AB73C7F80038D7F80438A7
:10F1800013F0FF031CBFD7F804582B4040F2AC75B6
:10F19000C7F80058D7F804582840404D0AD02E68C8
:10F1A00006432E6040F2A976C7F80068C7F8040845
:10F1B000D7F80408374840F2AD76C0F80068D0F8B8
:10F1C000046832400BD02E6846EA02462E6040F2B8
:10F1D000AA76C0F80068C0F80428D0F804282D4AA0
:10F1E00040F2AE70C2F80008D2F80428134010D0E4
:10F1F000D80748BF41F40001DA06264A40F2AB7056
:10F20000C2F80008C2F80438D2F8043848BF41F008
:10F2100001012B6833F001121CBF04F08070014320
:10F2200013F0011F04D0630544BF2A6041F48061DC
:10F230001B4F01F4000621F400044FF00108D4B97B
:10F24000FFF742FA1EB3BDE8F041FFF727BF1548AC
:10F2500092FAA2F3B3FA83F39F00384405FA03F35A
:10F2600007682FB10660BFF36F8FBFF34F8F19434D
:10F2700022EA030257E794FAA4F5B5FA85F557F8A0
:10F28000253008FA05F5984724EA0504D7E7BDE8D4
:10F29000F08100BF0070024014B5002010B50020BE
:10F2A000E8A8020000710240F8B5134E134B346811
:10F2B0001B68240C24041C4301271CB940F2FF13D3
:10F2C0003360F8BD94FAA4F595B1B5FA85F30F2B28
:10F2D000C6BFA3F11000C0B243F080001D46030773
:10F2E00001D4FFF75DFE07FA05F524EA0504E4E71B
:10F2F00020251020F5E700BF1CB5002018B5002020
:10F3000038B50E4C8025C4F8845163681B0613D5AC
:10F31000FFF7CAFF0A4B0022C3F80425BFF36F8F23
:10F32000BFF34F8FC4F88450BFF34F8FBFF36F8F7D
:10F330004FF0FF32C3F8082338BD00BF00E100E002
:10F340000070024008B5FFF7DBFF094BD3F8042338
:10F35000C3F808230022C3F80025BFF36F8FBFF363
:10F360004F8FFFF77BF8034B01221A7008BD00BFD7
:10F370000070024028B5002010B50446FFF710FECB
:10F3800004F00F000123834014F0800F0F4A6FEA4E
:10F39000030310D0D2F810150B40C2F81035BFF39C
:10F3A0006F8FBFF34F8F0A4B1A5C01239340074ABC
:10F3B000C2F8083310BDD2F814150B40C2F814354A
:10F3C000BFF36F8FBFF34F8F024BEDE7007002402A
:10F3D000B9A80200B0A8020010F0800F70B527494C
:10F3E000044600F00F034FF0010516D0244AD25C0A
:10F3F00005FA02F2C1F80423D1F81025DA40D0074B
:10F400000AD4D1F8102505FA03F31343C1F81035D7
:10F41000BFF36F8FBFF34F8F70BD1A4AD25C05FAEE
:10F4200002F2C1F80423D1F81425DA40D207F3D44C
:10F43000D1F8140505FA03F20243C1F81425BFF30D
:10F440006F8FBFF34F8F002BE6D014F00806E3D187
:10F450003046FEF764FF2046FFF75EFD2046FEF7CC
:10F46000F5FF094A136805FA00F023EA0003304665
:10F47000BDE870401360FEF754BF00BF007002404B
:10F48000B9A80200B0A8020018B50020030610B504
:10F49000044605D4FEF752FF10B12046FFF73CFDAD
:10F4A000034BC3F81845BFF36F8FBFF34F8F10BDE9
:10F4B0000070024000F1804000F5C040002382B09F
:10F4C000036003680193019B02B0704703681F2B20
:10F4D00083BF03F01F03036001484FF0A040704753
:10F4E0000003005007B5019001A8FFF7EFFF019B53
:10F4F00000EB8300D0F8003723F44033C0F8003726
:10F50000D0F8003743EA0141C0F8001703B05DF8B6
:10F5100004FBC208012300F007008340885C03431A
:10F520008B547047054B4FF0FF32072843F82020DB
:10F5300084BF1B1883F86820704700BF2CB50020DB
:10F5400038B5164D95F87E402CBB3022FF2105F1D1
:10F55000400003F06DFEE0B20134FFF7E3FF102C32
:10F56000F9D10F4B00221A609A800E4BE02183F8EC
:10F5700006134021C3F8801119604FF4BE70FFF7E5
:10F5800099FF094B4FF00041C3F80413012385F89C
:10F590007E30104638BD0820FCE700BF2CB50020A7
:10F5A000A4B5002000E100E000600040034B93F8A8
:10F5B0007E00003818BF0120704700BF2CB5002026
:10F5C00037B5324B1A18044692F9400001305AD12F
:10F5D000887800284BD01846002250F8045B01358B
:10F5E0003FD1181980F84020002043F822009200F3
:10F5F00002F1804202F5C0420B78D2F810554878EB
:10F6000025F499151B04000525F4F85500F4801025
:10F6100003F44033C2F8105503432002D2F81055CA
:10F6200000F47C5003432B43C2F810354A78019410
:10F63000012A01A81FD1FFF749FF019B9A40C0F89A
:10F64000082501A80194FFF741FF019B104903F52C
:10F65000E073032240F823202046FFF75AFF0020E2
:10F6600003E00132082AB8D1042003B030BDFE23E4
:10F6700082F84030DAE7FFF729FF019A012393402F
:10F68000C0F80C35DDE70820EFE700BF2CB50020FF
:10F69000A4B5002037B5174C2518014695F8400051
:10F6A000072809D8FFF73EFF95F94030124A03F5C5
:10F6B000A273002042F823000C44FF2384F840305A
:10F6C0000E4DCC0801F0070301229A402B5D134236
:10F6D0000DD001A80191FFF7F9FE019B03F5E0733E
:10F6E000022140F823102B5D23EA02032B5503B0BF
:10F6F00030BD00BF2CB5002000600040A4B5002044
:10F70000074B034493F940309B0003F1804303F51A
:10F71000C043D3F8102542F00302C3F81025704708
:10F720002CB50020054B034493F940008000C0B283
:10F7300000F1804000F5C040704700BF2CB50020AC
:10F74000064B0344012293F9403018339B00DBB28F
:10F7500003F1804303F5C0431A6070472CB50020C5
:10F760002DE9F341DFF8F08008EB0003044693F93C
:10F770004030002B0F466BDA8978C1F34001002935
:10F7800015BF0023082308261026B34203D1042006
:10F7900002B0BDE8F08158F8230001304FEA83053C
:10F7A0003ED108EB04005EB248F8232080F84060A8
:10F7B00011B9434483F86840BB78590712D4DA077B
:10F7C00030D501A80194FFF781FE019B00EB830077
:10F7D000D0F8003723F00203C0F800371D49204657
:10F7E000FFF797FEBB783A789B0727D505F1804352
:10F7F00003F5C0432402D3F8101521F44F3121F44E
:10F800004071C3F810151204D3F8101504F47C5499
:10F8100002F4403214430C43C3F810450020B7E70C
:10F820000133B2E701A87A780194FFF74FFE019BFC
:10F8300003F5E073920040F82320CFE7083E48FA32
:10F8400086F696F8703043EA821386F87030E5E762
:10F8500008209DE7A4B500202CB5002037B5224D27
:10F860002B18044693F94020072A1DDD083A45FA73
:10F8700082F292F870309B09032B10D1019001A8FD
:10F88000FFF724FE019BD0F81015D94001F00101CB
:10F890000231204603B0BDE83040FFF723BE012B04
:10F8A0000CBF02210321F4E7D3B2072B1AD893002F
:10F8B00003F1804303F5C043D3F8100540F0010085
:10F8C000C3F8100502F1400040B2800080B2FFF79B
:10F8D000F1FD39B155F8223023B101239340034A99
:10F8E000C2F8043303B030BD2CB5002000600040E6
:10F8F0000E4B034493F94020072A02DD0021FFF755
:10F90000F1BDD3B2072B0FD8930003F1804303F569
:10F91000C043D3F8101521F00101C3F810150123DD
:10F920009340034AC2F80833704700BF2CB500204B
:10F9300000600040F7B50446FFF7DAFF174A184E9B
:10F940001119E50891F9403091F8401007299FBF3F
:10F95000144903F5A273002041F8230004F00703C3
:10F9600001219940735D0B420DD001A80194FFF76E
:10F97000ADFD019B03F5E073022740F82370735D32
:10F9800023EA01037355144494F84000FFF7CAFDBD
:10F99000FF2384F8403003B0F0BD00BF2CB5002039
:10F9A000A4B50020006000402DE9F04F002489B08C
:10F9B000CDE90244644D4FF48072012102F180438D
:10F9C00003F5C0431B68012B07D1D5F804330B4264
:10F9D00003D090B2FFF76EFD0C430432B2F5907F76
:10F9E0004FEA4101EAD1584BD3F87C31012BE2B206
:10F9F0002BD14FF4BE70FFF75DFD4FF0A043D3F85D
:10FA000010350293514BD3F8103503930AB344F0E9
:10FA100000444F4F01260025344210D0AB0003F1C3
:10FA2000804303F5C043D3F81005D3F8101557F8F9
:10FA3000253023B1C1F30141C0F3052098470135BA
:10FA4000082D4FEA4606E7D101E0002AE1D1002C5B
:10FA500077DA0023CDE904334FF0FF330693002516
:10FA6000DFF8F0B00793A8461BF9014F631C4ED096
:10FA7000C4F3C2070122E3B204F03F0604F0070416
:10FA800002FA04F407F120020DEB020717F8082C24
:10FA900022423CD04FEA931A2D4B9A1992F94020FA
:10FAA00053F82290B9F1000F07D1BAF1030F2ED10C
:10FAB00004A93046FFF72DFD02E0BAF1030FF7D09D
:10FAC00001A80196FFF702FD019A17F8181C02F52C
:10FAD000E072214250F82220C2F3014206D0022AED
:10FAE00015D1BAF1030F0CD1514605E0032A0ED10E
:10FAF000BAF1030F05D102213046FFF7F3FC0135BF
:10FB0000EDB2B9F1000F02D051463046C84708F1B6
:10FB10000108B8F1080FA7D19DB14FF0A043029999
:10FB2000D3F8102503F540739142D3F8103502D174
:10FB30000399994205D00292049A03930692059B79
:10FB40008DE709B0BDE8F08F006000400003005071
:10FB50002CB500209BB5002000F180431A68002AD4
:10FB60001BBF0022012000201A6070470F4A137843
:10FB7000D3B903784FF08041C3F34003C1F8803517
:10FB8000037803F00103C1F87835094B1968C907F8
:10FB900006D4E02183F800130121C3F88011196015
:10FBA000012313700020704785207047B8B50020EE
:10FBB00000E100E0084B0122C3F88020BFF34F8F23
:10FBC000BFF36F8F054A00231360054A1360054A8F
:10FBD0001360054A1370704700E100E0B4B50020DF
:10FBE000B0B50020ACB50020B8B50020014B0268CC
:10FBF0001A607047ACB500204FF080434FF460723C
:10FC0000C3F8042370474FF080434FF46072C3F889
:10FC1000082370474FF0804310B5D3F804436207C0
:10FC200007D54FF48470FFF797FF10B11E4B1B6888
:10FC30009847A30608D54FF48A70FFF78DFF18B1D7
:10FC40001A4B00201B689847600608D54FF48C704B
:10FC5000FFF782FF18B1154B01201B68984721065A
:10FC600008D54FF48E70FFF777FF18B1104B0020C6
:10FC70001B689847E20508D54FF49070FFF76CFFBA
:10FC800018B10B4B01201B689847A3050AD54FF408
:10FC90009270FFF761FF28B1054BBDE810401B686B
:10FCA0000220184710BD00BFB4B50020B0B5002039
:10FCB000ACB500202DE9F047134EDFF85090804698
:10FCC00000254FF0010AECB200200AFA04F4FEF716
:10FCD00026FB34420AD10020FEF723FBA64305F1A0
:10FCE0000105F0D104273846BDE8F087D9F8003087
:10FCF00014EA0307EFD11C4388F800503846C9F8CE
:10FD00000040FEF70EFBEEE7FFFF0F00BCB5002042
:10FD100010B5A1B19AB101238340C3F3130484B198
:10FD20000A4C246823420ED0C00000F1804000F548
:10FD3000F830C0F81015C0F81425002010BD0E20B2
:10FD4000FCE70720FAE70820F8E700BFBCB5002071
:10FD5000012303FA00F0C0F313031BB1054B1B682A
:10FD6000184204D0044BC3F8040500207047082053
:10FD7000704700BFBCB5002000F00140012303FA2A
:10FD800000F0C0F313031BB1054B1B68184204D0ED
:10FD9000044BC3F80805002070470820704700BFD7
:10FDA000BCB5002000F00140074B0022C3F8002141
:10FDB00082B0D3F800210192019AD3F80805034BD1
:10FDC0001B68C0B202B0184700D00040C0B5002088
:10FDD0000023435082B043580193019B02B0704707
:10FDE0002DE9F84398460B78089F9DF82490044627
:10FDF0000E465BB9D0F824311568E3B14FF4927127
:10FE0000FFF7E6FF01236361337032E04FF4927134
:10FE1000FFF7DEFF4FF48E71FFF7DAFF4FF48471C6
:10FE2000FFF7D6FFD4F80431C3B14FF482712046F6
:10FE3000FFF7CEFF1AE0D0F81C31EBB14FF48E7112
:10FE4000FFF7C6FFD0F82431002BD7D1BD4208D22E
:10FE500018F80530C0F81C35013515600120BDE8E3
:10FE6000F8830123B9F1000F02D0C3610020F6E747
:10FE70004361BD42F2D1D5E7D0F80831002BF8D06C
:10FE80004FF48471FFF7A4FFD0F82431002BB5D1D3
:10FE9000BD42EED2D0F8183508F8053013680133AA
:10FEA00013607A1E934205D10223C0F80032012369
:10FEB0002362D3E79F42FAD1DBE700002DE9FF4739
:10FEC0000C4605464FF4827120461F46384B03937B
:10FED0009DF83080FFF77CFF4FF49271FFF778FFB9
:10FEE0004FF48E71FFF774FF4FF48471FFF770FFCA
:10FEF00000230121C4F8003216466B6385F82E30CA
:10FF00002162A160DFB11378C4F81C3569632B68E6
:10FF1000E3B905F1340A05F12E09039B002B1FDC20
:10FF200095F82E3053BB0020039B002B15DC0023DB
:10FF3000C4F800350523C4F8003503200DE0B8F1FE
:10FF4000000F01D0E161E2E76161E0E740F2862362
:10FF5000AB60AB68C4F80433002004B0BDE8F087A0
:10FF6000CDE900783346524649462046FFF738FF30
:10FF70000028D5D0039B013B0393CEE7D4F8C434CB
:10FF8000C4F8C434002BCED013F0010F14BF4FF4CB
:10FF90000240032048F2012213F0020F18BF10465E
:10FFA00013F0040F48F2022318BF1846BCE700BF45
:10FFB000A08601002DE9FF470C4605461E46204657
:10FFC000364B03934FF48271FFF702FF4FF49271A7
:10FFD000FFF7FEFE4FF48E71FFF7FAFE4FF48471C7
:10FFE000FFF7F6FE0023012ED5F800806B6385F83D
:10FFF0002E3017464FF0010306BF0222C4F800223C
:020000022000DC
:10000000C4F8003223622360B8F1000F15D105F166
:10001000340A05F12E09039B002B18DC95F82E30CD
:100020001BBB0020039B002B0EDC0023C4F8003513
:100030000523C4F80035032006E040F28623AB60B8
:10004000AB68C4F80433002004B0BDE8F087CDE904
:1000500000683B46524649462046FFF7C1FE00284D
:10006000DCD0039B013B0393D5E7D4F8C434C4F838
:10007000C434002BD5D013F0010F14BF4FF402404D
:10008000032048F2012213F0020F18BF104613F0AC
:10009000040F48F2022318BF1846C3E7A0860100E8
:1000A000F0B589B091F82C3001938B6A00934B6ABC
:1000B0000C4601F134022E310746FFF791FEE8B9F4
:1000C00094F82EE0D4F820C0BEF1000F1FD1207BA1
:1000D000831E012B1BD8626AA3699A4217D1E26979
:1000E00063696262CCF340110328A36284F82C1088
:1000F00006D1009120463946FFF7E0FE09B0F0BD79
:100100003946204609B0BDE8F040FFF753BF04F17F
:100110000C060FCE03AD0FC533682B60BEF1000F88
:1001200017D0D7F8C434C7F8C4349A070DD50123C3
:100130008DF8083000231CF0040F84F82F30DDD137
:10014000D4E9003102A89847D8E75B07F2D502232B
:10015000EEE78DF808E0EDE701490248FFF7A0BFA0
:10016000C4B500200030004002494FF04020FFF7A6
:1001700097BF00BF00B600202DE9F84F06793D4D2E
:100180004FF03C0A0AFB06FA05EB0A079B4697F874
:100190002D3080460C469146002B66D1364B0068C8
:1001A00053F8261000F076FC002860D12168637BAC
:1001B00087F838301F298CBF01F01F030B4603F569
:1001C000E07388BF2D4AB86098BF4FF0A04240F25C
:1001D0000C6C87F82F0042F823C06268C7F804B09F
:1001E0001F2A8CBF02F01F03134687F8300003F567
:1001F000E07388BF214F45F80A9098BF4FF0A047A1
:1002000047F823C0D8F80030C3F80815C3F80C2508
:10021000A268C3F82425B9F1000F19D0227B43F35B
:1002200007335201002BD2B21ADB03F1604101F512
:10023000614181F8002303F01F015B099B0003F17A
:10024000604303F5614301228A40C3F880211A60AC
:100250003C2303FB0655012385F82D30BDE8F88FBC
:10026000074903F00F03CA54F2E70820F6E711200C
:10027000F4E700BFC4B500204CA902000003005001
:1002800014ED00E0036802790521C3F80015044B62
:100290003C2101FB0233022283F82D20704700BF6E
:1002A000C4B5002003680A4A0179C3F80823D3F8CB
:1002B000002222F00302C3F800220022C3F8002526
:1002C000044B3C2202FB0133012283F82D207047AE
:1002D00086420400C4B5002070B50679234D3C2346
:1002E00073430446EB5893B1036843F30733002B81
:1002F0000DDB5A09012103F01F03994002F120038D
:100300001B4A42F82310BFF34F8FBFF36F8F204675
:10031000FFF7C8FF206800F0D5FB3C2303FB065322
:1003200093F83830DBB92268D2F808351F2B86BF26
:1003300003F01F030F484FF0A04003F5E0730221C4
:1003400040F82310D2F80C351F2B86BF03F01F0393
:10035000084A4FF0A04203F5E07342F823103C2313
:1003600003FB0655002385F82D3070BDC4B5002071
:1003700000E100E0000300502DE9F74F2D4F067912
:10038000D0F800902C4BC9F808333C2505FB0675C6
:10039000C6EB061C95F82F308E46144607EB8C0CE6
:1003A00003F0FF0B33B1AB68C9F80433112003B07D
:1003B000BDE8F08F82F00403C3F3800385F82F308B
:1003C0002A628A46BAE80F0005F10C08A8E80F0077
:1003D000DAF80030C8F80030DEF80430AB62DEF83E
:1003E0000C206A629EF80110C9F888159EF800106A
:1003F000012917D0A1B9C4F340143C2101FB0671B7
:10040000604681F82C4000944946FFF757FD3C2395
:100410005E43BA19BB59002BC9D182F82F30C6E709
:100420000124EAE74946604685F82CB0FFF7C2FD93
:10043000EDE700BFC4B5002086420400F0B587B0E8
:1004400004460F4615460021142201A81E4602F05C
:10045000EFFE9DF830208DF80570520101A920466D
:1004600002960495FFF788FF07B0F0BDF0B587B09E
:1004700004460F461546002112220DF106001E46C5
:1004800002F0D6FE0123002201A920468DF8043097
:100490008DF8057002960495FFF76EFF07B0F0BD6A
:1004A00000280CDB4309064900F01F00203301221D
:1004B000824041F82320BFF34F8FBFF36F8F704707
:1004C00000E100E00023435082B043580193019BB8
:1004D00002B070474358002B10B50A4614BF0124E0
:1004E000002401D0FFF7EEFFA2F58070800804FA27
:1004F00000F010BD03680BB108461847704707B5F8
:10050000002A8DF80010416808BF4FF480720192F4
:100510000A4342606946FFF7EDFF03B05DF804FB54
:100520008B7AF7B506460F46002B4BD101238B7211
:100530004D7A4FF48271FFF7CDFF4FF4927104466C
:100540003046FFF7C7FF4FF4A67104433046FFF76C
:10055000C1FF4FF4A87104433046FFF7BBFF4FF4CF
:10056000B27104433046FFF7B5FF4FF4B471044352
:100570003046FFF7AFFF0443EDB220D0013D032D1D
:1005800003D8DFE805F02A30525814F0020304D0F3
:1005900034F00204F9D1002511E014F0806231D06A
:1005A00014F4801F8DF8003024F0C3640CD0694629
:1005B00038468DF80430FFF79DFFA4B902250023CB
:1005C0007D72BB7203B0F0BD0125694638468DF8D7
:1005D0000450FFF78FFF002CF1D02B4B1C4246D06C
:1005E00034F48014EAD0294B1C4240D001238DF80A
:1005F0000030D6F84C35DBB2694638460193FFF738
:1006000079FFC5E7A30129D5032514F4002F8DF840
:10061000005024F0C36417D10123694638468DF891
:100620000430FFF767FF002CC9D0194B1C4224D0BF
:1006300034F4002410D0154B1C421ED004238DF836
:100640000030D6F83C35D6E7694638468DF80420A8
:10065000FFF750FF002CEED10425B0E7D6F8D024E8
:10066000C6F8D02406213846FFF749FF93E7D6F8AD
:10067000D024C6F8D0240221F5E7D6F8D024C6F855
:10068000D0240521EFE700BF02001006020000069B
:1006900002000806037906490C225A438A5832B9E7
:1006A00003EB4303006801EB8301FFF739BF704799
:1006B0003CB6002001490248FFF732BF3CB600209B
:1006C0000030004002494FF04020FFF729BF00BF33
:1006D00048B600201F2886BF00F01F00054A4FF0D3
:1006E000A04240F2026300F5E07043EA810142F863
:1006F00020107047000300501F2886BF00F01F0025
:10070000044B4FF0A04300F5E070022243F8202094
:10071000704700BF000300502DE9F84FDFF8F8A044
:1007200090F804900C2303FB09A30D461B7A904616
:10073000002B68D10668364B304653F8291000F07C
:10074000A9F90746002860D14FF0FF3B46F3073474
:10075000C6F80005C6F808B52046C6F80CB5FFF780
:100760009FFEC6F808B3297CA868FFF7B3FF697C31
:10077000E868FFF7AFFFD5E9003253EA02013BD04A
:10078000003B18BF01230AB143F00203AA7C002CEE
:100790004FEA4212D2B231DB04F1604101F561410E
:1007A00081F8002304F01F016409A40004F16044EF
:1007B00004F5614401228A40C4F880212260D5E911
:1007C0000221C6F808252A78C6F80C15C6F888252F
:1007D0002A79C6F88C25C6F894350C2303FB09F951
:1007E0000AEB090300229A724AF809805A72012220
:1007F0001A723846BDE8F88F0123C7E7054904F0AF
:100800000F040A55DBE70827F3E71127F1E700BFDC
:1008100054A9020014ED00E03CB6002073B5046852
:100820000579D4F80C15D4F8080502AB03E90300E8
:100830004FF0FF360023C4F8003544F30730C4F806
:100840000865C4F80C65FFF72BFEC4F80863009B2D
:10085000002B02DB0098FFF74FFF019B002B02DB10
:100860000198FFF749FF204600F02CF904490C23BA
:100870006B43C8180022CA50027202B070BD00BF9C
:100880003CB6002010B503464FF4827100681C7915
:10089000FFF718FE4FF49271FFF714FE4FF4A671A4
:1008A000FFF710FE4FF4A871FFF70CFE4FF4B27182
:1008B000FFF708FE0C224FF4B471FFF703FE62430A
:1008C000084B9A5812B1084AC0F804230922C0F80C
:1008D00000250C2202FB0433022100225A60197207
:1008E0005A7210BD3CB60020020218060368074980
:1008F0000279C3F808130021C3F80015044B0C213A
:1009000001FB023301221A72704700BF020218066F
:100910003CB6002030B5104B04790C2505FB0433A0
:100920001B7A022B11D101F06043B3F1005F0ED1AD
:10093000B2F5803F0DD20368D2B2C3F84415C3F8B4
:10094000482501225A63002030BD0820FCE7102012
:10095000FAE70920F8E700BF3CB6002030B5104B9D
:1009600004790C2505FB04331B7A022B11D101F00D
:100970006043B3F1005F0ED1B2F5803F0DD2036842
:10098000D2B2C3F83415C3F8382501221A63002007
:1009900030BD0820FCE71020FAE70920F8E700BF87
:1009A0003CB6002010B50446FFF774FE2279044BD4
:1009B0000C2101FB0233587A431E5842584110BDA6
:1009C0003CB6002010B50446FFF764FE2279044BC4
:1009D0000C2101FB0233587AC31E5842584110BD06
:1009E0003CB6002010B50446FFF754FE2279044BB4
:1009F0000C2101FB0233587A831E5842584110BD26
:100A00003CB6002010B50446FFF744FE2279044BA3
:100A10000C2101FB0233587A031F5842584110BD84
:100A20003CB600200E4B9842024610D0B0F1402F49
:100A30000FD003F5003398420DD0A3F580339842D0
:100A40000BD0084908488A4218BF00207047074861
:100A5000704707487047074870470748704700BF0E
:100A6000003000400020004054B6002074B6002042
:100A70006CB6002064B600205CB60020014B1B68F9
:100A8000184700BF74B60020014B1B68184700BF11
:100A90006CB6002038B50D46FFF7C4FF044608B910
:100AA000002038BD0020FDF73AFC207920B100205D
:100AB000FDF737FC1120F4E7012325602371FDF7D2
:100AC00030FCEDE708B5FFF7ADFF10B10023036080
:100AD000037108BD004870475CA90200FBF736BBF4
:100AE000FBF786BB014BD3F80405704700100140AB
:100AF0004FF400320121FBF793BB000008B5F9F772
:100B0000BDFD064B01221A70054B4FF40032C3F8AD
:100B10000021BDE80840F9F7C7BD00BFFCAF0020C9
:100B200000E100E0024B4FF40032C3F808237047A5
:100B300000100140054B002282B0C3F84421D3F8D5
:100B400044310193019B02B0704700BF0010014087
:100B500081F0004102E000BF83F0004330B54FEA6E
:100B600041044FEA430594EA050F08BF90EA020FDB
:100B70001FBF54EA000C55EA020C7FEA645C7FEA6E
:100B8000655C00F0E2804FEA5454D4EB5555B8BF91
:100B90006D420CDD2C4480EA020281EA030382EA02
:100BA000000083EA010180EA020281EA0303362D94
:100BB00088BF30BD11F0004F4FEA01314FF4801C67
:100BC0004CEA113102D0404261EB410113F0004F79
:100BD0004FEA03334CEA133302D0524263EB430330
:100BE00094EA050F00F0A780A4F10104D5F1200ECE
:100BF0000DDB02FA0EFC22FA05F2801841F1000129
:100C000003FA0EF2801843FA05F359410EE0A5F1FC
:100C100020050EF1200E012A03FA0EFC28BF4CF02D
:100C2000020C43FA05F3C01851EBE37101F00045E3
:100C300007D54FF0000EDCF1000C7EEB00006EEBF0
:100C40000101B1F5801F1BD3B1F5001F0CD349087A
:100C50005FEA30004FEA3C0C04F101044FEA4452D1
:100C600012F5800F80F09A80BCF1004F08BF5FEA58
:100C7000500C50F1000041EB045141EA050130BD38
:100C80005FEA4C0C404141EB010111F4801FA4F1DB
:100C90000104E9D191F0000F04BF01460020B1FA30
:100CA00081F308BF2033A3F10B03B3F120020CDA68
:100CB0000C3208DD02F1140CC2F10C0201FA0CF046
:100CC00021FA02F10CE002F11402D8BFC2F1200CAB
:100CD00001FA02F120FA0CFCDCBF41EA0C01904061
:100CE000E41AA2BF01EB0451294330BD6FEA0404AA
:100CF0001F3C1CDA0C340EDC04F11404C4F1200295
:100D000020FA04F001FA02F340EA030021FA04F3A6
:100D100045EA030130BDC4F10C04C4F1200220FAFD
:100D200002F001FA04F340EA0300294630BD21FA3B
:100D300004F0294630BD94F0000F83F4801306BF01
:100D400081F480110134013D4EE77FEA645C18BFF5
:100D50007FEA655C29D094EA050F08BF90EA020F8C
:100D600005D054EA000C04BF1946104630BD91EA84
:100D7000030F1EBF0021002030BD5FEA545C05D187
:100D80004000494128BF41F0004130BD14F58004C6
:100D90003CBF01F5801130BD01F0004545F0FE413A
:100DA00041F470014FF0000030BD7FEA645C1ABF6F
:100DB000194610467FEA655C1CBF0B46024650EAA6
:100DC000013406BF52EA033591EA030F41F40021D2
:100DD00030BD00BF90F0000F04BF0021704730B558
:100DE0004FF4806404F132044FF000054FF000012D
:100DF00050E700BF90F0000F04BF0021704730B5EE
:100E00004FF4806404F1320410F0004548BF4042C2
:100E10004FF000013EE700BF42004FEAE2014FEA17
:100E200031014FEA02701FBF12F07F4393F07F4FF2
:100E300081F06051704732F07F4208BF704793F0F5
:100E40007F4F04BF41F40021704730B54FF4607408
:100E500001F0004521F000411CE700BF50EA01020B
:100E600008BF704730B54FF000050AE050EA0102B4
:100E700008BF704730B511F0004502D5404261EB24
:100E800041014FF4806404F132045FEA915C3FF465
:100E9000D8AE4FF003025FEADC0C18BF03325FEA02
:100EA000DC0C18BF033202EBDC02C2F1200300FAB3
:100EB00003FC20FA02F001FA03FE40EA0E0021FAD8
:100EC00002F11444BDE600BF70B54FF0FF0C4CF4C6
:100ED000E06C1CEA11541DBF1CEA135594EA0C0F78
:100EE00095EA0C0F00F0DEF82C4481EA030621EAB3
:100EF0004C5123EA4C5350EA013518BF52EA0335EE
:100F000041F4801143F4801338D0A0FB02CE4FF09F
:100F10000005E1FB02E506F00042E0FB03E54FF0CF
:100F20000006E1FB03569CF0000F18BF4EF0010EC7
:100F3000A4F1FF04B6F5007F64F5407404D25FEAC3
:100F40004E0E6D4146EB060642EAC62141EA555176
:100F50004FEAC52040EA5E504FEACE2EB4F1FD0CB8
:100F600088BFBCF5E06F1ED8BEF1004F08BF5FEA36
:100F7000500E50F1000041EB045170BD06F00046E8
:100F800046EA010140EA020081EA0301B4EB5C0495
:100F9000C2BFD4EB0C0541EA045170BD41F480118D
:100FA0004FF0000E013C00F3AB8014F1360FDEBFB2
:100FB000002001F0004170BDC4F10004203C35DA8E
:100FC0000C341BDC04F11404C4F1200500FA05F311
:100FD00020FA04F001FA05F240EA020001F00042B2
:100FE00021F0004110EBD37021FA04F642EB060128
:100FF0005EEA430E08BF20EAD37070BDC4F10C0452
:10100000C4F1200500FA04F320FA05F001FA04F215
:1010100040EA020001F0004110EBD37041F1000101
:101020005EEA430E08BF20EAD37070BDC4F120050C
:1010300000FA05F24EEA020E20FA04F301FA05F274
:1010400043EA020321FA04F001F0004121FA04F21C
:1010500020EA020000EBD3705EEA430E08BF20EAEC
:10106000D37070BD94F0000F0FD101F00046400026
:1010700041EB010111F4801F08BF013CF7D041EAA8
:10108000060195F0000F18BF704703F000465200AC
:1010900043EB030313F4801F08BF013DF7D043EA7D
:1010A0000603704794EA0C0F0CEA135518BF95EA33
:1010B0000C0F0CD050EA410618BF52EA4306D1D1BA
:1010C00081EA030101F000414FF0000070BD50EAD9
:1010D000410606BF1046194652EA430619D094EA63
:1010E0000C0F02D150EA013613D195EA0C0F05D14D
:1010F00052EA03361CBF104619460AD181EA0301A1
:1011000001F0004141F0FE4141F470014FF0000058
:1011100070BD41F0FE4141F4780170BD70B54FF0F3
:10112000FF0C4CF4E06C1CEA11541DBF1CEA135573
:1011300094EA0C0F95EA0C0F00F0A7F8A4EB050455
:1011400081EA030E52EA03354FEA013100F088804C
:101150004FEA03334FF0805545EA131343EA126315
:101160004FEA022245EA111545EA10654FEA0026CA
:101170000EF000419D4208BF964244F1FD0404F583
:10118000407402D25B084FEA3202B61A65EB0305DF
:101190005B084FEA32024FF480104FF4002CB6EB9C
:1011A000020E75EB030E22BFB61A754640EA0C001C
:1011B0005B084FEA3202B6EB020E75EB030E22BF5C
:1011C000B61A754640EA5C005B084FEA3202B6EB9D
:1011D000020E75EB030E22BFB61A754640EA9C005C
:1011E0005B084FEA3202B6EB020E75EB030E22BF2C
:1011F000B61A754640EADC0055EA060E18D04FEAEA
:10120000051545EA16754FEA06164FEAC30343EA89
:1012100052734FEAC2025FEA1C1CC0D111F4801F56
:101220000BD141EA00014FF000004FF0004CB6E74F
:1012300011F4801F04BF01430020B4F1FD0C88BFEE
:10124000BCF5E06F3FF6AFAEB5EB030C04BFB6EBF9
:10125000020C5FEA500C50F1000041EB045170BDEC
:101260000EF0004E4EEA113114EB5C04C2BFD4EB19
:101270000C0541EA045170BD41F480114FF0000E9D
:10128000013C90E645EA060E8DE60CEA135594EA19
:101290000C0F08BF95EA0C0F3FF43BAF94EA0C0F1C
:1012A0000AD150EA01347FF434AF95EA0C0F7FF491
:1012B00025AF104619462CE795EA0C0F06D152EAE5
:1012C00003353FF4FDAE1046194622E750EA4106C9
:1012D00018BF52EA43067FF4C5AE50EA41047FF4DA
:1012E0000DAF52EA43057FF4EBAE12E74FF0FF3C3F
:1012F00006E000BF4FF0010C02E000BF4FF0010C10
:101300004DF804CD4FEA410C7FEA6C5C4FEA430C88
:1013100018BF7FEA6C5C1BD001B050EA410C0CBFD7
:1013200052EA430C91EA030F02BF90EA020F002039
:10133000704710F1000F91EA030F58BF994208BFA0
:1013400090422CBFD8176FEAE37040F0010070475D
:101350004FEA410C7FEA6C5C02D150EA013C07D1B4
:101360004FEA430C7FEA6C5CD6D152EA033CD3D0FF
:101370005DF8040B704700BF8446104662468C46F9
:101380001946634600E000BF01B5FFF7B7FF00282C
:1013900048BF10F1000F01BD4DF808EDFFF7F4FF55
:1013A0000CBF012000205DF808FB00BF4DF808EDE0
:1013B000FFF7EAFF34BF012000205DF808FB00BF03
:1013C0004DF808EDFFF7E0FF94BF012000205DF825
:1013D00008FB00BF4DF808EDFFF7CEFF94BF0120DA
:1013E00000205DF808FB00BF4DF808EDFFF7C4FFD3
:1013F00034BF012000205DF808FB00BF4FEA410C1C
:101400007FEA6C5C02D150EA013C0AD14FEA430CFE
:101410007FEA6C5C02D152EA033C02D14FF000003B
:1014200070474FF0010070474A0011D212F50012C8
:1014300011D20DD56FF47873B3EB62520ED44FEA2C
:10144000C12343F0004343EA505323FA02F07047AC
:101450004FF00000704750EA013002D14FF0FF30EA
:1014600070474FF0000070474FEA4102B2F1E0438D
:1014700024BFB3F5001CDCF1FE5C0DD901F0004C7B
:101480004FEAC0024CEA5070B2F1004F40EB8300CB
:1014900008BF20F00100704711F0804F21D113F1F7
:1014A0003872BCBF01F00040704741F480114FEA30
:1014B0005252C2F11802C2F1200C10FA0CF320FAB9
:1014C00002F018BF40F001004FEAC1234FEAD323D6
:1014D00003FA0CFC40EA0C0023FA02F34FEA430340
:1014E000CCE77FEA625307D150EA01331EBF4FF0C9
:1014F000FE4040F44000704701F0004040F0FE40E4
:1015000040F40000704700BF7BB972B90029BEBF2C
:1015100000204FF0004106E008BF00281CBF6FF01C
:1015200000414FF0FF3000F0BDB9ADF1080C6DE99E
:1015300004CE002909DB002B1ADB00F04DF8DDF8A2
:1015400004E0DDE9022304B07047404261EB410151
:10155000002B1BDB00F040F8DDF804E0DDE902239E
:1015600004B0404261EB4101524263EB43037047D8
:10157000524263EB430300F02FF8DDF804E0DDE9AD
:10158000022304B0404261EB41017047524263EBD9
:10159000430300F021F8DDF804E0DDE9022304B0A4
:1015A000524263EB4303704753B94AB9002908BF5D
:1015B00000281CBF4FF0FF314FF0FF3000F072B930
:1015C000ADF1080C6DE904CE00F006F8DDF804E09A
:1015D000DDE9022304B070472DE9F047089E044678
:1015E0008846002B4BD18A42154667D9B2FA82F25F
:1015F0004AB1C2F1200701FA02F320FA07F7954039
:1016000047EA030894404FEA154E230CB8FBFEF757
:101610001FFA85FC0EFB178843EA084307FB0CF111
:10162000994209D9EB1807F1FF3080F01B819942EC
:1016300040F21881023F2B445B1AA4B2B3FBFEF0C8
:101640000EFB103344EA034400FB0CFCA44509D90B
:101650002C1900F1FF3380F00781A44540F204818A
:1016600002382C4440EA0740A4EB0C0400271EB1CA
:10167000D4400023C6E900433946BDE8F0878B42D9
:1016800009D9002E00F0EB800027C6E9000138469A
:101690003946BDE8F087B3FA83F7002F47D18B4274
:1016A00002D3824200F2FA80841A61EB0303012024
:1016B0009846002EE0D0C6E90048DDE702B9FFDE1B
:1016C000B2FA82F2002A40F08F80491B4FEA154E91
:1016D0001FFA85F80127B1FBFEFC230C0EFB1C1141
:1016E00043EA014308FB0CF1994207D9EB180CF1CE
:1016F000FF3002D2994200F2CD808446591AA3B23B
:10170000B1FBFEF00EFB101443EA044408FB00F8A2
:10171000A04507D92C1900F1FF3302D2A04500F2F1
:10172000B6801846A4EB080440EA0C409FE7C7F1D6
:10173000200CBB4022FA0CFE4EEA030E01FA07F41D
:1017400020FA0CF521FA0CF34FEA1E482543B3FBAF
:10175000F8F92C0C08FB19331FFA8EFA44EA0343FC
:1017600009FB0AF49C4202FA07F200FA07F10BD9CE
:101770001EEB030309F1FF3080F087809C4240F2AA
:101780008480A9F1020973441B1BADB2B3FBF8F0CE
:1017900008FB103345EA034400FB0AFAA24508D9C6
:1017A0001EEB040400F1FF336BD2A24569D9023865
:1017B000744440EA0940A0FB0289A4EB0A044C45AA
:1017C000C2464B4654D351D0002E69D0B1EB0A0526
:1017D00064EB030404FA0CFCFD40FC404CEA0505F4
:1017E000C6E90054002747E7C2F1200320FA03F7B7
:1017F000954001FA02F021FA03F34FEA154E3843FF
:10180000010CB3FBFEF71FFA85F80EFB173341EA14
:10181000034107FB08F38B4204FA02F407D9691865
:1018200007F1FF3C2FD28B422DD9023F2944CB1A1E
:1018300081B2B3FBFEF00EFB103341EA034100FB23
:1018400008F38B4207D9691800F1FF3C17D28B428D
:1018500015D902382944C91A40EA07473BE73746F9
:10186000304609E70746E7E61846FBE64145ABD2B6
:10187000B8EB020A69EB0E0201381346A4E7604692
:10188000E9E7184695E76746D1E781467CE70238E5
:101890002C4447E7ACF1020C2B442FE7384608E70D
:1018A0003746E9E6704700BF00F054B810B52DED9B
:1018B000028B8AB008EE100A00F006F9234B93F968
:1018C0000040631C09D0B4EE488AF1EE10FA04D649
:1018D000B5EEC08AF1EE10FA03D40AB0BDEC028B6B
:1018E00010BD01231A4A009318EE100A002301923A
:1018F0000893FFF791FA0022CDE90401CDE9020136
:101900000023ACB110461946FFF708FC022CCDE9C4
:1019100006010FD100F0CCF921230360089B7BB9AD
:10192000DDE90601FFF7A0FD0AB0BDEC028B10BD9A
:10193000CDE90623684600F0CFF80028EED1E9E7AC
:1019400000F0B6F9089B0360EAE700BF0A06002032
:1019500068A9020030B583B007EE900A0191019B9F
:1019600023F00042B2F1FF4F17DC20F00041B1F14B
:10197000FF4F054611DCB3F17E5F3FD09C1704F0AA
:10198000020444EAD07481B9022C4CD09FED437A12
:10199000032C08BFF0EE477A03E09DED017A77EE65
:1019A000277A17EE900A03B030BDF2B1B2F1FF4FC3
:1019B00029D0B1F1FF4F18D08A1AD2153C2A35DC54
:1019C000002B36DA3C3234DADFED357A012C47D0A1
:1019D000022C3CD0002CE4D0DFED326A9FED327A4D
:1019E00077EEA67A77EEC77ADBE7DFED307A9FED08
:1019F000307A002DB8BFF0EE477AD2E703B0BDE8E9
:101A0000304000F06BB8B1F1FF4F30D0022C0AD05B
:101A1000032C39D0DFED277A9FED217A012C18BFF6
:101A2000F0EE477ABDE7DFED207ABAE7DFED1F7A07
:101A3000CCE7019807EE100AC7EE877A17EE900AF6
:101A400000F02AF900F04AF807EE900ABEE7DFED51
:101A5000156A9FED157A77EEA67A77EE677AA0E79A
:101A600017EE903A03F1004307EE903A99E7022C03
:101A700010D0032C0BD0DFED107A9FED107A012CE3
:101A800018BFF0EE477A8CE7DFED047A89E7DFEDE7
:101A90000C7A86E7DFED0B7A83E700BFDB0F49C0E6
:101AA000000000002EBDBB33DB0F4940DB0FC93FF8
:101AB000DB0FC9BF00000080DB0F49BFDB0F493FD0
:101AC000E4CB16C0E4CB164007EE900AF1EEE77ABD
:101AD00017EE900A704700BF0020704738B520F01D
:101AE0000044B4F1A14F07EE900A05460DDBB4F1B6
:101AF000FF4F5CDC9FED557ADFED557A0028C8BFBB
:101B0000F0EE477A17EE900A38BD524B9C4261DCEA
:101B1000B4F1445F50DB4FF0FF3327EEA76A9FED2F
:101B20004E1A9FED4E2ADFED4E1ADFED4E2A9FED45
:101B30004E3ADFED4E3A9FED4E4ADFED4E4A9FEDB5
:101B40004E5A9FED4E7ADFED4E5A66EE066A5A1CEB
:101B5000A6EE812AE6EEA12AA2EE263AE2EEA63A07
:101B6000A3EE264AE3EEA64AA4EE265AA4EEA67AEF
:101B7000E5EE265A27EE267AA5EE867A27EE277A14
:101B80003FD04049404A9B001944D1ED006A37EEEE
:101B9000667A134437EE677AD3ED007A77EEC77A28
:101BA000002DB8BFF1EE677A17EE900A38BD77EED8
:101BB000A77A17EE900A38BD9FED347A37EE877A10
:101BC000F7EE006AB4EEE67AF1EE10FAA3DD17EE56
:101BD000900A38BD00F060F82D4B9C4207EE100AC9
:101BE00014DCA3F5D0039C4225DCF0EE007AFFEE76
:101BF000006AE7EE276A002337EE277AC6EE877A77
:101C00008BE777EEC77A17EE900A38BD214B9C42DE
:101C10000BDCF7EE087AF7EE006AE7EE276A02239C
:101C200037EE677AC7EE267A77E7FFEE006AC6EEF0
:101C3000877A032371E7F7EE007A77EE676A37EE6B
:101C4000277A0123C6EE877A67E700BFDB0FC93F1B
:101C5000DB0FC9BFFFFFDF3ED769853C59DA4B3D3B
:101C600021A215BD6BF16EBD356B883D95879DBD7D
:101C70006E2EBA3D388EE3BD2549123ECDCC4CBE0A
:101C8000ABAAAA3E80A9020070A90200CAF249715B
:101C9000FFFF973FFFFF1B4020F00040704700BF51
:101CA00008B5062001F0C8FC0120F9F70BF800BFC9
:101CB000014B1868704700BF0C06002070B5002962
:101CC00048D005460C4610B1836B002B48D0626E9D
:101CD000B4F90C30D00740D4990530D521462846B8
:101CE00000F05CF8E36A064633B1E169284698479C
:101CF0000028B8BF4FF0FF36A3891A063CD4216BE9
:101D000041B104F14003994202D02846F8F708FC9B
:101D100000232363616C21B12846F8F701FC0023FE
:101D2000636400F0E9F9636E0022DB07A2811FD52E
:101D3000A06D00F0B1FD00F0E5F9304670BDA06D7A
:101D400000F0ACFDB4F90C30002BC7D1666E16F074
:101D5000010616D00026304670BD002BFAD0BDE734
:101D600000F04CF9626EB4F90C30D007F5D4B3E74B
:101D7000A06D00F095FDDBE721692846F8F7D0FB60
:101D8000BDE7A06D00F08CFD304670BD024B0146F2
:101D90001868FFF793BF00BF0C060020B1F90C30A4
:101DA0009AB22DE9F0410C461107804644D462688E
:101DB00043F40063002AA38159DDA56A002D53D0A6
:101DC00000229BB2D8F80060E169C8F8002013F443
:101DD000805240F0838001234046A847421C4AD0ED
:101DE000A389A56AE1695B0705D56268236B801A40
:101DF0000BB1E36BC01A024600234046A847471CBC
:101E000045D0B4F90C302269226023F4006300222B
:101E1000A381DB04626000D52065216BC8F80060F7
:101E200011B304F14003994202D04046F8F778FB21
:101E300000202063BDE8F0812669AEB125682660E8
:101E400092070CBF63690023AD1BA3600AE02B4619
:101E50003246676AE1694046B8470028A5EB0005AD
:101E600006442BDD002DF2DC0020BDE8F081E26BA2
:101E7000002AA2DCF8E7D8F80030002BB0D01D2BE8
:101E800001D0162B2CD1C8F800600020EDE7D8F85F
:101E900000101D291AD8154BB4F90C20CB40DB4398
:101EA00013F0010314D1256922F40062C4E9005340
:101EB000D504A281B1D50029AFD1ADE7A38943F004
:101EC0004003A3814FF0FF30BDE8F081B4F90C204E
:101ED00042F04002A2814FF0FF30C6E7206D82E75A
:101EE000A38943F04003A381BFE700BF0100402066
:101EF00038B50D46044608B1836BA3B1B5F90C00A3
:101F0000B8B16B6EDB0701D481051AD5204629468E
:101F1000FFF744FF6B6EDA07044602D4AB899B05DA
:101F20000AD5204638BD00F069F8B5F90C00002844
:101F3000E7D10446204638BDA86D00F0B1FC20462C
:101F400038BDA86D00F0AAFCE0E700BF20B1054B4A
:101F500001461868FFF7CCBF034B0449186800F02E
:101F60004BBC00BF0C06002094AA0200F11E020028
:101F700010B5002304468181C281C0E9003383602B
:101F80004366C0E904338361194608225C3001F0DE
:101F90004FF907480749084A084BE362C4E907407C
:101FA000C4E9091204F15800BDE8104000F072BC09
:101FB0007536020099360200D5360200F536020069
:101FC000014900F019BC00BFBD1C020070B54A1EDB
:101FD000682505FB02F50E4605F17401F8F75EFA77
:101FE000044640B100210C30666005F168022160B2
:101FF000A06001F01DF9204670BD00BF10B5044679
:10200000124800F04BFCA26BD2B904F53B731048A8
:10201000C4F8E8320321C4F8E022E063C4F8E41213
:1020200060680421FFF7A4FF01220921A068FFF7DF
:102030009FFF02221221E068FFF79AFF0123A363AA
:102040000248BDE8104000F02BBC00BFB4B6002031
:10205000C11F020070B50646244800F01FFC244B47
:102060001D68AB6B83B305F53875D5E90134013BC9
:1020700005D525E0013B5A1C04F1680420D0B4F9D1
:102080000C20002AF6D100251A4BE36004F1580019
:10209000656600F0FFFB154800F002FC2560C4E90E
:1020A0000155C4E90455A5612946082204F15C00E4
:1020B00001F0BEF8C4E90C55C4E91155204670BDC5
:1020C0002C682CB12546D0E72846FFF797FFCAE7D2
:1020D00004213046FFF77AFF044628600028F1D13A
:1020E000024800F0DDFB0C233360E7E7C0B60020B8
:1020F00094AA02000100FFFF014800F0CFBB00BF1F
:10210000C0B60020014800F0CBBB00BFC0B6002025
:10211000F0B5134683B00F4601AA1946064603F0F0
:102120002DFF002836D005463046FFF793FF0446C2
:1021300000282FD039464FF4DB73019A304601F066
:10214000C1F8071E30DB636EDB0715D51C4B1D493C
:102150001D4AE781C4E90743C4E909121B4BA58165
:10216000E905E3620FD4636EDA0702D4A3899B0505
:1021700014D5204603B0F0BDA3899805E6D4A06D20
:1021800000F08CFBE2E7304602230022214600F0FB
:102190006BF9E8E70024204603B0F0BDA06D00F025
:1021A0007FFB204603B0F0BD0025FFF7A5FFA5810A
:1021B000A06D00F071FB2C46FFF7A4FFD9E700BF2C
:1021C0007536020099360200D5360200F536020057
:1021D000024B0A4601461868FFF79ABF0C0600201A
:1021E000F8B5244F0C460646F8F77BFDBB685D68E2
:1021F000C4F57E610F3125F00305294421F47F6188
:1022000021F00F01A1F58054B4F5805F07DB0021B8
:10221000304601F00BF9BB682B44984204D030469D
:10222000F8F763FD0020F8BD6142304601F0FEF88A
:1022300001300DD0104BBA6819682D1B45F001050F
:102240003046091B55601960F8F74FFD0120F8BDB5
:102250000021304601F0EAF8BA68831A0F2BDEDD60
:10226000064C0549246843F00103001B53600860D5
:10227000D5E700BFA40B00207CB60020AC0F0020E7
:10228000002953D0F8B50C460646F8F72AFD54F855
:1022900004CC714F2CF00101A4F108056B18B8684B
:1022A0005A68984222F0030253D01CF0010F5A6082
:1022B00003EB02003BD154F808CC4068A5EB0C05B9
:1022C00007F1080EAC687445614400F0010075D058
:1022D000D5F80CC0C4F80CC0CCF8084060B341F08D
:1022E00001036B606950B1F5007F50D34B0A042B9A
:1022F00070D88B0903F13904E40003F1380238196E
:102300003B590838984278D05A6822F003028A4232
:1023100071D99B689842F7D1C368C5E902039D60F3
:10232000C5603046BDE8F840F8F7DFBC704740684C
:1023300000F001000028D2D19868484C1144A04216
:1023400041F0010262D0DB68C36098606A60695046
:10235000C9E71CF0010F0A4407D154F8083CED1AF4
:102360001A44D5E90213CB6099603D4B1B6842F0DB
:10237000010193426960BD6004D83A4B3046196848
:10238000FFF72EFF3046BDE8F840F8F7AEBCC908AD
:1023900078684A1C012389108B40034307EBC20174
:1023A00057F832007B600839C5E9020147F832501E
:1023B000C5603046BDE8F840F8F797BC002845D125
:1023C0000A44D3E9021342F00100CB6099606860CF
:1023D000AA50D7E7142B08D9542B1ED80B0B03F1A6
:1023E0006F04E40003F16E0289E703F15C04E4008A
:1023F00003F15B0283E718468EE7931079680122A8
:1024000002FA03F30B437B60034686E7C7E90455F2
:10241000C5E902006A606950B4E7B3F5AA7F06D83F
:10242000CB0B03F17804E40003F1770267E740F295
:102430005452934206D88B0C03F17D04E40003F15F
:102440007C025CE74FF47E747E2258E741F0010283
:102450006A60196096E700BFA40B0020AC0B002057
:10246000B00F0020ACB6002000F000B82DE9F04F0E
:102470000C4697B091461F46064618B1836B002B59
:1024800000F08F80626EA389D20702D49D0540F1CF
:10249000A18003F48473B3F5847F00F09680D4F8B0
:1024A0002880B8F1000F7FD0012F13D0022F00F049
:1024B0008780002F00F08480636E1622D907326077
:1024C00002D4A3899A0577D54FF0FF35284617B077
:1024D000BDE8F08F21463046FFF70AFDA38913F4CB
:1024E000805240F03181E1693B463046C047411C93
:1024F000054600F0DC80A38922695F0740F1E8808F
:102500006368216BED1A09B1E06B2D1AA9444FF0F5
:10251000010A0027002A00F0E580B4F90C3040F6EB
:102520001A019AB20A4208D1520566D4944A9045DB
:1025300000F0FB8043F40063A38121463046FFF79F
:10254000D7FC002840F0BF803B464A46E169304650
:10255000C047013000F0B780216B41B104F1400366
:10256000994202D03046F7F7DBFF00232363A389AB
:102570002269226023F402630021A38161600822A2
:1025800004F15C0000F054FE656E15F0010503D106
:10259000A3899B0540F193800025284617B0BDE82C
:1025A000F08FFFF72BFD6DE7636E1D22D8073260B9
:1025B0008AD4A3899A0587D4A06D00F071F983E7C6
:1025C0004FF0000A22695546A4E721463046FFF73E
:1025D0008FFC64E7A06D00F061F9A38959E7019AC7
:1025E000B4F90C3002F47042B2F5004FA2D143F4BA
:1025F00080634FF48062A381E264002F40F0888002
:10260000CB46BAF1000F72D1A389DB047ED45246C7
:102610000123E1693046C047451C8ED06368216BB9
:10262000C51A1A46002968D0E06B2D1AA26BD4F89F
:1026300010C01D44A2EB0C02AD1A0244AB4580F25F
:102640008580E56CE1696D4205EA0B052A460023A9
:102650003046C04701303FF470AF2369216B2360DF
:102660000023636041B104F14003994202D0304637
:10267000F7F756FF00232363A389BBEB050B23F079
:102680002003A38110D02146304600F043FE0028ED
:102690007FF453AF63685B45FFF44FAF2268A3EB51
:1026A0000B035A44C4E900230822002168E7636E43
:1026B000DA073FF509AFA3899B053FF505AFA06D8C
:1026C00000F0EEF802E7636ED9077FF5FAAEFBE69D
:1026D00018077FF51BAF2368002B3FF417AF9B1A39
:1026E0001D4413E72146304600F00AF915E7216B37
:1026F00011B16368E06B99E762682068D4F810C094
:10270000A0EB0C002D1A0244002197E7206D85E70D
:102710006A46B4F90E10304600F034F800287FF411
:102720000CAF049B09EB030B6BE7B4F90E10002907
:10273000FFF600AF6A46304600F024F800283FF468
:102740004EAFB4F90C30F5E6256DD5E6AB185B4518
:102750007FF677AFABEB05050CEB0503521BC4E925
:10276000003241B104F14003994202D03046F7F7FC
:10277000D7FE00232363A38923F02003A38193E7DB
:10278000D536020038B50B46074C054611461846AB
:1027900000232360F8F7A0FC431C00D038BD236859
:1027A000002BFBD02B6038BDB0B600202DE9F041E6
:1027B00010F538771BD088460026D7E90154013D33
:1027C0000FD4A389012B05F1FF35204605D9B4F9B3
:1027D0000E30013301D0C04706436B1C04F168047E
:1027E000EFD13F68002FE8D13046BDE8F0813E468A
:1027F0003046BDE8F08100BF2DE9F84310F5387789
:102800001FD0884606464FF00009D7E90154013D24
:1028100011D4A389012B05F1FF352146304606D995
:10282000B4F90E30013302D0C04749EA00096B1CED
:1028300004F16804EDD13F68002FE6D14846BDE8B9
:10284000F883B9464846BDE8F88300BF70B50D4E21
:102850000D4D761BB61006D00024013455F8043B0C
:102860009847A642F9D1094E094D761B03F0C4FFE3
:10287000B61006D00024013455F8043B9847A64210
:10288000F9D170BDB80F0020B80F0020DC0F002078
:10289000B80F0020704700BF704700BF704700BFEF
:1028A000704700BF70B50C46B1F90E10002996B004
:1028B00015461E460FDAA289002312F0800033600D
:1028C00004D14FF480632B6016B070BD40221846CF
:1028D0002A6016B070BD6A46FFF754FF0028EADB95
:1028E000019B03F47043A3F50053B3FA83F35B0930
:1028F0004FF480624FF4006033602A6016B070BD00
:102900008A8992070B4606D501F1430201211A601C
:10291000C3E90421704770B582B001AB6A460C462A
:102920000546FFF7BFFF009906462846F7F7B6FDB4
:10293000B4F90C30D8B11649E963019A00992060C6
:1029400043F08003A381C4E904011AB93343A3818E
:1029500002B070BD2846B4F90E1003F049FBA0B1D7
:10296000A38923F0030343F001031BB2EEE79A05AA
:10297000EED423F0030304F1430243F002030121E8
:10298000A3812260C4E90421E2E7B4F90C30DDE759
:10299000C11F0200024B01461868F7F77FBD00BF58
:1029A0000C060020024B01461868F7F7B9BD00BFBE
:1029B0000C0600202DE9F04F01F10B05162D83B018
:1029C000064623D8102900F2B980F8F78AF91025B5
:1029D00018230220C54F3B44A3F108025C689442CF
:1029E00000F06681636823F003032344D4E90251B5
:1029F0005A68E96042F001028D6030465A60F8F78B
:102A000074F90834204603B0BDE8F08F35F00705AF
:102A100000F19480A94200F29180F8F762F9B5F5CF
:102A2000FC7FC0F083816B0A00F08F80042B00F2E2
:102A30004681AB0903F1390003F1380CC300AB4FF9
:102A40003B44A3F108015C68A14206D10CE0002AD6
:102A500080F21D81E468A14206D0636823F003037D
:102A60005A1B0F2AF3DD60463C69DFF894C26445C7
:102A700071D0636823F003035A1B0F2A00F34481CB
:102A8000002AC7E904CC80F22681B3F5007F80F0EC
:102A90006981DB08591C7A6857F83180C4F80880CE
:102AA0004FF0010E9B100EFA03F307EBC10E134318
:102AB000AEF10802E2607B6047F83140C8F80C4094
:102AC0008210012494409C424BD81C4206D120F035
:102AD000030064001C4200F10400FAD007EBC009B7
:102AE000CE468046DEF80C309E4507D122E1002A12
:102AF00080F22981DB689E4500F01C81596821F035
:102B000003014A1B0F2AF2DDD3E9028E5C1945F05E
:102B100001055D6042F00105C8F80CE03046CEF8D2
:102B20000880C7E90444C4E902CC65605A500193A7
:102B3000F8F7DBF8019B03F1080463E700240C239A
:102B40002046336003B0BDE8F08F4FF4007340209F
:102B50004FF03F0C73E77B688210012494409C4245
:102B6000B3D9BC68636823F00309A94503D3A9EB73
:102B700005030F2B7BDC5E4BDFF888A11A68DAF8BF
:102B80000030013305EB020800F0488108F5805859
:102B900008F10F0828F47F6828F00F0841463046F6
:102BA00000F044FCB0F1FF3F834600F0048104EBE9
:102BB0000900584500F2FD804E4A136843441360F3
:102BC00000F04D81DAF8001001311BBFABEB0000C3
:102BD0001B18CAF800B013601BF0070300F0348123
:102BE000C3F10801C3F580538B440833D844C8F3BC
:102BF0000B08A3EB080841463046019200F016FC92
:102C0000431C019A00F04681A0EB0B01414441F0C6
:102C100001011368C7F808B04344BC42CBF8041064
:102C2000136015D0B9F10F0F40F230816068A9F13F
:102C30000C0121F0070100F0010004EB010C084336
:102C40004FF0050E0F296060CCE901EE00F23A81E9
:102C5000294A2A481168BC688B42016888BF136002
:102C600062688B4222F0030288BF0360A7E062190A
:102C700043F0010345F0010565603046BA605360DA
:102C8000F8F733F80834204603B0BDE8F08F23444A
:102C9000E1685A68A56842F00102E96030468D603B
:102CA0005A60F8F722F80834204603B0BDE8F08FE8
:102CB000DC68A34208BF02303FF4D6AE92E6142B84
:102CC00071D9542B00F2AD802B0B03F16F0003F18F
:102CD0006E0CC300B3E6234430465A6842F001024A
:102CE0005A600834F8F701F88CE600BFA40B002006
:102CF000ACB600207CB60020A4B60020A8B6002008
:102D0000AC0B0020AC0F0020611945F0010E42F021
:102D10000105C4F804E03046C7E90411C1E902CC5A
:102D20004D60E250F7F7E1FF08346BE6E80805F183
:102D300008034FE608F1010818F0030F0EF1080E22
:102D40007FF4D0AE52E019441C464A68DB6854F860
:102D5000085F42F001024A603046EB609D60F7F781
:102D6000C4FF4FE65A0A042A35D9142A6FD802F153
:102D70005C01C9005B3207EB010E7958AEF1080E19
:102D80008E4558D04A6822F003029A4202D98968D7
:102D90008E45F7D1D1F80CE07B68C4E9021ECEF86D
:102DA0000840CC608CE603F15C0003F15B0CC300CF
:102DB00045E6BC4272D0BC68626822F003029542CC
:102DC000A2EB050302D80F2B3FF751AF3046F7F7C0
:102DD0008CFF002416E69A0902F13901C900383245
:102DE000C9E7D9F80090994540F0838010F0030FAF
:102DF000A9F1080300F1FF30F3D17B6823EA040353
:102E00007B6064009C423FF6ACAE1CB9A9E664004E
:102E100008F104081C42FAD040465FE608F11008A9
:102E2000BCE6B3F5AA7F26D8EB0B03F1780003F1DB
:102E3000770CC30003E67B6892104FF0010808FA94
:102E400002F213437B60A8E74FF48053CEE6542A86
:102E500029D81A0B02F16F01C9006E328BE7C0F35B
:102E60000B0100297FF4AEAE09EB0802B96842F00D
:102E700001024A60ECE640F2545293421CD8AB0C7B
:102E800003F17D0003F17C0CC300D8E50123CBF8EE
:102E900004309BE701214FF00008BAE6164A136898
:102EA000434413608EE6B2F5AA7F14D8DA0B02F120
:102EB0007801C90077325EE74FF47E737F204FF0D0
:102EC0007E0CBCE504F1080130460192F7F728FBBF
:102ED000019A1368BCE640F254518A4205D89A0C14
:102EE00002F17D01C9007C3245E74FF47E717E22FC
:102EF00041E77B6885E700BF7CB6002082B049B11E
:102F00005AB16BB113780B601278101C18BF0120F6
:102F100002B0704701A9002AF3D1104602B07047F1
:102F20006FF00100F4E700BF0000000000000000A7
:102F300001F0FF01102A2BDB10F0070F08D010F86A
:102F4000013B013A8B422DD010F0070F42B3F6D16E
:102F5000F0B441EA012141EA014122F007047FF087
:102F600000070023F0E80256083C85EA010586EADE
:102F7000010685FA47F5A3FA87F586FA47F6A5FA1A
:102F800087F68EB9EED1F0BC01F0FF0102F0070226
:102F900032B110F8013B013A83EA010313B1F8D1D1
:102FA0000020704701387047002D06BF35460338B2
:102FB000073815F0010F07D1013015F4807F02BFEB
:102FC000013015F4C03F0130F0BC0138704700BF3C
:102FD000032A70B414D940EA0105AD0704460B4634
:102FE00022D11D682668AE421946204603F104032B
:102FF00004F1040418D1043A032A20461946F0D8F3
:10300000541E72B102780B789A4208BF641806D039
:103010000CE010F8012F11F8013F9A4206D1A142AD
:10302000F7D1002070BC7047541EEBE7D01A70BC7B
:10303000704700BF844641EA000313F003036DD1DB
:10304000403A41D351F8043B40F8043B51F8043B6B
:1030500040F8043B51F8043B40F8043B51F8043B72
:1030600040F8043B51F8043B40F8043B51F8043B62
:1030700040F8043B51F8043B40F8043B51F8043B52
:1030800040F8043B51F8043B40F8043B51F8043B42
:1030900040F8043B51F8043B40F8043B51F8043B32
:1030A00040F8043B51F8043B40F8043B51F8043B22
:1030B00040F8043B51F8043B40F8043B51F8043B12
:1030C00040F8043B403ABDD2303211D351F8043BB2
:1030D00040F8043B51F8043B40F8043B51F8043BF2
:1030E00040F8043B51F8043B40F8043B103AEDD261
:1030F0000C3205D351F8043B40F8043B043AF9D2B2
:10310000043208D0D2071CBF11F8013B00F8013B84
:1031100001D30B8803806046704700BF082A13D391
:103120008B078DD010F003038AD0C3F10403D21AA9
:10313000DB071CBF11F8013B00F8013B80D331F8DD
:10314000023B20F8023B7BE7043AD9D3013A11F85D
:10315000013B00F8013BF9D20B7803704B784370C8
:103160008B788370604670478842F0B40DD98B1815
:1031700083420AD9841832B1224613F8014D02F86D
:10318000014D9942F9D1F0BC70470F2A49D940EA64
:1031900001039B0747D1A2F110031B0901F120078E
:1031A00007EB031701F1100400F1100554F8106C3F
:1031B00045F8106C54F80C6C45F80C6C54F8086C1D
:1031C00045F8086C54F8046C45F8046C1034BC42A3
:1031D00005F11005EAD1013302F00F051B01032DA3
:1031E0001944034421D91F1F0E462C46043C56F8AF
:1031F00004CB47F804CF032CF8D82C1F24F0030489
:1032000004342344214402F00302002ABBD0013BD2
:103210000A4411F8014B03F8014F9142F9D1F0BC77
:1032200070470346F1E70346F1E72A46EDE700BFA2
:10323000F0B4860743D0541E002A3ED0CAB20346DB
:1032400002E014F1FF3438D303F8012B9D07F8D1C5
:10325000032C2BD9CDB245EA05250F2C45EA0545AF
:1032600016D9A4F110073F0903F1200606EB071653
:1032700003F1100242E9045542E902551032B2420C
:10328000F8D104F00F040137032C03EB07130DD919
:103290001E462246043A032A46F8045BFAD8221F47
:1032A00022F003020432134404F003042CB1C9B227
:1032B0001C4403F8011B9C42FBD1F0BC7047144630
:1032C0000346C5E770B50D46084C114606461A463A
:1032D000284600232360F7F7EBFF431C00D070BDA6
:1032E0002368002BFBD0336070BD00BFB0B6002058
:1032F000024B0A4601461868F7F760B80C06002032
:10330000838903F00903092B01D000207047FEF7E1
:103310001DBE00BFF8B50C46054610B1836B002BEF
:1033200040D0B4F90C309AB2970407D4626E43F4DB
:10333000005322F400526266A3819AB200219606DD
:10334000616038D450071AD4D10662D512074ED422
:1033500043F00403A3812369002B55D0B4F90C700A
:10336000BEB2B3072AD12269226028466369256A62
:10337000E169A8470028606017DD0020F8BD216BD7
:103380000029E8D004F14003994202D02846F7F71B
:10339000C7F8E36B636000202063002BDBD0A36BD6
:1033A0002360F8BDFEF72AFEBBE7B4F90C3016D156
:1033B00043F02003A3814FF0FF30F8BD194B1A49A9
:1033C00018680123A38106F00906FFF7EFF9092E1B
:1033D000A781C8D121462846FEF7E0FCC3E743F0A9
:1033E00040030022A38162604FF0FF30F8BD214608
:1033F0002846FEF77DFD0028DDD1B4F90C30A06031
:10340000A06123F00803A3E721462846FFF778FAD6
:10341000A4E743F0400309222A604FF0FF30A38164
:10342000F8BD00BF94AA02000133020038B5074C72
:103430000023054608462360F7F72EFC431C00D006
:1034400038BD2368002BFBD02B6038BDB0B6002000
:1034500000290CBF022200224FF4806300F000B864
:103460002DE9F0435D4C256883B004468846164636
:103470001F4615B1AB6B002B7ED0022E05D0012E5E
:1034800000F2A980002FC0F2A680636EDA0735D55E
:1034900021462846FEF72CFD216B41B104F1400383
:1034A000994202D02846F7F73BF800232363B4F98A
:1034B0000C3000221806A261626061D423F44A63D2
:1034C00023F00303022EA3811FD10025616E00208B
:1034D00004F1430243F00203A060C9074FF001006A
:1034E000A3812260C4E9042004D49B0502D4A06D0A
:1034F000FFF7D6F9284603B0BDE8F083A3899B0502
:10350000C6D4A06DFFF7CAF9C2E701AB6A462146EF
:103510002846FFF7C7F9A3891843A081002F36D1A9
:10352000009F3846FFF736FA8046002842D0A3892C
:1035300043F08003A381AB6B7BB3009AB4F90C30EA
:10354000C4F80080BA421CBF43F40063A381012E7B
:1035500004BF43F00103A3819BB213F00802C4E946
:1035600004871ED1A260656E15F00105BDD000254F
:10357000284603B0BDE8F0832846FEF73FFD7CE710
:1035800021692846F6F7CCFFB4F90C3096E7B8F17C
:10359000000FC6D0AB6B002BCFD12846FEF72EFD17
:1035A000CBE7DA0704D57F420022A761A260DAE701
:1035B000A760D8E7DDF80090B94504D1B4F90C3024
:1035C0004FF0FF3582E74846FFF7E4F980460028D0
:1035D000F4D04F46ABE74FF0FF358BE70C060020E9
:1035E0001F2938B522D8D0F8DC3205460C466BB11D
:1035F00053F8212052B1012A12D0511C12D00025BB
:10360000204643F824509047284638BD284600F00D
:103610002FF8224601462846BDE8384000F014B88D
:10362000002038BD16230360012038BD1623036037
:103630004FF0FF3038BD00BF024B01461868FFF75E
:10364000CFBF00BF0C06002038B50B46074C05461F
:10365000114618460023236003F0C6F8431C00D02F
:1036600038BD2368002BFBD02B6038BDB0B60020DE
:1036700003F0B2B810B50C46B1F90E1002F0F4FF29
:10368000002803DB236D0344236510BDA38923F4C5
:103690008053A38110BD00BF2DE9F0411646B1F95A
:1036A0000C201F46D3050C460546B1F90E1007D570
:1036B0000022022302F0BCFCB4F90C20B4F90E1075
:1036C00022F48052A2813B4632462846BDE8F041B2
:1036D00001F0A4BC10B50C46B1F90E1002F0A8FC24
:1036E000A389421C0EBF23F4805343F4805320650A
:1036F000A38110BDB1F90E1001F0A6BC00000000BE
:10370000A2EB0300704700BF02780B78012A28BFA4
:103710009A42F5D16DE9044540EA0104CDE902671A
:103720006FF0000C4FEA447212B380EA010414F007
:10373000070F6AD100F0070420F0070004F003052A
:1037400021F007014FEAC505F0E8042314F0040F47
:10375000F1E804670CFA05F462EA040266EA04067A
:103760000AD063EA0403624667EA0407664603E098
:10377000F0E80423F1E8046782FA4CF582EA0604D3
:10378000A4FA8CF46CBB83FA4CF583EA0705A5FA1E
:103790008CF595B950E9022351E9026782FA4CF59C
:1037A00082EA0604A4FA8CF483FA4CF583EA07054E
:1037B000A5FA8CF52543DBD09CB92DBAB5FA85F472
:1037C00024F0070427FA04F1DDE9026723FA04F381
:1037D00003F0FF0001F0FF01FDE80445A0EB01004C
:1037E000704724BAB4FA84F424F0070426FA04F1EA
:1037F000DDE9026722FA04F202F0FF0001F0FF01A6
:10380000FDE80445A0EB0100704714F0030F3CD124
:1038100010F0030428D150F8082B51F8083B82FA25
:103820004CF582EA0305A5FA8CF55DB950F8042C35
:1038300051F8043C82FA4CF582EA0305A5FA8CF5AE
:10384000002DE8D02DBAB5FA85F424F0070423FA48
:1038500004F122FA04F202F0FF0001F0FF01FDE89A
:103860000445A0EB010070474FEAC40420F00300B8
:1038700050F8082B21F0030151F8083B0CFA04F42E
:1038800062EA040263EA0403C9E710F003041AD0F1
:10389000A1EB040120F00300E40750F8042B06D04C
:1038A0000FD28B785FFAA2F4E41A06D12BB1CB7851
:1038B0005FFAB2F4E41A00D11BB920465DF8104B50
:1038C000704701F1040150F8042BCC0721F00301EB
:1038D00051F8043B48D824D222F07F4482FA4CF5B8
:1038E00094EA1325A5FA8CF50AD165B951F8043B81
:1038F00084EA0204B4EB036F0ED150F8042BEBE71B
:103900004FEA132355E035F07F454DD10878FDE8A7
:103910000445C0F1000070474FEA126203F0FF0354
:1039200047E002EA1C4482FA4CF594EA1345A5FAF2
:103930008CF50AD165B951F8043B84EA0204B4EB72
:10394000034F0CD150F8042BEBE74FEA134330E060
:1039500015EA1C4528D10B884FEA124229E04FEAAC
:10396000124203EA1C4324E002F0FF0482FA4CF501
:1039700094EA1365A5FA8CF50AD165B951F8043BB0
:1039800084EA0204B4EB032F09D150F8042BEBE7CF
:103990004FEA13630DE015F0FF0F05D10B684FEAF6
:1039A000122223F07F4304E04FF00000FDE80445BD
:1039B000704712BA1BBA82FA4CF482EA0304A4FAE2
:1039C0008CF5B5FA85F402FA04F203FA04F34FEA2F
:1039D0001260FDE80445A0EB136070470000000092
:1039E00000000000000000000000000000000000D7
:1039F00000000000000000000000000000000000C7
:103A000090F800F06DE9024520F007016FF0000C1E
:103A100010F0070491F820F040F049804FF00004C6
:103A20006FF00700D1E9002391F840F000F10800A1
:103A300082FA4CF2A4FA8CF283FA4CF3A2FA8CF3D9
:103A40004BBBD1E9022382FA4CF200F10800A4FA40
:103A50008CF283FA4CF3A2FA8CF3E3B9D1E9042394
:103A600082FA4CF200F10800A4FA8CF283FA4CF3CB
:103A7000A2FA8CF37BB9D1E9062301F1200182FA85
:103A80004CF200F10800A4FA8CF283FA4CF3A2FA8B
:103A90008CF3002BC6D0002A04BF04301A4612BA99
:103AA000B2FA82F2FDE8024500EBD2007047D1E99C
:103AB000002304F00305C4F100004FEAC50514F02B
:103AC000040F91F840F00CFA05F562EA05021CBFFC
:103AD00063EA050362464FF00004A9E770B4047876
:103AE000A4B10D7806464DB1A5420AD00A4601E0C0
:103AF000A34206D012F8013F002BF9D1801B70BC05
:103B0000704710F8014F002CEDD1F7E72046F6E79B
:103B10002DE9F04FC5B00C460C9191460F930D90D6
:103B200002F078FA036818931846FFF769FFA38933
:103B300017901D0603D52369002B00F01D879FED0C
:103B4000947B00238DED147BCDE928330DF1D00853
:103B50001393169319930A93CDF89C80C246CB46D3
:103B60009BF80030002B00F09980252B5C4602D199
:103B70001CE0252B03D014F8013F002BF9D1A4EB56
:103B80000B0585B1DDE9283201332A44072BCAF839
:103B900000B0CAF80450CDE9283277DC0AF1080AEF
:103BA0000A9B2B440A932378002B77D000231A46D4
:103BB0008DF87F3019460B931F464FF0FF30637826
:103BC000099004F1010B0BF1010B9946A9F12003B7
:103BD000582B00F27583DFE813F0C30273037303FD
:103BE000BE02730373037303730373037303B2029D
:103BF000AD02730367034C0373036C03B600B60096
:103C0000B600B600B600B600B600B600B600730344
:103C100073037303730373037303730373037303F4
:103C200073033703E4027303E40273037303730340
:103C30007303DF0273037303A5007303730373033A
:103C4000730373037500730373038D0273037303AC
:103C500073037303730373037303730373037303B4
:103C60007C012F01E402E402E4022A012F01730324
:103C700073031D0173030901A700CA00C500730384
:103C8000E1007303770073037303CB0227AADDE916
:103C90000C1002F0FFFC40B9C24681E7299B23B11A
:103CA0000D980C9927AA02F0F5FC0C9B9B8913F048
:103CB000400F0A9B18BF4FF0FF330A930A9845B094
:103CC000BDE8F08F47F01007BE0640F127850F9D35
:103CD000073525F0070303F10802D3E900450F92E9
:103CE0000123099A002601328DF87F6000F02884B4
:103CF00027F08002079254EA050240F0C080099A3A
:103D0000002A40F0B386002B40F0D68417F0010360
:103D10000E9300F0488544AB1A46302302F8413D2B
:103D20001192CDE047F0100717F0200300F0008556
:103D30000F9D073525F0070303F10802D3E900457D
:103D40000F920023CDE7A9F1300300201BF8019B5F
:103D500000EB800003EB4000A9F13003092BF5D9FB
:103D60000B9033E747F020079BF800302BE70F9AC2
:103D7000094B14681693043247F63003ADF88030CF
:103D800047F002070F92002502234FF07809A8E7B9
:103D90000000000000000000CCAA02000F9A136887
:103DA000119300248DF87F40151D002B00F00E8626
:103DB000099A531C00F0B68621461198FFF7B8F80F
:103DC000002800F09C87119B0994C31A0E930F954D
:103DD000079723EAE3739DF87F6008931294002EFF
:103DE00000F08980089B0133089384E0002A41F0A9
:103DF000AE800F9AB90652F8043B0F9200F112857B
:103E0000FA0600F109867F0640F10686BDF82820F3
:103E10001A80A5E69BF800306C2B03BF9BF801309D
:103E200047F020070BF1010B47F01007CBE647F0F6
:103E300040079BF80030C6E6002A41F06A80BC06C5
:103E400040F10A820F9D073525F00703D3E90045AD
:103E500003F108020F92002C75F10003C0F2AF8449
:103E6000099B9DF87F60013300F0B48427F0800245
:103E7000079254EA05024FF001033FF440AF012BD3
:103E800000F06283022B00F08283414600E011467D
:103E9000E20842EA4572E80804F0070305461446C2
:103EA000303354EA050001F8013C01F1FF32EED154
:103EB00007981192C00700F15984A8EB02030E93F2
:103EC000099B0E9A9342B8BF13460893002312939E
:103ED00085E70F9900230A688DF87F301E468DF81C
:103EE000A82001230A1DCDE90773CDE90E322AABC4
:103EF000099612961193079B13F0020702D0089BB4
:103F000002330893079B299C13F0840310933FD13D
:103F10000B9B089A9D1A002D3ADD102D289B29DD58
:103F200052462146AA461026DDE90C5406E0AAF1C5
:103F3000100ABAF1100F02F1080218DD0133BB4874
:103F40001031072BCDE92831C2E90006EFDD27AAA1
:103F50002946204602F09EFB00287FF4A6AEAAF177
:103F6000100ABAF1100FDDE928314246E6DC554669
:103F70000C4692460133AD4A2C44072BCDE9283438
:103F8000CAE9002500F34C859DF87F600AF1080A14
:103F900076B1289B013301340DF17F010122072BFB
:103FA000CDE92834CAE9001200F3DB820AF1080ADD
:103FB0006FB1289B0133023420A90222072BCDE9DF
:103FC0002834CAE9001200F3D7820AF1080A109BCC
:103FD000802B00F0E781099B0E9A9D1A002D31DDA0
:103FE000102D289A924F22DD534621461026DDE9F6
:103FF0000CA404E0103D102D03F1080315DD01327F
:104000001031072ACDE92821C3E90076F2DD27AA7D
:104010005146204602F03EFB00287FF446AE103D9C
:10402000102DDDE928214346E9DC9A460C46013291
:104030002C44072ACDE92824CAE9007500F3BC8284
:104040000AF1080A079BDF0500F15081289B119AAD
:10405000CAF800200E9ACAF8042001331444072B32
:104060002994289300F30E820AF1080A079B5A0745
:1040700031D50B9B089A9D1A002D2CDD102D289B05
:104080001FDD1026DDE90C9704E0103D102D0AF12C
:10409000080A16DD0133654A1034072BCDE92834B0
:1040A000CAE90026F1DD27AA4946384602F0F2FAAD
:1040B00000287FF4FAAD103D102DDDE92834C2460A
:1040C000E8DC0133594A2C44072BCDE92834CAE9EE
:1040D000002500F35E83DDE90A3208998A42ACBF0D
:1040E0009B185B180A93002C40F0958100232893BD
:1040F000C24635E5002A40F01A874E4B1693B906A2
:104100003DD50F9D073525F00703D3E9004503F1A1
:1041100008020F92FE0740F1D18054EA050300F037
:10412000CD8030238DF880308DF8819047F00207E4
:104130000223D6E59BF8003001222B2143E50F989E
:104140009BF8003004680B94002C00F10400C0F2CE
:104150000D840F9037E547F001079BF8003032E5FA
:104160009BF8003000297FF42EAD012220212AE5A2
:10417000002A40F0F086304B1693B906C1D40F9B4D
:10418000FA0653F8044B0F9300F111837B0640F1BC
:104190000E83A4B20025BDE747F008079BF8003066
:1041A00011E5002A40F0C7860F9D073525F0070569
:1041B00095ED007B52EC171B22F000431B938DED15
:1041C0001A7A05F10804DDE91A014FF0FF321B4BA2
:1041D0000F948DED147BFDF711F9002840F0318329
:1041E0004FF0FF32154BDDE91A01FDF7E9F8002821
:1041F00040F0278300220023DDE91401FDF7D6F803
:10420000002840F02A859DF87F600D4A0D4B032160
:10421000002027F08004B9F1470FD8BF1A46CDE936
:104220000810079411920E911290D8E5ECAA0200A2
:10423000FCAA0200B8AA0200CCAA0200FFFFEF7F8E
:10424000ACAA0200A8AA0200002A40F0788647F033
:104250001007BC063FF5F6AD0F9BF80653F8044B6C
:104260000F9300F1A682790640F1A38224B2E517EC
:10427000F1E59BF80090B9F12A0F0BF1010000F075
:104280002286A9F13003092B834600F20C85002019
:104290001BF8019B00EB800003EB4000A9F1300309
:1042A000092BF5D9099091E49BF8003047F00407F9
:1042B00089E447F080079BF8003084E4022310E58E
:1042C000002A40F04086B9F1000F3FF4E7AC00232C
:1042D00001221E468DF87F30099312932AAB089273
:1042E0008DF8A89007970E92119304E6B9F1650F27
:1042F00040F3D38000220023DDE91401FDF74CF8E0
:10430000002800F06981289BB14ACAF800200133D7
:1043100001340122072BCDE92834CAF8042000F328
:10432000D1830AF1080A219B139A299C934280F2B7
:104330002B82289B189ACAF80020179ACAF80420E2
:1043400001331444072BCDE9283400F334830AF1F8
:10435000080A139B5D1E002D7FF788AE102D289A4A
:104360009C4F40F3888323461026DDE90C4905E085
:104370000AF1080A103D102D40F37C8301321033FE
:10438000072ACDE92823CAE90076F1DD27AA2146CC
:10439000484602F07FF900287FF487ACDDE9282346
:1043A000C246E7E70B9B089A9D1A002D7FF713AED4
:1043B000102D289A874F22DD534621461026DDE92D
:1043C0000CA404E0103D102D03F1080315DD0132AB
:1043D0001031072ACDE92821C3E90076F2DD27AAAA
:1043E0005146204602F056F900287FF45EAC103D9D
:1043F000102DDDE928214346E9DC9A460C460132BE
:104400002C44072ACDE92824CAE9007500F33D832E
:104410000AF1080ADFE527AADDE90C1002F03AF9F3
:1044200000283FF463AE40E427AADDE90C1002F057
:1044300031F900287FF439AC219B299CC2461BB975
:10444000139A002A00F07883289A1899CAF8001065
:104450001799CAF8041001320C44072A29942892AB
:1044600000F358840AF1080A002BC0F29184139BD0
:10447000119901321C44072ACDE92824CAE9001306
:104480007FF7F2AD27AADDE90C1002F003F900284E
:104490007FF40BAC299CC246E8E5139A289B012ABD
:1044A00004F1010403F101050AF1080640F34A8111
:1044B0000123119ACAF80020072DCDE92854CAF823
:1044C000043000F3BB82179B189A01351C44072D5A
:1044D000CDE92854C6E9002300F3BC8208366B1CE2
:1044E0001F46B946139F0E93013F00220023DDE9CA
:1044F0001401099706F1080AFCF74EFF002840F066
:10450000E180119B776001333C44B9F1070F3360C0
:104510002994CDF8A09000F33E8206F1100305F136
:10452000020956469A46199A7260144423ABB9F1AF
:10453000070F2994CDF8A09033607FF797ADA1E7DE
:10454000012B07977FF49EAC002D08BF0A2C80F04A
:10455000478144AB303403F8414D119301230E934E
:10456000AEE427AADDE90C1002F094F800287FF4ED
:104570009CAB299CC2461BE527AADDE90C1002F082
:1045800089F800287FF491AB299CC2461FE5169F4D
:104590004246230904F00F0043EA057329091C462B
:1045A0000D463B5C02F8013D54EA0503F1D1A8EB4E
:1045B000020311920E9383E427AADDE90C1002F0A6
:1045C00069F800287FF471AB299CC2463AE500BF28
:1045D000E8AA0200FCAA0200219B002B40F36182A2
:1045E000DDE912329342A8BF1346002B1D460EDDB3
:1045F000289B119ACAF8002001332C44072B2994D8
:10460000CAF80450289300F31D830AF1080A129B8C
:10461000002DA8BF5B1B002B1D4600F38381219B4F
:10462000139A9342C0F2E781079AD00700F1E38121
:10463000139A1298D31A151A9D42A8BF1D46002D31
:104640000FDD289A1199CAF80450013201442C4414
:10465000072ACAF80010CDE9282400F328830AF1BC
:10466000080A002DACBF5D1B1D46002D7FF7FEAC78
:10467000102D289ABF4F40F3FE8123461026DDE916
:104680000C4905E00AF1080A103D102D40F3F281B3
:1046900001321033072ACDE92823CAE90076F1DD7B
:1046A00027AA2146484601F0F5FF00287FF4FDAA1D
:1046B000DDE92823C246E7E7099B0E93CDF8448045
:1046C000FFF7FEBB099A002A7FF72DAF102AA94FEA
:1046D00040F3F483334692464FF0100922460E9D74
:1046E000DDE90C6407E00833AAF1100ABAF1100FF3
:1046F00040F3F28101351032072DCDE92852C3E98C
:104700000079F0DD27AA3146204601F0C3FF0028DA
:104710007FF4CBAADDE928524346E5E70F9BFD066F
:1047200053F8044B0F9376D500250123FFF7D9BA30
:104730000F9A52F8044B0F9217F0100279D000250F
:10474000FFF7CFBA079AD1073FF5B2AE0122119910
:10475000CAF80010072DCDE92854CAF8042000F348
:104760001A8103F102090AF1100ADCE6302B00F08D
:104770003C81119A0239302302F8013CA8EB010375
:104780000E931191FFF79CBB079BDE073FF5D1AD60
:104790006CE427AADDE90C1001F07CFF00287FF40F
:1047A00084AA299C97E4CDF84480FFF789BB0025B3
:1047B000B0E4E517002C75F10003BFF651AB099B7F
:1047C00064424FF02D0665EB450501338DF87F609F
:1047D0007FF44CAB002D08BF0A2C0797FFF4B9AE4D
:1047E0004746204629460A220023FCF7DDFE3032E8
:1047F00007F8012D2046294600230A22FCF7D4FEA3
:1048000004460D4654EA0503EBD1A8EB07031197C4
:104810000E93FFF755BB780648BFA4B200250123CD
:10482000FFF75FBA0A9A1046D117C3E90001FFF7F4
:1048300097B917F040031CBF1346A4B20025FFF739
:1048400050BADDE9140102460B46FCF7D7FD0028FB
:1048500040F00D83099B5A1C29F0200600F04C8281
:10486000472E00F06E81159B47F48072002B079253
:10487000C0F210829DED147B8DED1C7B0023109304
:10488000B9F1660F00F02682B9F1460F00F064829C
:10489000452E00F05B8125A822A921AA0223099CAC
:1048A0000292CDE9031000930194DDE91C230D98D9
:1048B00000F06EFCB9F1670F119040F03683FB07F2
:1048C00040F16B81119B099A9C1800220023DDE9BD
:1048D0001C01FCF761FD002800F0D0812346119AED
:1048E0009B1A1393472E219B129300F05F81B9F11D
:1048F000660F40F06381129B002B099B40F3D78227
:10490000002B40F0C082FD0700F1BD82129B08938E
:104910000E93109B002B40F07C8109939DF87F60E3
:10492000FFF75DBA102B289A124F40F3EF80234611
:104930001026DDE90C4905E00AF1080A103D102DAA
:1049400040F3E38001321033072ACDE92823CAE976
:104950000076F1DD27AA2146484601F09BFE00289B
:104960007FF4A3A9DDE92823C246E7E764420B945C
:104970000F909BE4FCAA020040210D98F5F78EFDF4
:104980000C9B18601861002800F0C7820C9A402325
:104990005361FFF7D4B827AADDE90C1001F07AFEC5
:1049A00000287FF482A9DDE928340DF1D80A03F14B
:1049B00001094646B7E527AADDE90C1001F06AFEB9
:1049C00000287FF472A9299CC246C2E4099B119E6B
:1049D0000996062B28BF062308930E93BB4B0F9511
:1049E000079712961193FFF7FAB9119BA8EB0303EF
:1049F0000E93FFF765BA289A1899CAF8001017990C
:104A0000CAF8041001320C44072A2994289200F3B2
:104A100029810AF1080A0BE60A9A1A60FFF7A0B882
:104A200027AADDE90C1001F035FE00287FF43DA92E
:104A30009DF87F60299CC246FFF7AABA27AADDE944
:104A40000C1001F027FE00287FF42FA9DDE928547F
:104A5000464638E527AADDE90C1001F01BFE0028C8
:104A60007FF423A9DDE92854464638E5012B7FF47D
:104A700009AA6EE51C4601322C44072ACDE92824F8
:104A8000CAE900757FF7F0AAFCE427AADDE90C105B
:104A900001F000FE00287FF408A9299CC246FFF718
:104AA0009ABA289A8A49CAF80010013201340121C1
:104AB000072ACDE92824CAF804103FF7B5AC0AF15B
:104AC000080ABCE427AADDE90C1001F0E3FD002888
:104AD0007FF4EBA8C24626E414461E46CDF824A077
:104AE00005F1010903F10802099BCDF8A0901C44CF
:104AF000B9F1070F2994C6E900733FF74CAF09F1EC
:104B0000010902F1080A16460DE51C4601322C4443
:104B1000072ACDE92824CAE9007500F32E810AF19D
:104B2000080A7CE511980994FEF76AFF0797CDE91A
:104B30000E050346FFF74DB9079AD5077FF596AAEC
:104B400082E4002B08BF012309938CE6099B25A86A
:104B50005D1C22A921AA0223CDE903100292009331
:104B60000195DDE91C230D9800F012FB1190B9F1BD
:104B7000470F40F0C881FB0740F1BE81119BB9F19E
:104B8000460F03EB05047FF4A0AE119B1B78302B7E
:104B900000F05F81219D2C4497E6219A259B12927B
:104BA000119A472EA3EB0203139307D1129BDA1C31
:104BB00002DB099A9A4233DAA9F10209129B8DF8B5
:104BC0008C90013B002B2193BDBF129BC3F10103CD
:104BD0002D222B22092B8DF88D2000F306813033F6
:104BE00030228DF88F308DF88E2024AB23AA9B1AAB
:104BF000139A1993012A13440E9340F34E810E9B8E
:104C0000179A13440E9323EAE37308930023129335
:104C10007FE62D2600238DF87F600993FFF7E2B829
:104C2000DDE912318B42C0F28380F80740F10A813E
:104C3000129B179A13440E9323EAE37308934FF0E1
:104C4000670966E627AADDE90C1001F023FD0028BC
:104C50007FF42BA8299CC246D9E42D268DF87F60CD
:104C6000FFF7D3BA27AADDE90C1001F013FD0028E5
:104C70007FF41BA8219B299CC246D9E4259BA34213
:104C8000BFF42DAE30215A1C25921970259B9C42F1
:104C9000F9D824E6DDE9141202F100431D932D2317
:104CA0001C911093ECE500230993FEF78FBF27AA10
:104CB000DDE90C1001F0EEFC00287EF4F6AF219B3C
:104CC000139A299CD31AC246CBE400BFE0AA020083
:104CD000E8AA0200099D019525A822A921AA03237B
:104CE000CDE90310029200930D98DDE91C2300F03A
:104CF0004FFA1190441948E706230993B3E5099B3D
:104D000008930E9309900F95079712909DF87F6076
:104D1000FFF765B827AADDE90C1001F0BBFC0028FD
:104D20007EF4C3AF219BDDE92824C246FFF79CBB7C
:104D3000179A139B1344129A0E93002A06DC129BB7
:104D40000E9AC3F101031A4413460E9223EAE37349
:104D500008934FF06709DCE525A822A921AA0323BF
:104D6000099D0292CDE9031000930195DDE91C2312
:104D70000D9800F00DFA119000E727AADDE90C105C
:104D800001F088FC00287EF490AF299CC24646E4DE
:104D90005D421033724F1CDA1026DDF8349004E0C7
:104DA0000AF1080A103D102D13DD01321034072AD4
:104DB000CDE92824CAE90076F2DD27AA0C994846F5
:104DC00001F068FC00287EF470AFDDE92824C246BB
:104DD000E8E701322C44072ACDE92824CAE9007506
:104DE0007DDC0AF1080AFFF742BB0DF19B04204667
:104DF0005C4D00E01046A5FB0312D20802EB8201D5
:104E0000A3EB410303F130011346092B00F8011C09
:104E100000F1FF32EEDC30330238D9B2844202F8BE
:104E2000011C73D90DF18E00134601E013F8011B2C
:104E300000F8011B9C42F9D127AB9B1A0DF18E02A1
:104E40001344D3E623EAE37208920E934FF0670906
:104E50005FE500220023DDE91C01FCF79DFA002834
:104E60007FF498AEC5F1010521952C442DE5159BE5
:104E70003D4A002BB6BF2D269DF87F608DF87F60E0
:104E80003A4BFFF7C4B9129B179A1344099A1A4474
:104E900022EAE2730E9208933BE517F001031293A6
:104EA0007FF4ADAE0E9B23EAE373089331E53BB983
:104EB000FC0705D4012308930E932AE5524613E616
:104EC000179B0133E2E70F9D9BF801302C68834666
:104ED00044EAE474281D09940F90FEF774BE27AAD3
:104EE000DDE90C1001F0D6FB00287EF4DEAEDDE932
:104EF0002824C246FFF7BBBA219A259B1292119A29
:104F00009B1A139352E6119B5C19DEE40DF18E039C
:104F10006CE68DF87F10FEF792BF0D9A0C2313609C
:104F20004FF0FF330A93FEF7C9BE099D1FE68DF8C7
:104F30007F10FFF7E2B88DF87F10FFF735B98DF8D5
:104F40007F10FFF784B98DF87F10FFF7BCB98DF89B
:104F50007F10FEF74EBF8DF87F10FFF70CB900BF32
:104F6000FCAA0200CDCCCCCCB4AA0200B0AA0200AC
:104F700070B5141E9AB005462CDB1A464FF4027326
:104F800000910491ADF80C3013D0013C4FF6FF7640
:104F90001E9B029469460594ADF80E60FEF7B8FDBD
:104FA000421C01DA8B232B60009B00221A701AB07E
:104FB00070BD1E9B02944FF6FF7669460594ADF8CE
:104FC0000E60FEF7A5FD431C01DB1AB070BD8B23FC
:104FD0002B60FAE78B2303604FF0FF30F5E700BF4B
:104FE00010B582B0054C0093246813460A4601466A
:104FF0002046FFF7BDFF02B010BD00BF0C06002029
:1050000021B1FF2A04D80A70012070470846704772
:105010008A2303604FF0FF30704700BF70B50D4624
:10502000084C114606461A46284600232360F5F729
:105030005DFF431C00D070BD2368002BFBD03360A4
:1050400070BD00BFB0B6002038B5074C0023054640
:1050500008462360F5F7E8FE431C00D038BD2368FE
:10506000002BFBD02B6038BDB0B600202DE9F04FEF
:1050700003690F69BB4283B0C0F28680013F01F132
:10508000140900F1140A59F827205AF82730BC00F7
:105090000132B3FBF2F80AEB0403009409EB040BB2
:1050A0000193B8F1000F38D000252E46CE46D446E5
:1050B0005EF8044BDCF80030A2B208FB0255220C6B
:1050C0002C0C08FB0242ADB2751B96B2C6EB134620
:1050D00015FA83F306EB23469BB243EA0643F345F6
:1050E0004FEA12454CF8043B4FEA2646E0D2009BBB
:1050F0005AF803308BB9019A131F9A450CD252F813
:10510000043C4BB9A2F1080302E01A68043B1AB947
:105110009A4507F1FF37F8D30761044601F0B4F967
:1051200000282DDB08F101085546002359F8041B1F
:1051300028688AB29A1A0B0C12FA80F2C3EB104359
:1051400003EB224392B242EA0342CB4545F8042BDB
:105150004FEA2343EAD25AF827200AEB87037AB9A9
:105160001A1F92450BD253F8042C42B9083B02E0B7
:105170001A68043B1AB99A4507F1FF37F8D327613B
:10518000404603B0BDE8F08F002003B0BDE8F08FCB
:105190002DE9F04F016C97B014461D468346CDE9CA
:1051A000024549B1426C4A60012393408B6000F094
:1051B0007BFF0023CBF840302E1E239AB4BF01237F
:1051C00000231360784BBCBF26F000460396B34320
:1051D00000F0A880DDE9028900220023404649460C
:1051E000FCF7DAF8054678B1229A01231360249B74
:1051F000002B00F0C4806D4B249A1360013B049394
:10520000049817B0BDE8F08F14AA15ABCDE90032B1
:10521000584642464B4601F0C9F9340D824640F0EB
:10522000A380DDE914542C4404F23243202B40F3D4
:105230001384C3F140039E40029B04F2124023FA00
:1052400000F03043FBF7C6FD01238046013CA1F18D
:10525000F87912930022564B40464946FBF77CFCF6
:105260004BA3D3E90023FBF72FFE4BA3D3E9002385
:10527000FBF774FC064620460F46FBF7BBFD48A330
:10528000D3E90023FBF720FE02460B4630463946A1
:10529000FBF764FC06460F4601F076FA0022059003
:1052A000002330463946FCF781F8002840F06C8234
:1052B000059E162E00F25D823E4B03EBC603D3E93A
:1052C0000001DDE90223FCF78FF8002800F0C0831D
:1052D000731E059300230A932C1B059BB4F1010850
:1052E00046BFC4F101094FF000084FF00009002B40
:1052F000C0F242829844099300230893209B092B13
:1053000060D8052B40F3A683043B20930025209B07
:10531000023B032B00F28984DFE813F0C503A503E9
:10532000CF03E604229A42F20F731360029B7BB90B
:10533000C6F3130666B9249B002B00F00E861E4BA5
:1053400004930833249A0498136017B0BDE8F08FD3
:10535000249B2BB9194B0493049817B0BDE8F08F28
:10536000164B04930333EDE7C9F3130343F07F595E
:105370001295A4F2FF3449F44019149D6AE7104BCA
:105380000493049817B0BDE8F08F00BFAFF300801E
:1053900061436F63A787D23FB3C8608B288AC63F3B
:1053A000FB799F501344D33F0000F07FE9AA02002D
:1053B0000000F83F48AB02000CAB020018AB020043
:1053C000E8AA02004FF0FF340125CDE9064500238D
:1053D000209321930021CBF844100B94584600F001
:1053E0003DFE0E2C0490CBF8400000F2F780002D1B
:1053F00000F0F4809DED027B059900298DED0C7B7A
:1054000040F3D183C14B01F00F0203EBC20393EDD4
:10541000007B0C11E3068DED027B40F18684BC4BD2
:10542000DDE90C01D3E90823FBF778FECDE90E0195
:1054300004F00F0403267CB1DDE90201B44DE70757
:1054400004D5D5E90023FBF73FFD0136641005F1D3
:105450000805F4D1CDE90201DDE90223DDE90E0101
:10546000FBF75CFECDE902010A9B43B10022A94B88
:10547000DDE90201FBF79AFF002840F0E98430469D
:10548000FBF7B8FCDDE90223FBF71EFDA24B00226F
:10549000FBF764FB069B0646A1F15077002B00F05A
:1054A0000884059B1393069B0E93DDE9020101F02E
:1054B0006BF90E9A954B03EBC20313ED027B00F1DF
:1054C00030058DED107BFBF795FC02460B46DDE9C0
:1054D0000201CDE90267FBF73FFB049B06460798F4
:1054E0005C1CEDB20F46DDE91023002800F0438478
:1054F00000208A49FBF712FEDDE90223FBF72CFBB3
:10550000049A3B4615703246CDE90201FBF76CFF69
:10551000002840F0ED8432463B4600207D49FBF7F1
:105520001BFB02460B46DDE90201FBF75DFF00288D
:1055300040F0E3840E9901294CD0049ACDF83890BC
:105540001144CDF84080DDE90289CDF808A08A46F3
:105550000CE000206F49FBF7FFFA42464B46FBF791
:1055600025FF002840F0C78454452DD040464946C9
:1055700000226B4BFBF7A8FC0022694B8046894652
:1055800030463946FBF7A0FC0F46064601F0FCF812
:105590000546FBF72FFC02460B4630463946FBF723
:1055A000DBFA3035EDB242464B4604F8015B064665
:1055B0000F46FBF7FBFE32463B460028C9D0139B43
:1055C000DDF808A0059317E2DDF83890DDF840809B
:1055D000DDF808A0DDE90C34CDE90234159B002B81
:1055E000C0F2AD80059A0E2A00F3A980474B03EB69
:1055F000C203D3E90089219B002BC0F2B182DDE90F
:10560000026742464B4630463946FBF787FD01F0BC
:10561000BBF80546FBF7EEFB42464B46FBF754FC56
:1056200002460B4630463946FBF796FA049A05F1D6
:1056300030031370069B012B06460F4602F101044E
:1056400046D00022364BFBF73FFC002200230646E3
:105650000F46FBF7A1FE002840F0CE81CDF808A050
:10566000DDF818A0CDF818B0DDF810B00AE0FBF7AF
:105670002BFC0022002306460F46FBF78DFE002878
:1056800040F03C8342464B4630463946FBF746FDE8
:1056900001F07AF80546FBF7ADFB42464B46FBF7B7
:1056A00013FC02460B4630463946FBF755FA05F126
:1056B000300C04F801CBA4EB0B0CE24506460F4678
:1056C0004FF00002164BD2D1DDF808A0DDF818B07B
:1056D00032463B4630463946FBF740FA42464B4697
:1056E00006460F46FBF780FE58B942464B46304609
:1056F0003946FBF751FE002800F07E81EB0740F1B0
:105700007B8114F8015C049A12E000BF48AB0200F0
:1057100020AB02000000F03F00001C400000E03F12
:10572000000024409A4200F01C8313F8015C1C46E0
:10573000392D04F1FF33F5D001351D705CE1079A76
:1057400092B3209A012A40F30082069B5F1E089BB9
:10575000BB42C0F2D882DF1B069B002BC0F2F7824F
:105760004C46984499440121584600F037FD0546BF
:105770001DE001230A93AFE5059BA9EB03095B42FA
:10578000089300230993B9E5DDF814804046FBF740
:1057900031FB32463B46FBF7FFFD00287FF488AD26
:1057A00008F1FF33059383E5089F079D4C46002CC5
:1057B0000BDDB8F1000F08DD44452346A8BF434682
:1057C000A9EB0309E41AA8EB0308089B6BB1079A3D
:1057D000002A00F08C82DE1B002F40F08C815146A5
:1057E0003246584600F0AAFD82460121584600F094
:1057F000F5FC099A0646002A40F01681209B012BF1
:1058000040F35E810120404410F01F0000F007814A
:10581000C0F12003042B40F3A483C0F11C00814499
:1058200004448044B9F1000F05DD51464A4658460C
:1058300000F0D4FD8246B8F1000F05DD3146424646
:10584000584600F0CBFD06460A9B002B73D1069B01
:10585000002B40F30782079B002B00F08580002C73
:1058600000F35E81099B002B40F0C681A846029A96
:10587000049F02F001020992069A7B1E1A440792C5
:1058800031465046FFF7F2FB2946814608905046C4
:1058900000F0FAFD314602904246584600F010FEF4
:1058A000C368044609F130090146002B40F0D58158
:1058B000504600F0E9FD21460690584600F0F4FB02
:1058C000069B33B9209A22B9099B002B00F019835B
:1058D000209B029A002AC0F21E8205D1209A1AB992
:1058E000099A002A00F01782002B07F1010400F347
:1058F0002382079B87F80090BB4200F02C82514620
:1059000000230A22584600F0D9FB45458246294625
:105910004FF000034FF00A02584600F0988100F063
:10592000CDFB4146054600230A22584600F0C6FB3F
:1059300027468046A4E73146504600F0A5FD0028E2
:1059400085DA059F514600230A225846013F0597F4
:1059500000F0B4FB079B8246002B40F0E2820B9BD9
:10596000002B40F3EA820693DDF81080069F444640
:1059700002E000F0A3FB824631465046FFF776FB7B
:1059800000F1300904F8019BA4EB08039F424FF09B
:105990000A024FF0000351465846EADC0023029306
:1059A00051460122584600F019FD3146824600F06A
:1059B0006BFD002814F8012C40F3B980049905E030
:1059C000994200F05C8113F8012C1C46392A04F13D
:1059D000FF33F5D001321A703146584600F064FBAF
:1059E00055B1029921B1A94202D0584600F05CFBA2
:1059F0002946584600F058FB5146584600F054FBE3
:105A00000022059B2270229A01331360249B002BF5
:105A10003FF4F6AB04981C6017B0BDE8F08F1C2073
:105A2000814404448044FDE60146584600F086FC6B
:105A3000209B012B064640F3F38000230993336932
:105A400006EB8303186900F079FBC0F12000DAE669
:105A50000A9041E401255AE4C3F12006029B03FAAF
:105A600006F0FFF7EFBB00230793059B219A134431
:105A70000B930133012B1E460693B8BF012600216C
:105A8000172ECBF84410069C7FF7A8AC0122042304
:105A90005B0003F11400B042114602F10102F7D994
:105AA000CBF844109AE400230793219B002B40F38A
:105AB000ED800B9306931E46E1E701230793F4E77D
:105AC000029B002B7FF49EAEDDE90212C2F31303AA
:105AD000002B40F0998122F000431B0D1B0523B1E0
:105AE00009F1010908F101080123099A0993002A23
:105AF0003FF488AEA3E73A462946584600F01EFC1C
:105B0000524601460546584600F072FB514607468C
:105B1000584600F0C9FABA46002E3FF466AE5EE67B
:105B200029462246584600F059FC05469AE607D118
:105B300019F0010F7FF442AF02E014F8022C1C466A
:105B4000302A04F1FF33F8D046E7129A002A00F019
:105B5000538103F233434C4698449944089F02E62C
:105B6000069B002B3FF74BAD40F0BB800022B24BB1
:105B700040464946FBF7A8F9DDE90223FBF72AFC7A
:105B8000069E3546002875D1059A01320592049A81
:105B900031231370541C3146584600F085FA002D0D
:105BA0007FF426AF28E700F03F81059B5C42A34BC2
:105BB00004F00F0203EBC203D3E90023DDE90C017B
:105BC000FBF782F92411CDE9020100F0BB819C4D65
:105BD00000230226E20705D5D5E90023FBF774F977
:105BE00001360123641005F10805F3D1002B3FF4C1
:105BF0003BACCDE9020137E46968584600F02EFA63
:105C00002B6902339A00044605F10C010C30FDF7B4
:105C100011FA21460122584600F0E0FB804626E6B4
:105C2000029B002B3FF450AF07E70024CBF8444021
:105C30002146584600F012FA4FF0FF330B930693BB
:105C4000012304902194CBF840000793C6E400F0B0
:105C500035FA27460546804612E6584600F024FAF3
:105C6000012336E6209B022B7FF7F5AD069B002B28
:105C700000F0CC80219B049CDB4305938BE7059AC5
:105C800001320592049A31231370A5E60124219470
:105C90000694FFF79FBB3046FBF7ACF8DDE9022323
:105CA000FBF712F90022674BFAF758FF0646A1F1FD
:105CB00050770022604BDDE90201FAF74DFF3246D2
:105CC0003B4604460D46FBF78FFB002846D1324683
:105CD00007F1004320462946FBF768FB00283FF404
:105CE00079AC00263546C5E701230793BDE651464A
:105CF000089A584600F022FB824676E5DDF808A0B7
:105D0000DDF818B078E6089B099AFB1A1A44CDE929
:105D10000872002720E5002B07F1010400F3BC8086
:105D2000029587F80090454656E69DED0C7B0226CD
:105D30008DED0E7BFFF77FBBB9F1390F00F0BE8010
:105D400009F10109029587F80090454644E6069B53
:105D5000A9EB030407E50295454621E600263546F2
:105D600012E7049A30231370059B14F8015C013389
:105D700005931346E0E4DDE90201FBF7A5F8049B77
:105D80001D700E9B012BCDE9020123D00E9B049ABE
:105D9000CDF838901344C146984600222A4B30462D
:105DA0003946FBF791F80F46064600F0EDFC054634
:105DB000FBF720F8303502460B4630463946FAF7F5
:105DC000CBFE04F8015B444506460F46E5D1C846C4
:105DD000DDF838901D4B0022DDE90201FAF7BEFE26
:105DE00032463B46FBF7E2FA00286DD0139B059341
:105DF00014F8015C049A9BE4149B089FC3F13603DA
:105E00004C4698449944AEE400236EE631460522A0
:105E1000584600F053F901460646504600F034FB60
:105E200000283FF7B1AE25E79DED0C7B02268DEDF6
:105E3000027BFFF719BB00BF0000144048AB020013
:105E400020AB020000001C40000024400000E03FA6
:105E5000069B002B3FF41FAF0B9C002C7FF7BAABC7
:105E60000022424BDDE90201FBF72EF8CDE90201E9
:105E7000701CFAF7BFFFDDE90223FBF725F83C4B66
:105E80000022FAF76BFE059B0E94013B0646A1F13A
:105E900050771393FFF709BB51460122584600F093
:105EA0009DFA3146824600F0EFFA002832DDB9F162
:105EB000390F03D0089B03F1310931E739220295EC
:105EC0003A704546049981E5DDE90223002029491D
:105ED000FAF742FE32463B46FBF786FA10B9FFF767
:105EE00079BB144614F8013C302B04F1FF32F8D092
:105EF000139B059380E5DDF808A0139B0593049A96
:105F000016E4B9F1390F07F10104D7D0029B002B39
:105F1000D0DC05E77FF404AF19F0010F3FF400AFC8
:105F2000C5E7294600230A22584600F0C7F80B9B14
:105F3000002B054609DD069391E4209B022B09DC2A
:105F40000B9B10E50226FFF78FBA209B022B01DC8A
:105F50000B9BF0E70B9B069388E6074B0493FFF738
:105F60004FB93FF45FACC0F13C0059E5000024405C
:105F700000001C400000E03F0CAB02000B78722BCD
:105F800030B431D0772B2AD0612B04D01623036094
:105F900030BC002070474FF4027501244FF4847028
:105FA00011F8013F8BB1622B16D0782B11D02B2B1F
:105FB000F6D111F8013F20F01C0024F0030440F05A
:105FC000100044F00204002BEDD12C43146030BCCF
:105FD000704744F40064E3E744F48034E0E74FF4AE
:105FE000C06501240820DBE700252C460420D7E704
:105FF00038B5074C0023054608462360F4F7E2FF56
:10600000431C00D038BD2368002BFBD02B6038BD6B
:10601000B0B60020044A054B1268506B002808BF38
:106020001846F030704700BF0C060020380A0020E8
:1060300070B50D46084C114606461A462846002300
:106040002360F5F729F8431C00D070BD2368002BAE
:10605000FBD0336070BD00BFB0B60020C36C70B51C
:1060600005460C464BB153F8240080B1026843F852
:1060700024200023C0E9033370BD21220421F4F75A
:10608000BAF90346E8640028EDD1002070BD012173
:1060900001FA04F6721D28469200F4F7ACF90028C4
:1060A000F3D0C0E90146E4E731B1C36C4A6853F864
:1060B0002200086043F82210704700BFF0B50C6959
:1060C00083B00D46064601F1140C0027DCF80000F1
:1060D00081B202FB0133010C180C02FB01019BB2DF
:1060E000013703EB0143BC424CF8043B4FEA114338
:1060F000ECDC3BB1AA68A24207DD05EB8402013467
:1061000053612C61284603B0F0BD696801930131E9
:106110003046FFF7A3FF2A69023205F10C0107465A
:1061200092000C30FCF786FFF26C6968019B52F814
:106130002100286042F821503D46DEE7020C12049F
:106140000346C2B90304102013F07F4F04BF1B02A3
:10615000083013F0704F04BF1B01043013F0404FA0
:1061600004BF9B000230002B04DB5B0001D5013033
:106170007047202070470020E6E700BF036813F057
:106180000702014607D0DA071FD498071FD55B081E
:106190000B600120704798B2A0B1104613F0FF0FBA
:1061A00004BF1B0A08301A0704BF1B0904309A07F2
:1061B00004BF9B080230DA0702D45B080BD0013021
:1061C0000B6070471B0C1020E8E7002070479B080D
:1061D0000B60022070472020704700BF10B50C46AE
:1061E0000121FFF73BFF0122C0E9042410BD00BFDD
:1061F0002DE9F04F0E691469A64283B00F4615468B
:1062000004DA32462F4626460D461446D7E90113D6
:1062100006EB04084345B8BF0131FFF71FFF00F14B
:10622000140909EB880EF145009005D24B46002277
:1062300043F8042B9E45FBD805F1140A0AEB8404AD
:1062400007F11403A24503EB860C61D2641B153CD5
:1062500024F00304CDF804E0A24405F110029E46A8
:1062600005E02D0C2BD1924509F104094ED052F8CE
:10627000045F1FFA85FBBBF1000FF2D077464E4654
:10628000002000E0264657F8041B34688BB2A5B204
:10629000090C240C0BFB035303440BFB014000EBE4
:1062A000134034469BB243EA0043BC454FEA1040DA
:1062B00044F8043BE6D8706015682D0CD3D0D9F8AB
:1062C000003076461846CB46002100E0A3463488CD
:1062D000000C05FB040001449BB25C4643EA014309
:1062E00044F8043B56F8043BDBF804001B0C87B26F
:1062F00005FB037303EB1143B4454FEA1341E5D8A3
:106300009245CBF8043009F10409B0D1DDF804E07E
:10631000B8F1000F0BDD5EF8043CAEF1040E1BB1CA
:1063200005E05EF8043D13B9B8F10108F9D1009811
:10633000C0F8108003B0BDE8F08F00BF12F0030377
:106340002DE9F041144607462ED10D46A4101CD06D
:10635000BE6C96B3E3074FF0000806D4641014D067
:106360003068A8B10646E307F8D5324629463846D4
:10637000FFF73EFFB5B16A68FB6C641053F822105A
:10638000296043F822500546EAD12846BDE8F0814D
:10639000324631463846FFF72BFF3060C0F80080A8
:1063A0000646E0E70546D9E7013B0B4A52F82320B1
:1063B0000023FFF783FE0546C8E701213846FFF7B3
:1063C0004DFE40F271234361012200230261064623
:1063D000B8640360BEE700BF10AC02002DE9F047CF
:1063E00091460A690E464FEA6914D1E9011304EB9C
:1063F000020808F101059D42074604DD5B009D424D
:1064000001F10101FADC3846FFF728FE002C00F10B
:10641000140337DD03EB8401002243F8042B8B4285
:10642000FBD1346906F1140319F01F0903EB840C46
:1064300020D0C9F1200E002200E051461C688A4697
:1064400004FA09F414434AF8044B53F8042B634547
:1064500022FA0EF2F1D34A600AB108F10205FB6C90
:106460007268013D53F822100561316043F82260E3
:10647000BDE8F087043953F8042B41F8042F9C45FC
:10648000F9D8ECE71946CCE730B40B69054600694A
:10649000C01A0FD19B001435143119442B4401E06C
:1064A0009D4207D253F8044D51F8042D9442F7D081
:1064B00002D3012030BC70474FF0FF30FAE700BF35
:1064C0002DE9F04113690D69ED1A002D0E46904635
:1064D00001F1140402F1140714D19B00E2183B44AB
:1064E00001E0A24259D952F804CD53F8041D8C455D
:1064F000F7D009D2224633463C46464617469846D0
:10650000012501E0F6DB00257168FFF7A7FDD8F84B
:1065100010303669C56007EB830EBC4600F11405E8
:1065200004EB860700235CF8041B54F8048B8AB242
:1065300013FA88F3090C9A1AC1EB184303EB2243B0
:1065400092B242EA0342E64545F8042B4FEA234360
:10655000E9D8A74217D9AE46A4465CF8042B13FA33
:1065600082F3191401EB12419BB243EA01426745E1
:106570004EF8042B4FEA2143EFD8E443274427F099
:10658000030704373D44043D22B955F8043D013E5C
:10659000002BFAD00661BDE8F0810021FFF75EFD17
:1065A00001220023C0E90423BDE8F0812DE9F04376
:1065B00083B001211F4616460A9DFFF74FFDC7F322
:1065C0000A548146C7F313030CB143F48013002E21
:1065D000019323D002A840F8086DFFF7CFFD0028F3
:1065E00035D1DDE90023C9F81420002B0CBF0121AF
:1065F0000221C9F81830C9F81010DCB909EB810381
:10660000A0F2324028601869FFF798FD0B9BC0EBA1
:1066100041101860484603B0BDE8F08301A8FFF7B9
:10662000ADFD019BC9F8143001212030C9F81010CC
:10663000002CE3D0A4F2334808EB00032B600B9B43
:10664000C0F135001860484603B0BDE8F083DDE9CD
:106650000013C0F1200203FA02F20A43C34001937F
:10666000C9F81420C1E700BF70B50D46084C1146AB
:1066700006461A46284600232360F4F7A5FC431C6F
:1066800000D070BD2368002BFBD0336070BD00BF0D
:10669000B0B600202DE9F04F936883B09046002BF0
:1066A0006CD017688D6882460C460868083742E04F
:1066B000A38913F4906F2DD0D4E9041505EB45059B
:1066C000A0EB010B05EBD575701C6D105844A8426A
:1066D0002A4684BF05462A465B0536D511465046F4
:1066E000F3F7DCFE00283AD05A4621690190FCF706
:1066F000A1FCA289019B22F4906242F08002A28157
:10670000A5EB0B0203EB0B00656123612060A26027
:106710003546B3465A464946FCF726FDD8F80830B8
:10672000A2682068551B58449E1BA5602060C8F8CD
:1067300008601EB3083757E90296AB46002EF9D021
:10674000AE42B5D23546B346E4E75046F3F736FEDF
:1067500003460028D4D121695046F3F7E1FE0C230B
:10676000CAF80030A389002243F040034FF0FF3005
:10677000A381C8E9012203B0BDE8F08F0020C8F86A
:10678000040003B0BDE8F08F4FEA410212F5001299
:1067900015D211D56FF47873B3EB625212D94FEA68
:1067A000C12343F0004343EA505311F0004F23FA52
:1067B00002F018BF404270474FF00000704750EAA7
:1067C000013005D111F0004008BF6FF00040704764
:1067D0004FF00000704700BF024B58221A604FF084
:1067E000FF307047B0B60020024B58221A604FF0BD
:1067F000FF307047B0B60020F8B500BFF8BC08BC49
:106800009E467047F8B500BFF8BC08BC9E4670476E
:106810002C00000000002041000000400000C040AB
:1068200000000041000070410000A0410000C8418C
:106830000000F0416576656E7473004572726F7288
:10684000205B005D203A204E756C6C20706F696E85
:10685000746572005D203A20436F6D6D756E6963DB
:106860006174696F6E206661696C757265005D2088
:106870003A20446576696365206E6F7420666F7593
:106880006E64005D203A204F7574206F662072613F
:106890006E6765005D203A20496E76616C69642000
:1068A000616363656C20636F6E666967757261749E
:1068B000696F6E005D203A20496E76616C696420D4
:1068C0006779726F20636F6E66696775726174694C
:1068D0006F6E005D203A20496E76616C69642061BC
:1068E0006363656C2F6779726F20636F6E6669678B
:1068F00075726174696F6E005D203A20496E766131
:106900006C69642073656E736F72005D203A20437A
:106910006F6E66696775726174696F6E206C6F6106
:1069200064696E67206572726F72005D203A20495B
:106930006E76616C6964207061676520005D203A45
:1069400020496E76616C6964206665617475726554
:1069500020626974005D203A20496E76616C69643A
:1069600020696E746572727570742070696E005D56
:10697000203A2053657474696E6720616476616E95
:1069800063656420706F776572206D6F6465206643
:1069900061696C6564005D203A20496E76616C69BE
:1069A0006420617578696C6C6961727920636F6EBF
:1069B00066696775726174696F6E005D203A204187
:1069C0007578696C6C696172792062757379005DA4
:1069D000203A2053656C6620746573742066616983
:1069E0006C6564005D203A2052656D617070696E5F
:1069F00067206572726F72005D203A204779726F6E
:106A00002075736572206761696E207570646174AA
:106A100065206661696C6564005D203A2053656C91
:106A2000662074657374206E6F7420646F6E6500E9
:106A30005D203A20496E76616C696420696E7075DC
:106A400074005D203A20496E76616C69642073742D
:106A500061747573005D203A204352542065727250
:106A60006F72005D203A2053656C66207465737404
:106A700020616C72656164792072756E6E696E67F3
:106A8000005D203A2043525420726561647920668B
:106A90006F7220444C206661696C2061626F727471
:106AA000005D203A20444C206572726F72005D20B8
:106AB0003A20505245434F4E206572726F72005D0E
:106AC000203A2041626F7274206572726F72005DAD
:106AD000203A204779726F2073656C662074657365
:106AE00074206572726F72005D203A204779726F70
:106AF0002073656C6620746573742074696D656FAE
:106B00007574005D203A205772697465206379635B
:106B10006C65206F6E676F696E67005D203A205765
:106B200072697465206379636C652074696D656F43
:106B30007574005D203A2053656C6620746573742B
:106B4000206E6F742072756E6E696E67005D203AFC
:106B5000204461746120726561647920696E746596
:106B60007272757074206661696C6564005D203AAC
:106B700020496E76616C696420464F4320706F73C4
:106B80006974696F6E005D203A20556E6B6E6F7789
:106B90006E206572726F7220636F64650000000082
:106BA0000000000000000000D7050100670601009A
:106BB000C10601001F060100910601000107010046
:106BC00041070100870701009D070100330801000C
:106BD000C5070100FBFAF9C82E002E802E3DB1C872
:106BE0002E002E802E9103802EBCB0802EA303C8D1
:106BF0002E002E802E00B05030212E59F51030215D
:106C00002E6AF5802E3B03000000000819010022C7
:106C100000750000100010D100B343802E00C18029
:106C20002E00C1802E00C1802E00C1802E00C180A8
:106C30002E00C1802E00C1802E00C1802E00C18098
:106C40002E00C1802E00C1802E00C1802E00C18088
:106C50002E00C1802E00C1802E00C1802E00C18078
:106C60002E00C1802E00C1802E00C1802E00C18068
:106C70002E00C1802E00C1802E00C1802E00C18058
:106C80002E00C1802E00C1802E00C1802E00C18048
:106C90002E00C1802E00C1802E00C1802E00C18038
:106CA0002E00C1802E00C1802E00C1802E00C18028
:106CB0002E00C1802E00C1802E00C1802E00C18018
:106CC0002E00C1E05F000000000100000000000095
:106CD0000000000000920000000000000000000022
:106CE00000000000000000081900008800000000FB
:106CF00000000005E0AA3805E09030FA0096004B4D
:106D0000091100110002002D01D47B3B01DB7A0444
:106D1000003F7BCD6CC3048509C304ECE60C46013F
:106D200000270019009600A00001000C00F03C00B4
:106D3000010100030001000E00000032000500EE1A
:106D4000060400C80000000400A805EE060004BC0C
:106D500002B30085070000000000000000000000F2
:106D6000000000000000000000B4000100B90001B4
:106D700000980000000000000000000100800004F6
:106D80000000000000000000000000000000000003
:106D900000000000000000000000000000000000F3
:106DA00000000000000000000000000000000000E3
:106DB00000000000000000000000000000000000D3
:106DC00000000000000000000000000000000000C3
:106DD00000802E00C1FD2DDE00EB00DA00000CFF6C
:106DE0000F0004C0005BF5C9011EF280003FFF19CF
:106DF000F458F566F564F5C0F1F000E000CD01D37C
:106E000001DB01FF7FFF01E40074F7F300FA00FFEC
:106E10003FCA036C3856FE44FDBC02F90600FC1262
:106E200002AE0158FA9AFD7705BB02960195017FE3
:106E30000182018901870188018A018C018F018DFE
:106E40000192019101DD009F017E01DB00B601701E
:106E50006926D39C071F059D000008BC0537FAA2D0
:106E600001AA01A101A801A001A805B401B401CEA5
:106E700000D000FC00C501FFFBB10000380030FD70
:106E8000F5FCF5CD01A0005FFF0040FF0000806D24
:106E90000FEB007FFFC2F568F7B3F1670F5B0F617F
:106EA0000F800F58F75BF7830F8600720F850FC6B0
:106EB000F17F0F6CF700E000FFD1F5870F8A0FFF1D
:106EC00003F03F8B008E009000B9002DF5CAF5CB82
:106ED0000120F2000000000000000000000000009F
:106EE00000000000000000000000000000000000A2
:106EF0000000000000000000000000000000000092
:106F00000000000000000000000000000000000081
:106F10000000000000000000000000000000000071
:106F20000000000000000000000000000000000061
:106F30000000000000000000000000000000000051
:106F40000000000000000000000000000000000041
:106F50000000000000000000000000000000000031
:106F60000000000000000000000000000000000021
:106F70000000000000000000000000000000000011
:106F80000000000000000000000000000000000001
:106F900000000000000000000000000000000000F1
:106FA00000000000000000000000000000000030B1
:106FB00050982ED70E5032982EFA030030F07F00F2
:106FC0002E002ED02E002E018008A2FB2F982EBA64
:106FD00003212E1900012EEE0000B2072F012E19F9
:106FE0000000B2032F01500352982E07CC012EDD72
:106FF0000000B2272F052E8A000552982EC7C10324
:107000002EE90040B2F07F082F012E190000B204D3
:107010002F0030212EE900982EB4B1012E18000067
:10702000B2102F0550982E4DC30550982E5AC79870
:107030002EF9B4982E54B2982E67B6982E17B21027
:1070400030212E7700012EEF0000B2042F982E7A07
:10705000B70030212EEF00012ED40004AE0B2F011B
:107060002EDD0000B2072F0552982E8E0E00B202C0
:107070002F1030212E7D00012E7D000090902EF1EA
:1070800002012ED70000B2042F982E2F0E003021BF
:107090002E7B00012E7B0000B2122F012ED40000A7
:1070A00090022F982E1F0E092D982E810D012ED49F
:1070B000000490022F5032982EFA030030212E7BCC
:1070C00000012E7C0000B2902E0903012E7C0001ED
:1070D00031010800B2042F982E47CB1030212E77B3
:1070E000008130012E7C00010800B2612F032E893F
:1070F00000012ED40098BC98B805B20F58232F0772
:107100009009540030372F15410441DCBE44BEDCE9
:10711000BA2C0161000F564A0F0C2FD14294B8C10E
:10712000421130052E6AF72CBD2FB980B208229883
:107130002EC3B7212D6130232ED400982EC3B70063
:1071400030212E5AF5182DE17F5030982EFA030F7A
:10715000520750504270300D5442427E82E26F809E
:10716000B24242052F212ED4001030982EC3B7030F
:107170002D6030212ED400012ED4000690182F014E
:107180002E76000B540752E07F982E7AC1E16F08EB
:107190001A4030082F212ED4002030982EAFB7503F
:1071A00032982EFA03052D982E380E0030212ED459
:1071B000000030212E7C00182D012ED40003AA01DE
:1071C0002F982E450E012ED4003F8003A2012F00E0
:1071D0002E022D982E5B0E3030982ECEB700302127
:1071E0002E7D005032982EFA03012E770000B22433
:1071F0002F982EF5CB032ED5001154010ABC8483A1
:1072000086212EC901E0401352C4408240A8B952E1
:107210004243BE5342040A5042E17FF0314140F202
:107220006F25BD0808020AD07F982EA8CF06BCD1D2
:107230006FE26F080A8042982E58B70030212EEE78
:1072400000212E7700212EDD00802EF4011A242249
:1072500000802EEC011050FB7F982EF3035750FB5B
:107260006F013071541142420EFC2FC02E0142F0CA
:107270005F802E00C1FD2D01000000000000000015
:107280000000009A0134030000000000000000002C
:1072900000000000000000000000000000000000EE
:1072A00000000000000000000000000000000000DE
:1072B00000000000000000000000000000000000CE
:1072C00000000000000000000000000000000000BE
:1072D00000000000000000000000000000000000AE
:1072E000000000000000000000000000000000009E
:1072F0000000000000000000002050E77FF67F063D
:10730000320F2E61F5FE09C0B3042F17302F2EEF78
:10731000002D2E61F5F66FE76FE05FC82E2050E775
:107320007FF67F46300F2EA4F1BE0980B3062F0DE5
:107330002ED40084AF022F16302D2E7B0086302DE8
:107340002E60F5F66FE76FE05FC82E012E77F70924
:10735000BC0FB800B21050FB7F10300B2F032E8AE9
:107360000096BC9FB840B2052F032E68F79EBC9FC5
:10737000B840B2072F032E7E004190012F982EDCDB
:1073800003032C0030212E7E00FB6FF05FB82E200F
:1073900050E07FFB7F002E2750982E3BC829509845
:1073A0002EA7C80150982E55CCE16F2B50982EE097
:1073B000C9FB6F0030E05F212E7E00B82E735001B4
:1073C0003057541142420EFC2FB82E212E59F51081
:1073D00030C02E212E4AF19050F77FE67FD57FC432
:1073E0007FB37FA17F907F827F7B7F982E35B70010
:1073F000B2902E97B0032E8F00072E9100052EB16C
:10740000003FBA9FB8012EB100A3BD4C0A052EB1B2
:107410000004BEBFB9CB0A4FBA22BD012EB300DCB7
:107420000A2FB9032EB8000ABE9A0ACFB99BBC0135
:107430002E97009FB8930A0FBC910A0FB8900A25A7
:107440002E1800052EC1F52EBD2EB9012E190031C2
:10745000308A040090072F012ED40004A2032F01CC
:107460002E180000B20C2F19500552982E4DB7055A
:107470002E780080901030012F212E7800252EDDEF
:1074800000982E3EB700B202300130042F012E19B1
:107490000000B2002F2130012EEA00081A0E2F231F
:1074A0002EEA0033301B500B090140175646BE4BE5
:1074B000084C0A01420A8015520142002E012E1882
:1074C0000000B21F2F032EC0F5F030480847AA7401
:1074D00030072E7A0061224B1A052F072E66F5BF62
:1074E000BDBFB9C0900B2F1D562B30D242DB4201DD
:1074F00004C24204BDFE808184232E7A000242022F
:1075000032252E62F5052ED6008184252ED6000266
:1075100031252E60F5052E8A000B50900880B20BA5
:107520002F052ECAF5F03E9008252ECAF5052E59D6
:10753000F5E03F9008252E59F5906FA16FB36FC409
:107540006FD56FE66FF76F7B6F826F705FC82EC06D
:1075500050907FE57FD47FC37FB17FA27F877FF686
:107560007F7B7F002E012E60F5607F982E35B7025D
:1075700030636F1552507F627F5A2C02321A090015
:10758000B3142F00B2032F092E180000910C2F43C3
:107590007F982E97B71F50028A02320430252E643E
:1075A000F51552506F436F4443252E60F5D908C03E
:1075B000B2362F982E3EB700B2062F012E190000CA
:1075C000B2022F506F00900A2F012E7900009019FF
:1075D0002F1030212E79000030982EDC03132D015E
:1075E0002EC3F50CBC0FB81230100403B0262521B1
:1075F000500352982E4DB71030212EEE000230600D
:107600007F252E7900606F0090052F0030212EEA33
:10761000001550212E64F51552232E60F5023250CC
:107620006F0090022F0330272E7800072E60F51A86
:10763000090091A32F19090091A02F906FA26FB19B
:107640006FC36FD46FE56F7B6FF66F876F405FC856
:107650002EC050E77FF67F26300F2E61F52F2E7C4F
:10766000000F2E7C00BE09A27F807F80B3D57FC42F
:107670007FB37F917F7B7F0B2F23501A25124042CF
:107680007F74821240527F002E0040607F982E6AE5
:10769000D68130012E7C00010800B2422F032E89D2
:1076A00000012E890097BC06BC9FB80FB80090233C
:1076B0002ED800103001302A2F032ED40044B205FA
:1076C0002F47B200302D2F212E7C002B2D032EFDB5
:1076D000F59EBC9FB84090142F032EFCF599BC9FDB
:1076E000B840900E2F032E49F125544A08409008C7
:1076F0002F982E35B700B21030032F5030212ED4E2
:1077000000102D982EAFB70030212E7C000A2D05D9
:107710002E69F72DBD2FB980B2012F212E7D0023B8
:107720002E7C00E031212E61F5F66FE76F806FA2AD
:107730006FB36FC46FD56F7B6F916F405FC82E6062
:10774000510A253688F47FEB7F00323152323013F4
:1077500030982E15CB0A253384D27F433005502D27
:1077600052982E95C1D26F2752982ED7C72A25B08E
:1077700086C07FD37FAF842950F16F982E4DC82AE1
:1077800025AE8AAA88F26E2B50C16FD36FF47F9812
:107790002EB6C8E06E00B2322F33548386F16FC329
:1077A0007F04303030F47FD07FB27FE330C56F5636
:1077B000404541280803140EB408BC8240100A2F2B
:1077C000542605917F4428A37F982ED9C008B93349
:1077D000305309C16FD36FF46F831747406C15B2F4
:1077E0006FBE09750B90424542510E32BC0289A111
:1077F0006F7E86F47FD07FB27F0430916FD62FEBFF
:107800006FA05EB82E032E97001BBC60509FBC0C6F
:10781000B8F07F40B2EB7F2B2F032E7F0041400159
:107820002EC800011A112F3758232EC8001041A06E
:107830007F38810141D07FB17F982E64CFD06F0710
:1078400080A16F1142002EB16F01421130012EFC58
:107850000000A80330CB224A25012E7F003C893549
:10786000520554982EC4CEC16FF06F982E95CF0458
:107870002D0130F06F982E95CFEB6FA05FB82E03DF
:107880002EB3000232F030033130508A080808CBA2
:1078900008E07F80B2F37FDB7F252F032ECA0041F3
:1078A00090042F0130232ECA00982E3F03C0B2054A
:1078B0002F032EDA0000304104232EDA00982E9296
:1078C000B21025F06F00B2052F012EDA0002301041
:1078D00004212EDA0040B2012F232EC801DB6FE015
:1078E0006FD05F802E95CF0130E06F982E95CF112D
:1078F00030232ECA00DB6FD05FB82ED0500A25335C
:10790000845550D27FE27F038CC07FBB7F0030055F
:107910005A39545141A57F967F807F982ED9C00552
:1079200030F57F2025916F3B583D5C3B56982E6784
:10793000CCC16FD56F52405043C17FD57F10259881
:107940002EFEC91025982E74C0866F3028926F8243
:107950008CA56F6F52690E3954DB2F19A0153003B7
:107960002F0030212E81010A2D012E810105284290
:1079700036212E8101020E012F982EF3035750124B
:10798000300140982EFEC9516F0B5C8E0E3B6F5735
:10799000580230212E9501456F2A8DD27FCB7F135F
:1079A0002F02303F50D27FA80E0E2FC06F535402CB
:1079B000005154420E103059520230012F002E0354
:1079C0002D504242421230D27F80B2032F0030212C
:1079D0002E8001122D012EC9000280052E8001117A
:1079E0003091280040252E8001100E052F012E7F9A
:1079F000010190012F982EF303002EA0410190A6C3
:107A00007F902EE3B4012E950100A8902EE3B45B85
:107A1000549580824080B202402D8C3F52967F90D8
:107A20002EC2B3290E762F012EC9000040812845B1
:107A300052B330982E0FCA5D54807F002EA1407241
:107A40007F82808240607F982EFEC91025982E7418
:107A5000C0626F05308740C0910430052F052E832A
:107A60000180B21430002F0430052EC900736F81DD
:107A700040E2406904110FE1401630FE29CB40027C
:107A80002F836F830F222F4756130F1230772F4902
:107A900054420E1230732F00910A2F012E8B0119C0
:107AA000A802306C2F6350002E17420542682C123A
:107AB000300B25080F5030022F212E8301032D405B
:107AC00030212E83012B2E85015A2C123000912B50
:107AD00025042F635002301742172C0242982EFEC5
:107AE000C91025982E74C0052EC90081845B308290
:107AF00040372E8301020E072F5F52403062404113
:107B000040910E012F212E830105302B2E8501126D
:107B100030362C16301525817F982EFEC9102598F9
:107B20002E74C019A21630152F052E9701806F8272
:107B30000E052F012E86010628212E86010B2D030E
:107B40002E87015F544E289142002E8240900E01F4
:107B50002F212E88010230132C0530C06F081CA87D
:107B60000F163005305B50092F02802D2E82010543
:107B7000420580002E02423E80002E0642023090D6
:107B80006F3E88014004414C2801420780102524A3
:107B900040004000A8F522232944427A827E88438F
:107BA00040044100ABF523DF284342D9A0142F0045
:107BB00090022FD26F81B2052F6354062890428520
:107BC00042092C02305B500380292E7E012B2E822D
:107BD00001054212302B2E83014582002E40407A4F
:107BE0008202A0082F63503B301542054237803790
:107BF0002E7E0105421230012EC900028C404084C5
:107C0000417A8C040F032F012E8B0119A4042F2B12
:107C10002E8201982EF303123081906152082F6555
:107C20004265424380398482880542454285420547
:107C300043002E80410090902EE1B46554C16F80C6
:107C40004000B243586950442F555CB7878C0F0DE4
:107C50002E9601C440362F41568B0E2A2F0B52A16F
:107C60000E0A2F052E8F011425982EFEC94B5402A3
:107C70000F695005306554152F032E8E014D5C8E13
:107C80000F3A2F052E8F01982EFEC94F54820F05F3
:107C90003069506554302F6D521530428C45420486
:107CA000302B2C84436B52428C002E85431530249C
:107CB0002C45428E0F202F0D2E8E01B10E1C2F232E
:107CC0002E8E011A2D0E0E172FA10F152F232E8D7C
:107CD00001132D982E74C04354C20E0A2F65500410
:107CE000800B3006820B42798041401230252E8C69
:107CF00001014205306950655484824384BE8C84FE
:107D000040864126299442BE8ED57F19A143400B5F
:107D10002E8C018440C7415D29272945428442C2F7
:107D20007F012FC0B31D2F052E940199A0012F8034
:107D3000B3132F80B3182FC0B3162F1240014092F7
:107D40007F982E74C0926F100F2030032F103021B7
:107D50002E7E010A2D212E7E01072D2030212E7E20
:107D600001032D1030212E7E01C26F012EC900BCEF
:107D700084028082400040900ED56F022F1530980B
:107D80002EF30341910530072F67503D802B2E8F36
:107D90000105420480002E0542022C00300030A272
:107DA0006F988A864080A7052F982EF303C0302154
:107DB0002E950106251A25E26F768296405643518C
:107DC0000EFB2FBB6F305FB82E012EB80001314182
:107DD0000840B22050F2300208FB7F0130102F051E
:107DE0002ECC008190E07F032F232ECC00982E55BF
:107DF000B6982E1DB51025FB6FE06FE05F802E95C5
:107E0000CF982E95CF1030212ECC00FB6FE05FB8BD
:107E10002E00510558EB7F2A2589526F5A8950133D
:107E2000410640B3011642CB160640F302134265E9
:107E30000EF52F054014302C29044208A100309083
:107E40002E52B6B388B08AB684A47FC47FB57FD5DE
:107E50007F927F73300430554042408A17F3086B9D
:107E600001900253B84B82ADBE717F450A0954841C
:107E70007F982ED9C0A36F7B54D042A37FF27F603E
:107E80007F2025716F755A7758795C7556982E67E3
:107E9000CCB16F626F5042B17FB3301025982E0F76
:107EA000CA846F2029716F926FA56F76826A0E73F4
:107EB000300030D02FD26FD17FB47F982E2BB715E2
:107EC000BD0BB8020AC26FC07F982E2BB715BD0B31
:107ED000B8420AC06F081741188916E118D018A1D6
:107EE0007F27251625982E79C08B54907FB330823A
:107EF0004080900D2F7D52926F982E0FCAB26F90D6
:107F00000E062F8B501430426F516F1442124201F3
:107F100042002E316F982E74C0416F807F982E746E
:107F2000C0826F10044352010F052ECB00003004B5
:107F300030212F516F43588C0E04301C2F858841FF
:107F40006F04418C0F0430162F8488002E044104E6
:107F5000058C0E04300F2F8288316F044104058C8C
:107F60000E0430082F8388002E04418C0F04300249
:107F70002F212EAD0114300091142F032EA10141A9
:107F8000900E2F032EAD0114304C28232EAD014648
:107F9000A0062F81848D5248828240212EA1014269
:107FA000425C2C0230052EAA0180B20230552F030C
:107FB0002EA901926FB330982E0FCAB26F900F00A6
:107FC0003002304A2FA26F875291008552510E0223
:107FD0002F002E432C0230C26F7F52910E02303C94
:107FE0002F516F8154982EFEC91025B3302125984A
:107FF0002E0FCA326FC07FB3301225982E0FCA429F
:108000006FB07FB3301225982E0FCAB26F902883BD
:1080100052982EFEC9C26F900F003002301D2F05FE
:108020002EA10180B212300F2F426F032EAB0191AF
:108030000E0230122F526F032EAC01910F02300C42
:108040002F212EAA010A2C1230032ECB008D5808A6
:1080500089414011430043252EA101D46F8F520066
:10806000433A89002E10431043610EFB2F032EA0CC
:1080700001111A022F0225212EA001EB6F005FB81B
:108080002E915210300230955652424B0EFC2F8DDD
:10809000548882935680425342404242868354C061
:1080A0002EC242002EA3520051524047401A2501D1
:1080B0002E97008FBE7286FB7F0B307CBFA55010C1
:1080C00008DFBA7088F8BFCB42D37F6CBBFCBBC55E
:1080D0000A907F1B7F0B43C0B2E57FB77FA67FC4AA
:1080E0007F902E1CB7072ED200C0B20B2F975201E3
:1080F0002ECD00827F982EBBCC0B30372ED2008243
:108100006F906F1A2500B28B7F142FA6BD25BDB6C8
:10811000B92FB980B2D4B00C2F99549B560B300BA9
:108120002EB100A1589B42DB426C092B2EB1008B73
:1081300042CB42867F7384A756C3083952055072DA
:108140007F637F982EC2C0E16F626FD10A012ECD8E
:1081500000D56FC46F726F97529D5C982E06CD2329
:108160006F906F9952C0B204BD5440AFB94540E121
:108170007F0230062FC0B20230032F9B5C12309476
:1081800043854303BF6FBB80B3202F066F260116C4
:108190006F6E034542C090292ECE009B52142F9B38
:1081A0005C002E93418641E304AE0780AB042F8030
:1081B000910A2F866F730F072F836FC0B2042F545D
:1081C0004245421230042C1130022C113011300281
:1081D000BC0FB8D27F00B20A2F012EFC00052EC7BB
:1081E00001101A022F212EC701032D022C0130018C
:1081F00030B06F982E95CFD16FA06F982E95CFE2AB
:108200006F9F52012ECE00824050420C2C424211F0
:1082100030232ED2000130B06F982E95CFA06F0181
:1082200030982E95CF002EFB6F005FB82E8386010D
:10823000300030944024180600530E4F02F92FB836
:108240002EA952002E604041400DBC98BCC02E01AA
:108250000A0FB8AB52533C524040404B00821626A6
:10826000B901B84140100897B80108C02E1130017B
:1082700008438625400440D8BE2C0B2211544203EB
:10828000804B0EF62FB82E9F501050AD52052ED3B6
:1082900000FB7F002E13409342410EFB2F982EA52A
:1082A000B7982E87CF012ED90000B2FB6F0B2F019C
:1082B0002E69F7B13F01080130F05F232ED900216C
:1082C0002E69F7802E7AB7F05FB82E012EC0F80322
:1082D0002EFCF51554AF5682080B2E69F7CB0AB168
:1082E000588090DDBE4C085FB959228090072F035B
:1082F00034C308F23A0A080235C0904A0A4822C03C
:108300002E232EFCF51050FB7F982E56C7982E4931
:10831000C31030FB6FF05F212ECC00212ECA00B8B5
:108320002E032ED30016B802344A0C212E2DF5C090
:108330002E232ED30003BC212ED500032ED50040C2
:10834000B21030212E77000130052F052ED8008085
:1083500090012F232E6FF5C02E212ED900113081D0
:1083600008012E6AF7713F23BD0108020AC02E21C1
:108370002E6AF730250030212E5AF51050212E7B21
:1083800000212E7C00FB7F982EC3B74030212ED4D5
:1083900000FB6FF05F0325802EAFB7802E00C180F9
:1083A0002E00C1802E00C1802E00C1802E00C18011
:1083B0002E00C1802E00C1802E00C1802E00C18001
:1083C0002E00C1802E00C1802E00C1802E00C180F1
:1083D0002E00C1802E00C1012E5DF708BC80AC0EBE
:1083E000BB022F003041048206C0A40030112F4090
:1083F000A9032F40910D2F00A70B2F80B3B3580274
:108400002F90A12613202380901030012FCC0E0036
:108410002F0030B82EB550180808BC88B60D17C606
:10842000BD56BCB758DABA04011D0A1050053032E7
:10843000254503FB7FF6302125982E37CA16B59ABD
:10844000BC06B880A8410A0E2F8090022F2D5048FC
:108450000F092FBFA0042FBF90062FB754CA0F03D8
:108460002F002E022CB7522D52F233982ED9C0FB7A
:108470006FF137C02E0108F05FBF56B954D040C429
:10848000400B2EFDF3BF529042944295420530C1FD
:10849000500F88064004419642C54248BE73300DD5
:1084A0002ED8004FBA8442034281B3022F2B2E6F85
:1084B000F5062D052E77F7BD569308252E77F7BBC9
:1084C00054252EC2F5072EFDF34230B433DA0A4CA0
:1084D00000272EFDF34340D43FDC084342002E002A
:1084E0002E43402430DC0A43420480032EFDF34A2D
:1084F0000A232EFDF36134C02E0142002E60501A73
:10850000257A86E07FF37F0325C3524184DB7F33E6
:1085100030982E16C21A257D82F06FE26F32251632
:10852000409440260185408E17C4426E0395424117
:108530000EF42FDB6FA05FB82EB051FB7F982EE8B2
:108540000D5A25982E0F0ECB583287C47F65896B44
:108550008DC55A657FE17F837FA67F747FD07FB60C
:108560007F947F1730C752C954517F002E856F42C8
:108570007F002E51414581424113403B8A00404BD0
:1085800004D006C0AC857F022F02305104D30641CF
:108590008405305D02C916DF08D3008D02AFBCB17F
:1085A000B9590A656F1143A1B45241534101433493
:1085B0007F657F2631E56FD46F982E37CA326F758D
:1085C0006F83404241237F127FF63040255125982A
:1085D0002E37CA146F2005706F256F6907A26F319F
:1085E0006F0B3004429B428B425542327F40A9C3FD
:1085F0006F717F0230D040C37F032F4091152F0051
:10860000A7132F00A4112F84BD982E79CA556FB7D8
:108610005454418200F33F4541CB02F630982E3747
:10862000CA356FA46F4143032C0043A46F356F1705
:1086300030426F516F934042820041C30003435167
:108640007F002E944041414C02C46FD156630E749A
:108650006F5143A57F8A2F092ED80001B3212FCB5C
:1086600058906F1341B66FE47F002E9141144092F1
:10867000411540172E6FF5B67FD07FCB7F982E0027
:108680000C0715C26F140B292E6FF5C3A3C18FE41D
:108690006FD06FE62F1430052E6FF5140B292E6F57
:1086A000F5182DCD560432B56F1C0151415241C30E
:1086B00040B57FE47F982E1F0CE46F2187004304B0
:1086C00032CF545A0EEF2F1554092E77F7220B296B
:1086D0002E77F7FB6F505EB82E1050012ED400009D
:1086E000B2FB7F512F01B2482F02B2422F039056A6
:1086F0002FD75279804240818400404242982E9385
:108700000CD954D750A14098BD82403E82DA0A4429
:10871000408B16E3005342002E43409A025242001F
:108720002E414015544A0E3A2F3A820030414021E2
:108730002E850F40B20A2F982EB10C982E450E9818
:108740002E5B0EFB6FF05F0030802ECEB7DD52D374
:108750005442424F847330DB5283421B306B4223BE
:1087600030272ED700372ED400212ED6007A84173A
:108770002C42423030212ED400122D2130003023E3
:108780002ED400212E7BF70B2D1730982E510CD5AF
:10879000500C8272302F2ED400252E7BF7404200E1
:1087A0002EFB6FF05FB82E70500A253986FB7FE1F3
:1087B000326230982EC2C4B556A56FAB08916F4B8C
:1087C00008DF56C46F23094DBA93BC8C0BD16F0BD5
:1087D00009CB52E15E5642AF094DBA23BD940AE57A
:1087E0006F68BBEB08BDB963BEFB6F5242E30AC0C2
:1087F0002E4342905FD150032E25F3134000409B3F
:10880000BC9BB408BDB8B998BCDA0A08B68916C0D2
:108810002E190062021050FB7F982E810D012ED47C
:108820000031300804FB6F0130F05F232ED60021A9
:108830002ED700B82E012ED700032ED600480E01E9
:108840002F802E1F0EB82EE350213401428230C1FA
:1088500032252E62F50100223001404A0A0142B859
:108860002EE354F03B8340D808E552834200308326
:10887000305042C432272E64F5940050424042D317
:108880003F84407D82E30840428342B82EDD52009F
:108890003040427C86B952092E700FBF54C442D377
:1088A000865440554094428542212ED700424025AF
:1088B0002EFDF3C0427E82052E7D0080B2142F056E
:1088C0002E890027BD2FB98090022F212E6FF50C25
:1088D0002D072E710F14301C09052E77F7BD564752
:1088E000BE9308940A252E77F7E75450424A0EFCAF
:1088F0002FB82E505002304386E550FB7FE37FD2E5
:108900007FC07FB17F002E414000404804982E7404
:10891000C01EAAD36F1430B16FE322C06F5240E47F
:108920006F4C0E1242D37FEB2F032E860F40901117
:1089300030032F232E860F022C0030D06FFB6FB038
:108940005FB82E4050F17F0A253C86EB7F413322F1
:1089500030982EC2C4D36FF430DC094758C26F94EC
:1089600009EB586ABBDC08B4B9B1BDE95A950821D6
:10897000BDF6BF770B51BEF16FEB6F52425442C050
:108980002E4342C05F5050F55031301142FB7F7B87
:10899000300B4211300280233301420300072E8046
:1089A00003052ED3002352E27FD37FC07F982EB6DB
:1089B0000ED16F080A1A257B86D07F0133123098BA
:1089C0002EC2C4D16F080A00B20D2FE36F012E80B2
:1089D000035130C786232E21F208BCC042982EA531
:1089E000B7002E002ED02EB06F0BB8032E1B000840
:1089F0001AB07F7030042F212E21F2002E002ED0CD
:108A00002E982E6DC0982E5DC0ED50982E44CBEF61
:108A100050982E46C3F150982E53C73550982E6467
:108A2000CF1030982EDC032026C06F02311242ABEB
:108A3000330B42378001300142F337F752FB504489
:108A400040A20A42428B31092E5EF7F954E30883B3
:108A5000421B4223334B00BC840B40333083420B18
:108A600042E07FD17F982E58B7D16F8030404203CB
:108A700030E06FF3540430002E002E0189620EFAAC
:108A80002F43421130FB6FC02E0142B05FC14A003C
:108A9000006D570000778E0000E0FFFFFFD3FFFF5F
:108AA000FFE5FFFFFFEEE1FFFF7C13000046E6FF5E
:108AB000FF000000000000000000000000000000B7
:108AC00000000000000000000000000000000000A6
:108AD0000000000000000000000000000000000096
:108AE0000000000000000000000000802E00C18097
:108AF0002E00C1802E00C1802E00C1802E00C180BA
:108B00002E00C1802E00C1802E00C1802E00C180A9
:108B10002E00C1802E00C1802E00C1802E00C18099
:108B20002E00C1802E00C1802E00C1802E00C18089
:108B30002E00C1802E00C1802E00C1802E00C18079
:108B40002E00C1802E00C1802E00C1802E00C18069
:108B50002E00C1802E00C1802E00C1802E00C18059
:108B60002E00C1802E00C1802E00C1802E00C18049
:108B70002E00C1802E00C1802E00C1802E00C18039
:108B80002E00C1802E00C1802E00C1802E00C18029
:108B90002E00C1802E00C1802E00C1802E00C18019
:108BA0002E00C1802E00C1802E00C1802E00C18009
:108BB0002E00C1802E00C1802E00C1802E00C180F9
:108BC0002E00C1802E00C1802E00C1802E00C180E9
:108BD0002E00C1802E00C12F01002401022A0103B2
:108BE0002B01032601042201052C010509010604BD
:108BF000010C0502000302041D030006060207061D
:108C00000208060213060614070007000008000405
:108C100013000609000829000C27000E28000E008A
:108C2000C5290100C905010061050100493243530E
:108C30006C6176650000000000000000000000008C
:108C4000A12701006545010071270100C52701002A
:108C5000BF270100D327010009280100392801009E
:108C60005D28010003290100E52801007D2701009E
:108C700033290100892701006B2901009127010098
:108C8000C7270100CD27010075270100B528010085
:108C900000C00140001002400020024000D002400D
:108CA000A52E0100C90501006105010000000000BA
:108CB00000000000152F0100952F01007127010011
:108CC000612D01008530010069310100E1300100B2
:108CD000192E0100152D0100792D0100C52E01006E
:108CE0004E616E6F20333320424C4500000000007F
:108CF0000000000091320100AD32010063930100D9
:108D000055880100618501004986010049940100F0
:108D10006D8101006F810100D1820100D1820100CB
:108D20000582010089330100CD340100D5810100A5
:108D3000893201007D340100A9340100ED81010078
:108D40004334010051320100553201005732010015
:108D5000593201006F320100C332010003330100B8
:108D6000373301005F330100793601007D360100A1
:108D70008136010010034100720064007500690033
:108D80006E006F0000000000000000008938010044
:108D90009D380100E33D0100D37D0100000000008B
:108DA00000000000B1380100C53801001D3F01007E
:108DB000D37D0100000000000000000061380100C8
:108DC000753801008B360100D37D01007D3A01002A
:108DD000C9050100610501008025000000000800B0
:108DE000FFFFFFFF5F72785F73697A65203D3D206A
:108DF00030005F74785F6C6973742E656D70747980
:108E00002829005F72785F6C6973742E656D7074C9
:108E100079282900433A5C55736572735C7A616303
:108E2000686A5C417070446174615C4C6F63616C32
:108E30005C41726475696E6F31355C7061636B6142
:108E40006765735C61726475696E6F5C686172649A
:108E5000776172655C6D6265645F6E616E6F5C33D5
:108E60002E352E345C636F7265735C617264756954
:108E70006E6F5C5553425C5553424344432E6370BE
:108E800070007265736F6C7665722E76616C6964C2
:108E9000282900000000000000000000A5360100A5
:108EA000153C0100293C0100453C010059390100F5
:108EB0009D3A01005B380100D9380100933601006A
:108EC0009936010011380100453801009D36010036
:108ED00085360100873601008936010016034300FC
:108EE0004400430020004400450056004900430070
:108EF00045000000E1400100C905010061050100D5
:108F0000BB3F0100C90501006105010055534265E1
:108F1000767400000000000000000000A53601008B
:108F2000153C0100293C0100453C01005939010074
:108F30009D3A01005B380100D938010093360100E9
:108F400099360100014101005D4101009D3601009B
:108F500067400100A1400100893601001540010071
:108F60003D40010049420100A73F0100B33F01001D
:108F700061300100AD3001001D310100B73F01003B
:108F8000F12E0100592F0100BF3F0100D8FEFFFF65
:108F9000000000004D4101007B410100379E0100AF
:108FA000079E0100699E0100039E0100039E0100CF
:108FB000039E0100039E01006D9E0100039E0100BF
:108FC0007B3F0100813F01008D3F0100913F010087
:108FD000973F01009D3F0100A13F01003540010086
:108FE0005F400100A33F0100A53F0100D4FEFFFF49
:108FF000000000005541010073410100C0FEFFFF69
:10900000000000000D2F01008F2F010071270100CB
:10901000B93F01007D30010061310100DB3001000A
:1090200025430100AD3F0100B53F0100CF3F0100E6
:1090300000000000000000008F4301006E616E0020
:10904000696E66006F766600433A5C5573657273AD
:109050005C7A6163686A5C417070446174615C4C05
:109060006F63616C5C41726475696E6F31355C7001
:1090700061636B616765735C61726475696E6F5C77
:1090800068617264776172655C6D6265645F6E6170
:109090006E6F5C332E352E345C636F7265735C616A
:1090A000726475696E6F2F6D6265642F746172678B
:1090B0006574732F5441524745545F4E4F52444993
:1090C000432F5441524745545F4E524635782F67DF
:1090D00070696F5F6F626A6563742E68006F626AA1
:1090E0002D3E70696E20213D202850696E4E616DC5
:1090F00065294E43005254582056352E352E3300E4
:10910000000000000000000000000000000000005F
:10911000000000000000000000000000000000004F
:10912000000000000000000000000000000000003F
:10913000000000000000000005000000E80300003F
:109140000500000098290020100000000000000029
:10915000000000000000000000000000000000000F
:1091600000000000000000000000000000000000FF
:1091700000000000000000000000000000000000EF
:1091800000000000000000000000000000100000CF
:10919000FC910200D8910200516C0100316C010079
:1091A000AC9102000400000000000000000000007C
:1091B00000000000D8230020340000008823002095
:1091C000500000007274785F74696D65720072748B
:1091D000785F69646C650000C491020000000000C3
:1091E000102700204400000010240020000300008D
:1091F000280000000100000000000000CE910200E5
:1092000000000000542700204400000098270020A0
:10921000000200000100000001000000000000004A
:109220006D616C6C6F635F6D7574657800656E76EB
:109230005F6D75746578006D61696E0050726520B0
:109240006D61696E20746872656164206E6F742050
:1092500063726561746564004661696C656420745D
:109260006F2073746172742052544F530073696E8F
:10927000676C65746F6E5F6D7574657800000000D3
:109280006D9202000B000000402A00201C0000002C
:10929000434D5349532D52544F53206572726F7290
:1092A0003A20537461636B206F766572666C6F77DA
:1092B00000434D5349532D52544F53206572726FE2
:1092C000723A20495352205175657565206F766555
:1092D00072666C6F7700434D5349532D52544F5370
:1092E000206572726F723A20557365722054696DF1
:1092F00065722043616C6C6261636B2051756575AA
:1093000065206F766572666C6F7700434D534953E5
:109310002D52544F53206572726F723A2053544449
:1093200020432F432B2B206C696272617279206C71
:1093300069627370616365206E6F74206176616924
:109340006C61626C6500434D5349532D52544F5329
:10935000206572726F723A2053544420432F432B7E
:109360002B206C696272617279206D75746578204A
:10937000696E697469616C697A6174696F6E20667F
:1093800061696C656400434D5349532D52544F53EA
:10939000206572726F723A20556E6B6E6F776E0039
:1093A0004E6F7420616C6C6F77656420696E204924
:1093B000535220636F6E74657874005379737465CB
:1093C0006D206973206F7574206F66206D656D6FF9
:1093D000727900506172616D657465722065727298
:1093E0006F72005265736F75726365206E6F7420C3
:1093F000617661696C61626C65004F706572617461
:10940000696F6E206E6F7420636F6D706C6574652C
:10941000642077697468696E207468652074696D6A
:10942000656F757420706572696F6400556E737036
:10943000656369666965642052544F532065727292
:109440006F720000A0930200BB930200D39302004E
:10945000E3930200FA9302002C9402002E2F6D6217
:1094600065642D6F732F636D7369732F64657669FF
:1094700063652F72746F732F736F757263652F6DD1
:109480006265645F7274785F69646C652E63707086
:10949000007469636B735F736C657074203C207239
:1094A000746F733A3A4B65726E656C3A3A776169DC
:1094B000745F666F725F7533325F6D6178006672DC
:1094C0006571203D3D20313030300068616E646C44
:1094D0006572203D3D202849525148616E646C659B
:1094E000725F74294E5649435F47657456656374CD
:1094F0006F722869727129002E2F6D6265642D6F5D
:10950000732F706C6174666F726D2F696E636C750A
:1095100064652F706C6174666F726D2F43616C6C43
:109520006261636B2E6800626F6F6C282A746869D1
:109530007329002E2F6D6265642D6F732F706C611F
:1095400074666F726D2F696E636C7564652F706CD5
:109550006174666F726D2F53696E676C65746F6EA0
:109560005074722E680070203D3D207265696E74E3
:109570006572707265745F636173743C54202A3E37
:1095800028265F6461746129002E2F6D6265642D49
:109590006F732F746172676574732F54415247451E
:1095A000545F4E4F524449432F5441524745545FF4
:1095B0004E524635782F6770696F5F6F626A6563D8
:1095C000742E68000000000000000000E573010038
:1095D000F5730100117201003172010000000000FA
:1095E00000000000DD740100057501002E2F6D6282
:1095F00065642D6F732F647269766572732F736F54
:10960000757263652F53657269616C426173652E73
:10961000637070005F7374617469635F70696E6D0D
:109620006170203D3D204E554C4C00000000000074
:10963000000000007975010079750100F5780100DE
:10964000697901000000000000000000894301006A
:10965000000000000000000079750100797501002C
:10966000D97C0100F57C0100117D01005D7D0100C8
:109670005B7C0100677C0100737C01007B7C010046
:10968000B57C0100C77C0100837C0100F8FEFFFF70
:1096900000000000ED7C01000B7D0100837D0100D6
:1096A000557D0100617C01007F7C0100577C010039
:1096B000777C0100357101003F7101006D7C010074
:1096C0007B3F0100813F01008D3F0100BF7C010015
:1096D000D17C0100AD7C0100A13F01002E2F6D6205
:1096E00065642D6F732F647269766572732F75735D
:1096F000622F736F757263652F4173796E634F705C
:109700002E637070005F6C697374203D3D204E5570
:109710004C4C005F77616974203D3D204E554C4CA8
:109720000000000000000000000000000000000039
:109730000000000089430100D37D01002E2F6D62DF
:1097400065642D6F732F647269766572732F7573FC
:10975000622F736F757263652F5553424465766946
:1097600063652E637070005F6C6F636B6564203E91
:1097700020300054686520656E64706F696E7420D7
:109780006973206E6F7420696E64657861626C65C0
:109790002E005F7472616E736665722E75736572EA
:1097A0005F63616C6C6261636B203D3D205265714B
:1097B0007565737458666572446F6E6500446576AE
:1097C0006963652073746174652069732022506F2A
:1097D000776572656422206F72202244657461632C
:1097E000686564220054686520737461636B206946
:1097F000732077616974696E67206F6E20612075D0
:109800007365722063616C6C6261636B20666F725A
:10981000207468652062756666657220746F2066C4
:10982000696C6C206F72207374617475732E005FA5
:109830007472616E736665722E757365725F6361B3
:109840006C6C6261636B203D3D20536574436F6EA9
:1098500066696775726174696F6E005F7472616EBC
:10986000736665722E757365725F63616C6C62619D
:10987000636B203D3D20536574496E74657266616B
:109880006365005F7472616E736665722E757365D1
:10989000725F63616C6C6261636B203D3D20526559
:1098A0007175657374002128696E666F2D3E666C54
:1098B000616773202620454E44504F494E545F4502
:1098C0004E41424C454429006D61785F7061636B85
:1098D00065745F73697A65203C3D20313032340015
:1098E00021636F6E66696775726564282900546824
:1098F000652073697A65206F6620746865206461ED
:10990000746120746F2072656164206973206C65D6
:109910007373207468616E20746865206D617820AF
:109920007061636B65742073697A6520666F72205D
:109930007468697320656E64706F696E742E00546C
:10994000686520656E64706F696E74206973206E3F
:109950006F7420696E64657861626C650053697A22
:1099600065206265696E67207772697474656E2020
:10997000697320746F6F206C617267652E00215FC0
:10998000696E697469616C697A6564000000000041
:1099900000000000000000000000000063930100D0
:1099A0005588010061850100498601004994010044
:1099B0006D8101006F810100D1820100D18201001F
:1099C000058201007581010089430100D5810100F4
:1099D000DD810100FD810100E5810100ED810100D3
:1099E000F58101005132010055320100573201006A
:1099F0006B81010089430100894301008943010013
:109A00008943010089430100A582010025820100EC
:109A100085820100160355005300420020004400D7
:109A20004500560049004300450008035500530017
:109A300042000603300031001603300031003200CE
:109A40003300340035003600370038003900120387
:109A50006D006200650064002E006F0072006700F8
:109A6000040309046571756575650000749A020048
:109A700018AC0020DD0A0200E50A0200250B0200F6
:109A8000350B0200F10A0200FD0A0200E10A0200A1
:109A9000D50A0200010000002E2F6D6265642D6F53
:109AA000732F68616C2F736F757263652F6D6265BC
:109AB000645F7469636B65725F6170692E63006DCA
:109AC000617463685F7469636B20213D2071756503
:109AD00075652D3E7469636B5F6C6173745F72654D
:109AE0006164005469636B657220667265717565A7
:109AF0006E6379206973207A65726F005469636BB5
:109B00006572206E756D626572206F662062697481
:109B10002069732067726561746572207468616E74
:109B2000203332206F72206C657373207468616E0D
:109B30002034206269747300409B020058AC0020FE
:109B40008D9B010039D8010095D80100A5D80100EE
:109B500049D8010085D801007D9B010095D70100FF
:109B60000000000064656661756C74000000000010
:109B700000000000399C01009D9C010000000000D5
:109B80000000000000000000000000008943010008
:109B9000894301008943010089430100577C01008A
:109BA000259D0100357101003F710100299D0100D3
:109BB0007B3F0100813F01008D3F0100913F01008B
:109BC000973F01009D3F0100A13F01002F002E2F74
:109BD0006D6265642D6F732F706C6174666F726D4A
:109BE0002F736F757263652F46696C655061746879
:109BF0002E637070006C656E20213D203000772B45
:109C00000053747265616D206F626A206661696CD1
:109C100075726500000000000000000000000000F8
:109C200000000000894301008943010089430100CD
:109C300089430100577C0100259D01003571010019
:109C40003F710100299D01007B3F0100813F010020
:109C50008D3F0100913F0100973F01009D3F0100B2
:109C6000A13F0100FCFFFFFF00000000000000001A
:109C700000000000000000000000000000000000E4
:109C800000000000379E0100079E0100699E010050
:109C9000039E0100039E0100039E0100039E01003C
:109CA0006D9E0100039E01007B3F0100813F01008A
:109CB0008D3F0100913F0100973F01009D3F010052
:109CC000A13F01008943010089430100A33F010036
:109CD000A53F0100FCFFFFFF0000000000000000A6
:109CE000000000002E2F6D6265642D6F732F706C65
:109CF0006174666F726D2F736F757263652F537920
:109D00007354696D65722E63707000215F746963AE
:109D10006B696E6700215F7469636B696E672026EB
:109D20002620215F77616B655F74696D655F736580
:109D300074000000000000000000000031A00100DD
:109D40000A52252D34643A202530386C58000A53C5
:109D5000502020203A202530386C580A4C522020C0
:109D6000203A202530386C580A50432020203A20D1
:109D70002530386C580A78505352203A2025303814
:109D80006C580A50535020203A202530386C580A1D
:109D90004D535020203A202530386C58000A43504B
:109DA0005549443A202530386C58000A48465352E9
:109DB000203A202530386C580A4D4D4653523A20EF
:109DC0002530386C580A42465352203A2025303804
:109DD0006C580A55465352203A202530386C580AA0
:109DE00044465352203A202530386C580A41465395
:109DF00052203A202530386C58000A4D4D464152C9
:109E00003A202530386C58000A42464152203A2008
:109E10002530386C58000A4D6F6465203A2054682C
:109E200072656164000A50726976203A2055736544
:109E300072000A50726976203A2050726976696C15
:109E400065676564000A4D6F6465203A2048616E5D
:109E5000646C6572000A537461636B3A205053500E
:109E6000000A537461636B3A204D5350000A2B2B48
:109E7000204D6265644F53204661756C74204861C3
:109E80006E646C6572202B2B0A0A4661756C7454E3
:109E90007970653A20004D656D4D616E616765466C
:109EA00061756C74004275734661756C740055730E
:109EB0006167654661756C740048617264466175DE
:109EC0006C74000A0A436F6E746578743A000A0A6B
:109ED0002D2D204D6265644F53204661756C7420B2
:109EE00048616E646C6572202D2D0A0A004661750A
:109EF0006C7420657863657074696F6E002E2E2E09
:109F00000A002E2F6D6265642D6F732F706C617463
:109F1000666F726D2F736F757263652F6D62656406
:109F20005F637269746963616C2E63006372697444
:109F30006963616C5F73656374696F6E5F72656599
:109F40006E7472616E63795F636F756E7465722093
:109F50003C2055494E5433325F4D4158003C756E9C
:109F60006E616D65643E00203C68616E646C657274
:109F70003E000A0A2B2B204D6265644F5320457228
:109F8000726F7220496E666F202B2B0A4572726FBA
:109F900072205374617475733A20307825582043C9
:109FA0006F64653A202564204D6F64756C653A20B6
:109FB00025640A4572726F72204D6573736167651F
:109FC0003A20004B65726E656C204572726F723A72
:109FD000203078256C582C20005468726561643AF2
:109FE000203078256C582C20004D757465783A2007
:109FF0003078256C582C200053656D6170686F7245
:10A00000653A203078256C582C20004D656D6F72B4
:10A0100079506F6F6C3A203078256C582C200045B1
:10A0200076656E74466C6167733A203078256C589B
:10A030002C200054696D65723A203078256C582CBC
:10A0400020004D65737361676551756575653A20CC
:10A050003078256C582C2000417373657274696FD9
:10A060006E206661696C65643A20000A4C6F63611A
:10A0700074696F6E3A203078256C58000A46696C16
:10A08000653A20002B2564000A4572726F722056D3
:10A09000616C75653A203078256C58000A437572FA
:10A0A00072656E74205468726561643A2025732568
:10A0B000732049643A203078256C5820456E7472BC
:10A0C000793A203078256C5820537461636B53695A
:10A0D0007A653A203078256C5820537461636B4D53
:10A0E000656D3A203078256C582053503A203078EE
:10A0F000256C5820000A466F72206D6F72652069CA
:10A100006E666F2C2076697369743A206874747077
:10A11000733A2F2F6D6265642E636F6D2F732F65F9
:10A1200072726F723F6572726F723D30782530388F
:10A1300058266F737665723D256C6426636F726571
:10A140003D30782530386C5826636F6D703D25643E
:10A15000267665723D256C75267467743D415244C0
:10A1600055494E4F5F4E414E4F3333424C45000AE6
:10A170002D2D204D6265644F53204572726F722001
:10A18000496E666F202D2D0A0044656570536C651D
:10A1900065704C6F636B206F766572666C6F7720AD
:10A1A000283E20307846464646290044656570536F
:10A1B0006C6565704C6F636B20756E646572666C60
:10A1C0006F7720283C203029002E2F6D6265642D8A
:10A1D0006F732F706C6174666F726D2F736F757211
:10A1E00063652F6D6265645F726574617267657423
:10A1F0002E637070002867756172642026204358B2
:10A20000415F47554152445F4D41534B29203D3DED
:10A210002030002867756172642026204358415F12
:10A2200047554152445F4D41534B29203D3D20430A
:10A2300058415F47554152445F494E49545F494E2A
:10A240005F50524F4752455353004572726F722010
:10A250002D2077726974696E6720746F20612066A3
:10A26000696C6520696E20616E20495352206F72BF
:10A2700020637269746963616C2073656374696FCC
:10A280006E0D0A000D004572726F72202D207265EE
:10A290006164696E672066726F6D20612066696C0B
:10A2A0006520696E20616E20495352206F722063D1
:10A2B0007269746963616C2073656374696F6E0D94
:10A2C0000A004F70657261746F72206E6577206F3F
:10A2D0007574206F66206D656D6F72790D0A0000D0
:10A2E0000000000000000000C1AB01003DAC010017
:10A2F00049AC0100E9AB0100ADAB0100BDAB010011
:10A30000577C0100B9AB0100357101003F710100BC
:10A31000B3AB01007B3F0100813F01008D3F010095
:10A32000913F0100973F01000DAC0100A13F0100EA
:10A330000000000023000000000000002A000000D0
:10A3400000000000010000002F7374646572720049
:10A350002F7374646F7574002F737464696E002EAC
:10A360002F6D6265642D6F732F706C6174666F72F0
:10A370006D2F736F757263652F6D6265645F7374A3
:10A380006174732E6300737461747320213D204ED9
:10A39000554C4C002E2F6D6265642D6F732F7274B7
:10A3A0006F732F736F757263652F4576656E744694
:10A3B0006C6167732E637070005F69640061707018
:10A3C0006C69636174696F6E5F756E6E616D6564F3
:10A3D0005F6576656E745F666C616773006170704F
:10A3E0006C69636174696F6E5F756E6E616D6564D3
:10A3F0005F6D75746578002E2F6D6265642D6F73C7
:10A400002F72746F732F736F757263652F4D757430
:10A4100065782E637070005F6964207C7C206D62BB
:10A4200065645F6765745F6572726F725F696E5FA6
:10A4300070726F67726573732829004D7574657843
:10A44000206C6F636B206661696C6564004D757488
:10A45000657820756E6C6F636B206661696C6564EE
:10A46000002E2F6D6265642D6F732F72746F732FC2
:10A47000736F757263652F53656D6170686F726578
:10A480002E637070005F696420213D206E756C6CD6
:10A490007074720053656D6170686F7265206163DE
:10A4A0007175697265206661696C6564002E2F6D37
:10A4B0006265642D6F732F72746F732F736F757273
:10A4C00063652F546869735468726561642E6370A4
:10A4D000700028666C616773203D3D206F73466C89
:10A4E0006167734572726F7254696D656F75742020
:10A4F00026262072656C5F74696D6520213D20778A
:10A500006169745F666F725F7533325F666F726523
:10A5100076657229207C7C2028666C616773203DFB
:10A520003D206F73466C6167734572726F7252653E
:10A53000736F757263652026262072656C5F74697F
:10A540006D65203D3D2072656C5F74696D652E7A86
:10A5500065726F28292900737461747573203D3DFD
:10A56000206F734F4B006170706C69636174696F29
:10A570006E5F756E6E616D65645F7468726561644F
:10A58000000000000000000000000000C9B701004A
:10A5900005B80100FFFF0000FFFFFFFFFFFF000005
:10A5A000FFFFFFFF2E2F6D6265642D6F732F7461A7
:10A5B00072676574732F5441524745545F4E4F5232
:10A5C0004449432F5441524745545F4E52463578D3
:10A5D0002F5441524745545F4E524635322F544115
:10A5E000524745545F4D43555F4E524635323834DD
:10A5F000302F5553425068795F4E6F726469632EF5
:10A6000063707000726574203D3D204E52465F536A
:10A610005543434553530000000000000000000074
:10A6200055B8010085B8010011BA0100A1B90100B7
:10A6300057B80100DDB9010093B801006DB8010001
:10A64000B3B801006FB8010075B801007BB8010014
:10A650006DB801007DB801008DBD0100B5BD0100E0
:10A66000B1BA010021B9010035BB01002DB90100CB
:10A6700031B901004FB901006BB9010071B9010096
:10A68000B7B8010027B90100E7B8010099B9010086
:10A6900075BC010000060000310000003C00000015
:10A6A0003C0000003C0000003C0000003C000000BA
:10A6B0003C0000003C0000003200000030000000C0
:10A6C00030000000300000003000000030000000CA
:10A6D000300000003000000035BE01002E2F6D62FA
:10A6E00065642D6F732F746172676574732F5441A5
:10A6F000524745545F4E4F524449432F54415247AD
:10A7000045545F4E524635782F5441524745545F69
:10A710004E524635322F6770696F5F6170692E63E4
:10A72000006572725F636F646520213D204E524662
:10A73000585F4552524F525F4E4F5F4D454D002876
:10A7400075696E7433325F742970696E203C2047DE
:10A7500050494F5F50494E5F434F554E54002E2F86
:10A760006D6265642D6F732F746172676574732FEA
:10A770005441524745545F4E4F524449432F544130
:10A78000524745545F4E524635782F544152474503
:10A79000545F4E524635322F6932635F6170692EC5
:10A7A0006300696E7374616E6365203C204E52468F
:10A7B000585F5457495F454E41424C45445F434FB3
:10A7C000554E5400003000400000000000400040A2
:10A7D0000100000000300040000000000040004088
:10A7E0000100000000300040004000402E2F6D624C
:10A7F00065642D6F732F746172676574732F544194
:10A80000524745545F4E4F524449432F544152479B
:10A8100045545F4E524635782F5441524745545F58
:10A820004E524635322F73657269616C5F61706993
:10A830002E63006F626A00646174615F62697473A1
:10A84000203D3D20380028706172697479203D3DBB
:10A85000205061726974794E6F6E6529207C7C206E
:10A8600028706172697479203D3D2050617269746D
:10A87000794576656E290073746F705F62697473D1
:10A88000203D3D203100010101000000002000407A
:10A890000080024040420F00200000000000FFFF47
:10A8A000DEC0ADDEFE011EF1DEC0ADDEFF011EF139
:10A8B0000C0D0E0F101112131402030405060708E5
:10A8C000090B3001340138013C01400144014801C9
:10A8D0004C01500108010C011001140118011C0168
:10A8E000200124012C01000075E4010039E601007B
:10A8F00009E60100C1E60100BBE60100B5E6010082
:10A90000AFE60100A9E60100A3E601009DE6010013
:10A91000F9E4010009E90100B9EE0100BDE8010018
:10A92000B7E80100B1E80100ABE80100A5E80100CB
:10A930009FE8010099E8010061E90100C5E8010014
:10A9400015E501009DF00100A9E90100590102008F
:10A9500069010200B5060200C50602000080000081
:10A96000180000000000000073717274660000009F
:10A970003863ED3EDA0F493F5E987B3FDA0FC93FFF
:10A980006937AC3168212233B40F14336821A23304
:10A9900000202020202020202020282828282820AF
:10A9A00020202020202020202020202020202020A7
:10A9B000208810101010101010101010101010100F
:10A9C00010040404040404040404041010101010FF
:10A9D00010104141414141410101010101010101C9
:10A9E000010101010101010101010101101010101B
:10A9F000101042424242424202020202020202029B
:10AA000002020202020202020202020210101010EE
:10AA10002000000000000000000000000000000016
:10AA20000000000000000000000000000000000026
:10AA30000000000000000000000000000000000016
:10AA40000000000000000000000000000000000006
:10AA500000000000000000000000000000000000F6
:10AA600000000000000000000000000000000000E6
:10AA700000000000000000000000000000000000D6
:10AA800000000000000000000000000000000000C6
:10AA9000000000001006002043000000504F534902
:10AAA000580000002E000000494E4600696E660006
:10AAB0004E414E006E616E003031323334353637E0
:10AAC00038394142434445460000000030313233BA
:10AAD00034353637383961626364656600000000DA
:10AAE000286E756C6C2900003000000020202020AA
:10AAF0002020202020202020202020203030303016
:10AB0000303030303030303030303030496E66697F
:10AB10006E697479000000004E614E000000000074
:10AB20000080E03779C34143176E05B5B5B8934649
:10AB3000F5F93FE9034F384D321D30F94877825A15
:10AB40003CBF737FDD4F1575000000000000F03F33
:10AB500000000000000024400000000000005940F8
:10AB60000000000000408F40000000000088C3404B
:10AB700000000000006AF8400000000080842E41C0
:10AB800000000000D01263410000000084D797410C
:10AB90000000000065CDCD41000000205FA0024212
:10ABA000000000E876483742000000A2941A6D4287
:10ABB000000040E59C30A2420000901EC4BCD6427A
:10ABC00000003426F56B0C430080E03779C3414325
:10ABD00000A0D8855734764300C84E676DC1AB439B
:10ABE000003D9160E458E143408CB5781DAF1544B9
:10ABF00050EFE2D6E41A4B4492D54D06CFF0804494
:10AC0000F64AE1C7022DB544B49DD9794378EA44A8
:10AC100005000000190000007D0000000000000099
:08AC20002055FE7F0100000039
:10AC2800000000000AD7233C0301070206020804BB
:10AC38001310140804400520230000000000000041
:10AC480000000000000000002A00000000000000D2
:10AC580000000000000000002B00000000000000C1
:10AC680000000000000000002C00000000000000B0
:10AC780000000000000000002F000000000000009D
:10AC880000000000000000002D000000000000008F
:10AC980000000000000000002E000000000000007E
:10ACA8000000000000000000170000000000000085
:10ACB8000000000000000000150000000000000077
:10ACC80000000000000000001B0000000000000061
:10ACD800000000000000000022000000000000004A
:10ACE800000000000000000021000000000000003B
:10ACF8000000000000000000280000000000000024
:10AD080000000000000000000D000000000000002E
:10AD18000000000000000000040000000000000027
:10AD28000000000000000000050000000000000016
:10AD380000000000000000001E00000000000000ED
:10AD480000000000000000001D00000000000000DE
:10AD580000000000000000001F00000000000000CC
:10AD680000000000000000000200000000000000D9
:10AD780000000000000000001C00000000000000AF
:10AD880000000000000000000300000000000000B8
:10AD98000000000000000000180000000000000093
:10ADA800000000000000000010000000000000008B
:10ADB8000000000000000000060000000000000085
:10ADC8000000000000000000290000000000000052
:10ADD8000000000000000000130000000000000058
:10ADE800000000000000000011000000000000004A
:10ADF80000000000000000001A0000000000000031
:10AE08000000000000000000190000000000000021
:10AE180000000000000000000E000000000000001C
:10AE280000000000000000000F000000000000000B
:10AE380000000000000000002000000000000000EA
:10AE480000000000000000001600000000000000E4
:10AE58000000000000000000F5900200D3B3FB02E0
:10AE680000000000000000000000000000000000DA
:10AE780000000000000000000000000000000000CA
:10AE880000000000000000000000000000000000BA
:10AE980000000000000000000000000000000000AA
:10AEA800000000000000000000000000000000009A
:10AEB800000000000000000000000000000000008A
:10AEC800000000000000000000000000000000007A
:10AED800000000000000000000000000000000006A
:10AEE800000000000000000000000000000000005A
:10AEF800000000000000000000000000356F0100A5
:10AF080001000000879A0100879A0100D8B6002046
:10AF1800FFFFFFFFFFFFFFFFFFFFFFFF0000000035
:10AF28000000000000000000000000000000000019
:10AF38000000000000000000000000000000000009
:10AF480000000000000000000000000000000000F9
:10AF580000000000000000000000000000000000E9
:10AF680000000000000000000000000000000000D9
:10AF780000000000000000000000000000000000C9
:10AF880000000000000000000000000000000000B9
:10AF980000000000000000000000000000000000A9
:10AFA8000000000000000000000000000000000099
:10AFB8000000000000000000000000000000000089
:10AFC8000000000000000000000000000000000079
:10AFD8000000000000000000000000000000000069
:10AFE8000000000000000000000000000000000059
:10AFF8000000000000000000000000000000000049
:10B008000000000000000000000000000000000038
:10B018000090D0030101000001000000FFFFFFFFC6
:10B02800FFFFFFFFFFFFFFFFFF01010010060020E9
:10B0380000000000FC08002064090020CC09002062
:10B0480000000000000000000000000000000000F8
:10B0580000000000000000000000000000000000E8
:10B0680000000000000000000000000000000000D8
:10B0780000000000000000000000000000000000C8
:10B0880000000000000000000000000000000000B8
:10B0980000000000000000000000000000000000A8
:10B0A8000000000000000000000000000000000098
:10B0B8000000000000000000000000000000000088
:10B0C8000000000000000000000000000000000078
:10B0D8000000000000000000010000000000000067
:10B0E8000E33CDAB34126DE6ECDE05000B0000002C
:10B0F8000000000000000000000000000000000048
:10B108000000000000000000000000000000000037
:10B118000000000000000000000000000000000027
:10B128000000000000000000000000000000000017
:10B138000000000000000000000000000000000007
:10B1480000000000000000000000000000000000F7
:10B1580000000000000000000000000000000000E7
:10B1680000000000000000000000000000000000D7
:10B1780000000000000000000000000000000000C7
:10B1880000000000000000000000000000000000B7
:10B1980000000000000000000000000000000000A7
:10B1A8000000000000000000000000000000000097
:10B1B8000000000000000000000000000000000087
:10B1C8000000000000000000000000000000000077
:10B1D8000000000000000000000000000000000067
:10B1E8000000000000000000000000000000000057
:10B1F8000000000000000000000000000000000047
:10B208000000000000000000000000000000000036
:10B218000000000000000000000000000000000026
:10B228000000000000000000000000000000000016
:10B238000000000000000000000000000000000006
:10B2480000000000000000000000000000000000F6
:10B2580000000000000000000000000000000000E6
:10B2680000000000000000000000000000000000D6
:10B2780000000000000000000000000000000000C6
:10B2880000000000000000000000000000000000B6
:10B2980000000000000000000000000000000000A6
:10B2A8000000000000000000000000000000000096
:10B2B8000000000000000000000000000000000086
:10B2C8000000000000000000000000000000000076
:10B2D8000000000000000000000000000000000066
:10B2E8000000000000000000000000000000000056
:10B2F8000000000000000000000000000000000046
:10B308000000000000000000000000000000000035
:10B318000000000000000000000000000000000025
:10B328000000000000000000000000000000000015
:10B338000000000000000000000000000000000005
:10B3480000000000000000000000000000000000F5
:10B3580000000000000000000000000000000000E5
:10B3680000000000000000000000000000000000D5
:10B3780000000000000000000000000000000000C5
:10B3880000000000000000000000000000000000B5
:10B3980000000000000000000000000000000000A5
:10B3A8000000000000000000000000000000000095
:10B3B8000000000000000000000000000000000085
:10B3C8000000000000000000000000000000000075
:10B3D8000000000000000000000000000000000065
:10B3E8000000000000000000000000000000000055
:10B3F8000000000000000000000000000000000045
:10B408000000000000000000000000000000000034
:10B418000000000000000000000000000000000024
:10B428000000000000000000000000000000000014
:10B438000000000000000000000000000000000004
:10B4480000000000000000000000000000000000F4
:10B4580000000000000000004300000000000000A1
:10B4680000000000000000000000000000000000D4
:10B478000000000000000000430000000000000081
:10B4880000000000000000000000000000000000B4
:10B498000000000000000000430000000000000061
:10B4A8000000000000000000000000000000000094
:10B4B8000000000000000000430000000000000041
:10B4C8000000000000000000000000000000000074
:10B4D8000000000000000000430000000000000021
:10B4E8000000000000000000000000000000000054
:10B4F8000000000000000000430000000000000001
:10B508000000000000000000000000000000000033
:10B5180000000000000000004300000000000000E0
:10B528000000000000000000000000000000000013
:10B53800000000000000000001500200FD2E020083
:10B548000000000090A90200A4AA0200C8AA0200F4
:10B55800C8AA0200C8AA0200C8AA0200C8AA020013
:10B56800C8AA0200C8AA0200C8AA0200C8AA020003
:10B57800FFFFFFFFFFFFFFFFFFFFFFFFFFFF0000D1
:10B588000100415343494900000000000000000049
:10B5980000000000000000000000000000000000A3
:10B5A800000041534349490000000000000000002A
:10B5B8000000000000000000000000000000000083
:10B5C800000000000000000000000000A40B0020A4
:10B5D800A40B0020AC0B0020AC0B0020B40B002007
:10B5E800B40B0020BC0B0020BC0B0020C40B0020B7
:10B5F800C40B0020CC0B0020CC0B0020D40B002067
:10B60800D40B0020DC0B0020DC0B0020E40B002016
:10B61800E40B0020EC0B0020EC0B0020F40B0020C6
:10B62800F40B0020FC0B0020FC0B0020040C002075
:10B63800040C00200C0C00200C0C0020140C002022
:10B64800140C00201C0C00201C0C0020240C0020D2
:10B65800240C00202C0C00202C0C0020340C002082
:10B66800340C00203C0C00203C0C0020440C002032
:10B67800440C00204C0C00204C0C0020540C0020E2
:10B68800540C00205C0C00205C0C0020640C002092
:10B69800640C00206C0C00206C0C0020740C002042
:10B6A800740C00207C0C00207C0C0020840C0020F2
:10B6B800840C00208C0C00208C0C0020940C0020A2
:10B6C800940C00209C0C00209C0C0020A40C002052
:10B6D800A40C0020AC0C0020AC0C0020B40C002002
:10B6E800B40C0020BC0C0020BC0C0020C40C0020B2
:10B6F800C40C0020CC0C0020CC0C0020D40C002062
:10B70800D40C0020DC0C0020DC0C0020E40C002011
:10B71800E40C0020EC0C0020EC0C0020F40C0020C1
:10B72800F40C0020FC0C0020FC0C0020040D002070
:10B73800040D00200C0D00200C0D0020140D00201D
:10B74800140D00201C0D00201C0D0020240D0020CD
:10B75800240D00202C0D00202C0D0020340D00207D
:10B76800340D00203C0D00203C0D0020440D00202D
:10B77800440D00204C0D00204C0D0020540D0020DD
:10B78800540D00205C0D00205C0D0020640D00208D
:10B79800640D00206C0D00206C0D0020740D00203D
:10B7A800740D00207C0D00207C0D0020840D0020ED
:10B7B800840D00208C0D00208C0D0020940D00209D
:10B7C800940D00209C0D00209C0D0020A40D00204D
:10B7D800A40D0020AC0D0020AC0D0020B40D0020FD
:10B7E800B40D0020BC0D0020BC0D0020C40D0020AD
:10B7F800C40D0020CC0D0020CC0D0020D40D00205D
:10B80800D40D0020DC0D0020DC0D0020E40D00200C
:10B81800E40D0020EC0D0020EC0D0020F40D0020BC
:10B82800F40D0020FC0D0020FC0D0020040E00206B
:10B83800040E00200C0E00200C0E0020140E002018
:10B84800140E00201C0E00201C0E0020240E0020C8
:10B85800240E00202C0E00202C0E0020340E002078
:10B86800340E00203C0E00203C0E0020440E002028
:10B87800440E00204C0E00204C0E0020540E0020D8
:10B88800540E00205C0E00205C0E0020640E002088
:10B89800640E00206C0E00206C0E0020740E002038
:10B8A800740E00207C0E00207C0E0020840E0020E8
:10B8B800840E00208C0E00208C0E0020940E002098
:10B8C800940E00209C0E00209C0E0020A40E002048
:10B8D800A40E0020AC0E0020AC0E0020B40E0020F8
:10B8E800B40E0020BC0E0020BC0E0020C40E0020A8
:10B8F800C40E0020CC0E0020CC0E0020D40E002058
:10B90800D40E0020DC0E0020DC0E0020E40E002007
:10B91800E40E0020EC0E0020EC0E0020F40E0020B7
:10B92800F40E0020FC0E0020FC0E0020040F002066
:10B93800040F00200C0F00200C0F0020140F002013
:10B94800140F00201C0F00201C0F0020240F0020C3
:10B95800240F00202C0F00202C0F0020340F002073
:10B96800340F00203C0F00203C0F0020440F002023
:10B97800440F00204C0F00204C0F0020540F0020D3
:10B98800540F00205C0F00205C0F0020640F002083
:10B99800640F00206C0F00206C0F0020740F002033
:10B9A800740F00207C0F00207C0F0020840F0020E3
:10B9B800840F00208C0F00208C0F0020940F002093
:10B9C800940F00209C0F00209C0F0020FFFFFFFF1A
:10B9D800000002000000000025010100190F01000D
:10B9E8001D2B0100D9310100354301003D450100FF
:10B9F800254A010031700100657001000000000057
:10BA0800010101000000000000000000000000002B
:10BA1800000000000000000000000000000000001E
:10BA28000000000071E201000000000000000000BA
:040000031000BE8D9E
:00000001FF
