:020000040000FA
:10000000488D0020F93E000001700000A13D000075
:10001000A13D0000A13D0000A13D0000A13D000068
:10002000A13D0000A13D0000A13D0000E939000014
:10003000A13D0000A13D000091390000E96F0000E2
:10004000D13E0000D13E0000D13E0000D13E000074
:10005000D13E0000D13E0000D13E0000D13E000064
:10006000D13E0000D13E0000D13E0000D13E000054
:10007000D13E0000D13E0000D13E0000D13E000044
:10008000D13E0000D13E0000D13E0000D13E000034
:10009000D13E0000D13E0000D13E0000D13E000024
:1000A000D13E0000D13E0000D13E0000D13E000014
:1000B000D13E0000D13E0000D13E0000D13E000004
:1000C000D13E0000D13E0000D13E0000D13E0000F4
:1000D000D13E0000D13E0000D13E0000D13E0000E4
:1000E000D13E0000D13E0000D13E0000D13E0000D4
:1000F000D13E0000D13E0000D13E0000D13E0000C4
:100100007BB972B90029BEBF00204FF0004106E064
:1001100008BF00281CBF6FF000414FF0FF3000F017
:10012000BDB9ADF1080C6DE904CE002909DB002B47
:100130001ADB00F04DF8DDF804E0DDE9022304B03D
:100140007047404261EB4101002B1BDB00F040F89F
:10015000DDF804E0DDE9022304B0404261EB410137
:10016000524263EB43037047524263EB430300F098
:100170002FF8DDF804E0DDE9022304B0404261EB32
:1001800041017047524263EB430300F021F8DDF870
:1001900004E0DDE9022304B0524263EB43037047FD
:1001A00053B94AB9002908BF00281CBF4FF0FF31DE
:1001B0004FF0FF3000F072B9ADF1080C6DE904CEDC
:1001C00000F006F8DDF804E0DDE9022304B0704732
:1001D0002DE9F047089E04468846002B4BD18A4201
:1001E000154667D9B2FA82F24AB1C2F1200701FA84
:1001F00002F320FA07F7954047EA030894404FEAD4
:10020000154E230CB8FBFEF71FFA85FC0EFB178872
:1002100043EA084307FB0CF1994209D9EB1807F1AF
:10022000FF3080F01B81994240F21881023F2B443D
:100230005B1AA4B2B3FBFEF00EFB103344EA034496
:1002400000FB0CFCA44509D92C1900F1FF3380F008
:100250000781A44540F2048102382C4440EA07405B
:10026000A4EB0C0400271EB1D4400023C6E90043D0
:100270003946BDE8F0878B4209D9002E00F0EB80AB
:100280000027C6E9000138463946BDE8F087B3FAD1
:1002900083F7002F47D18B4202D3824200F2FA80CB
:1002A000841A61EB030301209846002EE0D0C6E9D2
:1002B0000048DDE702B9FFDEB2FA82F2002A40F020
:1002C0008F80491B4FEA154E1FFA85F80127B1FBB5
:1002D000FEFC230C0EFB1C1143EA014308FB0CF14E
:1002E000994207D9EB180CF1FF3002D2994200F283
:1002F000CD808446591AA3B2B1FBFEF00EFB101458
:1003000043EA044408FB00F8A04507D92C1900F182
:10031000FF3302D2A04500F2B6801846A4EB0804D1
:1003200040EA0C409FE7C7F1200CBB4022FA0CFECC
:100330004EEA030E01FA07F420FA0CF521FA0CF349
:100340004FEA1E482543B3FBF8F92C0C08FB193380
:100350001FFA8EFA44EA034309FB0AF49C4202FAAC
:1003600007F200FA07F10BD91EEB030309F1FF3086
:1003700080F087809C4240F28480A9F10209734496
:100380001B1BADB2B3FBF8F008FB103345EA034486
:1003900000FB0AFAA24508D91EEB040400F1FF3362
:1003A0006BD2A24569D90238744440EA0940A0FBE7
:1003B0000289A4EB0A044C45C2464B4654D351D0A3
:1003C000002E69D0B1EB0A0564EB030404FA0CFCBF
:1003D000FD40FC404CEA0505C6E90054002747E70C
:1003E000C2F1200320FA03F7954001FA02F021FA46
:1003F00003F34FEA154E3843010CB3FBFEF71FFA27
:1004000085F80EFB173341EA034107FB08F38B42E3
:1004100004FA02F407D9691807F1FF3C2FD28B4286
:100420002DD9023F2944CB1A81B2B3FBFEF00EFB5B
:10043000103341EA034100FB08F38B4207D96918E6
:1004400000F1FF3C17D28B4215D902382944C91A52
:1004500040EA07473BE73746304609E70746E7E605
:100460001846FBE64145ABD2B8EB020A69EB0E0237
:1004700001381346A4E76046E9E7184695E7674662
:10048000D1E781467CE702382C4447E7ACF1020C07
:100490002B442FE7384608E73746E9E6704700BFA8
:1004A0002A4B2DE9F74F1E68294C7368D4F800B029
:1004B0005B686A460D2130469847002837D1DDE950
:1004C000005A44F62067A5FB0701224A002307FBD8
:1004D0000A11FFF765FE00234FF0FF328B4208BF81
:1004E0008242804623D3ABFB05011A4A00230BFB53
:1004F0000A11FFF755FE00234FF0FF328B4208BF71
:10050000824214D3736842461D680D21034630466B
:10051000A84760B9104A2368117859B1B3F5FA6F4A
:1005200036BF4FF4FA63A3F5FA631070236003B08B
:10053000BDE8F08F03F5FA6344F61F618B42236038
:1005400082BF012313702760F1E700BF5000002035
:100550004C00002040420F00B838002070B5134D09
:10056000134E044663685B6C43B12046984728B13C
:1005700063681B6C13B12046984700B970BD63686F
:100580005B6B002BEED0204698470028EAD06368CA
:100590009B694BB14022294620469847024629468E
:1005A000304606F035FADDE71A46F8E7381800203D
:1005B0005400002013B54FF08053084CD3F8A82006
:1005C000D3F8A4300649CDE9002300231A4620467B
:1005D00004F074F9204602B010BD00BFB9680020D5
:1005E00031830000F0B472B6204ADFF88CC00023DB
:1005F00013604FF0E0221C46516801F00F010131F9
:100600004FF0FF371E46A20002F1604202F5614240
:10061000C2F88070C2F880710022D518654401329A
:10062000082A85F80063F8D10134A14203F10803D8
:10063000E9DC0F4B4FF020625A6040F2FA529860AA
:10064000DA6000221E6111469C1801320C2A2176C4
:10065000FAD14FF0FF3259629A62064ADA621F22DB
:100660001A63D0E90001F0BC05F0F4BD10E000E031
:1006700000ED00E0020000C000E100E080EA11208F
:10068000034B33F8100080EA012080B2704700BFAE
:10069000808000002DE9F04FA248A34EA34CA44D4A
:1006A00087B004F087FDA34B1860A34804F082FDD7
:1006B0003060A24804F07EFD2060A14804F07AFD7D
:1006C0002860A04804F076FD9F4B186030684368AE
:1006D00009221F6800210123B847306843680922B6
:1006E0005E6800210123B047984E994B32689A42C8
:1006F00022D033604FF4FA7005F096FA002333608D
:100700004FF08043D3F81C35B02B15D02868914F9B
:1007100043683A46D3F800804FF480310823C0473D
:100720003B68013308D07B68013305D001F012FF2C
:100730004FF48030FFF756FF4FF0804300273760BB
:100740003A46C3F81C7584498448854E07F033FA4D
:1007500064221146814805F047FD23681B689868AC
:1007600001F088FE1C223946304606F038FD4FF471
:100770000053336122687B4B736141F6FF73B361B1
:10078000536823B19B6C13B1774910469847206892
:1007900043689B6A03B19847DFF8C481734F012215
:1007A0000DF10701404606F086F900B338689DF860
:1007B00007106F4B421C23293A60195417D10021AE
:1007C00099541B78493B112B0FD8DFE803F0160E24
:1007D000920E0E090E0E0E0E1C0E0E130E193C6913
:1007E00064490222206805F02FFD00233B6005F0DC
:1007F000D1F9D4E73C226049F4E711225F49F1E7DF
:1008000003225F49EEE7102200215E48DFF87CB149
:1008100006F005FC1022824600215B4806F0FFFB33
:10082000002681464E45E0D206EB0A01A9EB0602FE
:100830005944404606F03FF9002801DD0644F1E73F
:1008400005F0A8F9EEE7102200214E48DFF854A188
:1008500006F0E5FB1022064600214B4806F0DFFBC0
:100860008146D0B1286843680021DB689847286832
:10087000436806F580369B684A46314698472868A3
:10088000DAF8002043684149D3F804A00A444B46F3
:100890003146D04703223E49A4E7CAF80060F9E791
:1008A00010220021374806F0BAFB102282460021B0
:1008B000354806F0B4FB81462868364A43680AF595
:1008C00080311E68DFF8CCA04B46B0470026324688
:1008D000B14506D1304902A803F0F0FF0C2202A96D
:1008E00080E711461AF80600FFF7C8FE01360246F7
:1008F000EEE74FF02002EFF3118382F31188BFF38C
:100900006F8F06F072FB01F025FEBFF34F8F234976
:10091000234BCA6802F4E0621343CB60BFF34F8FEE
:1009200000BFFDE7A482000018000020080000209E
:100930004800002014000020AB820000B2820000BA
:10094000BC820000CF82000050000020FC7F00200D
:100950003581730770000020A10400001C000020F6
:1009600054000020B94800205D0500000C00002064
:10097000781800202E830000D5820000108300002C
:10098000208300007918002082180020B818002069
:1009900024830000B93800202883000000ED00E027
:1009A0000400FA05100000200B6801330B60014BB6
:1009B0001B681847889A00202DE9F04F85B09B46A8
:1009C0000E9CDFF890A0012CB8BF0124012B0CBFB6
:1009D0003023202315468046894601940293012640
:1009E0000A2700220AF101040AB9AA451FD2B5FB61
:1009F000F4F049463030C04701360122013F012F53
:100A0000B5FBF4F14FF00A0304FB1155BAFBF3FAFE
:100A1000E8D1494605F13000C047BBF1030F03D1CF
:100A2000019B9C1B002C0FDC05B0BDE8F08F019BE7
:100A3000BB42E3DBBBF1020FE0D8494602980392C8
:100A40000136C047039AD9E749462020C047013CF8
:100A5000E8E700BFFFC99A3B13B502AC002344F896
:100A6000043D02460B460348214605F02DFE02B028
:100A700010BD00BFA909000010B54FF02003EFF32F
:100A8000118483F31188BFF36F8F00F039F8094A9E
:100A90000123C2F840354FF08042C2F87835064B4A
:100AA0004FF0FF329A62DA6284F31188BFF36F8FDE
:100AB000002010BD00E0014000ED00E0BFF34F8FCB
:100AC0000549064BCA6802F4E0621343CB60BFF3EA
:100AD0004F8F00BFFDE700BF00ED00E00400FA0506
:100AE000054B1B68082B01BF044B1868B0FA80F057
:100AF000400918BF00207047300100103401001079
:100B000008B54FF080430022C3F80C21C3F8102130
:100B1000C3F838254FF0805203F54043D2F804144F
:100B2000C3F82015D2F80814C3F82415D2F80C1411
:100B3000C3F82815D2F81014C3F82C15D2F81414E1
:100B4000C3F83015D2F81814C3F83415D2F81C14B1
:100B5000C3F84015D2F82014C3F84415D2F8241471
:100B6000C3F84815D2F82814C3F84C15D2F82C1441
:100B7000C3F85015D2F83014C3F85415D2F8341411
:100B8000C3F86015D2F83814C3F86415D2F83C14D1
:100B9000C3F86815D2F84014C3F86C15D2F8442491
:100BA000C3F87025FFF79CFF10B13E4B3E4A1A6018
:100BB000FFF796FF18B13D4BFB22C3F81825FFF74E
:100BC0008FFF48B13A493B4B0A681B6822F00F027D
:100BD00003F00F0313430B60FFF782FF18B1364B8E
:100BE0004FF400721A604FF08043D3F80024D1070D
:100BF00044BF6FF00102C3F800244FF01023D3F874
:100C00000C22D2071ED52D4B0122C3F80425D3F8A0
:100C10000024002AFBD04FF01022D2F80C3223F02F
:100C20000103C2F80C32254B1A46D3F800140029F0
:100C3000FBD00021C3F80415D2F80034002BFBD000
:100C4000FFF73CFFD3F80022002A03DBD3F804327D
:100C5000002B23DA194B0122C3F80425D3F8002412
:100C6000002AFBD04FF010221221C2F80012D3F854
:100C70000024002AFBD04FF010231222C3F80422D4
:100C80000E4B1A46D3F800140029FBD00021C3F8FC
:100C90000415D2F80034002BFBD0D1E7084B094AE9
:100CA0001A6008BD8C5600404881030000F00040E7
:100CB000E40E0040580200104096024000E001405F
:100CC0008C9A00200090D0032DE9F04F0779484C12
:100CD000FE00A31905461B7985B003F0FF00002B29
:100CE00040F08380DFF814E144F837204FF0FF39FB
:100CF00002464FF0030A4FF00108885CFF2871D0CC
:100D000020F0800310F0800F4DF822305DD01F2BB3
:100D100087BF00F01F0CF3469C464FF0A04B08FA2B
:100D20000CFCCBF808C51F2B8ABF00F01F034FF047
:100D3000A040704603F5E07340F823A00132042A76
:100D4000DBD12868009BC0F86035019BC0F8643592
:100D5000029BC0F86835039BC0F86C3501238A7983
:100D600091F805C0C0F800350B89C0F80CC5C0F873
:100D70000425C0F808354B89C0F810350023C0F8A9
:100D800000324FF48E71C0F8003305F0B5FE4FF419
:100D90008871286805F0B0FE4FF48A71286805F064
:100DA000ABFE4FF48271286805F0A6FE54F8373088
:100DB00023B1286840F3073002F072FF3444012366
:100DC0000C48237105B0BDE8F08F1F2B87BF00F0E2
:100DD0001F0CF3469C464FF0A04B08FA0CFCCBF8D6
:100DE0000CC5A0E74DF82290A8E70348EAE700BF4A
:100DF000780000200000AD0B0500AD0B0003005093
:100E0000F0B40D461C461A490379D5F800C0AF88E6
:100E1000AE68ED6801EBC3010368C3F820C5C3F8F1
:100E20002475C3F82865C3F82C55C3F840C5C3F82A
:100E30004475C3F84865C3F84C5502F0010505EB4D
:100E40005202C3F81425E20710D414F0020203D0B2
:100E5000002D14BF08220422002DC3F80022E2B2A4
:100E600014BF0C230823F0BC05F04EBE1022F3E79C
:100E7000780000200379084A016802EBC302137965
:100E8000D1F80411DBB219B9981E18BF01207047C0
:100E900001201071704700BF78000020044A91685B
:100EA0009368CB1A23F07F438342F9D3704700BF86
:100EB00010E000E0034B044A1B68B3FBF2F3584315
:100EC000FFF7ECBF8C9A002040420F00064A10F05A
:100ED000800F00F00F0314BFD2F81005D2F81405EC
:100EE000D84000F00100704700700240054B1B68BD
:100EF000082B05D1044B1868003018BF012070473B
:100F0000002070473001001034010010054B10F034
:100F1000800FA3F1900208BF134600F00F0003EB0F
:100F20000010704708020020024A00231360024AA2
:100F3000137070471C7C0240DB68002007B5084A2C
:100F400000231370074A019302A81370012300F8CD
:100F5000043D054B1B68984703B05DF804FB00BFD8
:100F6000DA680020DD68002098020020F8B54D689E
:100F70000B4F954228BF15460C4606462A4609687F
:100F8000384606F0FFF860682368401BC6E9007524
:100F900060601D440030256018BF0120F8BD00BF0F
:100FA000A0020020F8B54C68944228BF14460646BB
:100FB0000D468CB1094F09682246384606F0E2F822
:100FC00037606B6874601B1B6B602B68201C2344AC
:100FD0002B6018BF0120F8BD0460F2E7A0020020DA
:100FE00007B500238DF804300B4BD3F82025ADF85E
:100FF0000620D3F8C034094A002B13680CBF4FF405
:1010000080714FF001210B431360054B01A81B6851
:10101000984703B05DF804FB0070024074010020A3
:101020009802002013B5124C0122236802FA01F144
:101030000B4323600F4B1B68194003060DD551B9B4
:1010400006238DF804308DF806008DF807100A4B42
:1010500001A81B68984702B010BD0029FBD10623E8
:101060008DF804308DF806008DF80720EFE700BFFB
:1010700074010020040100209802002008B5054BEF
:101080001A78104605F0C1FDBDE80840014610463B
:10109000FFF7C8BFDD680020074BBFF35B8F024638
:1010A00053E8000F00EA020143E8001CBCF1000F06
:1010B000F6D1BFF35B8F70470401002013B5FFF733
:1010C00033FF0D4B93F88E20032A12D0D3F88040C3
:1010D0007CB96FF08070FFF7DFFF06238DF80430D6
:1010E00008238DF80630054B8DF807401B6801A8D2
:1010F000984702B010BD00BF780100209802002080
:1011000013B5FFF711FF104B93F81E21032A05D1E9
:101110006FF48070FFF7C0FF02B010BDD3F810412C
:10112000002CF9D16FF48070FFF7B6FF06238DF81D
:10113000043088238DF80630044B8DF807401B6877
:1011400001A89847E8E700BF780100209802002036
:1011500008B5FFF7E9FE084B93F89E20032A05D156
:101160006FF00100BDE80840FFF796BFD3F890305C
:10117000002BF5D008BD00BF78010020204B13B52F
:10118000D3F80044C3F80044BFF36F8FBFF34F8F11
:10119000BFF36F8FBFF34F8FE1050BD5194B0122C2
:1011A0001A7002A800230193022300F8043D164B95
:1011B0001B689847A2050AD5124A002302A801938A
:1011C0001370032300F8043D0F4B1B689847630519
:1011D00013D50C4B1A7882B100221A70084B0121EA
:1011E000C3F80815582005F0C8FC02A80423019292
:1011F00000F8043D044B1B68984702B010BD00BFC7
:1012000000700240DA680020980200202DE9F04FBB
:10121000724B87B01A780193002A40F08280DFF881
:10122000C4B16F4B18686F4B1C68204079D010F028
:10123000012479D094FAA4F4B4FA84F40F2C86BF74
:10124000A4F110085FFA88F844F080084046FFF7E0
:101250005DFE4FFA88FABAF1000F064608F00F0556
:10126000828966DAD0E9003104A8984700B9306075
:101270005D4B82221A60019B059A01201870A040E4
:10128000B368DBF80040134424EA0000BAF1000F11
:10129000CBF80000B3600498544B77DA072D9BBF5E
:1012A000142101FB0533C3F8A006C3F800068CBF68
:1012B000C3F8A426C3F80426FFF718FEAB002DB22E
:1012C0006E004B4A4B49002871D1BAF1000FB5BFEF
:1012D00092468A4604242824B244474F474E1C4471
:1012E00005463560BFF36F8FBFF34F8F204605F083
:1012F00044FC0220FFF7DEFD3368002BF1D01E20F6
:10130000FFF7D8FD3B689B064FD50120FFF7D2FDC4
:10131000BAF8003003F1804303F51C331B68002B3F
:10132000DFD007B0BDE8F08F90FAA0F0B0FA80F4FB
:1013300084E7072D2D4B24D9D3F8C09419F4803FAE
:1013400018BF4FF000094B467168376804A8B847CA
:10135000049B002B8AD0059B4B4587D20120022598
:10136000A040B573C043FFF797FE06238DF80C30FD
:10137000234B8DF80E808DF80F501B6803A89847FB
:101380004FE705F5947153F82190DCE7072D9BBFDB
:10139000142101FB0533C3F8A007C3F800078CBF75
:1013A000C3F8A427C3F8042786E70220A8E7BAF108
:1013B000000FACBF28200420184405F0DEFB12EA21
:1013C0002A0A38BF8A463AF8153003F1804303F5FC
:1013D0001C331A68002AFCD0A3E700BFDB6800209A
:1013E00004010020740100201C7C024000700240B7
:1013F00080820000928200007474024004710240F6
:101400009802002038B5174BD3F86C44C3F86C44ED
:10141000BFF36F8FBFF34F8FFFF768FD38B9124AE4
:10142000136823F0011103F001130C43136001252D
:101430001CB9BDE83840FFF7E9BE94FAA4F3B3FA4B
:1014400083F30F2BD9B2C8BFA1F1100005FA03F343
:10145000CCBFC0B241F0800024EA0304FFF7E2FDF4
:10146000E6E700BF007002409C02002037B504464A
:10147000FFF75AFDFFF74AFD837B032B0CD1204673
:1014800005F0C3FB012303FA00F0C043FFF704FE9D
:10149000FFF7BCFE03B030BD0568002DF8D1204633
:1014A00005F0B3FB012303FA00F0C043FFF7F4FD9E
:1014B00006238DF80430044B8DF806408DF8075054
:1014C0001B6801A89847E3E798020020024A00231E
:1014D0001360024A1370704798020020DC680020F5
:1014E00038B5514B4FF40062C3F80024BFF36F8F3F
:1014F000BFF34F8FFFF7FAFC4C49A8B14FF0200320
:10150000EFF3118483F31188BFF36F8F0868484BA2
:10151000032200287ED149F2753008601A60086005
:1015200084F31188BFF36F8F4FF02003EFF3118422
:1015300083F31188BFF36F8F08683E4AC0230028E9
:101540006AD149F2753008601360086084F311882D
:10155000BFF36F8F344B0120C3F80005BFF36F8FCB
:10156000BFF34F8FD3F800040005FBD54FF40060A4
:10157000C3F80004BFF36F8FBFF34F8F4FF020030A
:10158000EFF3118483F31188BFF36F8F086800288D
:1015900044D149F275330B6010600B6084F31188FD
:1015A000BFF36F8F244B40F2E3721A600433402282
:1015B0001A60BFF36F8FBFF34F8FA3F604030024AD
:1015C0008022C3F81C25C3F830451C4B40F2FF12A3
:1015D0001A601B4B1C60FFF7A7FC1A4B1C701A4BC0
:1015E00002221A70FFF782FC98B14FF02003EFF34C
:1015F000118583F31188BFF36F8F08680C4B80B996
:1016000049F275320A6018600A6085F31188BFF3E9
:101610006F8F38BD1A6083E7136097E7002313606C
:10162000BCE71C60F1E700BF0070024000EC064020
:1016300014ED064014EC06400078024074010020CE
:1016400004010020DD680020DC6800200E4B002231
:1016500010B51A70A8B9FFF749FC0C4B0C4A0028CA
:101660000CBF184610460B4CC4F80403272002F0A8
:1016700017FB0123C4F80435BFF36F8FBFF34F8FFF
:1016800010BD0248EFE700BFDA6800200714E00150
:101690000714C00100700240034B1878012894BF62
:1016A00000200120704700BFDC6800201B4B70B594
:1016B0001C7884BB1A4A106001221A70264664F016
:1016C0007F05082CEDB20CBF4FF400714021284675
:1016D00005F0E7FA2846FFF719FC0134092C867358
:1016E00006608660EBD1002440212546204605F0A7
:1016F000D8FA2046FFF70AFC0134E4B2092C8573BE
:101700000560856001D1074870BD082C0CBF4FF4FF
:1017100000714021EAE70448F6E700BFDC680020DA
:10172000980200200000AD0B0500AD0B2DE9F84339
:10173000074605F06AFA4FF02003EFF3118583F3B3
:101740001188BFF36F8F17F00F0903D1274B1B7858
:10175000BB4246D1264A274B12681C68D243012659
:1017600092B286402243324298463CD13846FFF737
:10177000CDFB0C233A06844603FB09F32DD51E4A04
:101780000868134400F060408A68B0F1005F02F01E
:1017900001021DD1D2B9194ACCF8002007C983E84B
:1017A0000700CCF804300023CCF808308CF80E3059
:1017B000134B144834438022C8F80040C3F8042176
:1017C00085F31188BFF36F8FBDE8F8830E4AE3E716
:1017D0000AB90E4AE0E70E4ADEE70E4A13440E4A03
:1017E000DAE70E48ECE70E48EAE700BFDD680020C4
:1017F000740100200401002008010020BF6B0000DC
:1018000000E100E00000AD0BE16B00006D0F000097
:10181000A50F000098000020916B00000A00AD0B9E
:101820000B00AD0B044B40F48070C3F81805BFF3F8
:101830006F8FBFF34F8F70470070024000F00F03AF
:10184000072B11D810F0800F084A0BBF03F58873DF
:1018500003F5847302EB830352F8230008BF586832
:10186000431E5842584170470020704700700240A4
:1018700010B508220021044605F0B1FC0E4BD3F848
:1018800080242270D3F884246270D3F88824D3F89B
:101890008C1442EA01226280D3F89024D3F8941485
:1018A00042EA0122A280D3F89824D3F89C3442EA79
:1018B0000323E38010BD00BF0070024013B5FFF7A3
:1018C00033FB0F4B9A7B032A05D16FF48030FFF76F
:1018D000E3FB02B010BD1C687CB96FF48030FFF7E9
:1018E000DBFB06238DF80430064B8DF806408DF89F
:1018F00007401B6801A89847EBE705F0EEF9E8E719
:101900007801002098020020014B1878704700BF32
:10191000DD68002038B50246FFF7E8FA04461046B5
:1019200005F073F901238340DB4302F00F001B4AEB
:10193000BCB94FF02001EFF3118581F31188BFF39B
:101940006F8F11680B4013604000154B00F2C5709B
:1019500018605C6004331B6885F31188BFF36F8FD8
:1019600038BD4FF02001EFF3118481F31188BFF3EC
:101970006F8F1168072803EA0103136009D800F587
:101980009470084B002243F82020BFF36F8FBFF301
:101990004F8F84F31188BFF36F8FE1E7740100204C
:1019A0000078024000700240F7B501464FF0200376
:1019B000EFF3118483F31188BFF36F8FFFF7A6FA5B
:1019C0000546084605F021F9012311F0800F03FABE
:1019D00000F02A4E17D1336830EA03020AD00846D5
:1019E000FFF798FF0323AB7384F31188BFF36F8F66
:1019F00003B0F0BD2A60C043214A0340336013683E
:101A000003401360EEE701F00F02072A0FD8802988
:101A10001C4F1D4B28D002F2DA3252003A601A688D
:101A20001F68D2B242F002023A431A601B68144F98
:101A300032683B6862EA030C1CEA000FD4D022EA49
:101A400000021843002332602B600323AB738DF830
:101A500007300E4B386006228DF804208DF80610F2
:101A60001B6801A89847BFE740F2B4723A601A6851
:101A70001F68D2B242F00402D6E700BF0401002082
:101A8000740100200078024004780240980200208F
:101A9000F7B5164B164CD3F880542368154EDA432D
:101AA000154B37781B6892B238461A4305F0ADF8EB
:101AB000012303FA00F0104202D03846FFF774FF0A
:101AC00005F080056FF001103570FFF7E5FA236827
:101AD00043F00103236002A800230193052300F8CB
:101AE000043D064B1B68984703B0F0BD00700240F0
:101AF00074010020DD68002004010020980200200D
:101B0000554B2DE9F041D3F80453002229461646DF
:101B1000012400297CD1FFF7E9F9002869D14F4B56
:101B20001B78002B65D1960263D54D494C4E40F28F
:101B3000A9730B604B4B1C6814F0FF041CBF1868A2
:101B4000044040F2AA700860186810F0FF001CBF43
:101B50001968084040F2AB713160196811F0FF015B
:101B6000B4461CBF1E68314040F2AC76CCF8006031
:101B70001E6834403C4E08D037682743376040F237
:101B8000A977CCF800701C601C68354F40F2AD742A
:101B90003C601C68204008D0346844EA004434604B
:101BA00040F2AA743C60186018682D4840F2AE7488
:101BB0000460186801400DD0CC0748BF42F4000211
:101BC000C806274840F2AB74046019601B6848BF20
:101BD00042F00102336833F001111CBF05F0807040
:101BE000024313F0011F04D06B0544BF316042F47F
:101BF00080621E4F02F4000622F400044FF0010838
:101C0000E4B9FFF703FB2EB3BDE8F041FFF740BF97
:101C100091FAA1F31648B3FA83F39F00384407689A
:101C20003FB10660BFF36F8FBFF34F8F04FA03F02D
:101C3000024304FA03F321EA03016AE794FAA4F5E4
:101C4000B5FA85F557F8253008FA05F5984724EADE
:101C50000504D5E7BDE8F08100700240DB68002094
:101C600000780240047802409C0200206C7E000054
:101C700000710240F8B5114E114A34681268240C04
:101C80002404144301271CB940F2FF133360F8BD4C
:101C900094FAA4F5B5FA85F5E8B20F2DC6BF103851
:101CA000C0B240F0800000F00F03072B01D8FFF70F
:101CB0007BFE07FA05F524EA0504E4E77401002039
:101CC000040100200D4B802210B52720C3F8842189
:101CD00002F00AF880B10A4CFFF7CCFF0023C4F8E9
:101CE0000435BFF36F8FBFF34F8F272001F0E8FF5C
:101CF0004FF0FF33C4F8083310BD00BF00E100E02F
:101D00000070024008B5FFF7DDFF094BD3F804234C
:101D1000C3F808230022C3F80025BFF36F8FBFF379
:101D20004F8FFFF701F9034B01221A7008BD00BF66
:101D300000700240DC68002038B54FF02003EFF35C
:101D4000118583F31188BFF36F8F0F4B1B7803F05E
:101D5000FF0433B9002485F31188BFF36F8F204649
:101D600038BDFFF787FF094AD2F8003413F4007337
:101D7000F0D10121C2F82C15D2F80014890544BF16
:101D8000C2F82C351C46E6E7DA68002000700240F5
:101D9000F8B5234A234B244D47B233EA270328BF23
:101DA000134600F00F0401211B5D01FA03F3C5F88F
:101DB00004330646FFF78AF888BB002FB4BFD5F876
:101DC0001035D5F8143501FA04F1B5BF194319439C
:101DD000C5F81015C5F81415BFF36F8FBFF34F8FFB
:101DE000013C062C1BD8002F19DB4FF02003EFF32A
:101DF000118483F31188BFF36F8F3046FFF78AFD9C
:101E0000304604F002FF094A012303FA00F0136888
:101E100023EA0003136084F31188BFF36F8FF8BDCA
:101E2000518300005A83000000700240040100202A
:101E3000030610B504460AD400F00F03072B06D89A
:101E40009B00074AD358012B01D1FFF763FD054BD7
:101E5000C3F81845BFF36F8FBFF34F8F10BD00BF9E
:101E600044740240007002402DE9F041084D094ED3
:101E700007468846761B0024B44201D1BDE8F081B4
:101E80002819C36813B14246394698472C34F3E702
:101E9000E89D0020149E0020F0B40D4B0D4C0E4D1B
:101EA000E41AA4106C430025A54203D16FF0220070
:101EB000F0BC70471E6946B15F6897F802C087881A
:101EC000BC4502D13346F0BC184701352C33EBE753
:101ED000E89D0020149E0020A38B2EBAF0B40D4B79
:101EE0000D4C0E4DE41AA4106C430025A54203D1FD
:101EF0006FF02200F0BC70479E6946B15F6897F8AA
:101F000002C08788BC4502D13346F0BC1847013572
:101F10002C33EBE7E89D0020149E0020A38B2EBA03
:101F20002DE9F84F9046104B104A0F469B1A104966
:101F30009B10064601FB03FA002491464FF02C0B40
:101F4000A24502D16FF022000BE00BFB04935D6908
:101F50000DB90134F4E7424639463046A847002817
:101F6000F7D1BDE8F88F00BF149E0020E89D002047
:101F7000A38B2EBA13B5094C02ABE26843F8042DCB
:101F8000A168802001F0FAFA0199A268E3680A4486
:101F90005B1AA260E36002B010BD00BFE002002047
:101FA0002DE9F743434C94F84C50002D63D100F0D9
:101FB000C5FB00287BD0404B636204F1440363639C
:101FC0003E4BA3623E4B2062A3633E4AE3633E481E
:101FD0003E4BE2626361E06101F0C8FB00284BDB2D
:101FE00001F090F9002847DB02AE402306F8085DB7
:101FF0003046ADF802308DF8045001F029FA00287F
:102000003ADB802730468DF8007001F021FA002875
:1020100032DB2F49284601F097FB00282CDB2C49A6
:10202000384601F091FB002826DB2A4E2A4B2B4F25
:102030009B1B9B105F43AF4221D1294DDFF8A48049
:1020400005F1F00700260122AE61C5E904682846C3
:1020500011463C3505F035FDBD42F4D1002001F0BC
:102060006FFA002808DB802001F06AFA002803DB01
:10207000012384F84C30002003B0BDE8F083D6F88B
:1020800028904FF0000896F824205FFA88F39A42CF
:1020900002D801352C36CEE709EBC30259F83310CC
:1020A000107901F051FB08F101080028EBD04FF046
:1020B000FF30E1E7E00200200D220000991E000041
:1020C000DE680020211F0000691E0000DD1E0000E8
:1020D00015210000E89D0020149E0020A38B2EBA3D
:1020E0004C030020116D000008B509480378C3F3C4
:1020F000411300EB83035B6A3BB100F1080200F17E
:1021000010019847C043C00F08BD1846FCE700BF48
:10211000E002002037B500220B4601920546002858
:1021200052D12D4C39BB0822214604F04EFF002825
:1021300004DA802001F0ACF903B030BD2278E588E4
:10214000C2F3411304EB8303586BA06010B901F094
:102150009FF9EEE7C4E903550DB1D309ECD0FFF7C1
:10216000C3FF0028E5D02369AB42D4BFE360E5603C
:10217000FFF700FFE0E7D4E90212002A01AB05DC1B
:10218000024604F022FF0028D6DAD2E704F01DFF51
:10219000002804DA802001F07BF92846CAE701997B
:1021A000A268E3680A445B1AA260E360002BC3D113
:1021B0002378C3F3411304EB83035B6BA360FFF746
:1021C00093FF0028B5D0D3E78028B5D1024BDB6858
:1021D000002BB1D0CCE700BFE0020020014600F1A7
:1021E0000803BFF35B8F53E8002F42F0010043E880
:1021F000000CBCF1000FF6D1BFF35B8FD30702D404
:10220000014805F078BB7047B81700202DE9F04F62
:10221000974D6B6985B006460C46904663B9377892
:1022200007F01F07012F00F0A0800BD3022F00F052
:10223000E9806FF0150002E098470028EFD105B063
:10224000BDE8F08F72787088D8F80030092AF0D88D
:1022500001A151F822F000BF8122000051230000AB
:10226000332200005F230000332200009B22000085
:10227000A522000033220000D3220000DD2200004E
:1022800000201870587095F84E20824214BF022228
:1022900002461A7002232360D1E7C0B201F0C8F8E9
:1022A0000020CCE7020A131F012BC2D9072AC0D88D
:1022B0002B6A0021C0B21D78002DBAD05E789642FC
:1022C00003D1884200F0CC8001312B44F3E71B7826
:1022D000CCE095F84D201A700123C7E0C4B28DF808
:1022E000074054B1FF272E6AB846337843B9EB69EB
:1022F0001BB10DF107010320984785F84D40CFE74A
:102300007378042B08D0052B08D0022B01D196F846
:10231000058033781E44E8E7F778FAE79DF8073040
:102320004345F6D1002FF4D1F3788DF80C30727953
:10233000337943EA0223ADF80A30B3788DF80830D8
:1023400002A801F085F89DF8080001F0F9F8E0E72F
:1023500001287FF46EAF002085F84E006FE701285A
:102360007FF467AF85F84E009AE77078D8F80030B0
:102370000A2807D00B2809D000287FF45AAF18701C
:10238000587087E700201870276058E796F804A077
:1023900096F802B02E6AFF27B9464FF0000833784E
:1023A0003BB9EB6913B141460720984700202060F4
:1023B00045E77378042B04D0052B0BD033781E44EB
:1023C000EDE7B77896F80390BA45F7D1CB4508BF4B
:1023D000B046F3E7BA45F1D1CB45EFD1F3788DF8AC
:1023E0000C307279337943EA0223ADF80A30B378BE
:1023F0008DF8083002A801F02BF89DF8080001F0D4
:102400009FF8DBE773783079D8F800808DF8080002
:10241000012B17D00FD3032B7FF40BAF7488002C44
:102420007FF407AF01F034F8EB69002B3FF438AFCD
:1024300002A9082012E0414601F068F8002088F85F
:102440000100A1E77488002C7FF4F3AE01F046F898
:10245000EB69002B3FF424AF02A9092098471FE73E
:10246000022AC8F800307FF432AF5B88236017E798
:10247000E00200202DE9F341314D95F84C4007462C
:10248000002C4DD12F48E86101F070F9002848DB9D
:1024900000F038FF002844DB02AE402306F8084D68
:1024A0003046ADF802308DF8044000F0D1FF00282E
:1024B00037DB4FF0800830468DF8008000F0C8FF11
:1024C00000282EDB2049204601F03EF9002828DBB9
:1024D0001D49404601F038F9002822DB97F82430E6
:1024E000A34221D8194CDFF8688004F1F0070026D8
:1024F0000122A661C4E90468204611463C3405F077
:10250000E0FAA742F4D1002001F01AF8002808DB15
:10251000802001F015F8002803DB012385F84C30FA
:10252000002002B0BDE8F081BB6A03EBC40253F89F
:102530003410107901F008F90028F2DB0134CDE7FE
:10254000E0020020691E0000152100004C0300205D
:10255000116D000010B5064C94F84C0030B100F03D
:1025600011FF0028A4BF002084F84C0010BD00BF5C
:10257000E00200202DE9F04F6B4A6C4B6C499B1A2E
:1025800087B09B1000264B43044600934FF001197F
:102590003746B246B046934623783BB9654AA01CFD
:1025A000904200F0BF80FFF7E5FF24E06378052B41
:1025B0000AD8DFE803F07B09B57B0378E3781BB921
:1025C000A378DBB10137FFB223781C44E4E702FBB8
:1025D00003BADAF804108C4207D1DAF80830002B7D
:1025E000F0D0394620469847ECE7013300999942EC
:1025F000EDD14FF0FF3007B0BDE8F08F2C22F5E7AA
:1026000001FA05FC1CEA090F2DD00135102D0DD162
:1026100001339AF824209342EBDADAF82820A578DF
:1026200002EBC30210798542F2D1012594F803C070
:102630008DF814C094F805E094F804C04CEA0E2C10
:10264000ADF812C094F802C08DF810C01CF0800FD5
:10265000E8B2D5D005F1100C01FA0CFC1CEA090F08
:10266000D3D160F07F008DF8100004A8CDE90221DD
:10267000019304F091FCDDE9013203990028C4D1F3
:102680009DF81030A37013F0800F137118BF103530
:102690004FF0010315BFAB4003FA05F549EA030902
:1026A00049EA050990E700230121B2E7032E1DD175
:1026B000FDF780FF019060B104F038FD05461E482B
:1026C00004F034FD8542019903D12A46A01C04F090
:1026D00059FD2146002011F8023BDA1E5B08013B40
:1026E0000B44002A13DA0136F6B26DE7002EF0D162
:1026F000B8F1000F3FF47DAFA4EB080388F8023077
:10270000C3F3072388F8033088F80470EBE7885494
:10271000013B8D1893F800C005F801CC023AE0E7C0
:10272000A04651E7184666E7E89D0020149E002069
:10273000A38B2EBAE59D00206383000008B50448F2
:10274000FFF718FF0028024818BF002008BD00BF8F
:10275000089D002070B504460E46017910481546C4
:1027600004F066FBB0B16378212B0ED0222B08D089
:10277000202B12D1072229680C3804F003FD002019
:1027800070BD638800F8053CF9E70C380723286022
:102790003360F4E76FF01200F2E76FF01500EFE737
:1027A0002004002008B50146034804F04FFB10B197
:1027B000012300F8033C08BD2004002010B50C469E
:1027C0000146074804F028FB48B10A2C07D0032C27
:1027D00008BF012300F8AC4C08BF00F8943C10BDC2
:1027E0002004002007B502AB012203F8011D1946A1
:1027F00004F090FB6421034803F08EFA03B05DF807
:1028000004FB00BF2804002010B584680023C4F82E
:10281000B0300C4BC4F8AC00596804F1B00269B98F
:10282000C3E900224FF0FF320021074805F049F9C3
:10283000064B0020E060C4E9043010BD0A605A6015
:10284000F0E700BF2004002028040020956E00005F
:10285000014600F10803BFF35B8F53E8002F42F0FD
:10286000010043E8000CBCF1000FF6D1BFF35B8F11
:10287000D30702D4014805F03EB87047B8170020CE
:1028800010B501460B4804F0E1FA044688B1012373
:1028900000F8943C084803F019FA54F8A83C43B1F6
:1028A00014F8923C2BB1A4F1A000BDE81040FFF752
:1028B000CFBF10BD200400202804002008B5014629
:1028C000094804F0C3FA68B1012300F8933C50F8BA
:1028D000A83C3BB110F8913C23B1A038BDE80840BA
:1028E000FFF7B6BF08BD00BF2004002010B54FF0B1
:1028F0002003EFF3118283F31188BFF36F8F154C20
:10290000237833B982F31188BFF36F8F6FF04400DF
:1029100010BD013BDBB2237033B182F31188BFF3EA
:102920006F8F6FF00F00F3E70B4B1878012138B170
:10293000217082F31188BFF36F8F6FF00A00E7E711
:10294000197082F31188BFF36F8F044A11601870F9
:10295000DEE700BF206D00201F6D00200400004056
:10296000F8B54FF02002EFF3118382F31188BFF323
:102970006F8F294A1078441C147080B183F311883A
:10298000BFF36F8F4FF08043D3F80C3403F0011383
:10299000B3F1011F0CBF00206FF0430009E01F4D91
:1029A0002F783FB1107083F31188BFF36F8F6FF0F2
:1029B0000A00F8BD01262E7083F31188BFF36F8FD4
:1029C0004FF0804419B3384601F07AF9C4F8007129
:1029D000D4F80433C4F804632660D4F8002192B11B
:1029E0000022C4F800210E4A13F0010F4FF001033A
:1029F00008BFC4F808330020C2F8803101F050F954
:102A000000232B70BEE720BF40BF20BFE5E7C4F81E
:102A100000112660F4E700BF206D00201F6D00202C
:102A200000E100E070B54FF02002EFF3118382F374
:102A30001188BFF36F8F244D2A789AB183F31188E0
:102A4000BFF36F8F4FF08042D2F81C34D2F81824B5
:102A500003F0030343F48033934314BF6FF0430048
:102A6000002070BD01242C7083F31188BFF36F8F99
:102A70004FF08043154EC3F804210225C3F8181502
:102A8000C3F8045311F0030134604FF01806C3F883
:102A90000863C3F80C21C3F81021D3D11022C3F866
:102AA0003825C3F80463D3F81824D20302D4C3F83A
:102AB0000453C7E7C3F80443FFF752FF0028C1D10E
:102AC000034BC3F80041BDE71E6D00200800004025
:102AD00000E100E02DE9F0434FF080434E4DD3F884
:102AE0000891D3F80423D3F800E18046D3F8040317
:102AF000D3F804C1D3F80C11D3F810412F68AE6895
:102B00000435003485B002F0010218BF01242D689D
:102B1000B9F1000F03D04FF00009C3F80891BEF1DE
:102B2000000F69D04FF080434FF0000EC3F800E172
:102B30005AB14FF08043DFF8E4E001224FF0020980
:102B4000C3F80823CEF800901A61BCF1000F41D100
:102B500061B1324B4FF08049002119604046C9F8FD
:102B60000C11FFF7C3FE0123C9F8143074B14FF004
:102B7000804300210124C3F810114046C3F80443E8
:102B8000FFF7EEFE10B9264BC3F800414FB1224BC0
:102B900000221A601B6801934FF48E70019B00F0B5
:102BA0008FFB4EB11F4B00221A601B6802934FF43B
:102BB0009270029B00F084FB55B31B4B00221A60FD
:102BC0001B680393039B4FF4907005B0BDE8F0437E
:102BD00000F076BB4FF080430022C3F80421820747
:102BE000B6D50222C3F80823D3F81C349B07AFD113
:102BF0000029BCD00124ACE7002AA6D04FF08043C6
:102C0000D3F80C3403F00113B3F1011F9DD190E709
:102C100005B0BDE8F08300BF1C010040340C00404B
:102C200000E100E02401004020010040014601488D
:102C300004F061BEF89C0020020600F00F0303D5EB
:102C4000072B05D909487047072B07D90848704753
:102C50000848242202FB03002830704703F10900D2
:102C6000044B242202FB0030F6E700BFE0140020F2
:102C7000241600209813002038B505460F4802F0AE
:102C800099FAB0B10E4C217845B181B943681B68FF
:102C9000984758B110F1440F08D038BD61B143686E
:102CA00029465B68984710F1100FF2D1257000207B
:102CB000F3E76FF01200F0E70846EEE78E830000BE
:102CC000216D00200949BFF35B8F51E8003F43F0BD
:102CD000010241E800200028F7D1BFF35B8FDB073A
:102CE00003D40839024804F006BE7047A813002038
:102CF000B817002010B5054C0021204602F0B8FCA2
:102D000018B1043004F05AFDF6E710BDF89C00201D
:102D100013B56C46002318222146134802F058FBD5
:102D2000002818DAFFF7E6FF0023182221460E4894
:102D300002F04EFB00280CDB009B94E803001A1DF8
:102D400082E8030004221A751846FFF76FFFFFF7A9
:102D5000B9FF002305E0009B94E803001A1D82E8F8
:102D60000300184602B010BDC89C0020817870B5E1
:102D700006460846FFF760FF0B060546F47813D5B4
:102D8000002C41D1FFF7C4FF034600283CD00122AC
:102D900085F82240027503220274DD60FFF746FFCA
:102DA000BDE87040FFF78EBF54B1012C2CD1FFF766
:102DB000AFFF034640B385F8214004750474ECE787
:102DC000FFF7A6FF00B3B27812F0800F02F00F03F6
:102DD0000E4A0FD0072B9BBF142101FB0323D2F80F
:102DE000A836D3F80836EB60012303750223037479
:102DF000C560D3E7072B9BBF142101FB0323D2F847
:102E0000A837D3F80837EEE770BD00BF0070024066
:102E1000F0B5064689B01822002102A804F0DFF9B7
:102E20003378013B052B20D8DFE803F07703141F2C
:102E3000671603238DF814300024FFF769FF03465B
:102E400098B105A9047500F10C0203C982E80300DA
:102E500018461DE00423EDE7B1780846FFF7ECFEC5
:102E6000837A05461BB1032B43D909B0F0BD0B068D
:102E7000F47812D5002CF8D1FFF74AFF034600285A
:102E8000F3D0012285F82240027503220274DD602E
:102E9000FFF7CCFEFFF716FFE7E75CB1012CE4D1AA
:102EA000FFF736FF03460028DFD085F82140047580
:102EB0000474ECE7FFF72CFF07460028D5D0012368
:102EC000037502230374C56005F10C01B07803F0AB
:102ED000EDFE134AE968B2F8B0328B4206D95B1AAC
:102EE000A2F8B03203F0F9FE3846D1E7A2F8B042BA
:102EF000FAE73046FFF73AFFB7E76846FEF7B8FC57
:102F00009DF80130052B04D19DF8003013F0600FBF
:102F1000ABD0044B059301248FE702248DE700BF5B
:102F20009813002004150020F8B500253F4F2E46C9
:102F300065F07F00C0B2FFF77FFE03690446002BF7
:102F400056D02369E660C4E9063301231D44082DE9
:102F500084F8203084F8216084F82260E8D10025CC
:102F6000324F2E46E8B2FFF767FE03690446002B96
:102F700049D02369E660C4E9063301231D44082DC6
:102F800084F8203084F8216084F82260EAD1284C4B
:102F9000D4F85831002B3FD0D4F85831C4F8603100
:102FA000C4F864310122002384F86821C4F8543144
:102FB00084F8693184F86A31D4F89C323BB94FF413
:102FC00080621C49194802F003FA002818DBD4F883
:102FD0009C32C4F8A4320020C4F8A832012384F83B
:102FE000AC32C4F8980284F8AD0284F8AE0209E06D
:102FF00000F110014022384602F0EAF90028A0DA78
:103000006FF00B00F8BD00F110014022384602F0CD
:10301000DFF90028ADDAF3E74FF4806204F5AC7114
:10302000024802F0D5F90028B6DAE9E7AC9C0020A6
:1030300098130020341600202DE9F043DFF87C922D
:103040009A4D85B080460021484602F011FB0746A4
:1030500010B905B0BDE8F0836B793A7D5BB9002A01
:10306000F1D13A7B042A52D8DFE812F0CD008F006C
:103070009900DB00E700042A49D801A151F822F0A9
:1030800063300000953000005132000079320000BA
:10309000893200003B7CFC68032B38D8DFE803F062
:1030A000023F5E63A66908220021304604F097F8CB
:1030B0007F4BD3F880243270D3F884247270D3F815
:1030C0008824D3F88C1442EA01227280D3F8902429
:1030D000D3F8941442EA0122B280D3F89824D3F8AA
:1030E0009C3442EA0323F3800823E3600021236831
:1030F000607A984796F90030002B0CDBF28852B1C9
:10310000B5F8B0329B1AA5F8B03203F0E6FD381DD1
:1031100004F054FB97E70023A5F8B032F7E794F8E2
:103120002130002BF3D094F82030002BEFD0002674
:1031300084F821604FF0FF3184F820605D4802F090
:10314000E7F9A36901936368CDE9023601A9607AC2
:10315000FEF7ECFA574802F04BFAD8E72368012152
:10316000607A9847D3E7A37A63B994F823304BB9D0
:103170004FF0FF314F4802F0CBF903F0C3FD4D484B
:1031800002F036FA23680221EAE7FEF785FA002802
:10319000BDD1FEF7A5F90120FFF76EFDB7E70024CA
:1031A00064F07F00C0B2FFF747FD037A13B1407AA5
:1031B000FEF7EEFD0134082CF2D195F850311BB129
:1031C00095F85101FEF7E4FD0024E0B2FFF734FD6D
:1031D000037A13B1407AFEF7DBFD0134082CF4D1F9
:1031E00095F894321BB195F89502FEF7D1FD0120B8
:1031F000FEF72CFA01236B712B68002B87D000217E
:103200000220984783E700246C71FEF77BFD20467F
:10321000FFF732FD2B68002B3FF479AF21460420E5
:10322000EFE7002B3FF473AFFEF786FD2B68002B12
:103230003FF46DAF00210520E3E72A68002A3FF440
:1032400066AF002B3FF463AF0021062090475EE796
:1032500008F10C044FF0FF31204602F059F9FFF756
:1032600063FE204602F0C4F958F8083C002B3FF4F6
:103270004EAF00210120C4E758F8083C002B3FF472
:1032800046AF00210A20BCE7002003F078FEFEF7DD
:1032900039FDFEF71BF9FFF72DFDFFF745FE012075
:1032A00003F06DFE0448FEF701FA30E798130020A2
:1032B00000700240AC130020112E0000F89C00208A
:1032C000B0F5907F10B517D0B0F5927F04D0B0F56F
:1032D0008E7F13D1012400E00224FFF719FD68B1AD
:1032E000002202750473FFF7A1FC054B1B792BB17B
:1032F000BDE81040FFF7E6BC0024EEE710BD00BFBC
:103300009813002038B51A4C257965BB194BA56078
:1033100004F11400C4E9033504F06CFA2A460121D3
:10332000272000F0EFFC1448FEF7C0F9134B984239
:103330001BD1012003F023FEFFF7F6FD054608B977
:10334000012323710E4B1B680BB1FFF7BBFC4FF041
:103350008043D3F83834DB0703D54FF48E70FFF782
:10336000AFFF284638BD0025FBE76FF00405F8E7FE
:103370009813002039300000112E00000000AD0B22
:10338000F89C002038B54FF0FF31274802F0C0F814
:10339000FFF7B0FC002464F07F00C0B2FFF74CFCE4
:1033A0000546103004F00AFA013424220021284690
:1033B00003F015FF082CEED10024E0B2FFF73CFC2F
:1033C0000546103004F0FAF9013424220021284681
:1033D00003F005FF082CF0D1144C04F5AC7004F098
:1033E000EDF92422002104F5A47003F0F8FE04F5A1
:1033F000277004F0E3F92422002104F5237003F080
:10340000EEFEFEF77FFCFEF761F80020FFF734FCCC
:10341000002003F0B4FD002504F11400257102F032
:10342000E7F8284638BD00BFAC13002098130020F1
:10343000064B1A7932B15B79002B0CBF6FF012008A
:10344000002070476FF01200704700BF98130020F3
:1034500038B50E4B1B790146A3B105782846FFF716
:10346000EBFB18B96FF01504204638BD45720B7997
:10347000498883724C1E0C404160F3D1284603F00A
:1034800010FCF1E76FF01204EEE700BF9813002084
:10349000114B1A7910B50146BAB15B79ABB1FFF7A0
:1034A000CBFB0446A0B1837A032B05D8DFE803F0F9
:1034B0000210090903F029FC0020A369E060E36120
:1034C00010BD0846FEF7AEF9F6E76FF01200F7E719
:1034D0006FF01500F4E700BF9813002008B50A4B01
:1034E0001A7901464AB15B793BB1FFF7A5FB38B1C8
:1034F0000846FEF79DFC002008BD6FF01200FBE7B8
:103500006FF01500F8E700BF9813002038B50B4B9B
:103510001A7905460C4652B15B7943B1FFF78CFB33
:1035200040B12846FEF78AF92070002038BD6FF0C0
:103530001200FBE76FF01500F8E700BF98130020BA
:103540000D4938B50B7905466BB1FFF775FB68B1CE
:10355000047A74B901230372487918B12846FEF73A
:1035600017FC204638BD6FF01200FBE76FF0150026
:10357000F8E76FF04400F5E7981300202DE9F043D9
:103580002F4C1F46237985B0064689469046002B6E
:1035900050D06379002B4DD003064ED5FFF74CFB7E
:1035A0000546002849D04FF0FF3104F1140001F026
:1035B000AFFF95F8223003F0FF024BB104F1140085
:1035C00002F016F86FF00A04204605B0BDE8F0835B
:1035D0006C68A86944452BBF4446012385F8232025
:1035E00085F823302246494603F0CCFDEC6007B154
:1035F0003C60AC7A4CB9FEF787F9B04205D003F0D5
:1036000081FB104801F0F4FFDEE7012385F822304A
:10361000AB6901930024EB68029301A9304603943F
:10362000FEF784F8084B98421CBF85F822406FF0E3
:103630000404E6E76FF01204C6E76FF01504C3E771
:1036400098130020AC1300200000AD0B2DE9F041D1
:103650001D461E4B90461A790F46002A30D05B79E2
:1036600073B303062FD411B9B8F1000F2BD1FFF7B4
:10367000E3FA044638B34FF0FF31154801F048FF34
:10368000E36843451E4628BF464657B9B8F1000FC8
:1036900007D105B12B600E4801F0AAFF0020BDE85C
:1036A000F0813246E169384603F06CFDE36933444A
:1036B000E361E3689B1BE360002DECD02E60EAE73A
:1036C0006FF01200EBE76FF01500E8E798130020A9
:1036D000AC13002038B51A4D2A79034632B36A7903
:1036E00022B31B0625D4FFF7A7FA044608B34FF010
:1036F000FF3105F1140001F00BFFE3688BB90125E0
:10370000A36984F82050E36194F821304BB1FFF7AE
:10371000FFFA88B10575C4600574FFF787FAFFF7F3
:10372000D1FA084801F064FF002038BD6FF01200A4
:10373000FBE76FF01500F8E76FF00B00F5E700BF4F
:1037400098130020AC13002008B5074B1B792BB150
:10375000FFF772FA28B10160002008BD6FF0120077
:10376000FBE76FF01500F8E798130020014B186095
:10377000002070479813002008B5074B1B7923B130
:10378000FFF75AFA20B1406808BD6FF01200FBE75E
:103790006FF01500F8E700BF98130020104B0022CF
:1037A00010B4C3F840214FF02002EFF3118482F3EC
:1037B0001188BFF36F8F0B4AD3F80405116840F2EC
:1037C0004713401A20F07F40B0FBF3F003FB0013D7
:1037D000136084F31188BFF36F8F10BC02F06CBCD0
:1037E000001001404C16002037B51F4801F0E2FCE4
:1037F000002835D043681D4D1B68012198470024DF
:1038000040F24713C5F80845C5F840354FF48033FA
:10381000C5F84433C5F8043303F1804303F58A53F4
:103820004FF400321C601B680193019B104B012177
:10383000C3F880211120224600F064FA112000F024
:103840002FFA0C4A012313602B60D5F8043503F2DC
:10385000471323F07F43C5F84035204603B030BD01
:103860004FF0FF30FAE700BF8483000000100140F2
:1038700000E100E0081001404CF6690270B5B0F1BB
:10388000FF3F08BF10464FF02003EFF3118483F38E
:103890001188BFF36F8F1349134DD1F804352E688B
:1038A00001389042A8BF10469A1B22F07F4240F296
:1038B000471502F5A37220EAE07005FB0020B0FB7B
:1038C000F5F005FB0060C31A23F07F431F2B98BF60
:1038D000401920F07F40C1F8400584F31188BFF300
:1038E0006F8F70BD001001404C1600204FF0200279
:1038F000EFF3118382F31188BFF36F8F084AD2F878
:103900000405084A1268801A20F07F4040F24712EE
:10391000B0FBF2F083F31188BFF36F8F704700BFE5
:10392000001001404C16002004488168006A88425B
:1039300003D003494FF080520A607047801700207F
:1039400004ED00E0044800232021C2180133302B8D
:1039500082F80013F9D1704700E100E0094A0A49F2
:10396000936809689966094958664B6843F0805323
:103970004B60002383F31188BFF36F8F9368986EB9
:10398000704700BF801700207880000000ED00E045
:10399000202080F31188BFF36F8F11498A684FF0A0
:1039A00028001044EFF3098C80E8F01F0D4F4FF012
:1039B00000660A6A8A603E60506E0023536680F398
:1039C000118804B50648806803F021FBBDE8044077
:1039D00002F1280090E8F01F8CF30988704700007E
:1039E0008017002004ED00E01EF0040F0CBFEFF381
:1039F0000880EFF30980816931F8021C11F0FF01A2
:103A00000229FFD001B503F0F3FA01BD38B51B4C14
:103A100005461B4802F0B4FFA36AD90602D519482F
:103A200002F0AEFFA36A1A0702D5174802F0A8FFFA
:103A3000A36A9B070ED5154802F0A2FF616BA36A2B
:103A4000180607D5124802F09BFF1DB1A36A23F0A8
:103A50008003A362094CA36ADA0702D50D4802F07D
:103A60008FFFA36A9B0602D50B4802F089FFA36A69
:103A7000A36A43F0FF03A362002038BD00ED00E01D
:103A800030840000478400007B8400008F840000A5
:103A9000A8840000BF840000DF84000038B51E4CFD
:103AA00005461E4802F06CFFA36AD90402D51C48E3
:103AB00002F066FFA36A1A0502D51A4802F060FFF9
:103AC000A36A9B050ED5184802F05AFFA16BA36AA2
:103AD000180407D5154802F053FF1DB1A36A23F45B
:103AE0000043A3620C4CA36A590502D5104802F0AA
:103AF00047FFA36ADA0509D50E4802F041FF064ADE
:103B0000936A43F47F439362002038BDA36A9B0409
:103B1000F5D50948F1E700BF00ED00E0A283000001
:103B2000B98300007B840000CB830000E5830000A4
:103B3000FB83000017840000DF84000010B5194CDF
:103B4000194802F01DFFA36A9A0102D5174802F036
:103B500017FFA36ADB0102D5154802F011FFA36A23
:103B6000180302D5134802F00BFF0E4CA36A590349
:103B700002D5114802F004FFA36A9A0302D50F4848
:103B800002F0FEFEA36ADB0302D50D4802F0F8FE48
:103B9000044A936A6FEA03436FEA13439362002077
:103BA00010BD00BF00ED00E00F850000288500007B
:103BB0003C85000057850000768500009C8500004C
:103BC000B785000038B5274C6368C3F30803DA1ED5
:103BD0000546092A3AD8DFE802F00533353039398D
:103BE00039393937204802F0CBFEE36A9A0703D50A
:103BF0001E4802F0C5FE02E0E36A5B0005D4002027
:103C00002946BDE8384000F0DFB8194802F0B8FE98
:103C1000184B1B782BB10120FFF7F8FE0628EFD1D7
:103C200038BD154B1B781BB10120FFF737FFF5E7B7
:103C3000124B1B889BB2002BE1D0FFF77FFFEDE713
:103C40000020E9E70020F0E70D48D2E70D480E49D3
:103C5000A3F110020F2BD8BF01460C4802F090FED2
:103C6000CDE700BF00ED00E01186000029860000CE
:103C70004B86000028ED00E029ED00E02AED00E091
:103C80006B860000E3850000F8850000A286000036
:103C9000024A536943F010035361704700ED00E09E
:103CA00043B2002B08DB012200F01F0002FA00F0F3
:103CB0005B09024A42F82300704700BF00E100E0C0
:103CC00043B2002B0DDB01225B0900F01F0002FA5A
:103CD00000F02033034A42F82300BFF34F8FBFF3B5
:103CE0006F8F704700E100E04209054B00F01F00B4
:103CF00053F82220012303FA00F01040704700BF60
:103D000000E100E043B2002BA8BF03F1604301F1E2
:103D100001014FEA4111AEBF03F5614300F00F000E
:103D2000034BC9B2ACBF83F800131954704700BFEE
:103D300014ED00E02DE9F0418C18884617461E4628
:103D400004220A9B0999054603F0E9FEA4F1200329
:103D50000C4923F00703002221F00101C5E91322D9
:103D6000C5E916879961069959600799996008997C
:103D7000D9604FF080711E60D961AB646A66BDE89E
:103D8000F08100BF57660000014910220A607047A9
:103D900010ED00E0404080F3118830BF704700BF55
:103DA000404080F31188DFF81CC0DCF800C01CF430
:103DB000006C0CBFEFF30880EFF3098001B5FFF74B
:103DC00001FF01BD04ED00E038B504460D460528AD
:103DD0001AD8DFE800F00319191315170D4802F07F
:103DE000CFFD01F06DFFAA6901460B4802F0C8FD46
:103DF00029462046BDE8384000F018B80748EEE7ED
:103E00000748ECE70748EAE70146074802F0B8FD33
:103E1000E7E700BFB686000054870000D6860000A2
:103E2000FC8600001687000031870000052810B5C9
:103E30000CD001F0ADFF60B101F0AAFF0C490D4BB1
:103E4000002808BF19460C4802F09AFDFFF7A2FFB0
:103E5000FCE701F0ADFF0028EED1084C0848A1684E
:103E600002F08EFDA068BDE8104000F00BB800BF66
:103E70009087000094870000A5870000801700202D
:103E8000C587000038B505464FF02003EFF31184D5
:103E900083F31188BFF36F8F03F022FE0A4B9B68F8
:103EA000AB420BD1094B5A68C2F3080212B9204643
:103EB000FFF754FD5A6842F080525A602046BDE830
:103EC000384003F04DBD00BF8017002000ED00E03A
:103ED00001B5EFF30580A0F110004FEAC0000449DE
:103EE000014409C99847BDE8014002480047000065
:103EF000007C00002939000003F07EF800F004F88F
:103F000030BFFFF7FDBF00BF08B50E4B83F3098834
:103F1000EFF3148343F0020383F31488BFF36F8F2E
:103F2000094B0A4A23F07F039360BFF34F8FBFF31F
:103F30006F8F01F06BF901F073F9FFF703FD01F0EA
:103F40009DF900BF889600200000000000ED00E011
:103F50001FB5094B0193094B029304A8084B039327
:103F600001AB40F8103D074A074B012100F076F8FD
:103F700005B05DF804FB00BF000000200000000059
:103F800000000B06000000200000042030B5D1E93D
:103F90000043202B896817D9B3F1004F16D8013B95
:103FA000B3FA83F3C3F11F035B00072841F001015B
:103FB0000ED824F01F02084D024342F010020B43BA
:103FC000A860EA602B6130BD0823EEE73E23ECE7F2
:103FD0006FF01500F7E700BF90ED00E0034B0522FE
:103FE0005A60BFF34F8FBFF36F8F704790ED00E0C3
:103FF000BFF35F8F014B00225A60704790ED00E0E5
:1040000013490868082810B51ED8FFF7F1FF114CB6
:1040100049680022904201F10C0105D10E4B187045
:10402000FFF7DCFF002010BDA26051F80C3C23F02C
:104030001F0343F010031343E36051F8043C43F0C3
:10404000010323610132E5E74FF0FF30EBE700BFEA
:104050004C7E000090ED00E0226D0020F8B5104C81
:10406000074620780E460025B54208DA57F8251095
:104070004B6893B15A1E134203D06FF015002070A5
:10408000F8BD1F2BF9D90B681A42F6D1C0B2FFF761
:104090007DFF10F1160FF0D001300135E4E700BFCD
:1040A000226D002070B5104B064618780D4600248E
:1040B000AC4207DB10F1160F03D00C4B002207288F
:1040C0000DDD70BD56F824104B6833B1C0B2FFF758
:1040D0005DFF10F1160FF4D001300134E8E798606D
:1040E0001A610130EBE700BF226D002090ED00E087
:1040F0002DE9F04FC9B0CDE90C011F4600239346CE
:1041000004939BF800000BF1010548B125287BD0F2
:10411000DDE90C319847013006D14FF0FF330493AD
:10412000049849B0BDE8F08F049B0133CDE9043712
:10413000AB46059FE5E7232C5FD054D8002CEFD089
:10414000202C08BF4FF001095D46AB46BF481BF865
:10415000014B214602F0DCFF0028ECD12A2C5BD178
:104160003A680392002AB8BF524207F10403B8BF6D
:1041700003926C78BCBF0122069205F1020B1F4628
:10418000039BC92B28BFC82303932E2C69D19BF80E
:1041900000302A2B62D13D680BF1010B0437C92D89
:1041A0009BF80040A8BF4FF0FF350BF1010B2146F3
:1041B000A74802F0ADFF18B19BF800400BF1010BCE
:1041C000672C7CDC652C80F2E080472C4CDC452C95
:1041D00080F2DB80002CA3D0252C00F03583C82C86
:1041E00040F33C8399E72D2C0BD0302C07D02B2C9F
:1041F000079B08BF01230793A6E70126A4E70294C3
:10420000A2E7012306939FE74FF0000920230293C2
:10421000CDE906994E4698E7A4F13003092B0390A7
:10422000B3D80A22AB461BF8010BA0F13003092BCF
:104230000446A5D8039B02FB0300A0F130030393BF
:104240005D46EFE700FB0535303D93465A4612F8D0
:10425000013BA3F130010929F4D9A0E700250A2088
:10426000F4E74FF0FF35A2E7632C6FD032DC582C17
:10427000B5D13B1D05933968002E00F0DC8247F66E
:104280003003ADF854300DF156072B461022384656
:1042900002F0C6FF582C06D10DF1530212F8013F6F
:1042A000002B40F0CA820DF15408002EA7EB08083D
:1042B000404414BF4FF002094FF0000929E0702C70
:1042C00000F094822BDC6E2C00F0538200F35782B6
:1042D000692C84D13C683B1D002C059342DA2D23C8
:1042E000B4F1004F8DF8543041D061420DF15508C2
:1042F0002B4640460A2202F093FF079B804415A8F4
:10430000A8EB0000002B3DD1B9F1000F01D14FEA1D
:10431000D4790135029B18BF2023029380E0752CCD
:1043200000F08082782CA4D0732C7FF458AF3B1D12
:104330003968059300268B5D002B00F066820136FC
:10434000C82EF8D1002D80F2628266E23B1D0593F3
:104350003B688DF8543000238DF8553001264FF01E
:1043600000091CE2079B23B12B238DF85430214612
:10437000BCE7B9F1000F01D02023F6E721460DF18B
:104380005408B5E7DDF81C90C3E7073727F00707A7
:1043900007F10803D7E900C70593FB0243EA5C5322
:1043A00023F000414FEACC220B46C7F30A58CDE96F
:1043B000102340F2FF7310469845CDE90001604696
:1043C00048D10028DDE9001277F10003B8BF2D23A2
:1043D00015A8B6BF8DF8543003460DF155030A43B6
:1043E000A4F1410403F1030825D1192C1DD8492259
:1043F0001A704E225A7046229A700022DA70079B79
:10440000A8EB0000002B40F05682B9F1000F07D155
:104410009DF85410A1F12D03D3F1000949EB0309D4
:10442000C8283FF77AAE0646B9E169221A706E22B3
:104430005A706622E0E7192C99BF4E2241216E2264
:10444000612194BF1A701A705970D5E7EA8700008D
:10445000F0870000DDE90023462C42EA080243EA27
:10446000E87308BF6624134343D0DDE90023002826
:1044700043F00043CDE9102377F10003A8F2FE38A2
:1044800039DA2D238DF854300DF1550A00230093AD
:1044900018F1020F3EDBB8F1000F79DC10A808F12B
:1044A000010802F0E5FEB8F1040FF7D1002D24F069
:1044B0002003B8BF0625472B40F09780002E40F020
:1044C00092802B1C18BF01230893009B033304DB4D
:1044D000009A6B1C9A4240F38D80672C0CBF6524B8
:1044E000452405F10108102398450F93A8BF98466D
:1044F00089E04FF00008079B0BB12B23C2E7B9F10D
:10450000000F01D02023BDE70DF1540ABEE710A82B
:1045100002F0AEFEDDE9107C00230B93CDF828C03D
:10452000DDE90A01A84A00238B4208BF824208F154
:104530000108ECD30522A7FB0201CDE90801099B84
:1045400002FB0C330993DDE90823CDE91023009B1E
:10455000013B00934FF0000C099A002300216FF0FB
:104560000040994208BF904207D2BCF1000F8FD0A3
:10457000DDE90823CDE910238AE7DDE90823921855
:104580005B41CDE9082308F1FF384FF0010CE3E768
:1045900010A802F081FE009B01330093DDE9102397
:1045A000CDE9082308F1FF384FF0000C099A0023E9
:1045B00000216FF00040994208BF904208D2BCF140
:1045C000000F3FF468AFDDE90823CDE9102362E76F
:1045D000DDE9082392185B41CDE9082308F1FF3893
:1045E0004FF0010CE2E700236EE70023662C0893EE
:1045F0007FF477AF009B13EB05084BD510230F9387
:1046000066244FF0000848A900224FF0006361E9DA
:10461000362318F1FF383FD2DDE91023DDE912011E
:10462000171843EB01083A464346CDE9102308F03A
:1046300070420023134308D010A802F02DFE10A8EA
:1046400002F016FE009B01330093662C0AF101086C
:1046500040D1009B002B29DD534498460FA910A898
:1046600002F04BFE0AF8010BC245F7D1002300937C
:1046700006B95DB12E2388F80030464608EB0503E5
:104680004FF0300AB34215D10135A844089B002BE6
:1046900039D160E0662426E708460A9102F0FCFD65
:1046A0000A99084602F0E4FD0A99B2E730238AF835
:1046B0000030DDE7009A2AB1013286F801A00092AD
:1046C0000136DFE70FA910A80A9302F016FE0A9B35
:1046D0007070F5E70FA910A802F00FFE302818BF80
:1046E000009B8AF800001CBF03F1FF33009306B95A
:1046F0003DB10AF102082E238AF8013045444545B0
:104700002ED1089B43B118F8012C302A08F1FF3351
:104710002DD02E2A08BF984624F02003452B1AD10D
:10472000009B88F80040002BBBBF5B4200932B230B
:104730002D2388F801300A22009B93FBF2F303F14A
:10474000300188F80210009902FB1317303788F8FF
:10475000037008F10408002388F8003015A84EE61D
:104760000FA910A802F0C9FD08F8010BC7E7984689
:10477000C9E73B1D05933B68049A1A60D9E43B1DC9
:104780000593396816B330238DF8543059BB013581
:10479000029B8DF8551018BF202389460293039B76
:1047A000B34240F38680069B15AD002B58D02023E2
:1047B000039AAB550136B242FAD1DDE9033215ACAA
:1047C00013441D46A41A70E03233333315A80DF19B
:1047D00054082B460822A0EB080802F021FD4044B3
:1047E0004FF0000995E50DF15500F0E73B1D0593ED
:1047F00047F63003ADF854303968082310220DF124
:10480000560002F00DFD0230EAE7002D02DBAE4259
:10481000A8BF2E46002E3FF48CAC324615A802F0FD
:10482000B1FC9CE53B1D05930A222B46396815A86F
:1048300002F0F6FCD4E715AF27E5A3F161011929D1
:104840009CBF203B137029E50D990C9B204698478F
:1048500001303FF462AC049B01330493059768E494
:10486000039B9C1B721C2819294602F074FC069BB2
:10487000029A202A18BF4B4606931C44069BA3426B
:104880009BDA069B1A469DF80830AB541346013359
:104890000693F3E7049B0D99E05C0C9B984701306D
:1048A0003FF43BAC049B01330493049BAB42F1D136
:1048B0003FE4039681E7DDF81C90B1E50EB40FB537
:1048C00005AB6FF0004153F8042B029003910648AA
:1048D000019302A9FFF70CFC029B00221A7004B09E
:1048E0005DF804EB03B070473173000008B5094B65
:1048F0001A786AB90121197006200521FFF702FA1A
:104900000620FFF7CDF9044B4FF00042C3F8042313
:10491000002008BD236D0020006000401F288ABFD2
:10492000094B4FF0A04300F01F0003EB8000D0F8CC
:10493000003723F44033C0F80037D0F8003743EA9B
:104940000141C0F80017704700030050F7B5036835
:1049500086689B6801F01F040D464C491B79D1F80D
:10496000042344EA4314D2B2002303F5A27051F8A1
:104970002000C0F3052084426CD122FA03F0C00766
:1049800068D59A0002F1804202F5C042D2F81005C3
:1049900020F00100C2F81005012202FA03F3C1F869
:1049A000083320460021FFF7B9FFB068E84010F057
:1049B00001004DD0F068E84010F0010048D0706967
:1049C000E84010F0010251D0B369EB40DB0745D459
:1049D0003369F269EB4022FA05F503F0010305F0B3
:1049E0000105AB420CBF02250125284F002101F52E
:1049F000A27357F8230010F0030031D18A0002F1AE
:104A0000804303F5C0432402D3F8106526F44F36E3
:104A100026F44076C3F81065D3F8106504F47C548E
:104A200002F1804202F5C24244EA05453543C3F82B
:104A30001055106012680192019AD3F8102542F0C7
:104A40000102C3F81025012303FA01F1C7F804138A
:104A500003B0F0BD0133082B87D1A2E70325C4E7DB
:104A600001310829C3D16FF01200F1E7F169336910
:104A70004B4023FA05F515F0010F20460CBF03212A
:104A80000221FFF74BFF1046E2E700BF0060004045
:104A90002DE9F84F0746856803F47040B0F5804F64
:104AA0001E4647D02ADCB0F5805F3BD0B0F5405FB2
:104AB0003CD050BB06F44078B8F5807F3CD0A8F5D8
:104AC00000746342634106F0010C4FEA4C0801296F
:104AD00048EA0C0818BFD4B248EA0020DFF8D4A096
:104AE00012BFA1464FF01F09002440EA83084FF08F
:104AF000010BA14522D20020BDE8F88FB0F5E04FB0
:104B000016D005DCB0F5A04F0ED06FF01500F3E71E
:104B1000B0F5404F04D0B0F5504FF6D10720C9E7AB
:104B20000620C7E70120C5E70320C3E70420C1E74B
:104B30000520BFE70220BDE70323C4E73B689B686D
:104B40001A7904F01F0343EA42131F2BC6BF03F078
:104B50001F0352464FF0A04203F5E073B10742F83D
:104B60002380AB680BFA04F24CBF13439343AB6052
:104B70006B69B0064CBF134393436B61AB6971061D
:104B80004CBF13439343AB612B6970074CBF134376
:104B900093432B61EB6931064CBF1A4323EA0202AF
:104BA000EA6121463846FFF7D1FE0028A4D101343E
:104BB000E4B29EE700030050F0B5002685B0CDE9D1
:104BC00002662B4D2C68012C0BD12A4802F030FCD8
:104BD0000290294802F02CFC03902E602B68009371
:104BE000009B264E002301279C46D6F8042307FA93
:104BF00003F111421ED003F1805202F5C25292001D
:104C00001168012916D103F5A2700DF1100E56F8A6
:104C10002050C2F800C0C5F340300EEB8000C5F351
:104C20000425A940126850F8085C01922943019AB2
:104C300040F8081C0133082BD7D1029A1AB10D494C
:104C4000886802F082FB039A2AB10A4B03F10C0137
:104C5000586902F07AFB012C08D1064802F011FCD9
:104C6000054805B0BDE8F04002F00BBC05B0F0BD52
:104C70007C610040349C0020409C0020006000408B
:104C800002480021C2E90001002070470024F4001E
:104C900008B503689868002200F10801FCF714F8D1
:104CA000034B984214BF6FF00F00002008BD00BFF7
:104CB0000000AD0B2DE9F0479846036884689E68B4
:104CC0000F4606F10801154606F10C000B46A3EB52
:104CD000010913F8012BFF2A5FFA89F903D022F0AA
:104CE0008002974224D08342F1D16FF01500BDE8D5
:104CF000F087B5F5004F17D3002325FA03F2B2F57C
:104D0000004FD9B20CD2A173A281B27BA389A17B3F
:104D10002560CAF80C15CAF80425CAF8083511E050
:104D20000133082BE9D1E0E70123A373A581ECE768
:104D30003046D6F800A0FCF79DF80028D9D12368AA
:104D40009D42D2D14545D0D304EB4901A27B8B884B
:104D500028FA02F203F4004313438B80B8F1000FEA
:104D600001D0454512D1B14499F90830B8F1000F8E
:104D700036D135BB1F2F86BF07F01F071B4B4FF0E7
:104D8000A043012101FA07F7C3F80C75221D04F1B5
:104D90000C0132F8023BC3F30E0313B1A089984211
:104DA00007D89142F5D10021304601F0D3FE002012
:104DB0009DE70223012206F114013046FCF720F89A
:104DC000F5E7002BD6DA1F2F86BF07F01F07074B2A
:104DD0004FF0A043012101FA07F7C3F80875D5E7A2
:104DE0004545F0D1002BC5DBEDE700BF00030050C7
:104DF000024AD2F80034002BFBD0704700E001409B
:104E0000024B0B6001231360704700BF9016002017
:104E1000012208B51146064802F053FE4FF08052B9
:104E2000044B5169196012695A60002008BD00BF27
:104E300098160020901600202DE9F0410D464FF005
:104E4000805811462846D8F81070B2FBF7F4164681
:104E500002F080FB40B3B5FBF7F307FB13531BBB1A
:104E600007FB146707BB14B34FF0FF31114800F084
:104E700053FF11490223D1F80445D8F81000C1F8B6
:104E80000435FFF7B5FFC1F80855FFF7B1FF361A33
:104E90000544F8D1C1F80445FFF7AAFF054800F022
:104EA00015FF3046BDE8F0816FF01500FAE72046A7
:104EB000F8E700BF9816002000E0014010B50A484E
:104EC0000C464FF0FF3100F027FF084B4CB1002299
:104ED000C3F80425FFF78CFF034800F0F7FE00201D
:104EE00010BD0122F4E700BF9816002000E0014049
:104EF0002DE9F3410E463046194614461D4602F090
:104F000029FB002848D0002D49D04FF0FF3125481B
:104F100000F002FF16F0030018D026F0030802ABE1
:104F2000C0F10407D8F8002043F8042DAF4228BF91
:104F30002F46214618443A4602F024F9FFF758FF5D
:104F4000019BC8F800303E443C44ED1B25F00307AC
:104F5000E0192146341B04E0FFF74AFF0B680B51B0
:104F600004318142F8D1AA086FF0030000FB02521D
:104F70004AB102A8F35940F8043D02F003F9FFF7E3
:104F800037FF019BF351FFF733FF064800F09EFE09
:104F9000002002B0BDE8F0816FF01500F9E7284667
:104FA000F7E700BF9816002070B54B79012B23D18D
:104FB0008B79032B20D1CC792CB1012C1CD1036827
:104FC0009B681B79C3B10A7912B1022A14D10E224F
:104FD00003689B681D680B6847F61226B3426BD0C6
:104FE00027D8B3F5965F61D012D8B3F5167F4DD0B0
:104FF00005D8B3F5967F74D06FF0220052E0B3F578
:10500000966F50D0B3F5166FF6D14FF41D233FE0E5
:10501000B3F5615F4CD004D8B3F5165FECD1324BD9
:1050200036E0B3F5964F45D0B3F5E14FE4D12F4BC1
:105030002EE0B3F5E13F48D012D84DF6C026B3427A
:105040003DD005D8B3F5164FD6D14FF41D031FE060
:10505000B3F5614F36D0B3F5963FCDD1244B17E071
:10506000B3F5E12F37D008D8B3F5613F30D0214EEA
:10507000B342C1D14FF080630AE0B3F5612F2DD068
:105080001D4EB342B8D14FF0805301E04FF41C33B2
:10509000C5F82435836803C92243C5F86C2583E825
:1050A0000300002070BD4FF49E23F1E7134BEFE7A0
:1050B000134BEDE7134BEBE74FF40003E8E74FF436
:1050C0006503E5E74FF46B03E2E74FF0EB73DFE7CF
:1050D0004FF06C73DCE74FF0E863D9E74FF0706393
:1050E000D6E74FF4A033D3E70050270000C0750087
:1050F00000903A0190D0030040420F0000B013002E
:1051000000F03A0000A04E00F8B50022064601214A
:105110000220FEF7F7FD0220FEF7C2FD3368B568F6
:105120009B681C68174B03220827C3F80875C3F84F
:105130000C270022C3F828272323C4F80C352A2380
:10514000C4F8143529463046FFF72EFF0246B0B9A1
:105150004FF48871C4F80075204602F02CFAA96853
:1051600005F10C03C4F8343589680123C4F83835D7
:105170002360C4F84415C4F84825A360E3601046D2
:10518000F8BD00BF00030050094B70B553F8204034
:105190000130002653F82050A54200D870BD236886
:1051A00020465B68984700B166600C34F4E700BFA6
:1051B00064800000104B70B5104C05461E469C42A2
:1051C00004D10E4CB44209D1002412E062681AB135
:1051D00022681268AA420CD00C34F0E763680BB95D
:1051E0000C34EFE723682846196801F0A7FF002870
:1051F000F6D1204670BD00BFAC9C0020E09B002093
:10520000014B986854307047801700200248034AC9
:105210000021121A01F0E3BF00000020486D0020B9
:1052200008B50648064A0749121A01F0ABFF064ABC
:1052300006490748BDE8084001F0A4BF889A00204D
:10524000149E00202C880000000000002C88000024
:105250000000002008B50220FFF796FF0320FFF7AB
:1052600093FF00F01DFEFBF715FA034A137B23F0B2
:105270000103137308BD00BF1417002080B53D4B18
:10528000A2B083F308883C4B3C4E5A693C4D42F433
:1052900000725A610024E02283F82220DC771C7619
:1052A0005C769C765A6A42F4E0225A62FEF7F0FC81
:1052B000FEF76AFD07AB21466C22184601F08FFF0E
:1052C0000127B06020468DF82970FFF75DFF384652
:1052D000FFF75AFF00F052FC2A4B35624FF40052A0
:1052E000CDE90473CDE90244CDE90044264B2749BA
:1052F000284600F089FD6B7B23F0040213F01B0F9E
:105300006A73344604D1AB6913B9284600F09AFA9F
:105310001F4B204E059301220F23CDE903320023BA
:105320004FF4A0721C4900933046CDE901331B4B6A
:1053300000F06AFD737BE66023F004037373184B7F
:10534000C4E90633FEF704FE0D48A56001F05FFED8
:105350000D4B144A184682F3098863B64FF00001DA
:1053600081F31188BFF36F8F00210022002301F029
:1053700072F900BF8896002000ED00E08017002041
:10538000141700200E88000055520000486D0020C0
:1053900013880000A8160020488D0020CF7B000055
:1053A00098170020488D002038B5074C074DAC42B7
:1053B00001D3002038BD04F114032046C4E90533AD
:1053C00000F092FF1C34F2E7AC9C0020E49C00202B
:1053D0002DE9F04F1D1E85B006460C46174659DDD7
:1053E00000F0C0FE80462C484FF4004C00214FF4E2
:1053F000A0220023CCFB0501FAF782FE18EB000285
:10540000264B9046F31A264A9B1002FB03FA5FFADA
:105410008AFA06F1140B009403AB02AA394630460F
:1054200000F0ADFF10F10B0F0BD1009403AB02AAFB
:105430003946304600F0A3FF10F10B0F08BF6FF0A4
:105440000B006379029A84F804A062F3030363718A
:105450006368039A62F31F336360C0B1BDB110F19A
:105460000C0F14D14FF02003EFF3118083F3118858
:10547000BFF36F8F2A46594600F0FAFA6B1CCAD068
:1054800000F070FEB8EB0005C5D56FF00A0005B05E
:10549000BDE8F08F0022B3E7FFFF0400AC9C0020C2
:1054A000B76DDBB670B5047802684178114EC4EB75
:1054B000C404A400120B01F00F01301901F026F80A
:1054C0004FF02003EFF3118583F31188BFF36F8F43
:1054D00004F11400304402F0DEFA28B129460648EF
:1054E000BDE8704002F02EBA85F31188BFF36F8FCC
:1054F00070BD00BFAC9C0020446D0020034B9B6836
:105500000146186E08B102F05CB9704780170020A0
:1055100070B50D4634498B68DA7B013A0446DA737C
:10552000C26808464AB1A36889688B4212D09DB907
:1055300000F06CF96FF00F050AE08B6893F90E30FC
:10554000236101328368E260A36000F05FF9002507
:10555000284670BD2369F3E791F90E1093F90E30D8
:105560009942A8BF194621EAE1714FF02003EFF3F9
:10557000118683F31188BFF36F8FA06890F90E3006
:10558000994201DA00F0ACFA2B4622463146174820
:1055900000F092FA054610B900F038F9D8E7236810
:1055A00021699C4207D033B193F90E309942A8BFCC
:1055B000194621EAE1714FF02003EFF3118583F3DF
:1055C0001188BFF36F8FA06890F90E30994201D017
:1055D00000F086FA85F31188BFF36F8F00F016F99B
:1055E0006FF00A05B4E700BF80170020446D00206B
:1055F0001E4B9A68D37B013B70B50446D373C368D6
:10560000012B05D0013BC360BDE8704000F0FEB83F
:105610004FF02003EFF3118683F31188BFF36F8FF0
:105620000169806890F90E30994201D000F058FA73
:10563000204602F003FA0546A06080B1437BDB06FA
:1056400003D183690BB900F0FDF886F31188BFF32D
:105650006F8F0023AB6695F90E302361D4E7E060CD
:1056600086F31188BFF36F8FCEE700BF801700204D
:1056700038B54FF02003EFF3118583F31188BFF3A2
:105680006F8F046884B12368426823F00303944257
:10569000036008BF43600121204602F018F985F33A
:1056A0001188BFF36F8F38BD29B985F31188BFF317
:1056B0006F8F0846F7E700F108020B4610462946AF
:1056C00000F0FAF918B9034B9B685869EBE72046DC
:1056D000E9E700BF80170020EFF305800D2809D807
:1056E00028B1054B586880F40060C0F3C02080F0FA
:1056F000010070470120FAE700ED00E008B5FEF771
:10570000F5F8054B054A1B6818441061002118463E
:10571000BDE8084002F031BAB4170020801700201D
:10572000F8B50D464FF02003EFF3118483F3118891
:10573000BFF36F8F0D4E0E4B4FF400410027C1FB9E
:10574000006700221A6130464FF4A0220023394638
:10575000FAF7D6FC074B1860074B1D60FFF7CEFF2A
:1057600084F31188BFF36F8FF8BD00BFFFFF040003
:1057700080170020B4170020B01700204FF020033E
:10578000EFF3118183F31188BFF36F8F044B9A6895
:10579000D37B013BD37381F31188BFF36F8F7047C5
:1057A00080170020094B03F12402824205D19B6837
:1057B0008B4202D14B7BDB0607D1D1E900231A6073
:1057C0000A6853600023C1E9003370478017002046
:1057D00038B50D4C024604F1240002F0F8F80546F5
:1057E00000B9E568A3684AB95A7BD20606D1AA690E
:1057F00022B9DA897F2A01D9236238BD9D4201D0BE
:10580000FFF77CFF2562F8E78017002010B54FF006
:105810002003EFF3118483F31188BFF36F8F084BDC
:105820009A68D37B0133D3730120FFF7D1FF84F350
:105830001188BFF36F8FBDE8104002F0A0B800BF21
:1058400080170020F8B54FF02003EFF3118483F3A5
:105850001188BFF36F8F164A114651F8243F8B42CF
:105860000CD05BB1966A90F90E5093F90E70AF426E
:105870000BDCB34202D01B68002BF6D1936A436065
:10588000936A01601860906205E05A68C0E90032CE
:105890005A6810605860437B43F040034373002014
:1058A000FFF796FF84F31188BFF36F8FF8BD00BF39
:1058B00080170020F8B504464FF02003EFF311865F
:1058C00083F31188BFF36F8F194F07F12405014649
:1058D0002846FFF767FF7B6AAB423A460CD05BB1C4
:1058E000B86A94F90E1093F90E708F420BDC834264
:1058F00002D01B68002BF6D1936A6360936A25601F
:105900001C60946205E05968C4E9003159680C6074
:105910005C60637B906843F040036373031B5842F1
:105920005841FFF755FF86F31188BFF36F8FF8BD1D
:10593000801700201449154A8B6810B51468A342DB
:1059400003D1BDE81040FFF7D9BE00241460104A0F
:105950001268BAB1DA897F2A14D80E4A93F90E4038
:10596000126894420EDB0C4A126893420AD09A697C
:1059700042B90A69824203DC1846FFF79BFFE0E761
:10598000121A0A6110BD00BF80170020AC1700205A
:10599000B4170020B01700207C80000038B5044602
:1059A0004FF02003EFF3118583F31188BFF36F8F5E
:1059B000437B5A0607D501460948FFF7F3FE637B90
:1059C00023F040036373074B9868031B5842584108
:1059D000FFF7FEFE85F31188BFF36F8F38BD00BF60
:1059E000A41700208017002070B504460D46164607
:1059F000FFF7D4FF637B43F002036373EDB12B68C1
:105A0000A5609D420CD05BB194F90E2093F90E1065
:105A100091420CDC69688B4202D01B68002BF5D1E7
:105A20006B6863606B6825601C606C6005E05A6899
:105A3000C4E900325A6814605C60731C12D00A48D2
:105A40004FF4004500214FF4A022C5FB06010023BE
:105A5000FAF756FB0549421C04F11800BDE87040F6
:105A600000F0E6BA70BD00BFFFFF0400DB79000064
:105A700070B50F4D0F4C0646A868FFF7B5FFAB6831
:105A800023603046FDF76AFF4FF02002EFF31183E9
:105A900082F31188BFF36F8F2268A968914204BF17
:105AA0000022226083F31188BFF36F8F70BD00BFA7
:105AB00080170020AC17002010B50C461146064A8E
:105AC0009068064A10601A46FFF78EFF2046BDE830
:105AD0001040FDF743BF00BF80170020AC17002027
:105AE0002DE9F84304464FF02003EFF3118983F3C7
:105AF0001188BFF36F8F01F003FF4EB2804600287C
:105B000035D01D4D05F1240721463846FFF74AFEE2
:105B10006B6AA673BB422A460AD04BB1A96A93F9B5
:105B20000E00B0420BDC994202D01B68002BF6D16C
:105B3000936A6360936A27601C60946205E05A6808
:105B4000C4E900325A6814605C600120FFF740FE2F
:105B500089F31188BFF36F8FB8F1000F09D0064B9E
:105B60009B68DB7B2BB9BDE8F84301F008BFA67347
:105B7000EEE7BDE8F88300BF80170020044B00214A
:105B800003F12402C3E909220846FFF7C9BD00BF9B
:105B900080170020F8B5224C224BA2681B689A425D
:105BA00032D04FF02003EFF3118683F31188BFF357
:105BB0006F8F04F12405A1682846FFF7F3FD636A9F
:105BC000A268AB420CD05BB1A16A92F90E0093F9C6
:105BD0000E7087420BDC994202D01B68002BF6D175
:105BE000A36A5360A36A15601A60A26205E059684F
:105BF000C2E9003159680A605A600120FFF7E8FDE8
:105C000086F31188BFF36F8F4FF02003EFF31180FD
:105C100083F31188BFF36F8FBDE8F840FDF79EBE98
:105C2000801700207C800000F8B5044618B9FFF703
:105C3000B1FF2046F8BD1E484FF4004500214FF447
:105C4000A0220023C5FB0401FAF75AFA461C01F012
:105C5000AEFF34184FF02003EFF3118783F3118860
:105C6000BFF36F8F134D144BA8681860FFF796FEB3
:105C7000A86812493246183000F0DAF9AA68537B56
:105C800043F0100353733846FDF768FE01F08FFFB1
:105C9000201A002809DD4FF47A716422002380FB6A
:105CA0000101FAF77DFA0446C3E70024C1E700BF0B
:105CB000FFFF040080170020AC170020DB790000F4
:105CC000014B9868704700BF8017002070B50446EC
:105CD0004FF02003EFF3118683F31188BFF36F8F2A
:105CE00001F0ACFE054670B1437BDB0603D183694E
:105CF0000BB9FFF7A7FD0023AB6631460548BDE8A9
:105D0000704001F01FBED4E902329A4218BF01333D
:105D1000A360F2E7446D002010B402460B464FF03A
:105D20002000EFF3118180F31188BFF36F8F946827
:105D300044B1013C946081F31188BFF36F8F002060
:105D400010BC704733B981F31188BFF36F8F6FF0C8
:105D50000F00F5E7014810BCFFF7AEBE446D002010
:105D600010B5084C08494FF0FF334FF480622046CD
:105D700000F0F2F804F11000044901F0B0FE002038
:105D800010BD00BFB81700208896002018880000BA
:105D9000EFF305800D2807D838B1044B586880F41C
:105DA0000060C0F3C02070470120704700ED00E0A4
:105DB000024B9B68187B00F00100704780170020A1
:105DC00010B502464FF02003EFF3118483F31188DE
:105DD000BFF36F8F437B590704D484F31188BFF35B
:105DE0006F8F10BD23F00403437301F06FFE10B1F9
:105DF0001046FFF727FD21460248BDE8104001F09C
:105E0000A1BD00BF446D002030B587B004460E9D93
:105E100004950D9D03950C9D02950B9D01950A9D82
:105E20000095FDF787FF044B9B6813B9236607B005
:105E300030BD1B6EFAE700BF8017002070B586B03A
:105E4000002605960E9E04960D9E03960C9E0296C5
:105E50000B9E0F9D01960A9E00960446FFF7D4FF05
:105E60006B1C03D02DB92046FFF7AAFF204606B0D1
:105E700070BD09484FF4004600214FF4A0220023D2
:105E8000C6FB0501FAF73CF90449421C04F118006D
:105E900000F0CEF8EAE700BFFFFF0400DB79000066
:105EA0002DE9F04F284E294D87B0B046B54205F197
:105EB00030040FD3FFF762FC244C254EDFF894A08A
:105EC0004FF400490027444521D307B0BDE8F04F07
:105ED000FFF79CBC54F8043C059354F8103C049321
:105EE00054F8143C039354F8183C029354F81C3CA7
:105EF000019354F8203C009354E90A2354E90C011F
:105F0000FFF782FF54F8303CDD642546CEE7616A36
:105F10004B1C04D0256821B92846FFF751FF3034C7
:105F2000D1E7B346BC46C9FB01BC4FF4A022002315
:105F300058466146FAF7E4F85146421C05F118004C
:105F400000F076F8EBE700BFAC9C0020AC9C002092
:105F5000FFFF0400DB7900002DE9F041054686B023
:105F600098460E46174605F1100401F0BCFC0020CF
:105F7000CDE90400CDE90208CDE900503146064BD9
:105F80003A462046FFF75AFF0449204606B0BDE8CE
:105F9000F04101F0A4BD00BF6B6600002188000045
:105FA000034B1B680BB9FDF7A1BC0020704700BF75
:105FB00034180020036840B1084A5268904204D067
:105FC0001BB19A6881680A449A604268136003684A
:105FD0005A600023C0E90033704700BFD89B0020FF
:105FE00038B5104B1B78002B0F4B1C6814BF4FF0BB
:105FF000FF306FF000409C420AD04CB1A568FFF71B
:10600000CFFF281A00280ADBA468FFF7C9FF201A6F
:10601000064B1B6913B19842A8BF184638BD002033
:10602000F6E700BF446D0020D89B002080170020B9
:1060300070B504461646C1604FF02003EFF311859A
:1060400083F31188BFF36F8FFFF7AAFF194B1A680C
:10605000012EACBF801901309A42A06001D05E6869
:1060600032B95A6862605A68236014605C600BE061
:106070009068A168884216DD411A91605168C4E9B0
:10608000002151680C6054601A689A4206D094420C
:1060900004D1FFF7A5FF0021FDF7EEFB85F3118882
:1060A000BFF36F8F70BD091A9642A160D9D01268F4
:1060B000D6E700BFD89B00202DE9F04B0446FFF740
:1060C00039FC4FF02003EFF3118583F31188BFF300
:1060D0006F8F214E214FDFF888903460B846D9F891
:1060E000004032684C45D7E900BC05D024B1A36814
:1060F000934214DD9B1AA3601BEB02004CEBE27190
:106100000024C8E900013460FFF76AFF2146FDF76B
:10611000B3FB85F31188BFF36F8FBDE8F08B1BEBEA
:1061200003004CEBE371D31A33600023C7E900018D
:10613000A3602046FFF73EFF85F31188BFF36F8F02
:10614000E36898474FF02003EFF3118583F311883C
:10615000BFF36F8FC3E700BF34180020000000209A
:10616000D89B00202DE918484FF02003EFF311844D
:1061700083F31188BFF36F8FFDF7B8FB074BD3E9AB
:10618000002312EB000B43F1000C5846614684F3E8
:106190001188BFF36F8FBDE8188800BF0000002092
:1061A000026A002A38B5044602DD0E49FFF740FFB7
:1061B000636A01336362A3690BB12046984754F8C0
:1061C000105FA5420DD065B1284601F0A2FB6B7BA4
:1061D000DB0604D1AB6913B92846FFF733FB002374
:1061E000AB6638BDA16100002DE9F341144E0027D4
:1061F000044688464FF4004530463946C5FB020147
:1062000000234FF4A022F9F77BFF39460090304677
:106210004FF4A0220023C5FB0801F9F771FF01909C
:10622000204601F084FC009B0649019A2362204627
:106230000023636202B0BDE8F041FFF7F9BE00BF82
:10624000FFFF0400A161000043685B6903B11847C8
:1062500018467047002282F31488854682F310881E
:106260000847704770B5C66890F90B000C254D4380
:10627000884206EB0504B4BF71592146202492FBE5
:10628000F4F401EB8401196002F01F0070BD07B542
:1062900001ABFFF7E7FF019A012303FA00F013684F
:1062A0000343136003B05DF804FB07B501ABFFF7D0
:1062B000D9FF019A012303FA00F0136823EA0003CF
:1062C000136003B05DF804FB4FF02003EFF311807F
:1062D00083F31188BFF36F8F7047C30703D581F332
:1062E0001188BFF36F8F70472DE9F8430446436868
:1062F0000589006894F80AC05D43FF222844E272D1
:1063000000214FF00C0E8C4505DC00252389AB42A3
:1063100022DCBDE8F883D4F80C80B5FBF3F20EFB69
:1063200001F71F2A08EB0706C8BF1F324FEA930385
:1063300006F10409C8BF520903F10303C6E9019934
:1063400023F00303D4BFE17248F8070001F1010113
:10635000C8BF00EB8200D6E76268E36820686A4342
:1063600081181E1D86509A684A609A6820461160FE
:1063700099602A460021FFF78AFF0135C6E72DE91B
:10638000F04F8BB0857A00AFC7E90232AB000A3319
:1063900003F4FF63ADEB030D4368E94603334A465C
:1063A00023F0030342F8043904460020854200F13B
:1063B000FF3A0ADD28B113689B08033323F0030377
:1063C000536052F8043F8B4208D2BAF1FF3F07D125
:1063D0003A6D002313606FF00B0043E00130E5E7F6
:1063E000207C10F0010001D0FFF76EFF0C2303FBAF
:1063F0000AF31A1DE3683862134456461D68AB421F
:106400007CD0D5E900131960296859F826204B6023
:106410000023C5E9003323683146EB1A204693FB7D
:10642000F2F2FFF742FF731C7B62A9EB890309EBD1
:1064300086067B617B6A013B9A4517DC396A207CC2
:10644000FFF74BFF3B6D1D60002DC4D0FB68C3F808
:1064500000A02368ED1A59F82A3095FBF3F5BB68C4
:1064600000201D602C37BD46BDE8F08F236856F82C
:10647000042BEB1A93FBF2F37A699B003B6106EB6A
:1064800046031344BB614FF0010BD6F80080796AD4
:106490000BFB08F3FB61EB187B603B6920460BEBC1
:1064A0000302FFF7F4FE7B682268218908F1FF38B8
:1064B0009844A8EB020862684A4390450AD2E26811
:1064C000B969F8690A44111D2950916859609168A9
:1064D0000B6093600BF1010BBBF1040FD5D1207C55
:1064E000396AFFF7FAFE207C10F0010001D0FFF7B7
:1064F000EBFE7B6A386201337B629BE7013E721CD4
:10650000A5F10C037FF47AAF002597E72DE9F04F52
:1065100087B0837A9B000A3303F4FF6300AFADEBCF
:10652000030D4368E946033323F003030546C9F826
:1065300000304C460120814214D2287C10F001002A
:106540000E46904601D0FFF7BFFE0446002E12DA39
:106550004FF0FF342146287CFFF7BFFE1C37BD46B5
:10656000BDE8F08F23689B08033323F0030344F84E
:10657000043F0130DFE759F82630FB6003FB08FBDE
:106580002B68BB6042463146284603EB0B0AFFF7F7
:106590007EFEEA680C2303FB0622BB68111D43F84C
:1065A0000B109368CAF804309368C3F800A0C2F8CF
:1065B00008A0287C2146FFF790FE287C10F00100FF
:1065C00001D0FFF781FE0446002EC3D007F114036B
:1065D000424631462846FFF745FE7A69042390FB80
:1065E000F3F310689B00D84000F00F000F28B1D1E2
:1065F00028F00303BB60FB68013B4FF0000A7B609F
:10660000BB68B5F808C0696803EB0A02FB6803FBC6
:1066100002FB7B6801FB0CF103EB0B00884211D2FB
:1066200031462846FFF741FE2A6802EB0B0152F87B
:106630000B004B68186052F80B004360002342F8CF
:106640000B304B600AF1010ABAF1040FD8D198FB64
:10665000FAF8013E7AE708B50446084611461A469C
:10666000A047FFF72DFBFDF70DFC10B504464FF0DA
:10667000FF312046FEF7FCFF03460028F7D0083321
:106680004268BFF35B8F53E8001F21F0010C43E821
:1066900000CEBEF1000FF6D1BFF35B8FCB0700D564
:1066A0009047FFF777FAE2E70020704770B504469D
:1066B0000D464520A04729465220A047294623469B
:1066C0005220BDE8704018472DE9F04F89B01C46B4
:1066D0004FF0000A531E06460F4603934FF0FF3952
:1066E000D046002505E06DB9252800F03D813946EA
:1066F000B047039B13F8010F03930028F3D109B0AF
:10670000BDE8F08F642862D019D839280AD831281A
:1067100051D22D283DD030283ED0252808D13946E9
:10672000B047DEE7582800F0A880632800F0168103
:1067300039462520B047039B39461878F0E7702882
:1067400000F0918006D8692841D06C283CD0682898
:10675000CFD0EDE775286DD017D87328E8D125681C
:1067600004F1040B2B461C4614F8010B002840F0E2
:10677000EC80B8F1030F40F000815C1BA9EB04042E
:10678000002C00F3E6805C46ABE7782875D07A28C9
:10679000DEE74FF00308ACE7B9F1000F0EDAB8F10D
:1067A000000F00F0E780A0F13009B8F1000F08BF3A
:1067B0004FF002089DE7B9F1000FF4DB0A2303FB59
:1067C0000909A9F13009F0E70AF1010A91E7BAF1E4
:1067D000000F12D125680434002D05DA39462D202A
:1067E000B0476D4209F1FF39CDF8009043462A4683
:1067F00039463046FAF7E0F873E7BAF1010FE9D00D
:10680000073424F0070303F10804D3E9002312F14D
:10681000004043F100014FF0000C4FF0FF3B8C456E
:1068200008BF834504D239463046FFF73FFF58E79B
:106830001546D1E7BAF1000F05D122680434CDF82E
:1068400000904346D4E7BAF1010FF6D0073424F0A4
:10685000070303F10804D3E90023002B08BFB2F1BA
:10686000004FECD3DFE739463020B0473946782077
:10687000B0474FF008094FF00108BAF1010F27DCCB
:106880002368079300230493043400231022029307
:1068900006939346079B0BF1FF3B4FEA8B00C0F139
:1068A000200CA0F1200123FA00F0049B03FA0CFC59
:1068B00040EA0C0023FA01F1084310F00F0013D155
:1068C000069B13B9BBF1000F2ED14FF0300C11E035
:1068D000073424F0070303F108041A685B68079281
:1068E0000493D2E7059AD5E709288CBF4FF0570CDF
:1068F0004FF0300C394660440592B047029B069534
:1069000001330293BBF1000FECD1B8F1030F7FF418
:10691000E8AE029BC3EB4905002D7FF7E2AE394696
:106920002020B047013DF7E7531E91450593E9DB71
:10693000B8F1010F03D139463020B047E2E7B8F192
:10694000020FDFD139462020F7E73946B04723460A
:1069500009E739462020B047013C11E72068251D92
:106960003946B0472C46BCE6AA46A8464FF0FF3948
:106970000125BEE64FF00108BBE65C460546B8E6D9
:106980000FB407B504A951F8040B0191FAF764F8A4
:1069900003B05DF804EB04B070470369D0E9002050
:1069A000824296BF9B1802F1FF3303F1FF33181A9E
:1069B0007047036870B584680669A342A6EB0405B6
:1069C00098BF9B19013BAA42A3EB040328BF2A46A8
:1069D000934228BF1346426922441C44A64298BFF2
:1069E000A41B0A608460184670BD10B50446FFF70A
:1069F000D4FF884209D3636819442369994228BFA8
:106A0000C91AC4E90111002010BD6FF01500FBE7A1
:106A10002DE9F34180460F4616460025324601A96E
:106A20004046FFF7C6FF394604460246019800F08B
:106A3000A9FB361B2544274401D0002CEED1294662
:106A40004046FFF7D2FF284602B0BDE8F08170B59E
:106A5000D0E903364468A34296BFF51803F1FF3529
:106A600005F1FF352D1B741E641BF51AAA4228BFC1
:106A70002A46A24228BF224644691C4413449E422F
:106A800098BF9B1B0C60C360104670BD38B505698C
:106A90000446FFF782FF6B1E181A884208D323684A
:106AA00019448D4298BF491B2160E160002038BD28
:106AB0006FF01500FBE72DE9F34180460F461646BF
:106AC0000025324601A94046FFF7C1FF019904465F
:106AD0000246384600F056FB361B2544274401D0B9
:106AE000002CEED129464046FFF7D0FF284602B0E1
:106AF000BDE8F081704700470023435082B04358FF
:106B00000193019B02B0704738B51D4602230B71FB
:106B10000B684A7104467BB112F0040F14BF922136
:106B20008221100748BF41F02001D306236848BFE7
:106B300021F08001C3F8001320684FF48271FFF741
:106B4000DBFF206812F0800F05BF0123435140197D
:106B5000002038BD38B505460C46FAF78BF950B918
:106B60002B6801225A602846FAF784F918B9002CDC
:106B7000F9D1204638BD0124FBE700F1804000F543
:106B80001C3001230360BFF36F8FBFF34F8F70473B
:106B900030B54C680D689C4229BFC0E90053002104
:106BA000E41AED1832BFC0E900514C600D60934209
:106BB00003D1201C18BF012030BD0020FCE74B682A
:106BC00010B59A420C6828BF1A46C0E90042981ACC
:106BD0000B684860134400300B6018BF012010BDE3
:106BE00030B54C680B68A24228BF2246002A14BF69
:106BF0001D460025A4EB02041344C0E900524C607A
:106C00000B6014BF0120002030BD10F0800F14BFB6
:106C10000023102300F00F0018447047704708B598
:106C20000146FAF781F9FAF771F9837B032B0AD150
:106C30000846FFF7EAFF012303FA00F0C043BDE86E
:106C40000840FAF729BA0368002BF1D008BD872065
:106C5000FFF7E5BF8620FFF7E2BF8520FFF7DFBF24
:106C60008420FFF7DCBF8320FFF7D9BF8220FFF726
:106C7000D6BF8120FFF7D3BF0720FAF7F7BB062066
:106C8000FAF7F4BB0520FAF7F1BB0420FAF7EEBBE4
:106C90000320FAF7EBBB0220FAF7E8BB0120FAF772
:106CA000E5BB08B5FAF732F9818108BD08B5FAF7F6
:106CB0002DF94FF02002EFF3118382F31188BFF317
:106CC0006F8F82680A6002682AB9807B83F311881B
:106CD000BFF36F8F08BD0420F8E708B5FAF706F98F
:106CE00058B9EFF3108272B64C20FFF746FF4C20E4
:106CF000FFF743FF82F3108808BD4C20BDE8084031
:106D0000FFF73BBF5020FFF738BF5420FFF735BFD8
:106D10002DE9F34150F8283C10F82C5C1033044660
:106D200010D1C36850F8202C99073BD5FAB913F05D
:106D3000040304D11A4619462846FCF71FFC002319
:106D400044F8283C54F8283C10330DD054F8186C03
:106D500056B154F81C7C54F8148CFFF719F800282D
:106D60004BD02046FBF73AFA02B0BDE8F08150F86C
:106D7000241C01AB2846FCF701FC10B16FF0150391
:106D8000DEE7019A54F8243C134444F8243C54F8B8
:106D9000203C9B1A44F8203C54F81C3C134444F813
:106DA0001C3CCFE750F8241C01AB2846FCF74EFCF6
:106DB0000028E3D1019E54F8243C334444F8243C99
:106DC00054F8203C9B1B44F8203C54F81C3C3344B2
:106DD00044F81C3C002EB2D02846FCF7CDFCB6FB94
:106DE000F0F303FB10600028A9D154F8203C002BDD
:106DF000A5D02846FCF76EFCA4E744F8180CA4F1D3
:106E00001000FEF763FF424639462846B047ABE71D
:106E1000FCF7B4BB00F0D9B8006808B1043800B979
:106E2000704703681B689B688B42F9D04068F4E7A1
:106E3000006808B1043800B9704703681B689B6894
:106E40005B689B788B42F7D04068F2E7006830B50A
:106E5000A8B10438082490B103681B689A68936A43
:106E600092F8242014FB0232934203D1406830B1DF
:106E70000438F0E7083313F8045C8D42F4D130BDD8
:106E80004B1CDBB28170817680F82530C37600F828
:106E9000061C704750E902301847836800229A7632
:106EA00070478368187E704783680022DA767047DF
:106EB0008368587E704783681A7E0AB19A7E1AB931
:106EC000587E10B1D87E704701207047012070476E
:106ED0008368C3E9011270476FF02200704773B5F1
:106EE000036886689D6802ABA86A002443F8084DD1
:106EF000007BFFF78FFF02ABA86A43F8044D2246E0
:106F00002146007BFFF786FF019B03B9737600984B
:106F100002B070BD37B5836800681D788468032DA2
:106F20004FF00000019007D11876A06A01AB007DF8
:106F3000FFF76EFF00B9019803B030BD80680123F0
:106F40008376436823B1037E13B10C30FBF780BC1A
:106F5000704780680123C376436823B1437E13B131
:106F60000C30FBF775BC704708B5002210460121B4
:106F7000FCF7C8FE0020FCF793FE002008BD4FF090
:106F800080434FF4607220B1C3F804230020FCF763
:106F900087BEC3F8082370470378027903F00F0314
:106FA00022B9181C18BF012040427047082B07D88F
:106FB000012A08D1B3F1080018BF4FF0FF30704725
:106FC0004FF0FF3070470020704770B504460E4602
:106FD0001546FCF73BFB30B906B925B12046BDE8A4
:106FE0007040FCF777BB70BD70477047FCF7D8BEA8
:106FF00001460068FCF7E8BE202383F31188704740
:1070000008B5FCF77DFFBDE80840FCF78DBC07B56F
:10701000002101A8FDF746F803B05DF804FB2DE957
:10702000F04184460F4605462C4614F8013B202BC0
:1070300035D0A3F10901042931D92D2B31D16B7839
:10704000AC1C4FF0010E002A5ED0102A09D1302B63
:1070500007D1237803F0DF03582B50D16378102237
:1070600002344FF0FF310026B1FBF2F102FB01F8D0
:107070006FEA08083046A3F13005092D18D82B46D1
:107080009A4225DD002E20DB88421ED801D14345DF
:107090001BDC00FB0230012614F8013BEBE7254620
:1070A000C2E72B2B04BFAC1C6B784FF0000ECAE775
:1070B00043F02005613D192D0AD8A3F14105192D92
:1070C0008CBF572537255B1BDAE74FF0FF36E3E728
:1070D000002E08DAFEF794F8262303604FF0FF3005
:1070E00047B9BDE8F081BEF1000F00D04042002F4B
:1070F000F7D00EB104F1FF3CC7F800C0F1E7302330
:10710000002AAED10822ACE7302BA2D00A22A8E791
:10711000C9B202788A42034600F1010004D0002A75
:10712000F7D1002918BF00231846704702460346CE
:10713000981A13F8011B0029FAD170470138013958
:1071400010F8013F11F8012F934202D1002BF7D123
:107150001A46981A7047431A934210B500EB02037F
:1071600008D3013902469A420BD011F8014F02F8B8
:10717000014BF8E70A4412F8014D03F8014D8A4229
:10718000F9D110BDF0B581EA0004A50703460BD084
:10719000013B0A4491421DD1F0BD002AFCD011F8F8
:1071A000014B03F8014B013A9C07F6D11D1F0C4619
:1071B0008F183E1B032E08D894086FF0030505FBBB
:1071C0000422A40023442144E2E754F8046B45F868
:1071D000046FEEE711F8014B03F8014FDAE7F0B561
:1071E000C9B203469C070FD141EA012444EA044492
:1071F0001D469F187E1B032E0CD8940803EB8404B5
:1072000013449C4209D1F0BD002AFCD003F8011BB5
:10721000013AE7E745F8044BECE704F8011BF0E717
:1072200070B50446B1FBF2F602FB1611CDB2092986
:107230008CBF272100213035294404F8011B314639
:10724000002EEFD13021221A934207DC2346002181
:1072500003F80119834204D8104670BD04F8011BDD
:10726000F1E71978047803F8014900F8011BF1E708
:10727000D0E900232DE930485FEA530C4FEA320B86
:1072800002F001041BEB04024FF000054CEB050378
:10729000C0E90023BDE83088D0E900232DE9F04F94
:1072A000052112F102084FF0000643F10009B8EB86
:1072B0000608B9FBF1F501FB05F769EB07094FEA91
:1072C000D80646EA49760024B6FBF1FC4FEACC0624
:1072D000A2194FEA5C77C24645EB07031446A6FBAA
:1072E0000189BAEB08021D46B2FBF1F2A41845F180
:1072F0000005C0E90045BDE8F08F0B68002B2DE9C3
:10730000104813DD02684468013B0B600A21A2FBB0
:1073100001BC01FB04CC5A462CF07043C0E90023A9
:107320004FEA1C713031C8B2BDE810883021FAE74D
:107330004B68012B07DD0B6818700B6801330B607D
:107340004B68013B4B600020704770B50E460168EA
:10735000154659B10C688B681D4203D04B682A460C
:107360003046984714B121462468F4E770BD10B543
:1073700004688068A468C0692468012904D1584061
:10738000C4F80405002010BD003320FA02F04FF0CD
:10739000010118BF012300F001009140834214BF96
:1073A000C4F80815C4F80C15ECE770B504688068DB
:1073B000A468C0692568D5F81465D5F81045D5F8D6
:1073C000045560406C403440604001291CBFD040EF
:1073D00000F001001860002070BD8368186830B5A7
:1073E00058B10024814213D108685CB95C68186008
:1073F000A14200D158600020086072B9002030BD61
:107400002846EFE720605868814208BF5C60F2E7D9
:1074100005680446002DF3D13AB11A680A6058682D
:1074200019600028EAD15960E9E76FF01500E6E736
:10743000F8B5026883689768DC69D3E902120A40EC
:10744000D3E90510014322EA010239681B69D1F82A
:1074500010155C404C4022EA0404012500260AB9BC
:107460002046F8BD2A4209D03B7906F01F000021D2
:1074700040EA4310FDF752FA22EA050201366D0098
:10748000EDE7F8B5846803689D68D4E902321A40D4
:10749000D4E905310B4322EA03020127002602B991
:1074A000F8BD174212D0E169236995F804C04B403A
:1074B000F34013F0010F06F01F0014BF0221032157
:1074C00040EA4C10FDF72AFA22EA070201367F0053
:1074D000E5E701292DE9F04118BFD4B287680646D7
:1074E00012BF25461F2500244FF00108AC4202D9E7
:1074F0000020BDE8F081FB6808FA04F223EA0203E9
:10750000FB6021463046FDF721FA0028F1D1013415
:10751000E4B2EBE701292DE9F04118BFD4B2876846
:10752000064612BF25461F2500244FF00108AC4235
:1075300002D90020BDE8F081FB6808FA04F2134389
:10754000FB6021463046FDF701FA0028F2D10134F4
:10755000E4B2ECE74FF0805310B51C695A696243FE
:10756000824210D900280EDB1C695A6962438A42A4
:1075700009D31A695B69084403FB02F188428CBF96
:107580000020012010BD0020FCE770B50D46284604
:10759000194616461C46FFF7DDFF38B14CB12246AE
:1075A00029463046FFF7EEFD002070BD6FF0150054
:1075B000FBE72046F9E70023435082B0435801938C
:1075C000019B02B0704783689B689A7B72B1026826
:1075D00092681268D2F8201141B14FF48071C2F85C
:1075E00008130121D16000229A7370471A680AB10A
:1075F00058681047704782680B4692E8030083E89A
:1076000003000020704703689B681B68D3F82401BF
:1076100018B1D3F88004C3F88004704702689268F8
:10762000126808B58368D2F8100150B11B7B0B704B
:1076300010464FF48871FFF7BEFF0123136000204E
:1076400008BD4FF0FF30FBE713B5036802AC9B6841
:1076500004F8011D1A684FF490711046FFF7ABFF54
:107660000123C2F84445C2F848359360D2F820118E
:107670000029FBD0D36002B010BD03689B6870B5D1
:107680001C68D4F820310E46DBB18568AB689B8955
:107690004FF490719A422046A8BF1A46FFF78BFF1D
:1076A0000023A9689342896807DB0123C4F84415C5
:1076B000C4F84825A360104670BDF05CC85401337F
:1076C000EFE71A46F7E738B503689B681A68D2F8FF
:1076D00010310C4653B185684FF488711046FFF79E
:1076E0006AFF2B7B23700120106038BD1846FCE731
:1076F000036882689B6892681B68002191734FF44D
:107700008072C3F80423704783689B6801229A73D0
:10771000704703689B681B68D3F8200118B1D3F841
:107720000403C0F30020704703689B681B68D3F80C
:107730001001003018BF0120704703689B681B6868
:107740001022C3F80423704703689B681B6810224B
:10775000C3F80823704703689B681B684FF40072E6
:10776000C3F80423704703689B681B684FF40072DA
:10777000C3F8082370470120704783689B68C3E9FA
:107780000012704708B503689B681968D1F8043384
:10779000DB05024605D4D1F8040310F0100006D131
:1077A00008BDFFF7B6FF0028F5D00120F8E7104626
:1077B000FFF7BAFF003018BF0120F1E70430FDF7F2
:1077C00071BE13B504240A1904D200236946FDF7DB
:1077D000FFFD10B1002002B010BD224601A90098A3
:1077E000FFF7D0FC00980430F5E710B10438FDF73E
:1077F00059BE70470023C0E90233C0E9000070475A
:1078000038B5437BDB0604460D4603D183690BB9CB
:10781000FEF718F80023A366656138BD2DE9F8432B
:1078200004460F469046994600F108054FF02003A4
:10783000EFF3118683F31188BFF36F8F284600F0B2
:10784000FDF840B14146FFF7DBFF2846314600F026
:1078500079F800200CE0B9F1000F1CD00820FDF7EA
:107860004DFE38B986F31188BFF36F8F6FF00B00B0
:10787000BDE8F8830123C0F804800360036803F0C7
:10788000030267B923681343036063682060002B19
:10789000DBD16060D9E7C8F800904046EEE73B686E
:1078A00033F003030BD10260626812B9C4E900002F
:1078B000CBE7136803F0030303431360E9E71343C3
:1078C00003603B6803F0030318433860BDE710B55D
:1078D000044630B10268930703D0446809B1FFF74A
:1078E00084FF204610BD0023C0E9003300F10803E7
:1078F000C0E9023370470A4600234168FFF78EBF94
:10790000437BDB0603BF8069B0FA80F040090020AA
:10791000704738B504464FF02003EFF3118583F329
:107920001188BFF36F8F01468068FDF73BFF637BD3
:1079300023F00203637385F31188BFF36F8F002375
:10794000A36038BD08B5FDF7C7FE20B10846BDE805
:107950000840FCF703B881F31188BFF36F8F08BDAF
:1079600008B50246FDF7B8FE20B11046BDE8084054
:10797000FBF7F4BF82F31188BFF36F8F08BD4FF0A0
:107980002003EFF3118083F31188BFF36F8FFFF7AC
:10799000E7BF38B504464FF02003EFF3118583F3BA
:1079A0001188BFF36F8F01468068FDF7FBFE637B94
:1079B00023F00203637385F31188BFF36F8F0023F5
:1079C000A36004F11800BDE8384000F0B0B80368C7
:1079D000984214BF18460020704750F8103C70B50C
:1079E0000446A0F11805CBB14FF02003EFF3118648
:1079F00083F31188BFF36F8F294650F8100CFDF701
:107A0000D1FE14F80B3C23F0020304F80B3C86F380
:107A10001188BFF36F8F002344F8103C14F80B3C1F
:107A200023F0140304F80B3C2846FFF769FF20B14C
:107A30002846BDE87040FDF705BF70BD38B54FF072
:107A40002003EFF3118283F31188BFF36F8FFFF7E9
:107A5000BEFF044682F31188BFF36F8FC8B14FF0A9
:107A60002003EFF3118583F31188BFF36F8F014675
:107A70008068FDF797FE637B23F00203637385F351
:107A80001188BFF36F8F0023A36004F1180000F08A
:107A90004EF8204638BD70B5064600253468A6422B
:107AA00000D00CB9284670BD2046FFF772FF204673
:107AB000FFF726FF01250028F0D02046FDF7C2FE83
:107AC000ECE7C0E90212C0E900007047437BDB0627
:107AD00003BF8069B0FA80F040090020704770470A
:107AE000036D10B5044603B198472046FFF7EEFF3B
:107AF00038B12046FDF752FF637B43F00803637300
:107B000010BD637B9B0702D52046FFF702FFA369E8
:107B1000002BF1D004F1180000F009F8ECE7037332
:107B2000002342738173C373C0E90633704710B5F5
:107B30004FF02002EFF3118482F31188BFF36F8FAF
:107B400003683BB1FEF736FA002084F31188BFF3D7
:107B50006F8F10BD6FF01500F7E710B54FF02003E1
:107B6000EFF3118483F31188BFF36F8FFEF738FAB8
:107B700084F31188BFF36F8F10BD70B504460E46B5
:107B80004FF02003EFF3118583F31188BFF36F8F5C
:107B9000FEF726FAA04205DD012803DD3146204626
:107BA000FBF76AFE85F31188BFF36F8F70BD08B5D0
:107BB000FEF7D8FA08BD0023C0E9061200F1100252
:107BC0004362C0E90422C0E900338362704708B50C
:107BD0004FF02002EFF3118382F31188BFF36F8F10
:107BE000FFF7BBFF01210228D8BF0846FFF7C5FFFA
:107BF000FCF7D0F8ECE77047D885FF7F0100000064
:107C000000000000D52A000000000000ED6F000019
:107C10001C9C0020C775000000000000ED6F0000F4
:107C200000000000ED6F000000000000ED6F00009C
:107C300000000000B94B000000000000ED6F0000E4
:107C400000000000ED6F000000000000ED6F00007C
:107C500000000000ED6F000000000000ED6F00006C
:107C600000000000ED6F000000000000ED6F00005C
:107C700000000000ED6F000000000000ED6F00004C
:107C800000000000ED6F0000000000009D370000C4
:107C900000000000ED6F000000000000ED6F00002C
:107CA00000000000ED6F000000000000ED6F00001C
:107CB00000000000ED6F000000000000ED6F00000C
:107CC00000000000ED6F000000000000ED6F0000FC
:107CD00000000000ED6F000000000000ED6F0000EC
:107CE00000000000ED6F000000000000ED6F0000DC
:107CF00000000000ED6F000000000000ED6F0000CC
:107D000000000000ED6F000000000000ED6F0000BB
:107D100000000000ED6F000000000000ED6F0000AB
:107D200000000000ED6F000000000000ED6F00009B
:107D300000000000ED6F0000011B0000F76A00006A
:107D400000000000ED6F000000000000ED6F00007B
:107D500000000000ED6F000000000000ED6F00006B
:107D600000000000ED6F000000000000ED6F00005B
:107D700000000000ED6F000000000000ED6F00004B
:107D80007A840000790A0000000000007A84000074
:107D9000A11F000000000000B282000009280000BE
:107DA000E89D002084830000696F0000000000004F
:107DB0008E830000696F00000000000098830000BF
:107DC000E9370000000000007A8400000140000054
:107DD00000000000AB820000ED480000587F00006A
:107DE000A4820000ED480000507F0000F5870000ED
:107DF000914C0000CC7F0000FB870000914C0000FC
:107E0000A87F000001880000914C0000847F0000E2
:107E1000CF820000914C0000607F0000BC82000017
:107E2000114E00000000000007880000095100000A
:107E30005C8000007A840000A9530000000000006C
:107E40007A840000615D0000000000000200000074
:107E5000547E000000000000428300002600020261
:107E6000000000204A83000022000B113D0F00009B
:107E70001D6C000051110000736C00006D6C00005F
:107E8000676C0000616C00005B6C0000556C0000CA
:107E90004F6C00007D10000001110000BD180000B3
:107EA0009D6C0000976C0000916C00008B6C0000D2
:107EB000856C00007F6C0000796C0000BD10000034
:107EC000E10F00007D110000911A00000514000070
:107ED000D96E0000E527000000000000000000004F
:107EE00000000000156F0000DF6E00003D6F000015
:107EF0009B6E0000A36E0000536F0000A96E00008F
:107F000000000000B16E0000000000000000000052
:107F1000B76E0000CD6E0000D16E0000252A000073
:107F2000000000000000000061290000ED280000B2
:107F300000000000914A00006F730000AB73000066
:107F4000DB73000015750000D37400000000000012
:107F5000000000500000000000030050010000007D
:107F600000C00140000000000DFFFFFF0004000002
:107F7000E80302017C9B00200400000000000000D8
:107F8000000000000010024001000000FFFFFFFFA2
:107F900000040000E80302018C9B002004000000A4
:107FA000000000000000000000200240020000006D
:107FB000FFFFFFFF00040000E80302019C9B00207C
:107FC00004000000000000000000000000D002409B
:107FD00003000000FFFFFFFF00040000E8030201B0
:107FE000AC9B002004000000000000000000000026
:107FF000B54C0000814C00008B750000F14E000074
:10800000394E0000BD4E0000014E0000010000008E
:108010001D7600004976000007760000A94F000099
:10802000F77500007B760000C7760000F17600004F
:1080300009770000137700003B77000049770000C4
:10804000137700002977000057770000677700005A
:1080500085770000777700007B77000000200040E4
:1080600000000000E09B0020289C0020349C0020A1
:10807000949C0020AC9C0020F5FFFFFFA816002078
:1080800000002110422063308440A550C660E77094
:10809000088129914AA16BB18CC1ADD1CEE1EFF13C
:1080A0003112100273325222B5529442F772D662E4
:1080B000399318837BB35AA3BDD39CC3FFF3DEE38C
:1080C0006224433420040114E664C774A444855434
:1080D0006AA54BB528850995EEE5CFF5ACC58DD5DC
:1080E0005336722611163006D776F6669556B44684
:1080F0005BB77AA719973887DFF7FEE79DD7BCC72C
:10810000C448E5588668A7784008611802282338D3
:10811000CCC9EDD98EE9AFF9488969990AA92BB97B
:10812000F55AD44AB77A966A711A500A333A122A23
:10813000FDDBDCCBBFFB9EEB799B588B3BBB1AABCB
:10814000A66C877CE44CC55C222C033C600C411C73
:10815000AEED8FFDECCDCDDD2AAD0BBD688D499D1B
:10816000977EB66ED55EF44E133E322E511E700EC3
:108170009FFFBEEFDDDFFCCF1BBF3AAF599F788F6B
:108180008891A981CAB1EBA10CD12DC14EF16FE14B
:108190008010A100C230E320045025404670676083
:1081A000B9839893FBA3DAB33DC31CD37FE35EF39B
:1081B000B1029012F322D2323542145277625672D3
:1081C000EAB5CBA5A89589856EF54FE52CD50DC5EB
:1081D000E234C324A0148104667447642454054423
:1081E000DBA7FAB79987B8975FE77EF71DC73CD73B
:1081F000D326F2369106B016576676761546345673
:108200004CD96DC90EF92FE9C899E9898AB9ABA98A
:108210004458654806782768C018E1088238A328C2
:108220007DCB5CDB3FEB1EFBF98BD89BBBAB9ABBDA
:10823000754A545A376A167AF10AD01AB32A923A12
:108240002EFD0FED6CDD4DCDAABD8BADE89DC98D2A
:10825000267C076C645C454CA23C832CE01CC10C62
:108260001FEF3EFF5DCF7CDF9BAFBABFD98FF89F7A
:10827000176E367E554E745E932EB23ED10EF01EB2
:1082800008010C011001140118011C012001240136
:108290002C013001340138013C0140014401480106
:1082A0004C0150014750494F5F30004750494F5FE4
:1082B00031004344435F41434D5F30004E52465FBF
:1082C000464C4153485F4452565F4E414D45005025
:1082D000574D5F300041726475696E6F20426F6F59
:1082E000746C6F61646572202853414D2D424120AA
:1082F000657874656E6465642920322E30205B4198
:10830000726475696E6F3A494B58595A5D0A0D008F
:108310006E524635323834302D514941410A0D00F4
:10832000580A0D00590A0D005A25303858230A0DF5
:108330000025303858253038582530385825303801
:108340005800464C4153485F30005352414D5F3016
:108350000002030405060708090B0C0D0E0F10118F
:108360001213143030303030303030303030303064
:1083700030303030303030303030303030303030FD
:1083800030303000434C4F434B5F33324B00434C53
:108390004F434B5F31364D007379735F636C6F638E
:1083A0006B002A2A2A2A2A20425553204641554C3E
:1083B00054202A2A2A2A2A0A002020537461636B37
:1083C000696E67206572726F720A002020507265B4
:1083D00063697365206461746120627573206572DE
:1083E000726F720A0020204246415220416464723A
:1083F0006573733A20307825780A002020496D7023
:1084000072656369736520646174612062757320AD
:108410006572726F720A002020496E737472756300
:1084200074696F6E20627573206572726F720A00D4
:108430002A2A2A2A2A204D5055204641554C54209C
:108440002A2A2A2A2A0A002020537461636B696E43
:1084500067206572726F722028636F6E746578741E
:108460002061726561206D69676874206265206EA5
:108470006F742076616C6964290A002020556E7340
:108480007461636B696E67206572726F720A002097
:108490002044617461204163636573732056696F82
:1084A0006C6174696F6E0A0020204D4D4641522068
:1084B000416464726573733A20307825780A00202D
:1084C00020496E737472756374696F6E20416363C3
:1084D0006573732056696F6C6174696F6E0A002052
:1084E00020466C6F6174696E672D706F696E7420C1
:1084F0006C617A792073746174652070726573653C
:1085000072766174696F6E206572726F720A002AEA
:108510002A2A2A2A205553414745204641554C5482
:10852000202A2A2A2A2A0A002020446976697369A7
:108530006F6E206279207A65726F0A002020556E76
:10854000616C69676E6564206D656D6F727920611D
:1085500063636573730A0020204E6F20636F70722F
:108560006F636573736F7220696E73747275637471
:10857000696F6E730A002020496C6C6567616C201E
:108580006C6F6164206F66204558435F52455455B7
:10859000524E20696E746F2050430A002020496CAF
:1085A0006C6567616C20757365206F662074686503
:1085B00020455053520A002020417474656D707438
:1085C00020746F206578656375746520756E6465C9
:1085D00066696E656420696E737472756374696F21
:1085E0006E0A00526573657276656420457863652E
:1085F0007074696F6E20280053707572696F75739F
:1086000020696E7465727275707420284952512009
:10861000002A2A2A2A2A2048415244204641554C01
:1086200054202A2A2A2A2A0A00202042757320660A
:1086300061756C74206F6E20766563746F72207440
:1086400061626C6520726561640A00202046617574
:108650006C7420657363616C6174696F6E2028733C
:1086600065652062656C6F77290A002A2A2A2A2A02
:10867000204465627567206D6F6E69746F72206546
:108680007863657074696F6E20286E6F7420696DF1
:10869000706C656D656E74656429202A2A2A2A2A01
:1086A0000A002A2A2A2A2A20257320256429202A1A
:1086B0002A2A2A2A0A002A2A2A2A2A204861726497
:1086C0007761726520657863657074696F6E202AC2
:1086D0002A2A2A2A0A002A2A2A2A204B65726E652B
:1086E0006C20416C6C6F636174696F6E20466169C8
:1086F0006C75726521202A2A2A2A0A002A2A2A2A27
:108700002A204B65726E656C204F4F505321202AF2
:108710002A2A2A2A0A002A2A2A2A2A204B65726E25
:10872000656C2050616E696321202A2A2A2A2A0A50
:10873000002A2A2A2A20556E6B6E6F776E204661BA
:1087400074616C204572726F7220256421202A2A80
:108750002A2A0A0043757272656E74207468726505
:108760006164204944203D2025700A4661756C747F
:10877000696E6720696E737472756374696F6E20B9
:1087800061646472657373203D20307825780A0037
:1087900049535200657373656E7469616C20746827
:1087A0007265616400466174616C206661756C7409
:1087B00020696E20257321205370696E6E696E6783
:1087C0002E2E2E0A00466174616C206661756C74F1
:1087D00020696E20746872656164202570212041D3
:1087E000626F7274696E672E0A002D2B2023300091
:1087F000686C4C7A0050574D5F330050574D5F32D4
:108800000050574D5F3100554152545F30006D614B
:10881000696E0069646C6500737973776F726B7150
:1088200000776F726B71756575650000A966000051
:108830000090D0030B0000000000000000000000CA
:108840000000000000000000000000000000000028
:108850000000000000000000000000000000000018
:108860000000000000000000000000000000000008
:1088700000000000000000000000000000000000F8
:1088800000000000000000000000000000000000E8
:1088900000000000000000000000000000000000D8
:1088A00000000000000000000000000000000000C8
:1088B00000000000000000000000000000000000B8
:1088C00000000000000000000000000000000000A8
:1088D0005C9B002000C201000000080000000000B6
:1088E0000000000000000000A5270000800000003C
:1088F000BD2800000000000081280000800000006A
:108900000000000000000000000000000000000067
:10891000000400001E6900200000000000000000AC
:108920000080008000800080E80304000000000058
:108930000080008000800080E80304000000000048
:108940000080008000800080E80304000000000038
:108950000080008000800080E80304000000000028
:1089600000000000246D0020200000008025000091
:1089700000010300B89B002000000000D89B0020ED
:10898000D89B0020807D0000000000000000000057
:10899000347E00000000000000000000C87D0000E0
:1089A0000000000000000000A47D00001C7F00000B
:1089B00000000000B07D0000287F000000000000E3
:1089C000287E000010800000C89B0020BC7D0000B5
:1089D0000000000000000000E07D0000347F000087
:1089E00050160020D47D0000347F00007016002057
:1089F000407E00000000000000000000EC7D000050
:108A0000F07F0000A89B0020F87D0000F07F0000B0
:108A1000989B0020047E0000F07F0000889B0020CF
:108A2000107E0000F07F0000789B00201C7E00007C
:108A3000F87F000000000000987D0000D07E00005C
:108A4000909A00208C7D00000000000000000000D3
:108A50003804002000040000030003006813002015
:108A6000010000000000000000000000581000207D
:108A700018000000200001008C13002001000000FD
:108A80000000000000000000E49C0020E49C0020A6
:108A900000000000000000000F00000000000000C7
:108AA00000000000009D0020009D00201201000237
:108AB000EF02014041235A001100010203010902A3
:108AC0000000000100E032080B0002020200000971
:108AD0000400000102020000052400100105240129
:108AE0000201042402020524060001070580031088
:108AF000000A09040100020A000000070580024084
:108B000000000705000240000004030904100341AF
:108B1000726475696E6F0000000000000028034158
:108B2000726475696E6F204E616E6F203333204220
:108B30004C450000000000000000000000000000A4
:108B40000000000000420330303030303030303030
:108B50003030303030303030303030303030303015
:108B600030303030303030000000000000000000B5
:108B700000000000000000000000000000000000F5
:108B8000000000000000000000FFFFFF00000000E8
:108B90002B9D0020816E0000BD270000552700009E
:108BA00000000000000000000000000000000000C5
:088BB00003000000449B0020BB
:020000040001F9
:1000000000000420E5BD01001DBE010021A101008A
:1000100021BE01002DA1010033A10100000000005C
:10002000000000000000000000000000DD4A0100A8
:1000300029BE010000000000774B0100874B010042
:100040006DFB0100F56F01002FBE01002FBE010006
:100050002FBE01002FBE01002FBE01002FBE0100E8
:100060002FBE01002FBE01002FBE01002FBE0100D8
:100070002FBE010001FD01002FBE01000D70010027
:100080002FBE01002FBE01002FBE01002FBE0100B8
:100090002FBE01002FBE01002FBE01002FBE0100A8
:1000A0002FBE01002FBE01002FBE01002FBE010098
:1000B0002FBE01002FBE0100000000000000000064
:1000C0002FBE01002FBE01002FBE01002FBE010078
:1000D0002FBE01002FBE01002FBE01002FBE010068
:1000E0002FBE01002FBE01002FBE01000000000046
:1000F000000000002FBE0100000000002FBE010024
:1001000010B5054C237833B9044B13B10448AFF351
:1001100000800123237010BD10100020000000009B
:100120005CAB020008B5034B1BB103490348AFF3B6
:10013000008008BD00000000141000205CAB02002D
:10014000154B002B08BF134B9D46A3F5803A0021A9
:100150008B460F461348144A121A13F011F80F4B2E
:10016000002B00D098470E4B002B00D09847002062
:10017000002104000D000D48002802D00C480AF0B0
:1001800057FD12F00FFB2000290006F06FFD0AF06A
:100190004CFD00BF0000080000000420000000002B
:1001A000C96B010010100020C0B6002031AC010066
:1001B0000000000010B54FF416510948084C02F039
:1001C000D7FD204602F02AFE0028FAD0054800F0AC
:1001D000F5FD00B9FEE704F0ABFB034B186010BD62
:1001E000741900204010002038100020000000008A
:1001F00070B52DED088B88B004F09AFBA24B044635
:100200001D681860A14800F0DCF900284DD004AB4F
:1002100003AA02A99D4800F08CF9DFED9D7ADDED7F
:10022000049A9DED038ADDED028A69EEA79A28EE15
:10023000278A29EEA99A68EEA78AF0EE497AE8EEB5
:10024000087A17EE900A11F0DDFAF1EE687A0146AD
:1002500017EE900A11F0D4FA10F08AFD00228D4BAF
:1002600010F0DEFD86A3D3E9002310F003FFA8EE13
:10027000A89A11F0A5F80BEE100A19EE100A11F069
:10028000C1FA014618EE100A11F0BAFA10F070FD2A
:100290000022804B10F0C4FD79A3D3E9002310F0B5
:1002A000E9FE11F08DF80AEE900A784800F09EF908
:1002B000002800F0E080601B10F038FD0022764B33
:1002C000764E774D10F0D6FE11F07AF807AB09EEB6
:1002D000100A06AA05A96D4800F04FF9714BDDED33
:1002E000067A9DED07AA93ED006A6F4A6F4BD2ED37
:1002F000006A29EE0AAA29EE279AF7EE007A77EE2D
:10030000C67A79EE266A27EE8B7A67EEAA7AA6EE8F
:10031000867A0624D3ED006A82ED007A7AEE266AA8
:1003200086ED007AE6EE267A18EE900AC3ED007AA2
:10033000C5ED007A10F01CFD009402460B465C48A7
:1003400004F0E8F95B495A4804F0E6F818EE100AA0
:1003500010F00EFD009402460B46554804F0DAF901
:100360005449534804F0D8F819EE900A10F000FDF3
:10037000009402460B464E4804F0CCF94D494C48D7
:1003800004F0CAF81BEE100A10F0F2FC00940246CA
:100390000B46474804F0BEF94649454804F0BCF80E
:1003A0001AEE900A10F0E4FC009402460B46404816
:1003B00004F0B0F93F493E4804F0AEF8059810F05B
:1003C000D7FC009402460B46394804F0A3F939499A
:1003D000374804F0A1F8069810F0CAFC00940246D1
:1003E0000B46334804F096F93249314804F094F84A
:1003F000079810F0BDFC009402460B462C4804F010
:1004000089F92C492A4804F087F819EE100A10F0EF
:10041000AFFC009402460B46254804F07BF92549C1
:10042000234804F079F81AEE100A10F0A1FC0094A9
:1004300002460B461E4804F06DF91E491C4804F0A4
:100440006BF8306810F094FC009402460B46184894
:1004500004F060F91749164804F05EF8286810F0B7
:1004600087FC009402460B46114804F055F91249E6
:100470000F4804F051F808B0BDEC088B70BD00BF08
:10048000182D4454FB210940381000204010002052
:10049000000000390080664000408F403C10002082
:1004A0003410002004020020301000202C10002006
:1004B00074190020506702002B9E020070472DE93E
:1004C000F041804617461C460E4629B3531E1F2B8B
:1004D00022D82068257903682946DB6A9847206876
:1004E000036841461B689847206803685B6B984720
:1004F00090B9206803683A462946DB6B9847354631
:10050000C7B2AB1B9BB29F420AD9206803685B69E4
:10051000984705F8010BF4E74FF0FF30BDE8F08194
:100520000020FBE70B6803604B6843608B688360C7
:10053000704770B58AB00E4600F1380101A81C461C
:10054000154601F071F8BDF9043007EE903ABDF997
:100550000630F8EEE77AC6ED007A07EE903ABDF97C
:100560000830F8EEE77AC5ED007A07EE903AF8EE3B
:10057000E77AC4ED007A0AB070BD70B58AB00E4655
:1005800000F1380101A81C46154601F04DF8BDF9EF
:10059000103007EE903ABDF91230F8EEE77AC6ED6A
:1005A000007A07EE903ABDF91430F8EEE77AC5ED1F
:1005B000007A07EE903AF8EEE77AC4ED007A0AB0D6
:1005C00070BD13B5044600F138010DF1060000F0CE
:1005D000AAFFBDF80630B4F8CC00184300F4004080
:1005E000C3F30E03A4F8CC3002B010BD13B504461B
:1005F00000F138010DF1060000F095FFBDF806305E
:10060000B4F8CC00184300F4804023F48043A4F8ED
:10061000CC3002B010BD000000B58FB00EAB002290
:1006200003F8342D012100F13802184601F0ACFC2A
:100630009DF806300120984010F088FB04A3D3E910
:10064000002310F0EDFB10F0BBFE0FB05DF804FBD3
:10065000F6285C8FC2F5D83F10B58EB00EAB0124E2
:1006600003F8344D00F138022146184601F08CFCA5
:100670009DF8060004FA00F010F068FB04A3D3E92B
:10068000002310F0CDFB10F09BFE0EB010BD00BF9C
:10069000F6285C8FC2F5D83F73B50E4600F1A00175
:1006A00068461C46154601F0ACFFBDF9003007EE68
:1006B000903ABDF90230F8EEE77AC6ED007A07EE1F
:1006C000903ABDF90430F8EEE77AC5ED007A07EE0E
:1006D000903AF8EEE77AC4ED007A02B070BD10B53A
:1006E0000446A03001F0D3FFB4F8C80000F48070D5
:1006F00010BD00007FB500F1A00101A801F042FF8C
:100700009DF80620072A9BBF034B03EB82030020C2
:10071000186807B05DF804FB5467020030B59FB05D
:100720004FF480734FF48470ADF800304FF0011334
:10073000012540F201120193ADF812000023ADF83B
:10074000460001A80C46ADF808508DF81030ADF801
:1007500014208DF84450ADF848208DF84A3000F050
:1007600070FE80B922462946042001F02FF850B9C6
:100770002246022104A801F0A1FA20B92246022152
:10078000684600F0EDFE1FB030BD7FB5002301A824
:100790008DF8053001F0C3FE07B05DF804FB04F0EE
:1007A000DBB808B501210D2004F032F900210D203D
:1007B00004F06CF9642004F0CDF801210D2004F060
:1007C00065F9642004F0C6F8F0E7F8B50746154669
:1007D0001E460C46E9B1531E1F2B1AD830683179DA
:1007E0000368DB6A98473068036839461B68984796
:1007F00025443068A542036804D01B6814F8011B27
:100800009847F6E75B6B9847003018BF01204042DD
:10081000F8BD4FF0FF30FBE7CB68C3600BB15B68FE
:1008200018477047C3680BB19B68184770470000B2
:1008300010B5044B044640F80C3BFFF7F3FF20468D
:1008400010BD00BFE86A020030B5846887B00D466D
:10085000002C00F0968201F12203222B00F282820A
:10086000DFE813F070026002500240023002200202
:1008700010020002F001E001D0019001800170013E
:100880006001500140013001200110010001F00021
:10089000E000D000C000B000A00090008000700018
:1008A00060005000400023008F02BE4903A803F0FF
:1008B0008BFF0A224FF0FF31684603F0A4FF694620
:1008C00003A803F0E5FFB84903F0EEFF0146204618
:1008D00003F030FE684603F02CFF03A803F029FF65
:1008E000FFF75FFFAF4903A803F06EFF0A226FF026
:1008F0000101684603F087FF694603A803F0C8FFBB
:10090000AA49E1E7A74903A803F05EFF0A226FF0B6
:100910000201684603F077FF694603A803F0B8FFB9
:10092000A349D1E79F4903A803F04EFF0A226FF0C5
:100930000301684603F067FF694603A803F0A8FFB8
:100940009C49C1E7974903A803F03EFF0A226FF0D4
:100950000401684603F057FF694603A803F098FFB7
:100960009549B1E78F4903A803F02EFF0A226FF0E3
:100970000501684603F047FF694603A803F088FFB6
:100980008E49A1E7874903A803F01EFF0A226FF0F2
:100990000601684603F037FF694603A803F078FFB5
:1009A000874991E77F4903A803F00EFF0A226FF001
:1009B0000701684603F027FF694603A803F068FFB4
:1009C000804981E7774903A803F0FEFE0A226FF011
:1009D0000801684603F017FF694603A803F058FFB3
:1009E000794971E76F4903A803F0EEFE0A226FF020
:1009F0000901684603F007FF694603A803F048FFB2
:100A0000724961E7674903A803F0DEFE0A226FF02E
:100A10000A01684603F0F7FE694603A803F038FFB1
:100A20006B4951E75F4903A803F0CEFE0A226FF03D
:100A30000B01684603F0E7FE694603A803F028FFB0
:100A4000644941E7574903A803F0BEFE0A226FF04C
:100A50000C01684603F0D7FE694603A803F018FFAF
:100A60005D4931E74F4903A803F0AEFE0A226FF05B
:100A70000D01684603F0C7FE694603A803F008FFAE
:100A8000564921E7474903A803F09EFE0A226FF06A
:100A90000E01684603F0B7FE694603A803F0F8FEAE
:100AA0004F4911E73F4903A803F08EFE0A226FF079
:100AB0000F01684603F0A7FE694603A803F0E8FEAD
:100AC000484901E7374903A803F07EFE0A226FF088
:100AD0001001684603F097FE694603A803F0D8FEAC
:100AE0004149F1E62F4903A803F06EFE0A226FF098
:100AF0001101684603F087FE694603A803F0C8FEAB
:100B00003A49E1E6274903A803F05EFE0A226FF0A6
:100B10001201684603F077FE694603A803F0B8FEA9
:100B20003349D1E61F4903A803F04EFE0A226FF0B5
:100B30001301684603F067FE694603A803F0A8FEA8
:100B40002C49C1E6174903A803F03EFE0A226FF0C4
:100B50001401684603F057FE694603A803F098FEA7
:100B60002549B1E60F4903A803F02EFE0A226FF0D3
:100B70001501684603F047FE694603A803F088FEA6
:100B80001E49A1E6074903A803F01EFE0A226FF0E2
:100B90001601684603F037FE694603A803F078FEA5
:100BA000174991E67B6702008367020094670200A1
:100BB000AE670200C3670200D4670200F467020058
:100BC00013680200386802004B6802006B6802007C
:100BD0007D68020095680200AF680200D6680200D6
:100BE000FB6802000F6902002469020038690200F4
:100BF0005969020070690200826902009569020069
:100C0000A3690200604903A803F0DEFD0A226FF029
:100C10001701684603F0F7FD694603A803F038FEA4
:100C20005A4951E6584903A803F0CEFD0A226FF055
:100C30001801684603F0E7FD694603A803F028FEA3
:100C4000534941E6504903A803F0BEFD0A226FF064
:100C50001901684603F0D7FD694603A803F018FEA2
:100C60004C4931E6484903A803F0AEFD0A226FF073
:100C70001A01684603F0C7FD694603A803F008FEA1
:100C8000454921E6404903A803F09EFD0A226FF082
:100C90001B01684603F0B7FD694603A803F0F8FDA1
:100CA0003E4911E6384903A803F08EFD0A226FF091
:100CB0001C01684603F0A7FD694603A803F0E8FDA0
:100CC000374901E6304903A803F07EFD0A226FF0A0
:100CD0001D01684603F097FD694603A803F0D8FD9F
:100CE0003049F1E5284903A803F06EFD0A226FF0B0
:100CF0001E01684603F087FD694603A803F0C8FD9E
:100D00002949E1E5204903A803F05EFD0A226FF0BE
:100D10001F01684603F077FD694603A803F0B8FD9C
:100D20002249D1E5184903A803F04EFD0A226FF0CD
:100D30002001684603F067FD694603A803F0A8FD9B
:100D40001B49C1E5104903A803F03EFD0A226FF0DC
:100D50002101684603F057FD694603A803F098FD9A
:100D60001449B1E5084903A803F02EFD0A222946DB
:100D7000684603F048FD694603A803F089FD0E4963
:100D8000A2E507B030BD00BF7B670200C169020069
:100D9000E1690200EE690200FF6902000F6A0200C9
:100DA000286A0200436A02005B6A0200736A02005A
:100DB0008D6A0200AD6A0200C66A020070B5044680
:100DC0004068284E0368DB69984704F124022648EE
:100DD000E2631E2268232549A4F84620002201254B
:100DE000C4E92B6084F838302667A16704F138061F
:100DF000A26484F828306268C4F8B410102304F1A7
:100E00002C016262E26284F8A03084F830306067BE
:100E1000C4F8A41084F8415084F8A150304601F081
:100E2000A9F901462046FFF70FFD236831469B6A6A
:100E30002046984704F1A00601462046FFF704FD2E
:100E4000304601F0E8FA01462046FFF7FDFC236832
:100E500031465B6A2046984701462046FFF7F4FC7E
:100E6000257770BDBF040100CB0701009F0701007B
:100E700073B5224C224E234D01220B21204606F051
:100E8000FFFA2046204C2149324609F0CCFE0022D0
:100E90004FF40271204608F0D3FA32461C4920462E
:100EA000002409F0C0FE1B4B2B60214605F14000D9
:100EB0002C610AF0FFFA05F154000AF09BFA164B78
:100EC0000093284623464FF4407228210AF08CFBF9
:100ED00032461249284609F0A6FE1148114B03601C
:100EE0001149124B84603246846104770462436086
:100EF00002B0BDE8704009F096BE00BF101100209E
:100F000000020020981100203C11002035740100DF
:100F10005F940100CCA402007467020021B70100B5
:100F200040100020E86A0200310801004815002046
:100F30004A780B7843EA02230380CA788B7843EA25
:100F4000022343804A790B7943EA02238380704766
:100F500082B00388ADF800304388ADF80230838852
:100F6000ADF8043091F8272091F824305B00E2B905
:100F700002AA134433F8083C038091F8253002AAF2
:100F800002EB430391F8282033F9083C9AB94380D7
:100F900091F8263002AA02EB430391F8292033F995
:100FA000083C52B9838002B0704702AA134433F858
:100FB000083C5B42E0E75B42E9E75B42F2E748B1AD
:100FC000836B3BB1C36B2BB1006CB0FA80F040096E
:100FD000404270474FF0FF3070472DE9F04804461B
:100FE0000025231ADBB2994202D82846BDE8F088D2
:100FF00014F8013B012B0FD006D3022B11D0202B6C
:1010000014D06FF00705ECE7D2E9006746F0010B5A
:10101000BC46C2E900BCE4E7D2E9006746F0020B37
:10102000F6E7D2E9006746F0040BF1E7D2E9006782
:10103000B34647F0010CECE710B588B104788C4258
:101040003FBF0170197841F0010119700178914298
:1010500004D902701A7842F002021A70002001E0EE
:101060004FF0FF3010BD2DE9F0418046A0B018468A
:101070000D4616461C46FFF7A2FF50BB49B3637AE4
:101080000BB948F08008E27A6368A76B324469467E
:101090004046B84794F84730A072012B0CBF4FF47C
:1010A000E1700220236C6168984794F90A0098B9AE
:1010B0002A46511B8BB29E4202D820B0BDE8F08177
:1010C000E37A20AF3B440B4413F8803C02F8013B29
:1010D000EFE74FF0FF30F0E76FF00100EDE70000C1
:1010E00007B5034601220DF107011B20FFF7BBFFE7
:1010F00048B99DF80730C3F38203013BDBB2022BF2
:101100009CBF024AD05603B05DF804FB146B02008A
:1011100013B5002304460846ADF80430FFF74FFF2F
:10112000B8B90B46022201A94020FFF79CFF70B915
:101130009DF80430DA09A270C3F3021203F00F0322
:1011400023709DF80530627003F00303E37002B072
:1011500010BD4FF0FF30FAE713B5002304460846F0
:10116000ADF80430FFF72BFFE8B90B46022201A9C6
:101170004220FFF778FFA0B99DF80430DA09A27089
:10118000C3F380126271C3F3011203F00F032370E3
:101190009DF805306270C3F3C00203F00703E270EC
:1011A000237102B010BD4FF0FF30FAE7F8B50546E5
:1011B00018460E461C46FFF702FF20BB19B3637AA0
:1011C0000BB905F07F056368E76B31462846B847E1
:1011D00094F84730A072012B0CBF4FF4E17002204D
:1011E000236C616898477C2D06D1337813F0010396
:1011F00018BF012384F8473094F90A00002818BF6B
:101200006FF00100F8BD4FF0FF30FBE773B51546F6
:101210001E460446A0B1C1F3430249098DF80420DB
:101220008DF80510022201A95B20FFF7BFFF28B946
:1012300033462A4621465E20FFF7B8FF02B070BD54
:101240004FF0FF30FAE773B502AC002304F8013D1C
:1012500006460D460B46012221465920FFF703FFA3
:1012600060B99DF8070020F0010030438DF80700B9
:101270002B46012221465920FFF798FF02B070BD8E
:10128000F7B50D4605F10806044600213346012254
:101290000230ADF80410FFF7CFFE002838D1A37854
:1012A000671C012B0CBF0322072201463346384638
:1012B000FFF7C2FE60BB0C2201212046FFF7BCFEF7
:1012C00030BB03220146A018FFF7B6FE00BB6378CF
:1012D000A2781B0103F0700343EAC213227802F0E4
:1012E0000F0213438DF80430E2789DF8053002F0C8
:1012F000030223F0030313438DF8053002222B462B
:1013000001A94020FFF752FF10B92846FFF7E8FE79
:1013100003B0F0BD73B50D4605F108060446002183
:10132000334601220230ADF80410FFF785FE002895
:1013300057D101460322601CFFF77EFE002850D1E2
:1013400001460122601DFFF777FE002849D10D22DA
:1013500006212046FFF770FE002842D101460122F7
:10136000E01CFFF769FE00283BD104220146A018CB
:10137000FFF762FEA8BB9DF80430A27803F07F035C
:1013800043EAC2136279920102F0400223F0400363
:1013900013436278120102F0300223F0300313434A
:1013A000227823F00F0302F00F0213438DF804306C
:1013B000E378DB0003F008029DF8053003F0F0034A
:1013C0001343227902F0070213438DF805300222FD
:1013D0002B4601A94220FFF7E9FE10B92846FFF786
:1013E0007FFE02B070BD37B50023054608460C46A7
:1013F0008DF80730FFF7E3FDF0B90B4601220DF140
:1014000007017C20FFF72FFEB0B99DF8070005F01B
:10141000010520F0010028438DF807002346012232
:101420000DF107017C20FFF7C1FE38B99DF80730A8
:1014300003F0010384F8473003B030BD6FF00C00B7
:10144000FAE773B50023044608460D46ADF80430AC
:101450008DF80630FFF7B3FD00285ED1002C5CD07C
:101460002678731E022B5BD80B46032201A953205A
:10147000FFF7F9FD00284ED106F0FD03012B1BD12B
:10148000A3785B0003F002029DF8043003F0F90337
:101490001343E278920002F0040213432279D2004F
:1014A00002F0080203F0E70313436279120102F02D
:1014B000100213438DF80430023E012E1BD8A3798D
:1014C0005B0003F002029DF8053003F0F9031343BB
:1014D000E279920002F004021343227AD20002F071
:1014E000080203F0E7031343627A120102F01002CC
:1014F00013438DF805309DF80630627823F0010320
:1015000002F0010213438DF8063003222B4601A995
:101510005320FFF74BFE02B070BD4FF0FF30FAE7EB
:101520006FF00B00F7E713B5002304460846ADF84B
:101530000430FFF744FD80B97CB10B46022201A9BB
:101540001C20FFF790FD30B99DF805209DF8043070
:1015500043EA0223238002B010BD4FF0FF30FAE7C8
:101560002DE9F043174685B0044600220023384693
:10157000CDE90223FFF723FD002852D1002C50D0E3
:1015800002AA2046FFF729FD002847D104AE3B46BA
:1015900006F8090D012231467D20DDE90289FFF7B9
:1015A00062FD00283AD1002308F0010213431EBF58
:1015B0009DF8073043F004038DF8073008F002026D
:1015C000002313431EBF9DF8073043F002038DF83C
:1015D000073008F00402002313431EBF9DF80730B4
:1015E00043F001038DF80730002209F00103134393
:1015F00018BF9DF8073008F0070418BF43F0080330
:1016000009F0010518BF8DF8073054EA050305D02D
:101610003B46012231467D20FFF7C8FD05B0BDE8FD
:10162000F0834FF0FF30F9E72DE9F04188B00E4626
:1016300005460021142203A88DF8071011F0A0FD23
:101640003046FFF7BCFC002840F09880002D00F0E9
:101650009580334601220DF107017D20FFF703FD40
:1016600000287DD19DF8074014F0010F14BF4FF002
:1016700008084FF0000814F0040718BF08F1060727
:1016800014F002041CBF08F10604E419B8F1000FBD
:1016900007D0002F75D0002C14BF14220E22042076
:1016A00005E0002F72D0002C5DD106220C203346BD
:1016B00003A9FFF7D8FC002852D1ADF808008DF837
:1016C0000A00B8F1000F0BD00DF10B0205F1170362
:1016D00005F11F0112F8010F03F8010F9942F9D12A
:1016E00047B103ABB91F19442846FFF721FC314627
:1016F000FFF72EFC14B305F10C04B8F1000F4CD029
:101700000DF11A012046FFF713FC298AB6F8442090
:10171000B5F90C3012FB01F24FF4007192FBF1F2BB
:1017200012B29B1AB3F5004F23DA13F5004F23DBF7
:101730001BB2AB8131462046FFF70AFC3346032239
:1017400002A91820FFF78FFC50B99DF809309DF8C9
:101750000A201B0243EA02439DF8082013432B6230
:1017600008B0BDE8F0810C221046A0E70DF112018F
:10177000C8E747F6FF73DCE70A4BDAE74FF0FF30C4
:10178000EEE7002C14BF1422082288E7002C0BBFC0
:10179000224606222046122089E7002FE6D103A91F
:1017A000B0E700BF0080FFFF10B504460846FFF712
:1017B00006FC40B93CB10B46012221460320BDE89E
:1017C0001040FFF750BC4FF0FF3010BDF7B502AC32
:1017D000002304F8013D06460F46154613462146F0
:1017E00001225820FFF73FFCB0B9032F19D833016D
:1017F000022FD8B29DF8073011D0032F0ED0012F41
:101800001ABF3043834333438DF8073001222B4600
:1018100021465820FFF7CAFC03B0F0BD3343034311
:10182000F2E76FF00B00F7E770B5054608460C4687
:10183000FFF7C5FB60B95DB10B6C07484968984775
:101840002346294601222120BDE87040FFF70BBC4A
:101850004FF0FF3070BD00BFE0220200F7B500235B
:1018600004468DF80730FFF7AAFB00287DD1B4F8B5
:101870004A60002E79D0E389DA0744BF03F1FF33D1
:10188000E381E389012B9CBF0223E38121460020F1
:10189000E789FFF7A8FD034660BB2146FFF7D3FCAD
:1018A000034638BBB6FBF7F507FB156515F0FF05DA
:1018B00023D0751BADB20746BD4220D9D3B92069EC
:1018C000E289234639463844FFF7A0FCE2891744F1
:1018D0000346BFB2F0E72069E2892346294628443F
:1018E000FFF794FCE28915440346ADB2AE420ED92F
:1018F000002BF0D0184603B0F0BD0546F6E7002BEC
:10190000F8D10222E789E281AE4220D8E781002B9C
:10191000F0D121460120FFF796FC03460028E9D1CB
:1019200021460120FFF75FFD03460028E2D1214652
:101930000DF10700FFF778FF03460028DAD19DF884
:10194000072012F0010F08BF6FF00803D2E7002B49
:10195000DCD12069E289234629462844FFF756FC5A
:10196000E28915440346ADB2CEE74FF0FF33C1E73D
:1019700037B5B6238DF80630002305468DF80730BD
:10198000FFF71DFB0446B8B901222B460DF10601F5
:101990007E20FFF70BFC2B6C696804464FF4FA605D
:1019A0009847012285F8472034B96B7A3BB1284625
:1019B000FFF754FF044660B1204603B030BD204617
:1019C0002B460DF10701FFF74EFB04460028F3D12B
:1019D000EDE700220023C5E90C23EDE713B5002352
:1019E0008DF807300446FFF7EAFA034668B9637AD0
:1019F000012284F847205BB1234601220DF1070143
:101A00000020FFF730FB034658B1184602B010BD66
:101A100023460DF10701FFF726FB03460028F4D10A
:101A2000EAE79DF80720217891420BD1102222731A
:101A30000122E275054A208562622046FFF798FF81
:101A40000346E2E722706FF00203DEE700010200C6
:101A50002DE9F74314468DF807008946002942D046
:101A6000002A40D0127DC3B29A423FD923460122B8
:101A70000DF107012F20FFF799FB30BBE3890F2BF6
:101A80002AD8DA0748BF03F1FF334FF0000648BFFA
:101A9000E3813027B0461025E089AAB2824209EBE3
:101AA0000801234614D302463846FFF7DCFAA57B2B
:101AB000A8442F445FFA88F8FFB22E44F6B2C6F16C
:101AC0001005EDB208B9002DE6D103B0BDE8F083F2
:101AD0003846FFF7C8FAF0E723461022494630207F
:101AE000FFF7C1FAF1E74FF0FF30EEE76FF00900C2
:101AF000EBE77FB50E46044610220021684611F040
:101B00003FFBB57D0023DAB2AA4202D36FF0070093
:101B10000FE003EB4302316A88188A5C092A03F15B
:101B20000103F0D18578407832466946FFF790FF8F
:101B300008B104B070BD04AB1D4415F8103C03F0AF
:101B400001022270C3F340026270C3F38002C3F348
:101B5000C203A270E370ECE72DE9F043074687B0BB
:101B600010461646FFF72BFA044600286ED1002FC8
:101B70006CD03D1D92F8478007EB01170437BD423A
:101B800003D1204607B0BDE8F08315F8043C032BD1
:101B900007D9B8F1010F04D131460020FFF723FC2B
:101BA000044674BB15F8043C092B48D0292B0ED1F0
:101BB0001022214602A811F0E3FAB6F848309B063D
:101BC00008D496F816C02346DAB294451BD86FF0B5
:101BD0000704D6E7334601220DF107011E20FFF767
:101BE00042FA08BB9DF8073013F0400F18BF803B46
:101BF0002B80B8F1010F04D131464046FFF7F3FBCB
:101C000004461035BBE703EB4302316A88188A5C4F
:101C1000292A03F10103D7D190F802904078324687
:101C200002A9FFF715FF08B10446AAE706AB9944DD
:101C300019F8102C02F07F0312F0400FD6E731465E
:101C40002846FFF756FF0028D3D0EDE74FF0FF34CA
:101C500097E71FB5B0F848309B07044611D5FFF74A
:101C6000AEF988B904A8292300F8103D22460121C5
:101C7000FFF772FF18B9BDF80430A4F8443004B07F
:101C800010BD6FF00700FAE74FF0FF30F7E7F0B54F
:101C9000577D0023DCB2A74201D800200DE003EB02
:101CA0004305D6697419755D8D4203F10103F1D1C5
:101CB00023880380A37883700120F0BD2DE9F04FC5
:101CC000044687B010461546FFF779F9002840F022
:101CD0005681002C00F053814FF0340818FB014866
:101CE00092F847A0DFF89CB2A61C08F102088146D2
:101CF00002AFB04505D1BAF1010F00F03A810024DE
:101D00001AE0BAF1010F10D016F8023C092B00F2CC
:101D1000EA80DFE813F015001B002000E800E8006F
:101D2000E800E800E800E800D90029460020FFF7B5
:101D30005AFB04460028E7D0204607B0BDE8F08FE4
:101D400029463046FFF79CFA0446A7E0294630466C
:101D5000FFF7E0FAF8E705F108030B220121701DF7
:101D6000FFF76AF904460028E6D12B4601223946DE
:101D70006B20FFF778F904460028DDD133789DF811
:101D800008205B0122F0200203F0200313438DF8AA
:101D9000083001222B4639466B20FFF707FA04462C
:101DA0000028C9D1ADF808008DF804002B460222A6
:101DB00039464B20FFF757F904460028BCD19DF85F
:101DC0000830F27903F0010343EA42038DF808304A
:101DD0009DF80930727803F07F0343EAC213B278AA
:101DE000920102F0400223F040031343F278920084
:101DF00002F00C0223F00C031343327923F00303A7
:101E000002F0030213438DF809301524294601A876
:101E1000FFF7CAFC00284BD19DF804305B0747D47C
:101E20002B46394602224B20FFF7C0F92B6C69681C
:101E300004464FF47A709847002C7FF47DAF737896
:101E40008BBBEC752B4606F1080101224D20FFF7F4
:101E5000ADF92B6C696804464FF47A709847002CF2
:101E60007FF46AAF2B46012239464420FFF7FBF886
:101E7000044698B97379B27903F00F0343EA021369
:101E80008DF8083039462B4601224420FFF78EF9A1
:101E90002B6C696804464FF47A7098473436002CEE
:101EA0003FF427AF48E70123EB75F3782B76D9E7AA
:101EB0002B6C696842F21070013C984714F0FF04E3
:101EC000A4D16FF00E0437E710220021384611F03C
:101ED00057F92A46092101A8ADF804908DF806901B
:101EE000FFF7D5FE10B96FF0070425E739469DF8D6
:101EF0000500FFF7ADFD04460028CFD19DF8063060
:101F0000B6F800C05A0810B2CCF30A0C37F810101B
:101F100001EA0B0141EA0C0127F81010501CB6F839
:101F200002C037F81010CCF30A0C01EA0B0141EAA9
:101F30000C0127F81010901CB6F804C037F81010E8
:101F4000CCF30A0C01EA0B0141EA0C010332C3EBAA
:101F5000420327F8101003F0FF03E2B2934206D8C1
:101F60002B46102239463020FFF720F9ECE60134E9
:101F7000F3E729465046FFF736FA0446DCE64FF011
:101F8000FF34D9E600F8FFFF2DE9F041804686B026
:101F900010461546FFF713F820B14FF0FF3006B09A
:101FA000BDE8F081B8F1000FF7D0342616FB0186AA
:101FB00092F8477008F102040236B44203D1012FAF
:101FC00073D00020EBE714F8023C032B0CD8022B53
:101FD00073D014F8023C092B6CD8DFE803F00E161E
:101FE000706B6B6B6B6B6B1B012FF2D12946002062
:101FF000FFF7F9F90028D2D1EBE729462046FFF791
:1020000087F8002800F0A680C9E729462046FFF798
:10201000A3F8F6E71022002102A811F0B1F800237E
:102020002A46092101A8ADF804308DF80630FFF7E3
:102030002EFE00283ED002A99DF80500FFF708FDFE
:102040000028ACD19DF8063006A95A1C51FA82F23C
:1020500012F8101C06AA1A4412F8102C42EA0122A7
:10206000C2F30A0206A92280DA1C51FA82F2991CF4
:1020700012F8100C06AA52FA81F111F8102C42EA5B
:102080000022C2F30A0206A962805A1D043351FAE3
:1020900082F251FA83F312F8102C13F8103C43EA41
:1020A0000223C3F30A03A38054E029463846FFF70E
:1020B0009AF974E76FF0070071E7012F96D0284670
:1020C000FEF77DFF00287FF468AF2B46012202A9AE
:1020D0006B20FEF7C8FF00287FF461AF9DF8083041
:1020E000ADF80800C3F34013237002222B4602A967
:1020F0004B20FEF7B8FF00287FF451AF9DF8083061
:102100005B08E3719DF80930C3F38011DA09A1700F
:10211000C3F3810103F003036270E17023714AB9D4
:102120002B46012204F108014D20FEF79CFF0028F8
:102130007FF435AF2B46012202A94420FEF793FF1E
:1021400000287FF42CAF9DF808301A0903F00F0324
:10215000A2716371343430E748B1836B3BB1C36B18
:102160002BB1006CB0FA80F04009404270474FF04C
:10217000FF30704710B50446FFF7EEFF034610BB73
:1021800024222270104AA264627A02B90123E37207
:1021900023690BB90D4B23612046FFF71FFC90B953
:1021A0000B4BE3610B4B236241F20813A38207231D
:1021B000A375094BE365082384F860302046BDE829
:1021C0001040FFF746BD10BD03000020176B020052
:1021D000178B02004A8B02000802002058B1C36826
:1021E0004BB103693BB143692BB14068B0FA80F051
:1021F0004009404270474FF0FF30704710F5805F54
:1022000030B502D0D38C19B90BB9194830BD194675
:102210009B0393FBF1F1A1F5804109B201FB01F3AE
:10222000802493FBF4F392F8244092F92550E401C2
:10223000614305FB03114FF4007391FBF3F192F935
:102240001A3001F58011A03359434FF4805391FBAC
:10225000F3F14FF40053484390FBF3F092F9183038
:1022600000B200EBC300102390FBF3F000B2CDE707
:102270000080FFFF10F5805F30B502D0D38C19B914
:102280000BB9194830BD19469B0393FBF1F1A1F539
:10229000804109B201FB01F3802493FBF4F392F82F
:1022A000244092F92550E401614305FB03114FF4EA
:1022B000007391FBF3F192F91B3001F58011A0330B
:1022C00059434FF4805391FBF3F14FF400534843CB
:1022D00090FBF3F092F9193000B200EBC300102329
:1022E00090FBF3F000B2CDE70080FFFF10F5804FC8
:1022F00070B529D0B2F91E4034B3938B23B319B310
:10230000D68C0EB3B2F922508E1B4900451B4B43AD
:10231000108C03F5004304EB234310FB06F004226A
:1023200090FBF2F0C0EBC53090FBF3F0074B984206
:10233000B8BF184647F6FF739842A8BF1846102347
:1023400090FBF3F000B270BD0148FBE70180FFFF96
:102350000080FFFFF8B5074618461D46FFF73EFF11
:10236000044640B939B132B12E696B683846B0477E
:1023700028722046F8BD4FF0FF34FAE7F8B506465C
:1023800018461C46FFF72AFF054660B959B1637825
:10239000E768012B18BF46F0800663683046B847EF
:1023A00020722846F8BD4FF0FF35FAE773B502AC4E
:1023B000002304F8013D06460D460B460122214646
:1023C0004B20FFF7DBFF78B99DF8073023F00103BE
:1023D00033438DF8073001222B4621464B20FFF76F
:1023E000B9FF08B985F82A6002B070BD38B5044657
:1023F000FFF7F4FE054660B994F82A304BB9214640
:102400000120FFF7D3FF63696168054640F6B830E5
:102410009847284638BD10B586B0044600230146CB
:1024200001208DF80330FFF7C1FF002857D1636901
:10243000616840F6B8309847234601220DF1030148
:102440004020FFF79BFF002849D19DF80330322B35
:1024500045D12370ADF80400CDE902000490ADF839
:1024600014002346022201A95D20FFF787FFB0BBBD
:102470002346042202A96220FFF780FF78BB23468F
:102480000A2203A96820FFF779FF40BB9DF80430BA
:1024900023769DF8053063769DF80A30A3769DF883
:1024A0000B30E376BDF80E30A383BDF80C30E38328
:1024B000BDF812302384BDF8083063849DF81530D0
:1024C00084F824309DF8143084F825309DF81130BC
:1024D0009DF810201B0203F4FE431343E38406B06F
:1024E00010BD37B50B4604460D4601220DF107011C
:1024F0004C20FFF743FF80B99DF80700640020F0EF
:10250000060004F0060420438DF807002B46012244
:102510000DF107014C20FFF71DFF03B030BD10B5D2
:10252000024608460C46FFF759FE034640BB537867
:10253000042B23D8DFE803F0030D22151D00084605
:10254000FFF754FF0346D8B92146BDE81040FFF716
:10255000C8BF0846FFF74AFF034688B92146012055
:10256000F3E70846FFF742FF034648B92146032038
:10257000EBE70020BDE81040FFF718BF6FF0020343
:10258000184610BD13B500230446CDE900330822D8
:102590000B464B206946FFF7F1FE80BB9DF80730E4
:1025A00023719DF80630E3709DF8053023749DF883
:1025B0000430E3739DF80330C3F3C2022270DA09DA
:1025C000A271C3F38012E271C3F380022272C3F3DB
:1025D000400203F00103A3729DF802306272DA092F
:1025E000E272C3F380122273C3F3C20203F0070343
:1025F000A3739DF801306273C3F3C203A37002B0EA
:1026000010BD2DE9F7430023CDE9003307460B4603
:102610000E46082269464220FFF7B0FE804690BB76
:102620009DF802509DF903209DF905909DF8064004
:102630009DF800309DF90100ED088DF8025045EA43
:1026400042159DF8042052088DF8042042EAC91969
:102650009DF80720A408DB088DF8064044EA8214A0
:1026600043EA4010324621468DF80030FFF7C6FDA0
:10267000214638802846FFF7FDFD214678804846F0
:10268000FFF734FEB880404603B0BDE8F08313B5D1
:102690000346044601220DF107014820FFF76EFEB4
:1026A00080B9234601220DF106014A20FFF766FE9C
:1026B00040B99DF8073003F001029DF8063043EA67
:1026C0000223238502B010BD002070470368C9B201
:1026D0001B68184749000023C161C0F82C327047BD
:1026E000036801211B6B184710B403689C6B01231E
:1026F000A4465DF8044B6047D0F82C32B3F5807FD8
:102700001FBF5A1CC0F82C22C01880F82C1114BF0F
:10271000012000207047D0F8280170477047C0F8AA
:1027200030127047C0F834127047D0F82831A3B186
:10273000D0F828318BB1D0F82431D0F824210344CB
:102740000132D2B293F82030C0F82421D0F82821E9
:10275000013AC0F82821184670474FF0FF30704703
:10276000D0F828312BB1D0F82431184490F820004B
:1027700070474FF0FF30704710B5044B03600446BC
:1027800000F50E7008F0CCFF204610BD808B0200D3
:1027900038B503685B6A04469847A82008F04AFCED
:1027A00094F9192094F91810054604F0D7FD6561D5
:1027B00038BD00007FB503685B6A04460E46984743
:1027C000482008F037FC94F9192094F918100546B0
:1027D00004F0FEFD71002846256104F015FE094B4A
:1027E0000393094B01936946002304F50E7002938D
:1027F000009408F005FF039B13B19B686846984757
:1028000004B070BD608B02003B29010038B5D0F8E0
:102810002C3214461A44B2F5807F88BFC3F5807409
:10282000054600F596702246184410F0ABFBD5F82B
:102830002C322344C5F82C32204638BD38B5044626
:1028400040690D4608B104F0A9FC206920B1294671
:10285000BDE8384004F0D6BD38BD38B504464069FF
:1028600010B10368DB68984723696BB104F50E75F6
:10287000284608F033FF284608F07AFF20694821EF
:10288000BDE8384008F0EABB38BD1FB50246D0F8B5
:102890002C32D469406981F0010100913BB90123D8
:1028A00003AA214604F0ADFCC0B204B010BD02F58D
:1028B0009672214604F084FC002814BF02200020F8
:1028C000F3E770B5C2B083F00103009302AE044693
:1028D0001546134649003246406904F092FCC8B9D7
:1028E000A84218D0D4F82831B3F5807F10D0D4F89E
:1028F0002031325C234483F82020D4F82031013386
:10290000DBB2C4F82031D4F828310133C4F82831BF
:102910000130E5E70025284642B070BD10B4D0E98B
:10292000013401686210E40701EB020048BF8A58D5
:102930005DF8044B48BFD358184730B50446BDB0C6
:102940000025206904F067FD0328FAD8DFE800F0CD
:102950004C021414D4F8343203B19847D4F82C2222
:1029600032B104F59671206904F059FDC4F82C5277
:10297000206904F05CFDE4E7C4F82051F022C4F8BB
:1029800024516946C4F82851206904F046FD00220C
:1029900082421DDAD4F82831B3F5807F18D0D4F8FC
:1029A0002831B3F5807F11D0D4F820311DF8021002
:1029B000234483F82010D4F820310133DBB2C4F86B
:1029C0002031D4F828310133C4F828310132DFE74F
:1029D000D4F82831002BB4DDD4F83032002BB0D03D
:1029E000D4F828019847ACE701F0C6FFA9E700003A
:1029F00073B54FF47A730025C0E901531A4B036095
:102A00000446C0E904550176427629464FF48072A7
:102A1000203010F0B5FB154BC4F82051C4F8383203
:102A20002946C4F82451C4F82C52C4F82851C4F8DB
:102A30003052C4F83452C4F8485204F51E7008F0FD
:102A400039FD04F5237008F0D5FC04F50E76084B2B
:102A5000009330462B464FF40062182108F0C4FD65
:102A6000204602B070BD00BF808B0200CCA40200E3
:102A70006C8B0200F8B5122001F040FF05461320D0
:102A800001F03CFF104C114E2946114D02462046E4
:102A9000FFF7AEFF32462946204608F0C4F81E2054
:102AA00001F02CFF07461F2001F028FF094C0246C9
:102AB00039462046FFF79CFF324629462046BDE8AE
:102AC000F84008F0B0B800BF541200200002002007
:102AD000792701004815002030B5A1F11004002528
:102AE00000F00F02D3B2092ACCBF373330338B73D7
:102AF000CD7302398C424FEA1010F1D130BD222043
:102B00007047000030B5012185B0192001F080FF29
:102B10000121192001F0BAFF4FF080430022C3F8D1
:102B20005C2503F588334FF48032C3F84823012134
:102B3000C3F80823212001F06BFF0121202001F0C0
:102B400067FF0121212001F0A1FF0121202001F0D8
:102B50009DFF104B01221A600F4A1368002BFCD016
:102B60000E4B0024C3F80045C3F800450C4B0FCBB7
:102B70006D4685E80F00234620464FF0FF3155F89B
:102B800023200133042BC2F80005C2F86015F6D1EA
:102B900005B030BD0420004044210040002000402A
:102BA000D08B020038B54FF0805504462146D5F849
:102BB000A800FFF791FFD5F8A40004F11001FFF77A
:102BC0008BFF202038BD000072B64FF08043B0224A
:102BD000C3F81C25BFF34F8F0549064BCA6802F4A2
:102BE000E0621343CB60BFF34F8F00BFFDE700BF30
:102BF00000ED00E00400FA05F0B58BB041B3931E80
:102C0000222B2FD80A2A06D1002804DA44420126B2
:102C100001AB1D4610E004460026F9E7B4FBF2F0D4
:102C200002FB1047092F044603F10103F8B294BFD9
:102C30003030573003F8010C002CEFD1AB42EDD00F
:102C40004EB12D204A1C0870AB4206D800231370E9
:102C500008460BB0F0BD0A46F6E713F8010D02F87E
:102C6000010BF1E70021F3E7FFF7C6BF70B590F85D
:102C7000343105461446F3B90368DB69984704F418
:102C80007063B3F5407F04F0F0030CBF0721082107
:102C900004F00F02302B0CBF02230123012A08D0BD
:102CA000901E42424241A869BDE87040006804F0AD
:102CB00011BD0222F7E770BD10B590F8343104461B
:102CC0002BB9A369186804F05BFD0028F9D010BD8A
:102CD00038B590F834510446A5B983695BB11868DA
:102CE00048B10368DB689847A3691D600421A069A7
:102CF00008F0B4F9A5610023C4F82431C4F82831E0
:102D0000C4F82C3138BD13B590F8343104466BBB90
:102D1000A369186804F0F6FC40B307F05BFCA369F4
:102D20001868036801225B690DF107019847D4F820
:102D30002C31B3F5807F16D0D4F82C31B3F5807FD9
:102D400011D0D4F824319DF80720234483F824209F
:102D5000D4F824310133DBB2C4F82431D4F82C3157
:102D60000133C4F82C3107F04BFCD1E702B010BDA1
:102D70007FB590F8343104460D46002B34D1866976
:102D800026B9042008F056F9A0610660A369186806
:102D900060BB4FF4867008F04DF92B4694F9212062
:102DA00094F92010064604F09DFFA3691E6094F973
:102DB0002220531C06D0A06994F923300068032117
:102DC00004F09EFFA369186870B10A4B03930022B8
:102DD000094B019369460094029204F0EEFC039BB8
:102DE00013B19B686846984704B070BD294604F04B
:102DF0005DFCDCE7E08B0200072D010010B4D0E998
:102E0000013401686210E40701EB020048BF8A58F0
:102E10005DF8044B48BFD3581847000008B590F838
:102E200034313BB1012001F095FD0648BDE8084072
:102E300001F028BA82691AB11368003318BF012360
:102E4000184608BD4020002070B504460D4601F02C
:102E500019FA30B12368294620461B6CBDE8704042
:102E6000184770BDA0F5A070EEE7000013B590F80C
:102E700034318DF8071004462BB1C9B20B48FFF767
:102E8000E3FF02B010BDA369186804F079FC0028C4
:102E9000F9D0A3691868036801221B690DF10701C5
:102EA0009847013018BF0120EBE700BF4020002009
:102EB0002DE9F04107468846164601F0E3F970B166
:102EC0000024A6420CD9351B402D28BF402508EB15
:102ED00004012A46384600F0BBFE2C44F1E70446C4
:102EE0002046BDE8F081A0F5A070E1E770B590F84C
:102EF000343105460E4614462BB11048FFF7D8FF73
:102F00000446204670BDAB69186804F039FC0028FF
:102F1000F9D0AB691868D0F8083101211B6B00F5B6
:102F200084709847AB691868036822461B6931466C
:102F30009847013008BF0024E3E700BF402000208D
:102F400030B50446C3B001F017F9D4F85832C3F5D0
:102F5000807398420546C4BFD4F85852C5F58075B1
:102F60002A4601AB02A9204600F05CFF019902ABA2
:102F70006D1A00221D44D4F85832B3F5807F19D061
:102F80008A4217D0D4F85832B3F5807F10D0D4F8E5
:102F90005032A85C234483F85001D4F850320133F6
:102FA000DBB2C4F85032D4F858320133C4F8583286
:102FB0000132E0E743B030BD38B5044600F0F0FA26
:102FC0002046FFF7BDFFD4F85852204600F0F0FA33
:102FD000284638BDA0F5A070EEE7000010B590F8C7
:102FE000343104462BB10648FFF7E6FF044620467D
:102FF00010BD07F0EFFAD4F82C4107F001FBF6E71B
:103000004020002038B5044600F0CAFA2046FFF7F9
:1030100097FFD4F858324BB1D4F85432234493F884
:103020005051204600F0C4FA284638BD4FF0FF3515
:10303000F7E7A0F5A070E5E710B590F83431044645
:103040002BB10B48FFF7DEFF0446204610BD07F00A
:10305000C1FAD4F82C313BB1D4F82801044494F8D7
:10306000244007F0CDFAF0E74FF0FF34F9E700BF56
:103070004020002038B5044600F092FA2046FFF7C1
:103080005FFFD4F85832A3B1D4F85432234493F8F4
:103090005051D4F854320133DBB2C4F85432D4F86E
:1030A0005832013BC4F85832204600F081FA2846D5
:1030B00038BD4FF0FF35F7E7A0F5A070DAE7000064
:1030C00010B590F8343104462BB11148FFF7D2FF08
:1030D0000446204610BD07F07DFAD4F82C319BB190
:1030E000D4F82831234493F82400D4F8283101334C
:1030F000DBB2C4F82831D4F82C31013BC4F82C31B0
:10310000044607F07DFAE4E74FF0FF34F9E700BF2B
:103110004020002008B54FF48072002110F030F8F4
:103120000022C0F80021C0F80421C0F8082108BD21
:103130002DE9F047194C1A4F276000254FF47A7893
:10314000C4E90158202604F12400C4E90565E561BD
:103150004FF00109FFF7DEFF284684F8349101F0B3
:10316000CDFB8246484601F0C9FB0E4CFF2384F894
:103170002100C4E9015804F124002760C4E9056571
:10318000E56184F820A084F8223084F82330FFF72A
:10319000C1FF84F83451BDE8F08700BF74190020E6
:1031A000F48B02003C1800200020704770477047E5
:1031B00010B5D0F88C452CB1236820465B68984741
:1031C000A468F8E710BD38B5D0F88C450D4634B189
:1031D000236820469B6829469847A468F7E738BDCE
:1031E00000487047B48C020010B5054B03600446DC
:1031F00006F09BF8204606F0B1F8204610BD00BF4F
:10320000348C020010B50446FFF7EEFF20464FF461
:10321000B26107F023FF204610BDF7B5D0F88C450A
:1032200005460E460023A4B123683146DF680DF140
:10323000030201AB2046B8479DF80310042903465A
:1032400005D0019A284605F0D5FA03B0F0BDA46870
:10325000E9E7019A9DF80310F4E770B505460E46BC
:1032600022B10021BDE8704005F0C6B8D0F88C4509
:103270005CB1236800221B6931462046984710B193
:1032800001212846EEE7A468F2E72146F9E770B588
:10329000D0F88C450E46054600213CB123683146E6
:1032A00020465B699847A4680146F6E72846BDE8D2
:1032B000704005F09BB9F8B5D0F88C4505460E4630
:1032C00017463CB1236820469B693A4631469847E9
:1032D000A468F6E728460121BDE8F84005F0E4B906
:1032E00070B5002186B0044605F07CFC0023ADF8E3
:1032F000063023898DF810301B0AA188E2888DF8EA
:1033000011304FF4897540F20123ADF80450ADF847
:103310001230022540F20313EF268DF807508DF886
:1033200009508DF80C100125090A8DF80E20ADF812
:103330001430120A04F10A038DF808608DF80A505F
:103340008DF80B008DF80D108DF80F2001AD05AE36
:103350001C462A4603CAB24218605960154603F15A
:103360000803F6D112881A80204606B070BDF8B561
:10337000002406460D462746304610F0E1FAA042EA
:1033800007D9335D05F8143005EB440301345F7051
:10339000F2E7400000F0FE00F8BD38B5D0F88C55DB
:1033A000044635B12B6828461B6A984710B9AD68AA
:1033B000F7E7284640F20233A4F8483504F24A51B0
:1033C000FFF7D5FF94F84835184484F8480504F50C
:1033D000A96038BD40F2023310B500F20A5104462C
:1033E000A0F808350548FFF7C2FF94F808351844DF
:1033F00084F8080504F5A16010BD00BF208C020010
:1034000040F2023310B50446A0F8C83400F2CA40B6
:10341000FFF7C8FB94F8C834184484F8C80404F5CE
:10342000996010BD2DE9FF4100238DF80A3090F816
:1034300088351B4A8DF80830012301928DF8093038
:103440003222C0238DF80B308DF80C2001AB0446DE
:1034500000F54E7803CBC4F83803C8F8041088F898
:103460000820D4F88C6509258EB1336800211B68CB
:1034700030469847478805F54E73093F00F109012A
:103480003A46E0180FF07EFD3D44B668ECE784F85C
:103490003A5340462D1284F83B5304B0BDE8F08106
:1034A0000902FFFF73B504460D46164608F04CFBB3
:1034B0004FF480730093014633462A46204605F0B8
:1034C00059FB024B2360204602B070BD348C0200D1
:1034D00010B5D0F88C350446A3B9C0F88C1594F813
:1034E00088350B7194F888354A79134484F8883507
:1034F0000B6808465B6A984723891844208101209D
:1035000010BD13469A68002AFBD19960E7E71FB502
:10351000044605F029FB0146684604F0B3FC40214F
:10352000684604F02BFDD4F88C4534B1236820465E
:10353000DB6969469847A468F7E7684604F0A9FC88
:1035400004B010BD10B50446FFF7E1FF2046BDE80A
:10355000104005F079BA000010B50D4C2378BFF388
:103560005B8FDB0712D4204607F070FB70B148F286
:103570005A0242F241310748FFF794FF204607F014
:1035800087FB054A0549034807F04DFB014810BD7C
:10359000AC1A0020B01A002000020020E93101001E
:1035A00010B5FFF7D9FF0368BDE810405B6F1847FF
:1035B00010B5FFF7D1FF0368BDE810409B6F1847B7
:1035C00010B5FFF7C9FF0368BDE81040DB6F18476F
:1035D00004F014BE04F0D2BD04F000BE7047704782
:1035E0007047436A93F878007047D0F82401704719
:1035F00001207047004870471C8E02002DE9F04FF3
:10360000044697B00F464B22002103A80FF0B8FDE7
:10361000D4F82431267994F80EA094F80C90002B5D
:1036200006F10105637B019314BF05200020EDB274
:10363000002F40F0978040F20923ADF80C304FF492
:103640008173ADF8103080238DF8133032238DF85C
:10365000143008238DF815300B2301218DF8163016
:103660008DF8250040F2022342F205404FF0240C71
:103670004FF0090E04274B22ADF818308DF82110B9
:1036800002238DF82410ADF826004FF01008052015
:103690008DF82A108DF82D108DF82F104FF0030B98
:1036A00006218DF80E208DF817608DF81A308DF8F0
:1036B0001DE08DF81F608DF822308DF823308DF8D5
:1036C0002B008DF82CC08DF831C08DF832308DF87C
:1036D00033108DF834008DF835C08DF81E708DF8DC
:1036E00029808DF82EB08DF830708DF836100721B6
:1036F0008DF839108DF8491044F20201ADF84C10E4
:1037000040F20751ADF850101D349DF804108DF8AB
:1037100037608DF838508DF83A008DF842508DF8AA
:103720004A008DF852108DF8533044F203064023BE
:1037300040F6022503A920468DF83BA0ADF83C6079
:103740008DF83F808DF840E08DF84170ADF8445021
:103750008DF84B908DF854300FF014FC204617B0C4
:10376000BDE8F08F0020FAE738B505460A4B45F86A
:10377000D03B0446FFF7F0FE05F0D7FD284604F0E5
:1037800097FC04F17C0004F093FC04F1700004F059
:103790008FFC204638BD00BFDC8D020010B504460A
:1037A000FFF7E2FF20464FF4947107F057FC2046E4
:1037B00010BDFFF705BF000010B5034B03600446C2
:1037C00004F0E6FA204610BDFC8C020010B5044659
:1037D000FFF7F2FF2046282107F040FC204610BDED
:1037E00010B5034B0360044604F0D2FA204610BD26
:1037F000CC8C020010B50446FFF7F2FF20463421BE
:1038000007F02CFC204610BD10B5034B03600446A6
:1038100004F0BEFA204610BDE48C020010B5044648
:10382000FFF7F2FF2046382107F018FC204610BDB4
:1038300038B51C4B0D461968C0F80F1099889B7954
:1038400043750446A0F8131040220221284604F0D4
:103850008BFB402220730221284604F08AFB402281
:1038600060730321284604F07FFBA073284604F010
:1038700011FB20B9AF220C490C4806F003FE0023CF
:1038800004F18502C4E9322304F1D90284F87830C6
:1038900084F8843084F8D830C4F81C21C4F820316E
:1038A00038BD00BF188D0200B78D0200C28D020026
:1038B0002DE9F34104460E461546FFF781FEF288D6
:1038C00023799A4237D1002D35D17778012F2ED127
:1038D000F378202B27D13289072A24D104F10F084D
:1038E00004F11605294640460FF01AFBD0B1D4F872
:1038F0001630C4F80F30207CE17B638BA4F81330C2
:1039000001EB0021607CE57C237F009501EB004109
:103910002568A07C637501EB0061237D627D6D6B82
:103920002046A8473D46F378212B08BF01252846AD
:1039300002B0BDE8F0810025F9E710B50446FFF7B5
:103940003FFEFFF709FE217B05F094FB04F18503A0
:10395000C4F8C8300023C4F8CC3084F8843004F1B3
:103960007C0004F05AFB94F884302BB9236820467D
:10397000DB6BBDE81040184710BD000070B5044671
:10398000FFF71EFED4F820512DB140F2DD120F4991
:103990000F4806F077FD04F1D903C4F81C31FFF796
:1039A000DBFD617B05F0C2FA84F8D850C4F8200131
:1039B00004F1D00004F031FB94F8D8302BB923681F
:1039C00020469B6BBDE87040184770BDB78D020064
:1039D000248D020010B4D0E9013401686210E407BC
:1039E00001EB020048BF8A585DF8044B48BFD3582A
:1039F00018470000F0B5044687B002ADFFF7E0FDC0
:103A00000026FFF7A9FDA17B009503234022059620
:103A100005F034F82846FCF705FFFFF79DFD164B2F
:103A2000217B164F00954022CDE9033602230597EE
:103A3000029405F023F82846FCF7F4FEFFF78CFD0E
:103A40000F4B617B00954022CDE903360223059799
:103A5000029405F013F82846FCF7E4FEFFF77CFD1E
:103A60004023D4F81C21617B05F000FA012084F882
:103A7000D80007B0F0BD00BF3B3901000C8D02003B
:103A80007D39010038B502234371002383600C4B5C
:103A9000044640F8703B154604F0B2FA04F17C008D
:103AA00004F0AEFA04F1D00004F0AAFAC4F82451EC
:103AB000FFF752FD2146FFF70BFD204638BD00BF42
:103AC000DC8D020070B504460D46FFF779FD84F8E1
:103AD0007850002D3ED194F8843033B1FFF73CFD8F
:103AE000217B05F09BF884F8845004F1850304F1F0
:103AF0007C0600253046C4F8C830C4F8CC5004F029
:103B00008CFA304604F082FA28B9154915484FF46A
:103B1000A27206F0B7FC94F8D83033B1FFF71CFD61
:103B2000217B05F07BF884F8D85004F1D903C4F860
:103B30001C3104F1D00500232846C4F8203104F0DC
:103B40006CFA284604F062FA20B94FF4A7720449CF
:103B50000548DEE704F17000BDE8704004F05DBA8E
:103B6000B78D0200328D0200438D020010B504466D
:103B7000FFF726FD20460021BDE81040FFF7A2BF59
:103B800038B50D460446FFF71BFD042D05D0204631
:103B90000021BDE83840FFF795BF38BDF8B516469F
:103BA00004460D461F46FFF70BFD04233370EA88D9
:103BB00023799A4225D16978012922D1EA78212AEC
:103BC00008D0222A0BD0202A4FF000001BD13070E1
:103BD000163401E031700F343C600720F8BDAB882B
:103BE00013F0010308BF19462046FFF76BFFAB88AF
:103BF00003F00103E366AB8803F00203A36602232C
:103C000033700020EAE703233370E7E710B58AB08A
:103C10000446FFF7C5FC684604F0AEF80A4B009373
:103C2000694604F17000099404F00FFA2046FFF78A
:103C3000BFFC064B00211A68684604F0E9F86846A4
:103C4000FFF7BAFD0AB010BDFC8C0200208D020007
:103C500070B58EB0154604460E46FFF7A1FC01A8CC
:103C600004F08AF80E4B0C9501A9002504F17C00A4
:103C70000193CDE90A468DF8345004F0E6F9204668
:103C8000FFF796FC074B29461A6801A804F0C0F814
:103C900001A89DF83440FFF7A3FD20460EB070BD8B
:103CA000CC8C0200208D020010B50446FFF788FC82
:103CB00094F884307BB9D4F8CC3063B1FFF74CFC76
:103CC000D4F8CC30217B04F1850205F06FF910B1F6
:103CD000012384F8843010BD2DE9F8431E460446C4
:103CE000894690469DF82070FFF75AFC0023336008
:103CF00094F87830E3B194F88430CBB9D4F8CC5050
:103D0000C5F14005454528BF4546B8F1000F05D02F
:103D10002A464946D4F8C8000FF034F9D4F8CC301C
:103D20002B44C4F8CC30356017B12046FFF7BCFFF8
:103D30002046BDE8F843FFF73BBCF0B50446406AB7
:103D400090F8785085B001262DB984F8305035466A
:103D5000284605B0F0BD04AB002743F8047DD4E944
:103D60000A120096FFF7B8FF0399E36AA26A5B1A8A
:103D70000A44E362A26213B984F83060E8E7606A3B
:103D8000FFF792FF3D46E3E72DE9F0431C4691B073
:103D9000904606468946FFF703FC002C08BF01AC9D
:103DA0004FF00005256002A80CBF0127002703F093
:103DB000E3FF104B029302A906F1D000CDE90D8478
:103DC000CDE90B698DF83C708DF83D5004F03DF95C
:103DD0003046FFF7EDFB084B29461A6802A804F0AD
:103DE00017F802A89DF83D40FFF70EFD204611B0E0
:103DF000BDE8F083E48C0200208D020010B5D0F8FD
:103E0000203104466BB990F8D83053B9FFF7A4FBC2
:103E1000402304F1D902617B05F028F8012384F8DE
:103E2000D83010BD70B51E4604460023336094F8A8
:103E300078300846EBB194F8D830D3B9D4F8205193
:103E4000D4F81C11954228BF15462A460FF09AF85F
:103E50003560D4F81C31D4F820212B44551BC4F80C
:103E60001C31C4F8205125B92046BDE87040FFF749
:103E7000C5BF70BD37B50446406A90F878502DB97B
:103E800084F835500125284603B030BD02AB00222E
:103E900043F8042DD4E90A12FFF7C4FF0199A26A7E
:103EA0000A44A262226B13680B441360E36A01990F
:103EB0005B1A94F83410E36209B9126802B91BB9AD
:103EC000012384F83530DEE7606AFFF797FF0025AD
:103ED000D9E76FF01500704700290CBF6FF018008C
:103EE00000207047012070476FF0150070476FF099
:103EF000150070471120704770477047704703687E
:103F00009B6C1847A0F5A070F9E7704770477047A1
:103F100070470368184710B50446012000F01AFDE9
:103F200094F8780010BDA0F5A070F4E738B54FF014
:103F3000FF320123FF210B480B4D07F01BFA00F065
:103F4000F7FC044695F878301BB1012000F002FD23
:103F5000F8E700F0EDFC001BC728F6D9BDE83840B3
:103F6000FEF732BEF82200204020002007B502AB49
:103F7000012243F8041D1946FFF76AFE18B10198A3
:103F800003B05DF804FB4FF0FF30F9E7A0F5947043
:103F9000FFF7ECBF07B502A9002301F8013D01229C
:103FA000FFF7F2FE20B19DF8070003B05DF804FBB7
:103FB0004FF0FF30F9E7A0F59470FFF7EBBF2DE964
:103FC000F8430446884617461E46089DFFF7F8FA50
:103FD000D4F87092B9F1000F04D02B46324639461E
:103FE0004046C847C4F86082C4F86472C4F8686286
:103FF000C4F86C52BDE8F88370B50646FFF7E0FAE6
:1040000006F51D740025D6F8B432AB4208D9204617
:10401000103454F8043C1BB11B6898470135F2E793
:1040200070BD0000B0F5966F03D10121014807F083
:1040300083B97047F822002010B4D0E90134016838
:104040006210E40701EB020048BF8A585DF8044B98
:1040500048BFD35818470000114B03F1780270B5E0
:104060000360C0F8282103F1D802E8330446C0F801
:104070002C21C0F8403100F51D7600F52D75AE42BB
:1040800004D0103D2846FCF7CDFBF8E704F594700A
:1040900005F0C4FE2046FFF767FB204670BD00BF59
:1040A0005C8E0200A0F59470FFF7D6BFA0F5967065
:1040B000FFF7D2BF10B50446FFF7CEFF20464FF4FE
:1040C0002E7106F0CBFF204610BDA0F59670FFF7CD
:1040D000F1BFA0F59470FFF7EDBF0000F7B50446FF
:1040E00015461F460E4607F02FFDBDF824300193FC
:1040F000BDF8203000932A463B4601462046FFF794
:10410000C1FC002104F5947005F05EFE4FF47A7353
:10411000C4F84831174B236003F178020025C4F836
:10412000282103F1D802E833C4F82C21C4F8445103
:10413000C4F840314FF48072294604F5A8700FF09E
:104140001FF8C4F85052C4F88052C4F85452C4F84E
:104150009052C4F85852C4F8A052C4F8B052C4F8EF
:10416000B452C4F8705216B12046FFF74FFD2046F6
:1041700003B0F0BD5C8E020038B50546FFF710FABB
:1041800095F8D8304BB9D5F82041402C28BF4024B1
:104190002846FFF70DFA204638BD0024F8E7000056
:1041A00070B5044686B0FFF7FBF92D4BC4F87032AA
:1041B0002046FFF7FDF92B4B05932B4B039320462D
:1041C000002302940493FFF7EBF9D4F8B452032DC3
:1041D00013D804EB05166B1C06F51D76C4F8B43233
:1041E0003046FCF71FFB04EB0515059BC5F8803234
:1041F0001BB15B6802A9304698472046FFF7D8F903
:1042000002A8FCF70FFBBC2006F014FF0026174B9A
:104210000360054631460661403007F04BF905F171
:10422000540007F0E7F8124B00934FF480723346C6
:104230002846182107F0D8F90E4B05930E4BC4F809
:104240005C5202A92846CDE90236049607F0D8F957
:1042500002A8FCF7E7FA2046FEF772FE06B070BD32
:1042600025400100348E0200412F0100CCA4020041
:104270004C8E0200408E02002D3F0100A0F5A07080
:10428000FFF78EBF90F878007047000037B50F4CED
:104290000F4D204607F040F82A460E49204606F00A
:1042A000C2FC0D4C42F212030122CDE90032002281
:1042B00011464FF4F8532046FFF710FF07492A46EE
:1042C000204603B0BDE8304006F0ADBCF822002027
:1042D000000200203FB301004020002059400100AF
:1042E00008B50DF089FC2DE9F04F027D012A85B05B
:1042F00005460E4640F0908000214FF0FF3B0446FB
:104300000B465F4694F804C048B2BCF1000F75D16B
:1043100094F805C0BCF1000F70D1B7F1FF3F1BBF8F
:1043200001335BB201233846934201DD1A468346CE
:104330000131082904F102045ED1002402EB0B03D1
:10434000A1460293CB4502DC029B4B4559DC95F814
:10435000058095F804A04FEA28170AF00F03FAB277
:104360005FEA2A1A019208F00F0870D05FFA8AF10A
:10437000BAF1090FD4BF303157313046039300F002
:10438000CFF8039B0444092B94BF03F1300103F1E0
:1043900057013046039300F0C3F80444BAF1000F0C
:1043A00002D1039B03B94FB1092F019FD4BF30370E
:1043B0005737F9B2304600F0B3F80444B8F1090FAA
:1043C00094BF08F1300108F15701304600F0A8F819
:1043D000B9F1070F044404D03A21304600F0A0F8A8
:1043E000044409F10109B9F1080F05F10205A9D149
:1043F000204605B0BDE8F08F074683E74FF0FF3059
:1044000096E7CB45EDD1BBF1000FE5D13A2130461F
:1044100000F086F80444DFE700F1100700F113090B
:10442000002417F8011B0A22304600F0B7F82E21AD
:104430008046304600F074F8B94540440444F0D159
:104440000A22E97C304600F0A9F80444D0E7002BAA
:1044500099D1A8E710B5054B0360044601751022F9
:10446000002104300EF08CFE204610BD788F020033
:1044700070B5074D0560837400259DF810300575F3
:1044800045608560C56001744274C37470BD00BF2F
:10449000788F020007B501210648FFF7DBFF0023F4
:1044A00000931A4619460448FFF7E2FF03B05DF88F
:1044B00004FB00BF0C230020242300202DE9F04141
:1044C00006460D4601EB02080C464445A4EB0507E1
:1044D00007D0336814F8011B1B6830469847002842
:1044E000F3D13846BDE8F08170B5044608460D4664
:1044F0000FF026FA23680246294620465B68BDE88D
:104500007040184709B1FFF7EFBF084670470368CE
:104510008A685B680968184708B5FFF7F3FF08BDAC
:1045200003681B68184700000149FFF7DDBF00BFA3
:10453000FFA1020038B50546FFF7E9FF044628460B
:10454000FFF7F2FF204438BD70B58AB00D460AA9C6
:10455000002301F8043D012A98BF0A22B5FBF2F4BA
:1045600002FB1456F3B2092E94BF30333733DBB25B
:10457000254601F8013D002CF0D1FFF7C3FF0AB03A
:1045800070BD10B42AB903685DF8044B1B68C9B24A
:104590001847D2B25DF8044BFFF7D6BFFFF7F1BF63
:1045A0002DE9F84F0A9E0746002E10461946B8BF5F
:1045B000022614461D460CF0CDFE28B14C49384663
:1045C000BDE8F84FFFF790BF25F000494FF0FF32EC
:1045D000484B204649460CF0BDFE48B94FF0FF322B
:1045E000444B204649460CF097FE08B94249E6E79D
:1045F0004FF06042414B204629460CF0A1FE08B125
:104600003F49DCE74FF060423E4B204629460CF024
:1046100079FE0028F4D100220023204629460CF020
:1046200071FED0B12D213846FFF77AFF05F1004326
:1046300082461D463449DFF8D8904FF0000B002029
:104640004FF000085FFA8BF3B3420BF1010B06DA6F
:1046500042464B460CF00EFDF4E78246EAE702467E
:104660000B46204629460CF025FA0D4604460CF070
:1046700087FE0A22014680463846FFF765FF8244DE
:104680009EB340460CF052FB02460B46204629469C
:104690000CF00EFA04460D4638461C49DFF87090BF
:1046A000FFF722FF4FF00008824416F1FF361CD3BB
:1046B0004B464246204629460CF0B2FB0D460446C6
:1046C0000CF05EFE0A22014683463846FFF73CFFA7
:1046D000824458460CF02AFB02460B4620462946E7
:1046E0000CF0E6F904460D46DFE75046BDE8F88FCA
:1046F0007C8F0200FFFFEF7F808F0200FFFFEF4102
:10470000848F0200FFFFEFC10000E03FBC98020071
:1047100000002440FFF744BF37B5069900910546D5
:10472000FFF73EFF04462846FFF7FEFE204403B095
:1047300030BD10B50446006808B10EF0DFF8204621
:1047400010BD10B50446006808B10EF0D7F800237C
:104750002360C4E9013310BD38B504460D46006836
:1047600001310EF06DFD10B1C4E90005012038BD26
:10477000036810B5044623B143688B4201D301207E
:1047800010BD2046FFF7E8FF0028F9D0A368002BF2
:10479000F5D122681370F3E770B50E461146044652
:1047A0001546FFF7E5FF20B92046FFF7CAFF204670
:1047B00070BD2A463146A56020680EF0E3FB2268F2
:1047C000A3680021D154F2E738B500230446C0E9BC
:1047D000003383600D4639B108460FF0B1F8294621
:1047E00002462046FFF7D8FF204638BD38B50546BB
:1047F00008460C460FF0A4F8214602462846BDE8BC
:104800003840FFF7C9BF10B504468AB00023C4E999
:104810000033A360084601A9FEF726FA204601A945
:10482000FFF7E4FF20460AB010BD2DE9F041054630
:104830001746884619B900263046BDE8F0819AB17E
:10484000846814442146FFF793FF06460028F2D0FF
:10485000AB6828683A46184441460EF093FB2B6833
:10486000AC6000221A55E7E70126E5E738B50546B2
:1048700008460C460FF064F8214602462846BDE87B
:104880003840FFF7D2BF09B1FFF7F0BF08467047C5
:1048900010B58A6809680446FFF7C7FF10B92046BB
:1048A000FFF74FFF204610BD10B5044621B9204642
:1048B000FFF747FF204610BDFFF7E5FF0028F6D0C1
:1048C000F8E7000010B500F049F8FEF71BF9FEF715
:1048D00043FEFEF737FE4FF4E1310648064CFFF782
:1048E0005FFCFBF767FCFBF783FC002CFBD0AFF30E
:1048F0000080F8E7402000200000000010B50446CA
:10490000FEF7FDF884423BBF2401024B4FF0FF301D
:10491000185710BD1802002010B5044603F08EF899
:10492000204610BD10B5044603F088F8204610BD9F
:1049300007B50749684603F0BEF84FF47A720023C2
:10494000DDE900010CF08CFD03B05DF804FB00BF55
:104950004023002006F0DEBD06F0B4BC08B50448D4
:1049600003F076F80348BDE8084003F071B800BFD3
:10497000582300204023002006F0DCBD38B50A4C47
:104980000A4D204603F0D4F82046094C09492A462E
:1049900006F049F9204603F0D6F82A462046064993
:1049A000BDE8384006F03FB958230020000200203F
:1049B00040230020254901001949010008B590F95C
:1049C00000305A1C04D121220E490F4805F05AFD2F
:1049D000012259B11F2B86BF03F01F030B494FF073
:1049E000A04102FA03F3C1F8083508BD1F2B86BFAA
:1049F00003F01F0305494FF0A04102FA03F3C1F889
:104A00000C35F2E70F9002001D90020000030050E9
:104A10002DE9F8431C4D4FEA001805EB0802044647
:104A2000D0680F4610B1012106F018FB2046FFF7B1
:104A300065FF8146012006F0FDFA00260670494612
:104A4000044604F006FE05EB0803012FDC6010D0DD
:104A500006D3022F12D0204602F02EFB012103E0E4
:104A6000204602F029FB31462046BDE8F84302F01B
:104A70002FBB2046BDE8F84302F012BB204602F0EF
:104A80001BFB0321F0E700BF18020020F7B5064624
:104A90000F46FEF734F886421BD20F4D05EB061584
:104AA000EC687CB93046FFF729FF0646012006F086
:104AB000C1FA00230446037001220097314604F036
:104AC000D1FDEC603946204603B0BDE8F040FFF769
:104AD00075BF03B0F0BD00BF180200201EF0040F28
:104AE0000CBFEFF30880EFF30980816911F8021C15
:104AF000002932D101B590E80F10E047BDE8005021
:104B00008CE80300244B93E80600914208BF7047ED
:104B10001A6041B91EF0100F10D1204B186820F018
:104B2000010018600AE02CE9F00F1EF0100F08BF1A
:104B30002CED108A81F822E0C1F838C0906B92F811
:104B4000221061F0FF0E1EF0100F08BFB0EC108AAB
:104B5000B0E8F00F80F309887047114A1368994252
:104B6000FAD801B552F821C00FC8E047BDE800509F
:104B7000CCF80000704701B501F046FBBDE80140EC
:104B8000EFF3098CBEE701B501F002FBBDE801407F
:104B9000EFF3098CB6E700004C04002034EF00E08E
:104BA000E890020008B5014630B96FF0030000F04C
:104BB000EEF96FF0030008BD132001F0D3FE30B909
:104BC0004FF0FF3000F0E3F94FF0FF30F3E7002043
:104BD000F1E7000008B5EFF305834BB9EFF310835D
:104BE00033B9EFF311831BB9DFF814C000DF08BD40
:104BF0006FF0050000F0CBF96FF00500F7E700BF9C
:104C0000A54B0100EFF310832BB9EFF311800038AF
:104C100018BF0120704701207047000010B50346FF
:104C200028B30468806860B110F0030202D1DB6829
:104C30000F2B25D86FF00801002002F0EFF80020BC
:104C400014E0DB68002BF5D1104BD3F8900080B155
:104C500000F013FCB0B1012383700023C0E90233DC
:104C6000F3220A4B02700A4A44605A6610BD044699
:104C7000EAE7D3F880000122102100F08AFBE9E77F
:104C80001346E9E76FF00401D7E700BF38040020BE
:104C9000654D010010B5044610B10378F32B07D021
:104CA00020466FF0030102F0B9F86FF0030010BD69
:104CB000836863B1204601F003FC00226FF002011B
:104CC00001F0A8FDA0680028F4D101F081FC0023C8
:104CD0002370A378DB0701D40020E8E7064BD3F864
:104CE0009000214610B100F0E5FBF5E7D3F8800015
:104CF00000F082FBF0E700BF38040020930710B5F6
:104D000002F0010422D400F10C0384B153E8000F37
:104D100000EA01028A4203D0BFF32F8F002005E092
:104D200020EA010243E8002404B1EFE710BD53E894
:104D3000000F084203D1BFF32F8F002005E020EAC7
:104D4000010243E8002404B1F1E7EFE7C06801EA9B
:104D500000031CB1994218BF0020E7E7002B08BFF1
:104D60000020E3E7F8B58468054604B9F8BD94F877
:104D70002320616AA7682846FFF7C0FF064638B1BE
:104D8000204601F0A6FB00223146204601F042FDFC
:104D90003C46EAE7F8B50D4617461E46044620B1E4
:104DA0000378F32B01D1002907DA20466FF00301C5
:104DB00002F034F86FF00300F8BDFFF79FFF002802
:104DC000FAD186B13146432001F0CCFD40B1074B0A
:104DD0005E692046314601F061FB756286F82370FA
:104DE0006FF00100E8E76FF00200E5E7380400200B
:104DF0002DE9F041064620B10378F32B01D10029BB
:104E000009DA6FF00301304602F008F86FF003058D
:104E10002846BDE8F08100F10C0353E8002F42EA78
:104E2000010543E8005000B1F7E7B4681CB920461B
:104E300001F0CEFBECE794F82320616AD4F80880F7
:104E40003046FFF75BFF074678B194F823309B07A5
:104E500056BF656A054620EA0505204601F039FB84
:104E600000223946204601F0D5FC4446DEE700002A
:104E700008B50246EFF3058333B100206FF005015A
:104E800001F0CCFF002008BDFFF7BCFE0028F4D1E4
:104E9000DFF808C0104600DFF5E700BF1D4C010039
:104EA00038B502460D46EFF305834BB192B96FF06A
:104EB0000301104601F0B2FF6FF00304204638BD35
:104EC000FFF7A0FE0028F1D1DFF830C0104600DF68
:104ED0000446F3E71378F32BE9D1002DE7DB02F169
:104EE0000C0353E8001F41EA050443E8004000B109
:104EF000F7E7104601F0D0F9E0E700BFF14D0100FF
:104F0000F8B504460E4617461D46EFF3058343B138
:104F10008CB920466FF0030101F080FF6FF00300B1
:104F2000F8BDFFF76FFE0028F2D1DFF82CC0204655
:104F30002B4600DFF4E72378F32BEAD1002DE8D1EC
:104F4000002EE6DB3A4631462046FFF7D7FE002822
:104F500008BF6FF00200E3E7954D010008B5024677
:104F6000EFF305833BB110466FF0050101F056FFEA
:104F70006FF0050008BDFFF745FE0028F3D1DFF80C
:104F800008C0104600DFF5E7954C010070477047F8
:104F9000EFF310832BB9EFF31180003818BF012015
:104FA0007047012070470000064BDA6A3AB1D069B9
:104FB0005B6C1BB11B69984228BF184670474FF0C5
:104FC000FF30F5E738040020014BD868704700BF78
:104FD0003804002070B5464C237A012B00F0858000
:104FE00033B14FF0FF3001F00DFF4FF0FF3070BDD7
:104FF000404DD5E90B61EB68E3652B8AA4F854308A
:105000003046AB68236400F0ADF908B1C4F88060A5
:10501000D5E90561304600F0A5F908B9D4F88060FB
:105020006667D5E90761304600F09CF908B9D4F805
:105030008060A667D5E90961304600F093F908B9A8
:10504000D4F88060E6676E6B3EB1D6E90223316822
:10505000304600F0F1F9C4F88460AE6B3EB1D6E999
:1050600002233168304600F0E7F9C4F88860EE6B3F
:105070003EB1D6E902233168304600F0DDF9C4F8CC
:105080008C602E6C3EB1D6E902233168304600F0C8
:10509000D3F9C4F890606E6C3EB1D6E90223316852
:1050A000304600F0C9F9C4F89460AE6C3EB1D6E960
:1050B00002233168304600F0BFF9C4F89860EE6C06
:1050C0003EB1D6E902233168304600F0B5F9C4F8A4
:1050D0009C602D6D3DB1D5E902232968284600F07A
:1050E000ABF9C4F8A0500123237200207FE700BF72
:1050F000380400207890020070B5274C237A012BE9
:1051000007D06FF0060001F07DFE4FF0FF35284616
:1051100070BD01F069FC10B94FF0FF30F3E71F4A92
:10512000FF2382F8223092F8223063F0FF03DB4342
:1051300004D1D268C2F30222531C08E0D268B3FA49
:1051400083F3C3F12003C2F302229342F4D9FE2277
:1051500002FA03F3124E114A12497068DBB2D37798
:1051600001F0ACFE05460028D6D101F0FBFE20611F
:1051700001F0E4FE0C4801F0A3F901F021FA3368D4
:10518000DB074CBF0223032383F31488BFF36F8F25
:1051900002232372BBE700BF3804002000ED00E0CB
:1051A00078900200874B01005404002010B50F4C8A
:1051B000237A022B13D101F0C9FE01236372BFF3DE
:1051C0004F8F0B4A5168C90042BF4FF000615160D8
:1051D000A37204232372BDE81040FFF7E5BE6FF011
:1051E000070001F00FFE002010BD00BF38040020B2
:1051F00000ED00E038B51D4C237A042B054634D170
:10520000FFF7D2FEE26A85422CBF00F1FF332B4646
:1052100012B1D069C01AD061626C12B11069C01AA3
:105220001061E26813441544E360E3689D4213D1C2
:1052300002230020237201F0CBF900236372BFF335
:105240004F8FA27A22B1A372094B4FF080525A605D
:10525000BDE8384001F072BE0133E36001F076F939
:10526000236D002BE1D09847DFE738BD38040020DC
:1052700000ED00E0704738B504460D46FFF786FEA6
:1052800029462046BDE8384001F07EBD08B5FFF74D
:10529000F1FFEFF3058333B16FF0050001F0B2FDCC
:1052A0006FF0050008BDFFF773FE0028F4D1DFF8AA
:1052B00008C000DFF6E700BFD54F010008B5EFF3E7
:1052C000058333B16FF0050001F09CFD6FF0050020
:1052D00008BDFFF75DFE0028F4D1DFF808C000DF4D
:1052E000F6E700BFF950010008B5EFF305832BB1D5
:1052F0006FF0050001F086FD002008BDFFF748FEB5
:105300000028F5D1DFF804C000DFF6E7AD51010059
:1053100008B50246EFF305832BB1BDE808406FF0F6
:10532000050001F06FBDFFF733FE0028F5D1DFF86F
:1053300008C0104600DF08BDF551010008B5EFF3C5
:10534000058313B1054BD86808BDFFF721FE00287F
:10535000F8D1DFF80CC000DFF6E700BF380400200A
:10536000C94F010010B5034688B1084310F007008B
:105370000DD117290AD9196008391022CC189C6060
:105380005A60585099684A60D860012010BD0020CA
:10539000FCE770B5034668B361B3032A2AD80F311E
:1053A00021F0070600F10804214624684D68601AC0
:1053B00025F00305401B864203D920680028F3D15D
:1053C00070BD5D68186835445D600344083B5868EB
:1053D000854288BF5D604B6832431BB94A6001F16A
:1053E0000800EDE723F00303C818CC5042600860C2
:1053F0000830E5E70020E3E710B5034680B1C9B106
:10540000A1F1080400F108020021A24209D150686C
:1054100020F003045868001B586041B95160012016
:1054200010BD106811460028FAD00246EDE7136857
:105430000B60F4E70846F3E730B5C0B189B1C2B1FB
:10544000CBB10024C0E9014202FB01F41D19016047
:10545000C360436105611846013904D1A41A19518A
:105460000121084630BD851805602846F4E701464D
:10547000F7E71146F5E71946F3E710B5034608B913
:10548000002010BD00F1140252E8000F10B9BFF364
:105490002F8F04E0016842E8001404B1F4E700280B
:1054A000EED0043353E8002F511C43E8001404B13C
:1054B000F8E7E6E730B5F0B1C3688B421BD8036963
:1054C0008B4218D900F114031A680A60BFF35F8F8A
:1054D00053E8002F0C689442F6D143E8001505B15B
:1054E000F2E7043050E8003F5A1E40E8002101B1C5
:1054F000F8E7002030BD6FF00300FBE7EFF3108307
:105500002BB9EFF31180003818BF0120704701203C
:105510007047D1E9013223B19A608A681AB15360A9
:105520007047C262F9E70363704700002DE9F84F46
:105530008946074638B131B1B0FA80F1B9FA89F33A
:105540000B441F2B08DC6FF00301002001F07CFCF2
:1055500000242046BDE8F88F09F1030828F003086D
:1055600008F10C0808FB00FB002A5AD09468D2F816
:1055700000A0D2E904653CB1A10702D1D368332B66
:105580000DD86FF00801E0E7D368002BF9D126B3FE
:10559000B20701D1AB4522D96FF00901D5E7B6B901
:1055A000002DF9D12A4B0022D86F5946FFF7F1FEA2
:1055B0000646002844D13DB1254BD3F8A000214632
:1055C000002838D0FFF776FF6FF00401BDE7B3077E
:1055D000E2D1AB45E0D800250DE0002DDCD11C4B1D
:1055E000D3F8A00000B3FFF748FF04460028EBD033
:1055F0000125002ED6D0FA2323700023C4E9099395
:10560000C4E90B33A36042463346A570C4F804A036
:10561000394604F10C00FFF70FFF0D4B0D4A1A67D6
:1056200097E792461646DAE7D3F880000122342144
:10563000FFF7AFFED9E7D3F88000FFF7DDFEC3E741
:105640005A4600210DF09CFD45F00205D3E700BF4E
:1056500038040020E556010010B500F1280353E896
:10566000002F12B9BFF32F8F04E0511E43E800143E
:1056700004B1F4E70AB9002010BDC06A0122002875
:10568000F9D0811CD1E84F3FC1E8442F04B1F9E7BC
:10569000DBB2002BF0D08068F1E7036B30B5E3B1EB
:1056A000CD780024DA78AA420FD31A46C1E9012442
:1056B0008AB19160A4B16160283050E8003F5A1C63
:1056C00040E8002101B1F8E730BD5A681C46002AC5
:1056D000ECD01346E6E7C162ECE7C1E90133C162F1
:1056E0000163E9E7F8B5877804468FB3C5680146DA
:1056F00000272846FFF70DFF277005F10C04204610
:10570000FFF7D8FEAB68002B48D02046FFF7B5FE68
:105710000446002842D0284600F0D2FE3A4606460B
:10572000394601F077F8304600F040FF6A6A816838
:10573000064604F10C000DF025FCF9232370A77038
:10574000F368E37021462846BDE8F840FFF7A5BF9F
:105750008568AB68002BF5D05B78832BF2D12846A7
:1057600000F0AEFE3A460646394601F053F83046A0
:1057700000F01CFF06466A6A806804F10C010DF017
:1057800001FCF3680BB1E2781A7000232370214604
:1057900005F10C00BDE8F840FFF78CBEF8BD000035
:1057A0002DE9F0410E4617469846044618B1037895
:1057B000FA2B00D141B920466FF0030101F044FB00
:1057C0006FF00300BDE8F0818368BBB15B78832B89
:1057D00014D100F075FE01220546002101F01AF8EF
:1057E000284600F0E3FE0546626A806831460DF007
:1057F000C9FBEB6803B11F700020E3E704F10C0064
:10580000FFF73BFE054670B13146626A0C300DF081
:10581000B9FBF9232B700023AB70EF7029462046AB
:10582000FFF73BFFE8E7B8F1000F11D041469320A6
:1058300001F098F810B96FF00100C3E7064B20465D
:10584000596900F02BFEEFF30983C3E90267F2E721
:105850006FF00200B6E700BF380400202DE9F041E8
:105860000F4616469846044618B10378FA2B00D125
:1058700041B920466FF0030101F0E6FA6FF0030032
:10588000BDE8F081FFF7E8FE054600283AD0014662
:105890002046FFF73EFE626A05F10C0138460DF026
:1058A00071FB0EB1EB783370002704F10C062F70FA
:1058B00029463046FFF7FEFDA3680BB90020DFE75D
:1058C0003046FFF7DAFD05460028F7D0204600F005
:1058D000F7FD39460646012200F09CFF304600F0F5
:1058E00065FE626A8168064605F10C000DF04AFB10
:1058F000F9232B70AF70F368EB7029462046FFF751
:10590000CCFEDBE7B8F1000F11D04146832001F057
:1059100029F810B96FF00100B2E7064B204659692B
:1059200000F0BCFDEFF30983C3E90276F2E76FF004
:105930000200A5E73804002008B5064B08219A6E3E
:10594000D86EFFF7F3FD044BD864B0FA80F040093D
:10595000404208BD78900200380400202DE9F04153
:1059600006460F4690461C46EFF305834BB196B9A9
:1059700030466FF0030101F067FA6FF00300BDE8F5
:10598000F081FFF7BBFD0028F1D1DFF84CC03046B5
:10599000234600DFF3E73378FA2BE9D1002FE7D075
:1059A000002CE5D106F10C00FFF767FD054680B13C
:1059B000726A39460C300DF0E5FAF9232846C5E93C
:1059C00001762B70AC7085F8038000F065FC2046F2
:1059D000D5E76FF00200D2E7A1570100F8B5044601
:1059E0000F4616461D46EFF3058343B18CB920469A
:1059F0006FF0030101F028FA6FF00300F8BDFFF724
:105A00007DFD0028F2D1DFF848C020462B4600DF9C
:105A1000F4E72378FA2BEAD1002FE8D0002DE6D165
:105A20002046FFF719FE054670B100F10C01626ACD
:105A300038460DF0A7FA0EB1EB7833702846EC60CB
:105A400000F02AFC0020D9E76FF00200D6E700BF83
:105A50005D580100EFF310832BB9EFF3118000388C
:105A600018BF0120704701207047000038B5044678
:105A700040B3D0E90025806860B110F0030302D183
:105A8000E1681B2927D86FF00801002001F0CCF94C
:105A9000002016E0E368002BF5D11446104BD3F834
:105AA000940088B1FFF7E9FCB8B1012383700023AB
:105AB000C0E90233C0E90433F5220270C5704460C6
:105AC000037638BD0546E9E7D3F8800001221C21A2
:105AD000FFF75FFCE8E71446E8E76FF00401D5E75D
:105AE00038040020294B70B55D6904460E4635B96F
:105AF0006FF0070101F098F94FF0FF3070BD10B161
:105B00000378F52B07D020466FF0030101F08CF9E4
:105B10006FF00300F2E7037E53B9C0E90353EB6A69
:105B2000436103B11861EC62012323760020E5E7AD
:105B3000C278D1070ED5C168A9420BD1FF2B06D17F
:105B40006FF00F0101F070F96FF00200D6E701333A
:105B5000DBB2EAE7002EF7D093070AD5E06895F9A3
:105B6000203090F920209A4203DA80F8203000F0AB
:105B7000B9FC3146532000F0F5FE10B96FF001007A
:105B8000BCE72946204600F089FCF7E738040020EE
:105B90002F4B5A6970B5044632B96FF0070101F016
:105BA00043F94FF0FF3070BD10B10378F52B07D0EB
:105BB00020466FF0030101F037F96FF00300F2E7C0
:105BC000037E33B96FF00E0101F02EF96FF0020081
:105BD000E9E7C168914202D06FF00D01F4E7013BA3
:105BE000DBB203760BB10020DDE743690BB101693D
:105BF00019612169E9B14B6192F92130D56AD5B9B2
:105C000082F82030A36883B1204600F059FC064694
:105C10002A46294600F0FEFDF36A6361C4E9036584
:105C200003B11C610123F4622376002000F0D0FC54
:105C3000D9E7D362E0E7E978890706D5A96821B1F9
:105C400091F920108B42B8BF0B466D69D7E700BFB2
:105C50003804002010B5044610B10378F52B07D0A6
:105C600020466FF0030101F0DFF86FF0030010BD74
:105C7000037EBBB16369C0680BB122691A612269F6
:105C8000BAB1536190F92120C36AA3B990F92030C9
:105C9000934203D080F8202000F024FCA068B0B923
:105CA00000F096FC00232370A378DB0718D40020B3
:105CB000DDE7C362E6E7D978890706D5996821B19F
:105CC00091F920108A42B8BF0A465B69DDE7204699
:105CD00000F0F6FB00226FF0020100F09BFDDDE713
:105CE000064BD3F89400214610B1FFF7E3FBDEE743
:105CF000D3F88000FFF780FBD9E700BF380400200D
:105D00002DE9F0410446002601270CB9BDE8F081D9
:105D1000E378D4F814801B0712D5A36826767BB1EC
:105D2000204600F0CDFB00220546114600F072FD32
:105D3000EB6A6361C4E9035603B11C61EC62277628
:105D40004446E2E710B4C3789B071DD5C06890F9BC
:105D50002120C36ADC78A40709D59C688C4208BF5F
:105D60008C6824B194F92040A242B8BF22465B69F6
:105D7000002BEFD190F92030934205D080F82020FD
:105D80005DF8044B00F0AEBB5DF8044B70470000BB
:105D900008B50246EFF3058333B100206FF005012B
:105DA00001F042F8002008BDFFF754FE0028F4D1AE
:105DB000DFF808C0104600DFF5E700BF6D5A0100AC
:105DC00008B50246EFF305833BB110466FF00501BD
:105DD00001F02AF86FF0050008BDFFF73BFE002830
:105DE000F3D1DFF808C0104600DFF5E7E55A0100FF
:105DF00008B50246EFF305833BB110466FF005018D
:105E000001F012F86FF0050008BDFFF723FE00282F
:105E1000F3D1DFF808C0104600DFF5E7915B010021
:105E200008B50246EFF305833BB110466FF005015C
:105E300000F0FAFF6FF0050008BDFFF70BFE002829
:105E4000F3D1DFF808C0104600DFF5E7555C01002C
:105E5000EFF310832BB9EFF31180003818BF012046
:105E60007047012070470C30D0E85F3F13B9BFF393
:105E70002F8F04E05A1EC0E8512F01B1F4E798B209
:105E8000003818BF0120704730B500F10C02C189FD
:105E9000D2E85F3F994202D8BFF32F8F04E05C1C29
:105EA000C2E8554F05B1F3E7C0899BB2984294BF51
:105EB0000020012030BD000070B54FF6FE730D4686
:105EC000411E9942044601D8A84206D26FF0030150
:105ED000002000F0AFFF002070BD12B3906816687C
:105EE00040B110F0030302D1D2680F2A0DD86FF031
:105EF0000801EDE7D368002BF9D1104BD3F89800D7
:105F000088B1FFF7BAFAA8B1012383700023F62203
:105F100083600A4B02700A4A46608581C4819A6692
:105F2000DAE71646E9E7D3F8800001221021FFF7EF
:105F300030FAE8E76FF00401CBE700BF3804002037
:105F4000F55F010010B5044610B10378F62B07D0B9
:105F500020466FF0030100F06DFF6FF0030010BDED
:105F600083683BB100F0ACFA0122002100F052FC42
:105F70000020F4E7FFF788FF0028F9D120466FF0F2
:105F8000100100F057FF6FF00200E8E710B504467B
:105F900010B10378F62B07D020466FF0030100F014
:105FA00049FF6FF0030010BD836863B1204600F025
:105FB00087FA00226FF0020100F02CFCA068002894
:105FC000F4D100F005FB00232370A378DB0701D494
:105FD0000020E8E7064BD3F89800214610B1FFF700
:105FE00069FAF5E7D3F88000FFF706FAF0E700BF9B
:105FF00038040020836810B504465BB1FFF733FF17
:1060000040B1204600F05CFA0022BDE81040114685
:1060100000F000BC10BD000038B50D46044610B1BC
:106020000378F62B07D020466FF0030100F002FF43
:106030006FF0030038BDFFF716FF68B975B1294648
:10604000632000F08FFC20B1064B2046596900F018
:1060500025FA6FF00100EDE70020EBE76FF002009A
:10606000E8E700BF3804002010B50446EFF30583CD
:1060700033B100206FF0050100F0DCFE002010BD00
:10608000FFF7E6FE0028F4D1DFF808C0204600DF65
:10609000F5E700BFB95E010010B502460C46EFF30C
:1060A000058343B182B910466FF0030100F0C2FED0
:1060B0006FF0030010BDFFF7CBFE0028F2D1DFF830
:1060C00024C0104600DFF5E71378F62BEBD1002C47
:1060D000E9D11046FFF7C7FE00280CBF6FF00200A1
:1060E0000020E7E71960010010B50446EFF30583CF
:1060F00043B184B920466FF0030100F09BFE6FF0BE
:10610000030010BDFFF7A4FE0028F2D1DFF830C075
:10611000204600DFF5E72378F62BEBD12046FFF78A
:10612000B3FE20B1204600F0B7F80020E9E7204692
:106130006FF0100100F07EFE6FF00200E1E700BF9B
:10614000455F010008B50246EFF305833BB11046F9
:106150006FF0050100F06EFE6FF0050008BDFFF75F
:1061600077FE0028F3D1DFF808C0104600DFF5E71E
:106170008D5F010010B5D0E85F3F5A1C914200D8F6
:106180000022C0E8542F04B1F5E798B210BD00001A
:1061900038B51C4C00F0E0FEE3680133E36000F02A
:1061A000D5F9002000F014FA236D03B19847226C52
:1061B00032B3A369E06BD969984202D0E36301B9B5
:1061C000DA61DA69C2B9237A022B19D1656ABDB1E5
:1061D000E36B95F9202093F920309A4210D128469C
:1061E00000F077F9E06B00F08FF9284600F0E8F94D
:1061F000236CE563EB6103E0013ADA61002AE2D047
:1062000038BD00BF3804002070B5224C04F156059B
:1062100004F15A06B4F85410D5E85F3F13B9BFF340
:106220002F8F04E05A1EC5E8502F00B1F4E79BB24F
:106230005BB33046FFF79EFFE36D53F8200020B3B9
:106240000378F13B082BE5D801A252F823F000BFF8
:1062500075620100156201007B6201001562010098
:10626000156201007F620100836201001562010076
:1062700087620100236E9847CCE7636EFBE7A36E4D
:10628000F9E7E36EF7E7236FF5E7BDE8704000201C
:1062900000F09EB93804002070B5164C0546B4F8DD
:1062A000541004F15602D2E85F3F994202D8BFF37E
:1062B0002F8F04E0581CC2E8560F06B1F3E79BB2DB
:1062C000994205D829460220BDE87040FEF7D3BFA9
:1062D00004F15800FFF74EFFE36D43F82050637A56
:1062E00023B9054B4FF080525A6070BD0123A37251
:1062F000FBE700BF3804002000ED00E0EFF310835F
:106300002BB9EFF31180003818BF0120704701202E
:1063100070470378F12B00D07047C068F9E70000A0
:1063200010B5C469621CD0E904310CD103B15961C4
:1063300042691AB113610023436101E0074A136304
:106340000023C36110BD1BB1DA6959612244DA61CF
:106350004269002AEED1014AD362F1E738040020F5
:1063600010B50A4A90F9201001234370536A1C3279
:106370001BB193F920408C4205DCC0E902329060E9
:1063800003B1D86010BD1A469B68F1E738040020BD
:10639000014B5869704700BF3804002010B5002336
:1063A000038083789A07044608D513F0100F016B19
:1063B0000E4B0FD0D3F88400FFF77CF8A378DB07EF
:1063C00012D50A4BD3F88800214638B1BDE81040F9
:1063D000FFF770B8586FFFF70FF8EFE7BDE8104010
:1063E000D3F88000FFF708B810BD00BF38040020C4
:1063F00008B500F02FFDDFF810C000DF4FF0FF31CF
:10640000002000F005FDFEE77D680100C278D2079C
:10641000034601D4FFF7C2BF04220549427000229F
:10642000C2604A6B826002B1D0604B63704700BFAC
:1064300038040020930710B502F0010422D400F1C3
:10644000280384B153E8000F00EA01028A4203D016
:10645000BFF32F8F002005E020EA010243E800246B
:1064600004B1EFE710BD53E8000F084203D1BFF3BA
:106470002F8F002005E020EA010243E8002404B148
:10648000F1E7EFE7806A01EA00031CB1994218BF07
:106490000020E7E7002B08BF0020E3E710B591F9E3
:1064A000202083681BB193F92040944205DAC1E9AA
:1064B0000230816003B1D96010BD18469B68F1E7D6
:1064C0000346806882689A6002B1D3600023C3608B
:1064D0007047C2682AB18368936003B1DA60002311
:1064E000C360704710B5044664B12378F12B07D020
:1064F000FFF7EFFF01462046BDE81040FFF7CEBF93
:10650000E468F1E710BD0000012301464370014833
:10651000FFF7C4BF5404002070B50B4D2E7A022E35
:1065200010D16C6A74B1696994F9202091F9203016
:106530009A4207D12046FFF7CCFF0846FFF7E4FF59
:106540006670AC61002070BD3804002038B5164D6F
:10655000EC6A44B3E369013BE36123BB6378732BCB
:1065600006D009D8532B0BD003F0DF03432B0DD1FA
:106570002046FFF7CEFE09E003F0EF03832BF6E79A
:106580002046FFF7C6FE2146FFF7DCFB2046FFF75B
:10659000A0FFFFF7B9FF246924B1E369002BDDD028
:1065A00000236361EC6238BD3804002090F822308B
:1065B000826B13F0100F14BF20206020104470472E
:1065C00002234370014B9861704700BF38040020DC
:1065D00070B5124D04462E7A696990B9022E0FD11A
:1065E0006C6A6CB194F9202091F920309A4207DD51
:1065F0002046FFF76EFF0846FFF7B2FE6670AC61FB
:1066000070BD022E05D190F9202091F920309A42D8
:10661000F1DC2046BDE87040FFF776BF380400206B
:106620002DE9F74F8046019140B96FF0030100F06A
:10663000EFFB0024204603B0BDE8F08F002A00F0F5
:10664000A88094689769D2E900ABD2E9045644B1B6
:10665000A10702D1D368432B23D86FF00801002093
:10666000E5E7D368002BF8D1002D32D1002F3ED1C1
:106670001827002E41D1614BD3F88800002800F084
:106680008E80FEF7FAFE0446002800F0A280002D5E
:1066900040F0A9804FF001094EB158480022314620
:1066A00087E0B5B91FBB002E6ED1B9461827544AF2
:1066B0005248566DD0F88420002A79D01046FEF753
:1066C000DCFE054600287AD049F0100949F00203A3
:1066D0001FE06A0700D116B96FF00A01BFE7002F6B
:1066E00052D07B1E372B08D96FF00B01B7E77B1E0A
:1066F000372BF9D8002E49D0002516F00703EBD12F
:10670000404AA6F148019142E6D8002CB3D0002DB2
:1067100062D0A3700023C4E90233C4E90433C4E99E
:106720000633C4E90933C4E90B35A6F1400340F24E
:10673000F1122B44C4E90E382280334B84F803B0A5
:106740007FB2FD22C4F804A084F8207084F8217080
:10675000628466632B602A4B1B685B0745D4A36B7E
:106760003422002118460CF00BFD284A234BC0E9C7
:106770000D284FF08072C263019A0262244A1A66A1
:106780002046FFF725FF55E71827B6E774B93546C9
:1067900071E7924615461827164693466BE7D3F8DD
:1067A000800001224421FEF7F4FD6CE7B1467EE74C
:1067B0003146406FFEF7EDFD0546002886D1B9F160
:1067C000000F06D00D4BD3F88800214630B1FEF7FC
:1067D00071FE6FF0040142E7A9465EE7D3F880003E
:1067E000FEF70AFEF5E7012393E726F00302443A99
:1067F000CC21281D0CF0C4FCB1E700BF38040020F8
:1068000078900200B7FFFF7FA52E5AE2F1630100E6
:106810003968010038B505461446FFF7C7FE016028
:106820002846FFF77DFD1CB1BDE83840FFF7D0BE1C
:10683000BDE83840FFF768BE10B54378332B0446F7
:106840000CD1416A90F82320FFF7F4FD014628B1EE
:1068500020460022BDE81040FFF7DCBF10BD10B598
:106860000446806918B100221146FFF7D3FF637810
:10687000232B02BFA36800229A6110BD70B50F4C94
:10688000267A022E18D1636AB3B16569E86AFFF708
:1068900037FA2846FFF7E3FF04F11C00FFF710FE6C
:1068A0004670A061EFF30983AB6300236361284660
:1068B000BDE87040FFF7AABD70BD00BF38040020DE
:1068C00010B5044610B10378F12B07D020466FF0C5
:1068D000030100F09DFA6FF0030010BD437803F050
:1068E0000F03022B1ED0032B2BD0012B2ED1FFF731
:1068F000F0FDE06AFFF704FA2046FFF7B0FF617889
:10690000022926D11548FFF7DBFD154B4170986130
:10691000EFF30982A26300225A612046FFF776FD59
:106920000020DAE70E4B1A7A022A02D15B6A002BAA
:10693000DFD16FF00201204600F06AFA6FF002002A
:10694000CBE7FFF7C6FDFFF7EBFCD2E76FF00201E4
:10695000F2E70020FFF73CFEDFE700BF5404002011
:106960003804002038B51E4C237A022B024634D15D
:10697000606AA0B163695A704A1C16D1226B00216B
:1069800072B94FF0FF30C3E90421D86159B10B61EE
:106990001448FFF795FD02234370A061012038BD24
:1069A00011461269ECE72363F2E7E26A002012B1B4
:1069B000D569A9420BD2C3E90420D96158B103615A
:1069C000002AE5D0D0695361401AD061E0E7104653
:1069D000491B1269EBE7E362F2E70020DFE700BF43
:1069E000380400205404002038B50D4C0D48A26D29
:1069F0000D4D0021FFF714FE636EA8625BB198474E
:106A000058B9E26DE96C206EFFF70AFEA864003801
:106A100018BF012038BD0120FCE70020FAE700BFC5
:106A200078900200816D01003804002010B5044602
:106A3000EFF3058333B100206FF0050100F0E8F9B2
:106A4000002010BDFFF75AFC0028F4D1DFF808C081
:106A5000204600DFF5E700BF2166010008B5EFF32F
:106A6000058313B1054B586908BDFFF747FC0028A3
:106A7000F8D1DFF80CC000DFF6E700BF38040020D3
:106A80009163010008B5EFF305833BB100206FF07F
:106A9000050100F0BDF96FF0050008BDFFF72EFC01
:106AA0000028F3D1DFF804C000DFF6E71965010024
:106AB00010B5044600F0DAF9EFF305833BB1204648
:106AC0006FF0050100F0A4F96FF0050010BDFFF7AD
:106AD00015FC0028F3D1DFF808C0204600DFF5E7F9
:106AE000C168010030B50C4D6B6C002213B11C69FC
:106AF0008C420AD9C0E9022301611BB11C6998606C
:106B0000641A1C612AB1D06030BD1A46091BDB68CB
:106B1000ECE76864F8E700BF380400202DE9F04195
:106B2000184D6C6C54B323696E69013B23610127D6
:106B3000236913BBE3680BB1A2689A606B640023FE
:106B4000E86C1A4604F11801FEF708FF58B1D5E9C0
:106B50000583214603206B61FEF78DFB6B6913B93A
:106B6000B04508BF0026E378012B09D161692046B2
:106B7000FFF7B8FF6C6C002CDAD16E61BDE8F081D4
:106B80006770F7E73804002008B5FEF7D5FE18B99E
:106B9000034B044A1A6508BD4FF0FF30FBE700BF06
:106BA000380400201D6B010007B504464FF0FF3389
:106BB000002269462046FEF711FF0028F6D1DDE9E4
:106BC00000309847F2E7000008B5094B094A1A60FF
:106BD000094B9B1A094A1360094B0A4A1A600A4B6F
:106BE0009B1A0A4A136000F051F800F069F800BFE0
:106BF000242A002000FC032000000420202A00207A
:106C0000D8AE0020C0B6002000FC0320D4AE002087
:106C10000E4838B50E4B03600B250E4B45601C2407
:106C2000C4608360FFF7B4F80B4B18600B480C4B43
:106C3000C460C0E900350B4B8360FFF7A9F80A4B2D
:106C40001860BDE838400BF0ADBD00BFF029002052
:106C500060910200002A00201C2A0020C029002088
:106C60006D910200D0290020EC290020FDF72ABEFA
:106C7000024B4FF0FF311868FFF7A2B81C2A002022
:106C8000014B1868FFF7B4B81C2A002008B505F0BE
:106C900059FFBDE8084000F011B87047704708B5CB
:106CA00000F042F8FFF7F9FFFFF7B2FFFFF7F6FF3A
:106CB00003F0FAFDBDE80840FFF7D8BFFEF7E6BADB
:106CC000114C124B23614FF4004363614423E36092
:106CD0000F4BA360182307B5A3610E480E4B23602A
:106CE00022460021FFF7A2FE034628B90B49009077
:106CF00022460B4803F0E0FDFEF7E0FA00230949C5
:106D000000931A46F5E700BF90AA0020902A0020C1
:106D1000482A00209F6C0100779102007C910200BC
:106D20001D010180989102001FB5064B0FCB6C46E8
:106D300084E80F002046FFF72BF8034B186004B0DF
:106D400010BD00BFC0910200442A002073B5064662
:106D50000C46154603F0AAFD58B906342ABF064B67
:106D6000064953F82410002300933246284603F0C6
:106D7000A3FD02B070BD00BF84930200D892020050
:106D800008B500F0F3F8000007B50023411E00939A
:106D900002460023042919D8DFE801F003080C108B
:106DA00014000C490C48012203F086FD0B490C48E5
:106DB0000222F9E70B490C480322F5E70B490C487E
:106DC0000422F1E70B490C480522EDE70B490C487A
:106DD000EAE700BFD091020025010280F191020094
:106DE0002601028016920200270102804B920200C7
:106DF00028010280869202002A010280C6920200C7
:106E000000010280014A0146FFF7A0BF3101018065
:106E1000014AFFF79BBF00BF32010180014AFFF723
:106E200095BF00BF37010180014AFFF78FBF00BF48
:106E30003301018011F1110F02D0024AFFF786BF22
:106E4000704700BF34010180014AFFF77FBF00BFD8
:106E50003801018010B5FFF701FE034B1B6813B129
:106E6000BDE81040184710BDB4AA0020024B1B68B3
:106E700003B11847704700BFB4AA0020024B987AAC
:106E8000003818BF012070473804002008B5FEF70D
:106E90002BFA0749002203F0A1FDC31C04D90549C0
:106EA00005488B2203F0EEFABDE80840FEF730BA41
:106EB0007D6E0100BF930200D1930200B0F57A7F8E
:106EC00038B50D4604D018491848322203F0DAFAD2
:106ED00002F0ECFF041E13DB04F1604303F5614391
:106EE000E02283F800232946204604F0A1FF204633
:106EF00004F0A6FF85420AD00B490D483F22E5E782
:106F00000C4B04F00F021344E0221A76EBE7002C3E
:106F100007DB094A6109012304F01F04A34042F87A
:106F20002130002038BD00BFBF930200FE93020055
:106F30000B940200FCEC00E000E100E008B503F077
:106F4000D5FCBDE8084003F00FB80000014B1868FD
:106F500002F0D2BF08AE0020014B186802F0BEBF9D
:106F600008AE002008B502F0A1FF08BD08B5024C2C
:106F700023689847FCE700BFDC04002003680BB1DE
:106F80000846184770470000044B0022C3E900225E
:106F90009A601A61024ADA60704700BFB8AA0020FE
:106FA0007D6F010038B504460D46002100F8011B35
:106FB00010220CF0E5F86582204638BD08B542F68F
:106FC00002110248FFF7EEFF08BD00BFCCAA002067
:106FD000C36810B52BB9054905484FF4FD7203F09D
:106FE00051FABDE810401B68184700BF5C940200CE
:106FF00067940200034B1A78034B53F8223003B115
:1070000018477047E0040020E0AA0020074B1B78D7
:107010005BB1074B0122C3F80823064B5A78FF2ABD
:1070200000D1FEE7044A12885A707047F8AB00207E
:1070300000F00040F4AA0020FAAB0020F8B50546A5
:10704000064655F8044B8CB90D4F386818B14FF00F
:10705000FF31FEF7B5FE346824B9284604F0CAF9BA
:107060002C463560386808B1FEF7C2FEAC4204D049
:10707000044905488B2203F005FA2046F8BD00BFFD
:10708000442A002097940200A6940200036801227B
:107090001B6900211847036800221B691146184725
:1070A00010B5044603F096FA2046012105F030FAA7
:1070B000BDE8104003F0A4BA10B5044603F08AFA04
:1070C0002046002105F024FABDE8104003F098BAEC
:1070D00038B504460D4603F07DFA2946204605F0F2
:1070E000F5F9BDE8384003F08BBA0246406830B489
:1070F00090B1D2E9034101F001052CB965B100EB73
:10710000610003681C5903E000EB6100002DF8D119
:107110002346916830BC184730BC704708B5431C03
:1071200004D10E490E48212203F0ACF9012351B1DC
:107130001F2886BF0B4A00F01F004FF0A04283407B
:10714000C2F8083508BD1F2886BF064A00F01F0098
:107150004FF0A0428340C2F80C35F3E7F6940200EA
:107160001D90020000030050064B10B5044603605A
:10717000806A08B102F0D4FC201DF9F753FB2046C9
:1071800010BD00BF0C95020010B50446FFF7ECFFE0
:107190002046A82103F062FF204610BD036870B5A9
:1071A00004460D461B68984704F13000A567294640
:1071B00005F00EFB236820465B68BDE87040184769
:1071C0002DE9F34106461D4656F8303B1B68044640
:1071D0000F46904698479DF8203083F001030093B6
:1071E00042462B463946304605F050FB236806469A
:1071F0005B6820469847A81B18BF012002B0BDE875
:10720000F0812DE9F34106461D4656F8303B1B68D8
:1072100004460F46904698479DF8203083F00103BE
:10722000009342462B463946304605F011FB236851
:1072300006465B6820469847A81B18BF012002B08D
:10724000BDE8F0817FB5002401261546234622467D
:1072500002A800968DF8084002F004FA03A80096F0
:107260002346224629468DF80C4002F0FBF903A87C
:1072700005F0FEF818B96FF0010004B070BD02A867
:1072800005F0F6F8012801D10020F6E7214603A811
:10729000FFF71EFF03A8FFF703FF0A24002103A83E
:1072A000FFF716FF00219DF90C00FFF737FF0520BF
:1072B00004F008F8032103A8FFF70AFF9DF90C006A
:1072C0000121FFF72BFF052003F0FCFF013CE5D176
:1072D00002A8FFF7E5FE21469DF90800FFF71EFF13
:1072E000052003F0EFFF01219DF90C00FFF716FFC9
:1072F000052003F0E7FF01219DF90800FFF70EFFCD
:10730000052003F0DFFF02A8FFF7D6FE03A8FFF772
:10731000D3FE03A805F0ACF80028ACD002A805F015
:10732000A7F80028B0D1A6E710B500210446242212
:1073300040F8041B0BF024FF204610BD08B57C303C
:10734000FFF77CFEBDE8084004F05CB808B57C306F
:10735000FFF774FEBDE8084004F070B8F8B5194BAB
:1073600003600D46184B4361002100F130070446CD
:10737000C0E90711C0E909110161818516468061E4
:10738000482238460BF0FCFE104BA36704F17C004A
:10739000FFF7CAFF2046FFF7D1FF3246294684F89F
:1073A000A45084F8A5602046FFF74CFF94F9A5206F
:1073B00094F9A410384605F0C5F92046FFF7C6FF3A
:1073C0002046F8BD0C950200EB700100A08601007C
:1073D00070B504460D461646002148220BF0D0FE3B
:1073E00032462946204605F0ADF92046044905F00D
:1073F000EFF92046012105F06DFA204670BD00BF6F
:10740000A086010005F0E4B9CAB2002342F00102EF
:10741000194605F0C7BA05F06FBA05F07FBA10B586
:10742000144605F09DFA001B18BF012010BD05F0A1
:10743000E7B9000010B5084B044640F8083B05F0DA
:10744000BDF804F11C00F9F7EDF904F10C00F9F7AF
:10745000E9F9204610BD00BF2495020010B504468E
:10746000FFF7E8FF20462C2103F0F8FD204610BD71
:107470000346024A083005F06DB800BFAD74010044
:1074800070B5094B03600023044603718360836178
:1074900083620D461646FFF7EBFF201D3246294654
:1074A00002F0DAF8204670BD24950200012908B5E3
:1074B00002D0022907D008BD8369002BFBD00C3015
:1074C000FFF786FDF7E7836A002BF4D01C30F7E75F
:1074D00070470246406830B490B1D2E9034101F0F0
:1074E00001052CB965B100EB610003681C5903E08C
:1074F00000EB6100002DF8D12346916830BC18479D
:1075000030BC704770B500F14C0690F9DF2090F95F
:10751000DE100446304605F0C1FDD4E939530DB9FB
:10752000DA070ED55A1004EB6300DB0748BFA358F7
:1075300094F8EC1048BF5D5994F9ED2094F9EE30C1
:10754000A847D4F8D810304605F0BEFE2246304693
:107550000249BDE8704005F097BF00BFEB7801001D
:107560002DE9F0411F46D0F8E03004460E4615469E
:107570002BB12849284840F2351202F083FF274AF0
:10758000C0E9392303681B68984784F8EC6084F8E5
:10759000ED5084F8EE70042E0CD8DFE806F01603E8
:1075A00011161A004FF0FF332A46012104F14C0056
:1075B00005F040FF236820465B68BDE8F0411847AE
:1075C0002B464FF0FF320221F0E73B462A46314678
:1075D000ECE70120013584F804010AD003F02AFD0C
:1075E0000023054694F9ED10037002F032F8C4F858
:1075F000F05094F9EE300133DCD0012003F01AFD95
:107600000022054694F9EE10027002F027F8C4F843
:10761000F450CFE7459502005495020061750100D2
:107620002DE9F04198461E4B03601E4B4360002538
:107630001D4B85600446C0E90555C0E907550F4656
:107640001646C360858445634564A0F848506C22A3
:10765000294600614C300BF093FD40F20113A4F871
:10766000DC304FF47F43A4F8EC30FF232046C4E91C
:107670003558C4E93855C4E93E55C4F8C45084F8B7
:10768000DE7084F8DF60C4F8E85084F8EE30C4F8A7
:10769000005184F80451FFF735FF2046BDE8F08122
:1076A0007495020005750100D374010070B506469B
:1076B000044656F84C3B0D461B6898473046294611
:1076C00005F002FE2368C4F8D85020465B68BDE888
:1076D000704018472DE9F0410546984655F84C3B57
:1076E00004460E4617461B689847434628463A46C6
:1076F000314605F069FE236820465B68BDE8F0412D
:107700001847000038B50546044655F84C3B1B6841
:107710009847284605F06CFF94F804310546BBB144
:10772000D4F8F430A3B193F900305A1C04D11149B4
:107730001148212202F0A6FE012278B91F2B86BF34
:107740000E4903F01F034FF0A0419A40C1F80825ED
:10775000236820465B689847284638BD1F2B86BFA4
:10776000064903F01F034FF0A0419A40C1F80C25D1
:10777000EEE700BFF69402001D90020000030050E7
:1077800038B50546044655F84C3B1B6898472846D3
:1077900005F04EFF94F80431054643B1D4F8F000EB
:1077A00004F066FE002814BF002505F001052368DB
:1077B00020465B689847284638BD03682DE9F041AC
:1077C00005461B6816460F46984795F8DC3034018D
:1077D00003B1AEB195F8DD300BB1012E10D0B83445
:1077E0002C44BC4206D02046F9F71CF83946204606
:1077F000F9F712F82B6828465B68BDE8F041184796
:10780000B83402F0E7FE2C44FA68E36805F14C084E
:107810009AB10BB903F014F9A74206D02046F9F744
:1078200001F839462046F8F7F7FF01223146404675
:1078300005F03AFE02F0E4FEDCE70BB103F016F9C6
:107840002046F8F7EFFF0022E260EFE730B51B4B70
:10785000036085B000252A46694604460395FFF774
:10786000ACFF6846F8F7DEFF012269462046039523
:10787000FFF7A3FF6846F8F7D5FF94F8DC3013B99B
:1078800094F8DD301BB104F14C0005F0E7FC04F185
:10789000C800F8F7C7FF04F1B800F8F7C3FF04F118
:1078A0003800F8F7BFFF04F12800F8F7BBFF206AA3
:1078B00008B102F035F9204605B030BD74950200DC
:1078C00010B50446FFF7C2FF20464FF4847103F061
:1078D000C5FB204610BD4C3005F012BE10B54C3033
:1078E0000C4605F04FFE204610BD00EB0110B830ED
:1078F00008B5C3680BB1FFF76BFB08BD036870B533
:1079000004461B680D46984794F8DC30AB422FD0F4
:10791000BDB904F14C0602F05DFE2A462946304608
:1079200005F0C2FDD4F8C430ABBB02F069FE002301
:1079300084F8DC3094F8DD30D3B9304605F08EFCA5
:1079400016E094F8DD304BB9A2686368511004EB7F
:107950006200D20744BF6258D358984702F03AFEFB
:10796000D4F8C43053B902F04BFE012384F8DC3064
:10797000236820465B68BDE87040184704F1B800F2
:10798000FFF726FB03F05CF80122002104F14C0014
:1079900005F08AFDE7E703F069F8C6E7036870B50C
:1079A00004461B680D46984794F8DD30AB422FD053
:1079B000BDB904F14C0602F00DFE2A460121304605
:1079C00005F072FDD4F8D430ABBB02F019FE0023F1
:1079D00084F8DD3094F8DC30D3B9304605F03EFC55
:1079E00016E094F8DC304BB9A2686368511004EBE0
:1079F0006200D20744BF6258D358984702F0EAFDAC
:107A0000D4F8D43053B902F0FBFD012384F8DD3003
:107A1000236820465B68BDE87040184704F1C80041
:107A2000FFF7D6FA03F00CF80122114604F14C00DE
:107A300005F03AFDE7E703F019F8C6E7437D10B516
:107A400004461BB1037D0BB103F010F8204610BDB6
:107A500013B5044601A802F06BF8637D53B9237D8A
:107A60000BB102F0EDFF206902F01EF8C4E900013D
:107A70000123637501A802F061F802B010BD37B5AB
:107A800004460D4601A802F053F800230022C4E981
:107A900000236B7D4BB1286902F006F8D5E900326E
:107AA000C01A61EB0201C4E9000101A802F046F826
:107AB000204603B030BD30B585B004460D4603A85E
:107AC00002F036F829466846FFF7D9FFD5E90221CA
:107AD000009B9B18019A03A842EB0102C4E9003203
:107AE00002F02CF8204605B030BD13B5044601A8BD
:107AF00002F01EF8206901F0D7FF00220023C4E93C
:107B00000001C4E9022301A802F018F802B010BD78
:107B1000D0B5002300260027C0E90067C0E902674E
:107B20000446016102754375FFF7DFFF2046D0BDB3
:107B300010B5044601F0E0FF012201462046FFF7A0
:107B4000E7FF204610BD10B5044601F0A5FD002258
:107B500001462046FFF7DCFF204610BD03681B6886
:107B60001847000010B50446074B2360002200238D
:107B7000C4E9022300230846A161C4E90433034990
:107B800001F020FF204610BD8C9502005D7B0100B6
:107B900007B5009000F10801806901F050FF03B0C3
:107BA0005DF804FB00F10801806901F062BF00206C
:107BB00070476FF01C0070476FF01C0070476FF04B
:107BC000150070476FF015007047012070470120C5
:107BD0007047002070470020704770B511F0010415
:107BE00006460D4604D0FFF78DFD041E18BF012484
:107BF000EB0605D53046FFF7C3FD08B144F010048D
:107C0000204670BDA0F58470FFF7E7BF08B5FFF709
:107C100075FE002008BDA0F58470FFF7F7BF08B51A
:107C2000FFF7BCFE002008BDA0F58470FFF7F7BF8A
:107C300010B5034B03600446FFF708FE204610BD55
:107C400098950200A0F58470F2E700BF10B50446D5
:107C5000FFF7EEFF20464FF4867103F0FFF9204650
:107C600010BDA0F58470F1E72DE9F04106460D4600
:107C70001746C2B102F0ABFC80F0010313F0FF0421
:107C800003D0336830461B68984705EB070815F8A2
:107C9000011B3046FFF722FEA845F8D11CB133681E
:107CA00030465B6898473846BDE8F081A0F584709F
:107CB000FFF7DABF38B504460D4662B103681B68AA
:107CC00098472046FFF707FE2870236820465B6828
:107CD0009847012038BD1046FCE7A0F58470FFF7F7
:107CE000E9BF000010B50446FFF79AFC034B236080
:107CF0003C33C4F80831204610BD00BF98950200FF
:107D00002DE9F0411F46036804460D4616461B68E0
:107D100098473B46204632462946FFF721FC236818
:107D200020465B68BDE8F041184730B5044685B091
:107D300002F050FC04F108051022002168460BF007
:107D40001FFA29466846F8F767FD2846F8F76AFDE6
:107D5000E0690023C4E9053308B103F0D1FB02F068
:107D60004FFC039B13B11B68684698476846F8F7B9
:107D700059FD05B030BD0000002204494260C0E951
:107D800005220160C2610284704700BF6C96020048
:107D9000074B10B503608369044623B105490648C3
:107DA000262202F06FFB0830F8F73CFD204610BD9C
:107DB0006C960200399602004596020070B50446A2
:107DC0000D4602F007FCA6691EB9BDE8704002F03E
:107DD00017BC04F10800F8F725FD002301226361B8
:107DE00084F82020E36184F82150A36102F008FCAC
:107DF00021463046BDE8704000F039B908B103F0C3
:107E000001BB02F0E7BB08B103F018BB02F0F8BBFE
:107E10002DE9F041044686B00E46174602F0DAFB23
:107E2000A56902F0EDFB35B301AD0021284603F052
:107E300041FB02F0CFFBD4E9068323B10F49104880
:107E4000392202F01FFBE56102F0DAFBB8F1000F06
:107E50000ED03946284603F035FB48B93046FFF7C7
:107E6000CDFF20460121FFF7A9FF3046FFF7CBFFEA
:107E7000284603F048FB06B0BDE8F08139960200C1
:107E8000539602000022C0E9012201220160027320
:107E9000704770470346007B30B1D3E90020136878
:107EA00098428CBF0020012070472DE9F041066800
:107EB0000127054682F0010E07FA01F1002304367E
:107EC0006AB916F813400C4227D014F0300428D1B8
:107ED0000233202BF5D14FF0FF30BDE8F08116F8CA
:107EE00013400C4203D10233202BF8D1F3E704F006
:107EF0003004102CF7D043F00100D5F808C007FA81
:107F000000F818EA0C0F08D1202CE6D14EEA030441
:107F100007FA04F414EA0C0FDFD00233202BCFD180
:107F2000D9E71846E9E770B50D4611462A460446DA
:107F30001E46FFF7BAFF002802DA0020207370BD4A
:107F400025686368420805EB8205E98819446B7966
:107F500006FB031363600121A36881400B4342EADF
:107F6000C010A360C0B2EAE713460A460121FFF73A
:107F7000DABF13460A460021FFF7D5BF38B50A46D7
:107F800005460C460021FFF7EFFF22462846002158
:107F9000BDE83840FFF7EDBF0022C0E9002270477E
:107FA00070470068704700230B60436813B9016095
:107FB000416070471960FBE70346006828B102681A
:107FC00002B95A601A6000230360704710B5046854
:107FD000002223468B420ED10AB10B6813608C42FB
:107FE00004BF0B68036043688B424FF0000308BF77
:107FF00042600B6010BD002BFCD01A461B68E9E7FD
:1080000010B50446FFF7C8FF204610BD08B5FFF7BE
:10801000C8FFB0FA80F0400908BD70B50546284693
:10802000FFF7BFFF044678B150F8043C061F9B6879
:108030003046984740B12846FFF7BEFF54F8043C4D
:108040003046DB689847EAE770BD70B504460D46D8
:10805000FFF7A7FFAC610646291D2046FFF7A3FFE7
:1080600026B92046BDE87040FFF7D7BF70BD70B598
:1080700005460C46FFF795FF064604B10434214639
:108080002846FFF7A3FFA64204D12846BDE870406A
:10809000FFF7C3BF70BD10B504462046FFF781FF50
:1080A00028B150F8043C0438DB689847F5E710BD68
:1080B00010B50446FFF7EFFF2046FFF771FF20469B
:1080C00010BD7047704703689B6D184770B586B048
:1080D000154B01930023ADF808308DF80A3040F2BB
:1080E0000123ADF8123040F2031390F820434168A9
:1080F0000289ADF8143000F10A038DF80B400391AA
:10810000ADF8102001AC05AE1D46224603CAB242AE
:1081100018605960144603F10803F6D112881A80DA
:10812000284606B070BD00BF12010002004870472B
:10813000A0990200004870478E99020000487047DD
:108140007899020000487047729902000048704711
:108150006A9902000048704754990200036810B5FC
:1081600004465B6F9847D4F8EC0203681B6F98478E
:10817000236820469B6FBDE81040184738B5D0F8FB
:108180003433012B044615D10025D4E9C93000F061
:10819000010243B972B1C4F8283304EB60000268ED
:1081A000D3589847F1E7C4E9C95504EB6000002AA9
:1081B000F7D0F4E7D4F834332BB90649064840F237
:1081C000C66202F05FF9013BC4F83433BDE83840C1
:1081D00002F016BA99960200A796020008B5D0F8E8
:1081E00034332BB90349044840F2CD6202F04AF916
:1081F00008BD00BF99960200A796020010B504467C
:1082000002F0E8F9D4F834330133C4F834332BB92D
:10821000034904484FF4D76202F034F910BD00BF9F
:1082200099960200A7960200036837B5DB6F0D46EA
:108230000446984715F0700F01D12B0706D1002393
:108240001049114800931A4602F036FB6B0003F008
:108250001E0343EAD5118B1E182000FB034393F83D
:1082600031206AB1013900FB0140013A043083F842
:108270003120C36823B11B6803B0BDE83040184704
:1082800003B030BDB396020004011580036870B5D9
:108290000446DB6F9847B4F8F8522B0A022B1FD024
:1082A000032B50D0012B04D1236820461B6B984729
:1082B00008B9002070BD236820461B6B98470578DD
:1082C000122DF6D1236820461B6B98474378012B6B
:1082D000EFD12368C4F804531B6B204698472CE069
:1082E0002368EDB25B6B2946204698470028E0D012
:1082F000236829465B6B204698470378092BD8D121
:10830000236829465B6B204698474378022BD0D1DF
:10831000236829465B6B20469847236886785B6B09
:10832000294620469847C37846EA03262368C4F8BE
:1083300004635B6B294620469847C4F8000301207C
:1083400084F80803B6E7EDB2052DB2D8DFE805F0F2
:10835000030D17212B35236820469B6B9847037824
:10836000C4F8043323689B6BB7E723682046DB6BB4
:1083700098470378C4F804332368DB6BADE72368C0
:1083800020461B6C98470378C4F8043323681B6CA1
:10839000A3E7236820465B6C98470378C4F804334E
:1083A00023685B6C99E7236820469B6C98470378A9
:1083B000C4F8043323689B6C8FE723682046DB6C8A
:1083C00098470378C4F804332368DB6C85E70B789F
:1083D000DB0913700B78C3F3411353700B7803F070
:1083E0001F0393704B78D3704B8893808B88D38016
:1083F000CB88138170470000036870B504465B6F3B
:108400000D46984794F80C33022B05D009490A48C9
:1084100040F23D1202F036F8084BC4F82433002332
:10842000C4F82833236884F8105320469B6FBDE8B6
:108430007040184799960200D29602000D890100FB
:10844000036810B50446DB6F984794F808330BB106
:10845000002010BDD4F8EC0203685B6C9847D4F898
:1084600004238242F4D3D4F80013121A0144C4F84E
:108470000013C4F80423A2B9022384F80C3394F83F
:108480000A334BB1236884F80A239B6E04F53D71CF
:10849000204698470120DCE701212046FFF7ACFF8A
:1084A000F8E7D4F8EC02D4F820430368A2421B6C2E
:1084B00028BF22469847EDE7036813B50446DB6FF3
:1084C000984794F81C33012B06D800230F490093DA
:1084D0001A460F4802F0F0F994F80C3323B1002348
:1084E0000C4900931A46F4E794F80B33032B0BD096
:1084F0002046FFF7A5FF38B9D4F8EC020368DB6C1F
:1085000002B0BDE81040184702B010BDFD96020051
:108510000E0115802597020038B503680446DB6F0D
:10852000984794F80833012B37D1D4F8045325B970
:1085300094F8093353B384F80953D4F82033D4F8AA
:10854000EC02D4F800139D4228BF1D4603682A465A
:108550009B6C9847D4F800332B44C4F80033D4F80C
:1085600004335B1BC4F8043383B994F809236AB954
:10857000022384F80C3394F80A334BB1236884F84F
:108580000A239B6E04F53D7120469847012038BDB3
:1085900001212046FFF730FFF8E70020F7E7000051
:1085A000036813B50446DB6F984794F81C33012B1E
:1085B00006D800230B490C4800931A4602F07CF9B8
:1085C00094F80B33032B0BD02046FFF7A5FF38B9E7
:1085D000D4F8EC020368DB6C02B0BDE81040184729
:1085E00002B010BDFD9602000E011580036870B543
:1085F00004465B6F0D46984794F80C33032B05D067
:1086000009490A484FF4C37201F03CFF084BC4F813
:1086100024330023C4F82833236884F810532046F9
:108620009B6FBDE870401847999602006F97020053
:10863000C393010010B503680446DB6F984701201F
:1086400004F21D3384F80803C4F80033C4F80403AB
:1086500010BD036810B50446DB6F984794F81C33CF
:10866000042B01BFB4F82E33A4F8FA32012004F52C
:108670004C7303BF84F80803C4F80033C4F8040340
:10868000002010BD036810B5DB6F04469847042333
:1086900084F80C33236894F8F8221B6FB4F8FA12AC
:1086A00020469847012010BD036870B504465B6FF3
:1086B0000D46984794F80C33042B05D009490A4815
:1086C0004FF4EB7201F0DEFE084BC4F824330023B4
:1086D000C4F82833236884F8105320469B6FBDE804
:1086E00070401847999602009B9702009D890100EF
:1086F000036810B50446DB6F984794F81C33042BCD
:1087000002D0B4F8FA3233B994F8F632012B25D0FE
:10871000022B02D023B300201FE0B4F8FA2222F08B
:108720008F03002BF7D112F00F030CD0530003F08E
:108730001E0343EAD213023B182202FB034393F8C1
:108740003030C3F34003074AC4F8002313800120EC
:108750000223C4F8043384F8080310BD0023F2E7B1
:108760000123F0E7FCAB002010B50368044690B08D
:10877000DB6F9847D4F8EC02D4F8202303686946ED
:10878000DB6B984704F53D7269462046FFF71FFEF4
:108790000023C4F80833C4E9C033012384F80C3340
:1087A000236811465B6E984710B010BD036813B57F
:1087B0000446DB6F984794F81C33012B06D800233E
:1087C0000A490B4800931A4602F076F894F80C23F5
:1087D000012384F82C332AB9204602B0BDE81040AA
:1087E000FFF7C2BF84F82D3302B010BDFD96020022
:1087F0000E0115802DE9F0411D46036804465B6FAC
:108800000F461646984794F80C33012B05D00B49B8
:108810000B4840F2BA2201F035FE0A4BC4F824336B
:108820000023C4F82833236884F81073C4E9C565AD
:1088300020469B6FBDE8F041184700BF99960200A3
:10884000C397020037920100036870B50446DB6FDE
:108850009847B4F8FC12A1B394F8F43294F80823C2
:10886000012B16D1012A0DD1D4F804338B4235D90E
:10887000C4F80413022384F80B332046BDE870408B
:10888000FFF74ABED4F8EC020368DB6CBDE8704029
:108890001847D4F8EC02002AF6D1D4F804338B42FE
:1088A000F2D10168012284F80B23D4F820230D6C47
:1088B000D4F800139A4228BF1A462B46BDE87040F0
:1088C0001847D4F8EC02D4F804230368002ADCD15A
:1088D000032184F80B139B6C1146EFE7CAD2D4F83E
:1088E0002013B3FBF1F001FB1033002BC2D184F84D
:1088F0000923BFE710B503680446DB6F98470023E0
:1089000084F82D33032384F80B3310BD036810B5AE
:10891000DB6F04469847002284F80C2394F82D233B
:1089200094F8103322B12046BDE81040FFF7E2BFB3
:1089300033B9D4F8EC020368BDE81040DB6C18478B
:1089400094F80B33012B0AD1D4F8EC02032384F8FA
:108950000B3303689B6CBDE8104011461847022B8F
:1089600007D1D4F8EC02032384F80B3303681B6CA3
:10897000F1E710BD036810B5DB6F0446984700238C
:1089800084F82C3394F80C3323B92046BDE810400A
:10899000FFF7B0BF012384F82D3310BD036810B575
:1089A000DB6F04469847002284F80C2394F82D23AB
:1089B00094F8103322B12046BDE81040FFF79ABF6B
:1089C00063B1B4F8FA32A4F82E33B4F8F83284F86C
:1089D00030332046BDE81040FFF736BFD4F8EC0234
:1089E0000368BDE81040DB6C1847036810B5044607
:1089F0005B6F984794F8F03283B9D4F8EC020368BF
:108A000021469B689847D4F8EC02036840219B6B91
:108A100098470123C4F8200384F8F03223682046E5
:108A20009B6FBDE81040184738B5036804465B6F7C
:108A3000984794F81C53236820469B6FEDB29847E3
:108A40002B1F5842584138BD036810B55B6F044670
:108A500098472046FFF7C9FF94F8F1323BB9D4F8A4
:108A6000EC0203685B699847012384F8F1322368BC
:108A700020469B6FBDE81040184700002DE9F04FDD
:108A8000904685B002680391526F0293DDF83890EA
:108A900005469047039911F0700F03D111F00F0FA5
:108AA000029B06D100232B492B4800931A4601F064
:108AB00003FF95F8F2723FB92B6828469B6F9847E1
:108AC000384605B0BDE8F08F4C0004F01E0444EABF
:108AD000D114A61E4FF0180B0BFB065A9AF8302043
:108AE000D20705D51D491E484FF48E6201F0CAFC1D
:108AF000B8F5806F04D919491A4840F27142F5E778
:108B0000D5F8EC020268176D4246B84707460028C0
:108B1000D2D0013C0BFB045404344C450BD020460E
:108B2000F7F780FED9F80C30CAF828301BB15B6823
:108B3000494620469847182303FB065696F83030DE
:108B4000A6F82C8043F0010386F83030002386F825
:108B50003130B1E7B3960200040115809996020006
:108B6000E697020008980200D0F8EC0203685B6BFD
:108B700018470000F8B50F461949044640F81C1B79
:108B80000025064604F53B71F56018368E42FBD190
:108B9000E380BDF818302381A28000214FF43472A5
:108BA0000AF0EEFA2822002104F53D700AF0E8FAF6
:108BB000C4E9C855C4E9CA55012384F8305384F880
:108BC0001D53C4F8EC72A4F8F05284F8F252C4F8C1
:108BD000345384F81C3384F81E532046F8BD00BF7C
:108BE000D498020038B503685B6F0D460446984779
:108BF0002B071FBF6B0003F01E0343EAD513023B94
:108C00001BBF182202FB0343D4F820539D8D236819
:108C100020469B6F9847284638BD00000368F7B58B
:108C20005B6F0E460546984736F08F0701D1320735
:108C300006D100231749184800931A4601F03CFE5C
:108C4000740004F01E0444EAD6141823023C03FB0B
:108C5000045494F83030DB0709D42846FFF7E4FECB
:108C600080B10E490E4840F28C5201F00BFC94F892
:108C700031303BB1D5F8EC0203683146DB6E9847E2
:108C800084F831702B689B6F284603B0BDE8F04034
:108C9000184700BFB39602000401158099960200A0
:108CA00020980200036873B55B6F0E460446984730
:108CB00016F0700F01D1310706D100231A491B4865
:108CC00000931A4601F0F8FD750005F01E0545EA0F
:108CD000D6151823023D03FB054595F83030DA0719
:108CE00009D42046FFF7A0FEB0B11149114840F267
:108CF000CC4201F0C7FB43F0020385F83030D4F8D2
:108D0000EC02036831469B6D984795F831301BB1F2
:108D100031462046FFF782FF23689B6F204602B052
:108D2000BDE87040184700BFB396020004011580EB
:108D30009996020020980200036810B50446DB6F84
:108D4000984794F81C33042B02D0B4F8FA32A3B934
:108D500094F8F632022B10D1B4F8FA1231F08F00E9
:108D60000BD111F00F030AD0B4F8F83223B9204622
:108D7000C9B2FFF797FF012010BD0020FCE718469D
:108D8000FAE700000368F7B55B6F0E4604469847A4
:108D900016F0700F01D1310706D100231C491D4880
:108DA00000931A4601F088FD750005F01E0545EA9E
:108DB000D615023D182707FB054393F83020D2074C
:108DC00009D42046FFF730FED0B11349134840F2D2
:108DD000F14201F057FB93F831301BB13146204688
:108DE000FFF71CFF07FB0545314695F8303023F0AF
:108DF000020385F83030D4F8EC020368DB6D984745
:108E000023689B6F204603B0BDE8F040184700BFC1
:108E1000B396020004011580999602002098020082
:108E2000036810B50446DB6F984794F81C33042B95
:108E300002D0B4F8FA32A3B994F8F632022B10D16A
:108E4000B4F8FA1231F08F000BD111F00F030AD0F1
:108E5000B4F8F83223B92046C9B2FFF793FF0120D6
:108E600010BD0020FCE71846FAE700002DE9F341A9
:108E7000984603680D465B6F17460646984735F0DF
:108E80008F0201D1290706D10023224922480093ED
:108E90001A4601F011FD6C0004F01E0444EAD514DA
:108EA0001823023C03FB046494F83030DB0709D438
:108EB0003046FFF7B9FD80B11849194840F2AF526A
:108EC00001F0E0FAA38D434504D9164916480092F3
:108ED0001346DEE794F8312042B1336830469B6F89
:108EE00098470025284602B0BDE8F081D6F8EC028C
:108EF00002682946D2F860803A46C047054620B14C
:108F000094F83130013384F83130336830469B6F48
:108F10009847E7E7B396020004011580999602008E
:108F2000209802002E98020005011580036837B5CD
:108F30005B6F0D460446984715F0700F01D12A0764
:108F400006D100231549164800931A4601F0B4FCD7
:108F50006B0003F01E0343EAD513023B182202FB09
:108F6000034393F83030DB070AD42046FFF75CFD5B
:108F7000054660B10B490C4840F2E95201F082FA13
:108F8000D4F8EC02036829465B6E984705462368CF
:108F900020469B6F9847284603B030BDB396020029
:108FA0000401158099960200209802002DE9F743EC
:108FB0001F4603680D465B6F06469046984735F09E
:108FC0008F0301D1290706D10023244924480093A7
:108FD0001A4601F071FC6C0004F01E0444EAD5143A
:108FE0001822023C02FB046494F83020D20709D412
:108FF0003046FFF719FD80B11A491B4840F20A625A
:1090000001F040FAA28DBA4204D2184918480093E0
:109010001A46DEE794F8313043B1336830469B6F2F
:1090200098470025284603B0BDE8F083D6F8EC0247
:1090300003682946D3F8689042463B46C847054630
:1090400050B194F83130E785013384F8313033681A
:1090500030469B6F9847E5E7E085F8E77F98020088
:109060000401158099960200209802009D98020044
:1090700005011580036837B55B6F0D4604469847B8
:1090800015F0700F01D1290706D1002312491348AA
:1090900000931A4601F010FC6B0003F01E0343EA34
:1090A000D5131822023B02FB034393F83020D2076A
:1090B0000AD42046FFF7B8FC054630B108490948F4
:1090C00040F2496201F0DEF9DD8D236820469B6F96
:1090D0009847284603B030BDB396020004011580BE
:1090E0009996020020980200036870B50446DB6F71
:1090F0000D46984794F81C2384F81C53AA42D3B217
:109100001ED0032B19D9032D10D84FF4347200212F
:1091100004F11C000AF034F8002384F81D3384F8AD
:10912000F232012D02D82046FFF724FC236829469D
:1091300020461B6EBDE870401847012BF6D9F0E7BA
:1091400070BD036810B50446DB6F9847D4F8EC0295
:1091500094F8F8120368DB6A9847B4F8F8322BB930
:1091600002212046FFF7C0FF012010BD0321F8E7D0
:10917000036810B50446DB6F984794F8F81284F83A
:109180001D1351B9D4F8EC0203681B6A98470321F8
:109190002046FFF7A9FF012010BD012384F8F23219
:1091A000032384F80C3323682046DB6E9847F2E7EC
:1091B000036810B50446DB6F984794F8F532C3BBDB
:1091C00094F8F7320B2B34D8DFE803F0060B33109A
:1091D00033151A331F24292E2046BDE81040FFF70F
:1091E00087BA2046BDE81040FFF71ABE2046BDE80A
:1091F0001040FFF7A1BD2046BDE81040FFF7A1BF1A
:109200002046BDE81040FFF741B82046BDE81040B9
:10921000FFF710BA2046BDE81040FFF7A9BF20466F
:10922000BDE81040FFF715BA2046BDE81040FFF733
:1092300029BA002010BD036810B5DB6F04469847BB
:10924000002084F80C0394F82D0394F81033D4E92B
:10925000C52190B1012B0BD8022384F80C3323686D
:1092600004F53D7120469B6EBDE810400122184771
:109270002046BDE81040FFF73DBB042B12D120462D
:10928000FFF796FF30B9D4F8EC020368BDE8104050
:10929000DB6C184794F80C3373B92046BDE81040D6
:1092A000FFF7D2BA032BEED00120C4E9C02184F825
:1092B0000A0384F80833F0E710BD036810B5DB6FCC
:1092C0000446984720460221FFF70EFF002384F84A
:1092D0001E332046FFF74EFB23682046DB6DBDE8BA
:1092E00010401847036810B504465B6F984794F820
:1092F000F1323BB1D4F8EC0203689B699847002334
:1093000084F8F13294F81C33012B03D90121204653
:10931000FFF7EAFE002384F81D3384F81E33236828
:1093200020469B6FBDE810401847036810B50446FF
:109330005B6F984794F8F03253B12046FFF7D2FFA5
:10934000D4F8EC020368DB689847002384F8F03215
:10935000236820469B6FBDE8104018470D4B70B541
:10936000036090F8F03204462BB10B490B4840F2F1
:10937000625201F087F8FFF7D8FF04F53B7504F15E
:109380001C06B54204D0183D2846F7F74BFAF8E71B
:10939000204670BDD498020099960200BE98020043
:1093A00038B503680D46DB6F0446984745B994F815
:1093B0001C332BB129462046BDE83840FFF794BE48
:1093C00038BD036870B50446DB6F984794F82D33B9
:1093D00094F8106383B97EB184F80C33D4F8EC02AE
:1093E0000368DB69984720460421FFF77DFE20468D
:1093F000BDE87040FFF728BA2046FFF715FB054689
:1094000050B901464FF4347204F11C0009F0B8FE63
:1094100084F81D5384F8F252002384F80C3394F836
:109420002D3323B12046BDE87040FFF763BAD4F86E
:10943000EC020368002ED1D1BDE87040DB6C184708
:1094400038B500230446836519B90A4600F011F8BF
:1094500003E0002AFAD100F043F8204638BD10B5E9
:10946000044600F04FF804F14C00F7F7DBF9204612
:1094700010BD032938B5044607D9D31C23F00303D4
:109480009A1A891A21F003011A460023E2606361E7
:109490000D4615BBC4E9065123612262256000F028
:1094A0005CF800F05DF8C4E90A5560602581A5729A
:1094B00084F8245004F1300000F06EF800280BDB33
:1094C00004F1440000F064F8002805DB04F14800D2
:1094D00000F05EF800EAE07038BD01336D08D8E7AF
:1094E00070B5054608460E4609F000FA044630B14C
:1094F000024631462846FFF7BCFF6C6170BD4FF055
:10950000FF30FBE770B505680446B5B9A36A1BB127
:10951000E06A4FF0FF31984704F1480000F03AF854
:1095200004F1440000F036F804F1300000F03CF89B
:109530006069BDE8704009F0E1B9EE6836B9EB69E1
:1095400013B105F124009847AD68DEE7F36913B164
:1095500006F124009847F668F0E701F0C7B900006B
:1095600007B501F02EF870B1084B6846196800F095
:10957000DBFCDDE900014FF47A72002307F070FF95
:1095800003B05DF804FB01F0F7FEF9E708AE002038
:10959000002070477047000008B5024901F0C6FE80
:1095A000002008BDA499020001F0C9BE70B50E46A6
:1095B0000446154602F038FF013609D02046002146
:1095C00002F0A6FF29462046BDE8704002F07EBFAB
:1095D00070BD000008B5431C04D10E490E4821227D
:1095E00000F050FF012351B11F2886BF0B4A00F045
:1095F0001F004FF0A0428340C2F8083508BD1F2865
:1096000086BF064A00F01F004FF0A0428340C2F818
:109610000C35F3E7F69402001D90020000030050A1
:10962000F8B50F46044615461E4602F0FDFE01370A
:109630000ED094F900003146FFF7CCFF20460121FF
:1096400002F066FF29462046BDE8F84002F03EBF22
:10965000F8BD0322FFF7AABFFFF7A8BF13460022F9
:10966000FFF7DEBF2DE9F0411746069E04460D4682
:109670001A4657B9FFF79AFF01350BD094F900004D
:109680003146BDE8F041FFF7A5BF3346BDE8F041E4
:10969000FFF7C6BFBDE8F08100487047AC990200F3
:1096A000024B1B680BB1024818477047E4040020C6
:1096B000AC990200F8B5446894F832608EBB036838
:1096C0005B689847226A82422BD023692062821A03
:1096D0001A40A368A2FB03C194F93420CAB1606A9E
:1096E00010EB0C0541F10001002A1BDBC2F1200048
:1096F000A2F1200325FA02FC01FA00F021FA03F39B
:109700004CEA000C4CEA030CD1400CFA02F2AA1A03
:109710006262D4E90A3213EB0C0341EB0202C4E9A2
:109720000A32F8BDE76833463A46284607F0E8FEB5
:10973000844607FB10506062EBE7824206D98A42FA
:109740000BD9884294BF002001207047884206D977
:109750008A428CBF00200120704701207047002002
:10976000704700002DE9F0414668336B23F07F48D5
:1097700028F0FF080546B8F1000F5CD1FFF79AFF0B
:109780007368002B59D0D3E90003D6E90A1281424D
:109790009A4104D32B68BDE8F0415B6918476C68B7
:1097A000D4E90A12401A63EB020CD4E90572E369AA
:1097B000824273EB0C031FD3E368A3FB000103FB9E
:1097C0000C1194F93330A3B1A26802F1FF3C1CEBF9
:1097D000000041F10001002B1BDBC3F1200CA3F1C1
:1097E0002002D84001FA0CFC40EA0C0021FA02F2F7
:1097F0001043874228BF0746236A1F4423691F403E
:10980000336ABB4209D11249124840F2C91200F032
:1098100039FE434607F074FEEBE72B6838461B69B8
:1098200098472B685B6898473A460146306AFFF7CD
:1098300084FF0028AED1BDE8F0817369306A3269D7
:1098400018442B681040BDE8F0411B69184700BF61
:10985000ED990200FF9902004368F7B593F83020B4
:109860000546002A7ED193F83230002B7AD1036866
:109870001B6898472B68DB69984703682BB93A49FE
:109880003A4800931A4601F017F8394A1F46144621
:10989000B7FBF2F204FB12722746002AF7D16E687A
:1098A0003349B1FBF4F11F22B1600127013A03D320
:1098B00007FA02FC6145F9D186F83320B3FBF4F2D4
:1098C000B2F1004FF2604FF01F0306D00124013BBC
:1098D00003D304FA03F7BA42F9D186F8343040686A
:1098E000071F1C2F05D900232249234800931A463D
:1098F000C9E720281CBF012383404FF0070404FA66
:1099000007F414BF03F1FF334FF0FF333361746189
:10991000E017A4FB0143002701FB0031531E47F170
:10992000FF3CE01841EB0C013B4607F0E9FD2B68DA
:10993000C6E90601C6E900775B6898476B68306244
:10994000002101220020C3E90A015F6228461A862D
:1099500083F83270FFF7AEFE284603B0BDE8F04052
:10996000FFF700BF03B0F0BD239A02000E01048090
:1099700040420F003C9A020005010480F3B44568A0
:10998000069C8C60C1E900236C68002734B9CC6068
:109990007FB9696002B0F0BCFFF7E4BE666801966B
:1099A0002668B242019E73EB0606F0D32746E468B0
:1099B000ECE7F960D5E90A4194429941EAD202B054
:1099C000F0BC704738B505460C46FFF745FF00F080
:1099D00001FE6B681C60BDE8384000F011BE70B538
:1099E000054600F0F7FDD5E90034DB68984794F8A8
:1099F00032301BB1BDE8704000F002BE012384F894
:109A000031306368A3B12846FFF754FE6368D4E998
:109A10000A62D3E9000186428A4109D36A68DB6899
:109A2000526863602368002BEBD090689847E8E7A2
:109A3000002384F831302846FFF794FEDAE72DE959
:109A4000F34104460D4617461E46DDF8208000F01F
:109A5000C1FD2046FFF72EFECDF800803A46334682
:109A600029462046FFF78AFF02B0BDE8F04100F02A
:109A7000C7BD38B505460C4600F0ACFD6A685368B2
:109A8000A34209D1DB6853602846FFF76BFEBDE8AF
:109A9000384000F0B5BD1346002BF8D0DA68A2427A
:109AA000F9D1E268DA60F2E738B50446FFF7D4FE90
:109AB00000F090FD2046FFF7FDFD6368D3E90A45FD
:109AC00000F09EFD2046294638BD08B5FFF7ECFFA3
:109AD00008BD0000024B00221A7003F09DBE00BFBB
:109AE00038AC002008B503F005FE024B01221A70C5
:109AF00008BD00BF38AC002000487047789A0200CB
:109B0000024B1B680BB1024818477047E80400205D
:109B1000789A020091F90C2091F9041003F0BEBA72
:109B2000024B1B6803B11847704700BF78AC002098
:109B300010B5044600F04EFD204610BD10B5044699
:109B400000F05EFD204610BD007B704738B50D4B20
:109B500003600023C0E90131027304460A480D4640
:109B6000FDF76CFA01F04EFC55B1084B1A686260C3
:109B70001C600548FDF762FA01F060FC204638BD24
:109B80006560F6E7B49A020080AC0020A8AC002023
:109B9000144B10B5036004461348FDF74FFA01F06B
:109BA00031FCA3682BB1114962680B68A34212D142
:109BB0000A600F4B0C481A68A24204BF00221A60C8
:109BC000FDF73CFA01F03AFC237B13B9201F01F0AA
:109BD00049FA204610BD19465B68A342FBD14A6092
:109BE000E7E700BFB49A020080AC0020A8AC0020D8
:109BF0007CAC002010B50446FFF7CAFF20461021B8
:109C000001F02CFA204610BDF8B5064617480D465F
:109C1000FDF714FA01F0F6FB154B1C6884B9072D0B
:109C20001BD114482A46314609F07AF9A8B90F48E1
:109C3000FDF704FA01F002FC0F4B1C682046F8BD4A
:109C4000A76887B1384609F07BFEA8420BD12A46A7
:109C50003146384609F064F928B90448FDF7EEF9B1
:109C600001F0ECFBEAE76468D8E700BF80AC0020B5
:109C7000A8AC0020A49A02007CAC00200020704711
:109C8000036870B51B690122002104469847051E30
:109C90000DDB236802221B690021204698472368B8
:109CA000064629461B690022204698473546284625
:109CB00070BD000070B50E460024C0E900440E4996
:109CC0000546304609F0AAFE3044034621461A787C
:109CD0002F2A07D101332B6049B9084908482A22A5
:109CE00000F0D0FB002AF6D001310133EFE7FFF797
:109CF0008BFF6860284670BD0C9B0200289B020009
:109D0000359B020000687047406808B520B1FFF736
:109D10001BFF431E5842584108BD10B50446FFF7CB
:109D2000F3FF10B1606800B1043810BD406808B599
:109D300020B1FFF709FFB0FA80F0400908BD10B567
:109D40000446FFF7F3FF10B1606800B1043810BD9E
:109D50004068003818BF0120704700207047F8B5F0
:109D600003681B6D0D4604468F1898472E46BE4269
:109D7000236806D09B6C16F8011B204698470130DB
:109D8000F5D1236820465B6D9847701BF8BDF8B588
:109D900003681B6D0E4604468F1898473546BD4232
:109DA000236805D1236820465B6D9847A81BF8BD42
:109DB000DB6C20469847431CF4D005F8010BEEE716
:109DC00000207047704700000F4B13B50022044677
:109DD00040F8043BFFF7BAFE0C4B2360603363602E
:109DE000002363610A49204601F09AF90346606145
:109DF00028B9009002460749074800F05DFD00F0D1
:109E000019FF204602B010BDC49A0200BC9B02009C
:109E10003E9B0200419B020019010180094B10B5D5
:109E20000360603304464360406907F05BFF064B04
:109E300023602046503340F8043FFFF7A9FE204638
:109E400010BD00BFBC9B02005C9B020008B502492C
:109E500002488E2200F016FB3E9C02004B9C020042
:109E600010B504460846FFF71FFEC4E9000120466E
:109E700010BD000010B50446FDF774FE20460A4BE5
:109E800040F8203BA169FFF7EBFFD4E90823C4E9C0
:109E90000A2300220023C4E90C230023C4E90E3363
:109EA00084F84030204610BD7C9C02004FF0FF300B
:109EB000704738B590F83F5004460DB1FFF7C6FF24
:109EC000FDF770FE94F84030A5872BB184F8405020
:109ED000BDE8384000F0CABD38BD000008B501211A
:109EE000383000F0F5FA18B1024B4FF080625A603A
:109EF00008BD00BF00ED00E010B50446FDF752FEBE
:109F0000002384F83F30024B4FF000725A6010BDBE
:109F100000ED00E010B5044601F1300000F0EAFA6F
:109F2000C4E90001204610BD10B589690446FFF759
:109F300097FF204610BDD0E90C32013342F10002F8
:109F4000C0E90C32D0E90A3213F57A7342F100020B
:109F5000C0E90A327047D0E90A2312F57A7243F158
:109F60000003FDF715BE000008B5012380F83F305F
:109F7000836B1BB1034B4FF080625A60FFF7EBFF1E
:109F800008BD00BF00ED00E090F83C3010B504467D
:109F90004BB1002380F83C3090F83E3013B90123D8
:109FA00080F83D3010BD90F83F30002BFAD0836B25
:109FB00001338363044B4FF080625A60FFF7BBFFAD
:109FC0002046FFF7C8FFEDE700ED00E037B50D468E
:109FD000044689696846FFF743FFD5E90A320098CD
:109FE0000199C01A61EB0201B0F57A7F71F10003AB
:109FF00006D200220023C4E90023204603B030BD6E
:10A00000B0F5FA6F71F1000301D20122F2E70029E5
:10A010004FF47A724FF00003D8BF002107F070FAB6
:10A02000C4E90001E9E7000091F83F30F7B50546C3
:10A030000C4613B991F83C6026B112491248E5224A
:10A0400000F020FA6846FFF7C1FFDDE900304FF469
:10A050007A71A3FB017201FB0022A663D4E90A1600
:10A06000C91942EB0602C4E90A12D4E90C125B18C2
:10A0700042EB00022846C4E90C32C5E9003203B0C5
:10A08000F0BD00BF3E9C0200559C0200F7B51F4684
:10A0900090F83F300446164623B11F491F48582206
:10A0A00000F0F0F990F83C305BB901466846FFF7E4
:10A0B000BBFF009BB342019BBB4104D3012384F847
:10A0C0003D3003B0F0BD21466846FFF723FF4FF453
:10A0D0007A73A6FB032603FB0766D4E90831D5187B
:10A0E00094F840204FF0010346EB0106A38742B9E4
:10A0F000A269126892F820201AB984F8403000F062
:10A100009FFC002384F83E302A463346204603B0A5
:10A11000BDE8F040FDF73CBD3E9C02004B9C0200B8
:10A12000102300F007B8202300F004B8302300F01B
:10A1300001B840239C46F0B404AE7546E80801D34C
:10A14000EFF309860E4F0FCE0FC70FBC0FC7404667
:10A15000494652465B460FC71DCE3100A60A00D3C2
:10A1600004316E0900D248311FC7EFF309806946F8
:10A17000EFF3148663C76046014900F079F800BF29
:10A18000ACAC0020F0B52C4E2C4F85B000243546E9
:10A19000214656F8042B3846013400F0FFF90D2C07
:10A1A000F6D1AB6C02936B6C01932B6C244C009337
:10A1B000D5E90E23696B234800F0F0F921682248A5
:10A1C00000F0ECF9E16AA26AA36AA06A266BE76B69
:10A1D000000CCDE901670090C3F307231B48D2B2FE
:10A1E00000F0DCF9A36A1E0603D5616B184800F085
:10A1F000D5F9A36A180403D5A16B164800F0CEF96F
:10A20000EB6C190712D5144800F0C8F92B6DDA076A
:10A210000FD5124800F0C2F9EB6C5B074CBF104839
:10A22000104805B0BDE8F04000F0B8B90E4800F0A5
:10A23000B5F90E48EEE700BFACAC0020809C0200F0
:10A2400000ED00E08E9C0200DD9C0200EB9C020011
:10A250003A9D0200489D0200569D0200659D020045
:10A26000959D0200A19D0200859D0200729D020045
:10A2700007B504460D461A48012100F032F968BBC3
:10A28000184800F08BF9302C19D0402C1CD0202C11
:10A290001FD11548154C00F081F9154800F07EF9E2
:10A2A000FFF770FF134800F079F90D4B00221A7088
:10A2B0000023114900932A46204600F0FDFA0F487A
:10A2C0000F4C00F06BF9E8E70E480F4C00F066F910
:10A2D000E3E70E480E4C00F061F9DEE70024E7E703
:10A2E000B9AD0020AD9D0200D69D02003E01FF8069
:10A2F000039E02000E9E02002D9E0200E59D0200BC
:10A300003F01FF80EE9D02004001FF80F99D0200A9
:10A310003D01FF80F8B516460C4629B151F8087C7E
:10A3200026B900252846F8BD0F46F9E7304608F063
:10A33000DDFA05460028F4D0B7423A46214628BF48
:10A34000324608F01FFE204608F0D8FAEAE738B592
:10A3500002FB01F5284608F0C9FA044618B12A465E
:10A36000002108F00DFF204638BD000070B50646FC
:10A370001D481E4C0D46FCF761FE01F043F815F137
:10A38000090F2CD805F10801304608F0BFFA30B3A8
:10A39000A268174B05602A444360A26022692368C3
:10A3A0000132226162682B44934250F8042C88BF2A
:10A3B00063602360002AA0F10403B8BF9B18A26960
:10A3C0001B68521B23F00103134400F10806A3612C
:10A3D0000548FCF733FE01F031F8304670BD636983
:10A3E000013363610026F3E71CAD002000AD0020BF
:10A3F000EFBEADDE00B572465DF804EBFFF7B6BF09
:10A4000038B5054619480C46FCF718FE00F0FAFF6F
:10A410001CB354F8042C164B9A4225D154F80C1C4A
:10A4200054F8082CA4F10C030029B8BF5B18196874
:10A43000002344F8043C0F4B1868801A1860186910
:10A4400001381861986921F001010244521A9A6199
:10A45000A4F10801284607F0BFFE0448FCF7EEFD12
:10A46000BDE8384000F0EABF2146F3E71CAD00200C
:10A47000EFBEADDE00AD002000B572465DF804EB26
:10A48000FFF7BEBF07B50B46009201460022014808
:10A4900000F012FA4401FF8003460122D3E84F0F77
:10A4A000C3E8412FC0B20029F8D17047D0E85F3F20
:10A4B0005B18C0E8523F002AF8D198B27047D0E844
:10A4C0005F3F5B1AC0E8523F002AF8D198B270474C
:10A4D000034653E8000F401A43E80002002AF8D16F
:10A4E00070470346D3E84F0FC3E8421FC0B2002AAB
:10A4F000F8D1704738B5044600F06CF8D4E900454F
:10A5000000F07EF82046294638BD08B500F062F814
:10A51000FEE773B5002201460446022000F032FC3B
:10A520000D2600F057F80022254614F8013B23B908
:10A5300002B0BDE8704000F063B80A2B09D10D2AC3
:10A5400007D001220DF1070102208DF8076000F00D
:10A5500019FC01222946022000F014FC14F8012CF9
:10A56000E2E7000000B5A3B002460B4601A8842133
:10A570000AF0D6FC832806D9074B1A681B79CDF858
:10A5800083208DF88730002802DD01A8FFF7C1FF86
:10A5900023B05DF804FB00BF3D9E02000FB407B579
:10A5A00004A951F8040B0191FFF7DCFF03B05DF83B
:10A5B00004EB04B07047EFF31080C04300F00100DB
:10A5C0007047EFF30580003818BF0120704701F095
:10A5D0000FBE000008B501F0FBFD064A1368591CC8
:10A5E00004D1054905483F22FFF74CFF01331360B2
:10A5F00008BD00BF44AD00205C9E02006C9E0200BE
:10A60000044A136823B1013B13600BB901F0E8BDA4
:10A61000704700BF44AD002008B50B48FFF73CFF72
:10A6200028B1FFF7D7FFBFF34F8F20BFFDE7FFF73C
:10A63000C8FF08B1FFF769FFFFF7BDFF0028F9D099
:10A64000012000F0F2FA00BFB8AD00202DE9F04182
:10A65000494C0E462168C1F34173032B0CBF4D4298
:10A660008DB298B08046174644482A46C1F3074346
:10A67000FFF794FF6FF498721544132D0FD8DFE89D
:10A6800005F00A35383B3E4441470E0E0E0E0E0EC5
:10A690000E0E0E0E0E4AA1683948FFF77FFF4046A6
:10A6A000FFF737FF61683748FFF778FF4EB136484C
:10A6B000FFF72FFF3046FFF72CFF34483946FFF7EE
:10A6C0006DFFA1683248FFF769FF2368314A1A44D9
:10A6D000012A02D9304A934221D1A3681BBBE36807
:10A6E0000BB1596801B92D492D4A25E0A1682D48C3
:10A6F000D3E7A1682C48D0E7A1682C48CDE7A16832
:10A700002B48CAE7A1682B48C7E7A1682A48C4E7D5
:10A71000A1682A48C1E72A48FFF740FFBFE7294A56
:10A720009342DCD1D9E7DB6C1B07D8D4E3680BB1CB
:10A73000596801B91949244AE0690390A069029057
:10A7400060690190206900902048FFF727FF04A866
:10A7500000F08EFD079B01939DF81830009321684F
:10A760001B48DDE90423FFF719FF1A48FFF716FF1E
:10A7700018B0BDE8F08100BF4CAD0020B29E0200D1
:10A78000039F0200AB9F0200BC9F0200C49F020017
:10A79000C89F0200C2FE007F4001FF809D9E020014
:10A7A0002C9E0200199F0200299F0200389F020080
:10A7B0004B9F02005F9F0200739F0200829F020076
:10A7C000989F02003D01FF80A79E0200DC9F0200CF
:10A7D00035A00200AFA002007047000070B5294B01
:10A7E0008EB010EA200538BF1D460C4616460021E3
:10A7F000302202A808F0C4FC234B01952B44012B06
:10A80000039402D9214B9D4233D1E36B0293636BD6
:10A8100008931F4B5B690493DA6B05925A6B1B6BB1
:10A8200006920793FFF7D6FE1A4A13680133012BED
:10A83000136009D101AD0FCD174C0FC40FCD0FC45C
:10A840000FCD0FC42B68236001AC0FCC134D0FC587
:10A850000FCC0FC50FCC0FC523682B60104B1B68A6
:10A86000A5F130005BB19847FFF7CAFE00200EB09B
:10A8700070BD0C4B9D42C8D0029601ABC8E7FFF7F4
:10A88000ABFFF1E70101FF80C2FE007F4001FF80C6
:10A8900038040020B4AD002080AD00204CAD002075
:10A8A00048AD00203D01FF8000207047014B187823
:10A8B000C0B27047B9AD002080B506460C460A48C4
:10A8C0000121F04617461D46FFF70BFE48B94246E8
:10A8D00039463046FFF782FF029A29462046FFF7A5
:10A8E000B5FEFFF799FE00BFB9AD002038B5064CA4
:10A8F00023683BB9FEF7D0FE044D01462846FFF71A
:10A90000B9FA2560206838BD08AE0020C0AD00202F
:10A9100008B5836823B9054B1B6893F83D0008BD53
:10A92000C06898470028F6D0F9E700BF08AE0020BD
:10A93000F7B5194F04464FF0FF356FF0004620463B
:10A94000FFF7E6FF30BBD4E90023B34208BFAA42B9
:10A9500002D03868FFF79AFB01A8FFF7E9F8204614
:10A96000FFF7D6FF98B9D4E90023B34208BFAA4243
:10A9700007D100F09FF801A8FFF7E0F8BFF36F8F51
:10A98000DDE73B6893F83C30002BF2D1F3E701A8F8
:10A99000FFF7D4F803B0F0BD08AE002030B587B0A3
:10A9A000CDE902230A9B0C4D04930B9B05930446AF
:10A9B000FFF79CFF02A8FFF7BBFF2868FFF779FAB3
:10A9C00068462968FFF730FBDDE900232046C4E92B
:10A9D000002307B030BD00BF08AE00202DE9F041D4
:10A9E000DFF83C8086B005460E4604A8D8F8001073
:10A9F0001746FFF78FFAD8F80020DDE90443926B81
:10AA0000A41A63EBE2732A1943F1000302A8CDE90B
:10AA10000067FFF7C3FF0298001B06B0BDE8F08196
:10AA200008AE002010B5054C236813B9FEF734FEBC
:10AA300020602068BDE81040FFF736B80CAE00205B
:10AA400013B5074C01212046FFF730FD034628B916
:10AA50000090228803490448FFF72EFF02B010BD82
:10AA600020AE0020C9A002002301048013B5094CC8
:10AA700001212046FFF723FD4FF6FF73984206D1D0
:10AA800000230093228804490448FFF715FF02B011
:10AA900010BD00BF20AE0020EBA002002401048006
:10AAA000034B188880B2B0FA80F04009704700BFAD
:10AAB00020AE002070B5FFF78DFDFFF7B3FF044611
:10AAC0000D46FFF7EDFF90B102F0FAFDFFF7AAFF88
:10AAD0000A4ED6E900321B1B62EB05021B1842EB43
:10AAE0000102C6E90032BDE87040FFF789BD02F0FF
:10AAF000C3FD034EFFF796FFEBE700BF10AE00204B
:10AB000018AE00206FF01C0070476FF01500704702
:10AB1000012070470020704770470000034B186801
:10AB200018B14FF0FF31FBF74BB97047442A0020B2
:10AB3000024B186808B1FBF75BB97047442A002044
:10AB4000F8B5074F15460C468E18B44201D1284679
:10AB5000F8BD14F8011B384602F014FDF5E700BFFC
:10AB600004B1002038B511F001040D4605D00848A5
:10AB700002F03EFD041E18BF0124EB0605D5044873
:10AB800002F056FD08B144F01004204638BD00BF65
:10AB900004B1002010B5044607F0B0FE204610BDF9
:10ABA00010B510460C4622B1024802F0A9FC2070F4
:10ABB000012010BD04B1002038B5084B0360084BDC
:10ABC0001B680446154633B90648FEF7A3FF05483F
:10ABD000294602F079FB204638BD00BF28A20200BA
:10ABE00070B1002004B100200020704700207047A1
:10ABF000074A084913681844884289BF064B106009
:10AC00000C224FF0FF308CBF1A601846704700BF0F
:10AC1000EC04002000FC032098B6002008B508B121
:10AC2000FFF773FCFEE70120704708B5FFF7F6FF5A
:10AC300001207047002108F0B3BB08B5FCF718F8F5
:10AC400008BD08B5FCF71CF808BD000010B50446A7
:10AC5000037803F00303012B08D0FFF75FFF23788D
:10AC600003F00302012A03D1FFF762FF002010BDA9
:10AC70002AB1054905484FF4D462FFF703FC43F0BD
:10AC8000020323700120F2E723A1020035A1020094
:10AC900008B5037803F00302022A05D007490848E3
:10ACA00040F2A962FFF7EEFB23F0030343F0010338
:10ACB0000370BDE80840FFF73BBF00BF23A10200BF
:10ACC00053A102003F2870B504462CDC174E56F8FD
:10ACD00020305A1C25D1022823DCFFF787FF0346CA
:10ACE000E8B92046FFF780FF0346C0B9104D2B6836
:10ACF000BFF35B8FDB0711D42846FFF7A7FF68B1CE
:10AD00000C490D484FF4E132FFF756FF0B4A0C494E
:10AD10000948FFF788FF2846FFF7BAFF064B46F8B9
:10AD20002430184670BD0023FBE700BFF00400206C
:10AD300024AE002070A2020028AE002000020020F5
:10AD400019AB010038B50446FFF7BCFF0B4B0025DB
:10AD500043F8245030B906F057FF092303604FF041
:10AD6000FF3038BD03685B699847041E04DA06F0BB
:10AD70004BFF64420460F2E72846F2E7F00400204B
:10AD8000FFF7E0BF38B50C461546FFF79BFF38B913
:10AD900006F03AFF092303604FF0FF34204638BD28
:10ADA00003682146DB682A469847041EF6DA06F057
:10ADB0002BFF64420460EFE738B50C461546FFF7F9
:10ADC00081FF38B906F020FF092303604FF0FF34FC
:10ADD000204638BD036821469B682A469847041ED2
:10ADE000F6DA06F011FF64420460EFE710B5FFF7F2
:10ADF00069FF30B906F008FF0923036000242046EC
:10AE000010BD0368DB699847041EF8DA06F0FCFE03
:10AE100064420460F2E737B54023CDF801000546EF
:10AE200068468DF8003007F07FF9044630B12846B7
:10AE3000FFF7DCFF10B12046FFF7FCFE204603B011
:10AE400030BD00002DE9F74F06460F469046FFF74C
:10AE5000B8FB054630B100232C492D4800933246FB
:10AE6000FFF72AFDFFF7A7FB0028F4D0B8F1000F89
:10AE700009DA06F0C9FE162303604FF0FF342046BE
:10AE800003B0BDE8F08F3046FFF7B0FF044640B195
:10AE9000DFF880A01AF806902C464FF00D0BA8455D
:10AEA00011DCA045EBDDA8EB040239193046FFF7B1
:10AEB00069FF0028E1DB24181FBF3F19154B17F865
:10AEC000012C9A55DBE77A5D0A2A1AD1B9F10D0FE8
:10AED00017D0AC420BDA2A1B39193046FFF752FF64
:10AEE0000028CADB0444A542C9DC0AF806900A49D6
:10AEF00001223046FFF746FF0028BEDBBFD00AF82C
:10AF000006B017F805900135C9E700BF8AA1020015
:10AF10002F0101802CAE0020C4A10200FFF766BF04
:10AF20007FB504460D461646FFF74BFB30B10023B4
:10AF30001F49204800932246FFF7BEFCFFF73BFB6A
:10AF40000028F4D0002E07DA06F05EFE1623036018
:10AF50004FF0FF3004B070BD2046FFF747FFF8B157
:10AF6000154E01220DF10F012046FFF725FF0028A5
:10AF7000EEDBEFD09DF80F300D2B08D1325D0A2AA1
:10AF80000AD01A460A2332552B700120E2E70A2B19
:10AF900004D1325D0D2AF3E73355E2E71A46F2E7B2
:10AFA00032462946204604B0BDE87040FFF704BF92
:10AFB000C6A102002F0101806CAE002038B50C46FE
:10AFC0001546FFF77FFE38B906F01EFE0923036021
:10AFD0004FF0FF34204638BD036821461B692A46DE
:10AFE0009847041EF6DA06F00FFE64420460EFE7AD
:10AFF000FFF7E4BF38B50D46FFF764FE044630B9ED
:10B0000006F002FE092303604FF0FF3038BD0368ED
:10B01000DB69984700280CBF4FF400434FF40053FE
:10B020006B60236820469B6A984728610020EDE703
:10B03000FFF7E0BF13B5044607F058FC034628B9F4
:10B040000090034903482246FFF736FC02B010BDCA
:10B0500002A202001F01018007F048BC07F04EBCAD
:10B0600007F04CBC10B504460B48FBF7E7FF00F0B7
:10B07000C9F90023094A194652F8040B0133A042CA
:10B0800008BF42F8041C402BF6D10348FBF7D6FF5B
:10B09000BDE8104000F0D2B9ACAE0020F0040020B2
:10B0A00010B51248FBF7CAFF00F0ACF9104B0324AF
:10B0B00053F8242072B10134402CF9D106F0A4FDDC
:10B0C000182303600948FBF7B9FF00F0B7F94FF008
:10B0D000FF3408E04FF0FF32044843F82420FBF728
:10B0E000ADFF00F0ABF9204610BD00BFACAE0020B4
:10B0F000F004002010B50446FFF7D2FF002807DB5C
:10B10000044B054A43F8204000231354034A1354C8
:10B1100010BD00BFF00400206CAE00202CAE00205B
:10B1200070B505460E46FFF7E5FF041E01DA002064
:10B1300070BD3146FFF76FFE0028F9D1064B53F87A
:10B140002420954202D143F82400F0E706F05CFD8C
:10B1500009230360EBE700BFF00400200EB42DE9E3
:10B16000F04185B00546FFF79BFF041E13DB00236B
:10B17000294602A80193FEF79DFD02A8FEF7E8FD0F
:10B180001E4E054668B906F03FFD1323036046F8DE
:10B1900024504FF0FF34204605B0BDE8F04103B025
:10B1A000704702A8FEF7C2FD074602A85FB1FEF78E
:10B1B000C6FD0190019B124A46F824300023135526
:10B1C000104A1355E7E7FEF7A8FD05460028DAD038
:10B1D000036802A8D3F80880FEF794FD0B9B024693
:10B1E00001A92846C04705460028E3D006F00CFD1B
:10B1F0006D42056046F82470CBE700BFF0040020E4
:10B200006CAE00202CAE002070B50E4615490546E8
:10B2100008F02AFA044618B9FFF754FD204670BD1D
:10B220001149284608F020FA20B90120FFF74AFD0D
:10B230000124F3E70D49284608F016FA20B9022048
:10B24000FFF740FD0224E9E72B78402B02D1D5F827
:10B250000140E3E726F480312846BDE87040FFF75F
:10B260007DBF00BF98A2020090A2020088A2020047
:10B2700010B5044620B90F490F489022FFF702F994
:10B280004C220021043007F07BFF4FF2A003236023
:10B290004FF0005323614FF4802323624FF4801357
:10B2A0002364064B1B68636002232372044BE36034
:10B2B00010BD00BFB9A20200C6A2020000ED00E06E
:10B2C00088D5010070B50446FEF716FC0646FEF769
:10B2D000FCFB05463046FEF7F8FB431BA342F9D3BF
:10B2E00070BD00001FB50023CDE90013031D044607
:10B2F0000293684610230393F9F7BAFD206020B942
:10B30000034904483522FFF7BDF804B010BD00BF63
:10B31000EAA20200F9A2020010B503490446FFF7B1
:10B32000E1FF204610BD00BFFDA2020010B504469B
:10B33000FFF7D8FF204610BD0068F9F7B1BD10B582
:10B3400004460068F9F70AFE204610BD10B49DF8C7
:10B3500004400CB942F0020200685DF8044BF9F7B2
:10B36000CFBD07B5009313460022FFF7EFFF03B0F0
:10B370005DF804FBFFF7F5BF38B5FFF72BF9F9F7D8
:10B38000DDFF08490B6808608342074B82BF1A68DB
:10B3900001321A601D680446FFF732F9204629463B
:10B3A00038BD00BFDCAE0020E0AE00201FB500239A
:10B3B00003620D4B002918BF0B460093031D029337
:10B3C0001C230446039368460B230193FAF7E0FC21
:10B3D000206038B9FFF76AFA20B9044904483D22D1
:10B3E000FFF750F804B010BD1DA302004DA30200EA
:10B3F00057A3020010B500210446FFF7D7FF2046EF
:10B4000010BD000037B504464FF0FF310068FAF771
:10B41000D7FC054648B1FFF749FA034640B900900A
:10B42000044905482A46FFF747FA236A0133236295
:10B4300003B030BD7BA3020015010280036A013B0B
:10B4400013B503620068FAF7D3FC044648B1FFF76E
:10B450002DFA034628B90090034904482246FFF715
:10B460002BFA02B010BD00BF8DA3020017010280AD
:10B4700010B504460068FAF7D3FC204610BD000062
:10B480001FB504460023CDE90033231D1046029367
:10B490006A4610230393FAF7E7FD206020B90349B9
:10B4A00003483722FEF7EEFF04B010BDB7A3020039
:10B4B000C5A3020010B54FF6FF720446FFF7E0FF88
:10B4C000204610BD13B500680C46FAF7E5FD0246AC
:10B4D00070B1C11C4FF0000006D15CB1009006496C
:10B4E00006480023FFF7E8F9931CF7D102B010BD1E
:10B4F0000120FBE72046F9E7D4A3020014010280F3
:10B500000068FAF7F1BD10B504460068FAF71AFEB4
:10B51000204610BD08B538B1F9F75CFB20B10349EE
:10B520000348E322FEF7AEFF08BD00BF03A40200FC
:10B5300097A40200FBF7A6BA036910B504462BB91D
:10B540000B490C484FF4FD72FEF79CFF1B6804305A
:10B55000984704F15400FFF755FF0023636101236E
:10B5600084F83D3004F14000BDE81040FFF7C8BF4B
:10B570005C940200679402002DE9F047DDE908576A
:10B5800099466B07044618BF25F007068846924681
:10B590004FF000014FF0440200F178000CBF2E463E
:10B5A000083607F0EDFDB5FA85F300215B0984F854
:10B5B0003C30616184F83D10202204F11C0007F04A
:10B5C000DFFD4D44074BC4F830A0AD1B25F0070547
:10B5D000002F08BF1F46E562A761A662C4F8348049
:10B5E000BDE8F087A6A4020013B5049CCDE90034A1
:10B5F00013460A460021FFF7BFFF02B010BD00004E
:10B60000F8B5044600F1540528460E46FFF7FAFE49
:10B61000636913B994F83D302BB12846FFF70EFF4C
:10B620006FF00300F8BDD4E90A3093B32749002333
:10B63000E26AB3EB920F3FD34423271D6362B74204
:10B6400004F17803236209D03846F5F7EBF8F36884
:10B6500023611BB15B683146384698471C4804F1AA
:10B6600018022146FBF7E2F9606150BB94F83C30C8
:10B670002BB1A06A08B1FFF7F3FC0023A3622846B0
:10B68000FFF7DCFE04F14000FFF73AFF6FF0020025
:10B69000C8E7104B1049984294BF20F003004FF0C8
:10B6A000FF30FFF7D9FCA0620028BFD12846FFF782
:10B6B000C5FE6FF00400B5E7A26A42F8231001331B
:10B6C000B6E72846FFF7BAFE0020ABE7A52E5AE200
:10B6D00039B50100FBFFFF7FA4A8020070B500F19F
:10B6E000540504462846FFF78DFE04F140006669C4
:10B6F000FFF706FF0023636194F83D302BB100246F
:10B700002846FFF79BFE204670BD012384F83D309C
:10B71000002EF4D03046FBF7CBF90446F0E70000EA
:10B7200010B50D4B03600446FFF7D8FF94F83C308A
:10B730002BB1A06A08B1FFF793FC0023A36204F1C8
:10B740005400FFF795FE04F14000FFF7DCFE201DDA
:10B75000F5F768F8204610BDCCA4020010B50446E9
:10B76000FFF7DEFF2046BC21FFF778FC204610BD26
:10B7700038B5044600F154052846FFF743FE6469D6
:10B7800014B1A26B246B141B2846FFF757FE20460A
:10B7900038BD4FF08043D3F8383413F0010004D0A3
:10B7A00013F0020F0CBF012002207047704708B54C
:10B7B000FFF7EFFF012804D0FFF7EBFF831E58428D
:10B7C000584108BD7047012303727047002303727C
:10B7D0007047704700487047D4A5020010B5F421A7
:10B7E0000446FFF73BFC204610BD08B5002343721A
:10B7F00003F0B0F908B103F02FFD03F0A1F918B17F
:10B80000BDE8084003F04ABD08BD03F007BA70B5B3
:10B810004C00E4B2054604EBD11408460C214C431D
:10B8200004F11C06A919002625444E608E60C5E966
:10B83000072303F009FAB0FA80F0400970BD70B533
:10B840004C00E4B2054604EBD11408460C214C43ED
:10B8500004F11C01294400262C444E608E60C4E98A
:10B8600007231BB9636A43F00103636203F0ECF939
:10B87000B0FA80F0400970BD002003F05BBA0846C2
:10B8800003F058BA03F0F1BA38B508460C4615462D
:10B8900003F04EFD2046A9B203F06AF92046BDE848
:10B8A000384003F0ABB901F07F03082B10B50C460C
:10B8B00002D0084603F064FA2046BDE8104003F0C9
:10B8C00007BD084603F04EBA10B508460C4603F013
:10B8D00055FA10B1204603F085FD204603F050FADA
:10B8E000204603F0F5FC2046BDE8104003F020BDE3
:10B8F000084603F07DBB0000036810B59B69044651
:10B90000984703F037F820B1074908488422FEF72A
:10B91000B9FD04F0FBF863680BB1FFF7A7F8044A20
:10B9200000236360136010BD32A5020044A502002D
:10B93000E0AF002008B501234372FFF72AFF01287A
:10B9400010D103F0FDF808B903F024F8FFF721FF48
:10B95000022807D103F0FEF820B9BDE80840012015
:10B9600003F0C2B808BD000038B51E4B8022044663
:10B970000D46C3F88420BFF34F8FBFF36F8F43682A
:10B980000BB9FFF75DF86560002004F09BF820B16B
:10B99000582215491548FEF775FD154804F0D2F8F0
:10B9A000144803F0EBF8054608B16422F1E74021A2
:10B9B00003F0DEF84021802003F0DAF80E4B0F4A46
:10B9C0001C600F4B0F491D70D2F8303543F0010356
:10B9D000C2F83035272000F02BFABDE8384004F0DB
:10B9E000B7B800BF00E100E032A5020044A50200A4
:10B9F00018A6020059BD0100E0AF0020007002400F
:10BA0000DCAF0020BDBD010070B503460C46F1B9A6
:10BA1000EAB990F91210002919DA802003F08CF9A4
:10BA2000154B68B1D3F8002242F00402C3F800229B
:10BA3000124B01221A70124B8022C3F8042170BDF0
:10BA400001221A65BFF36F8FBFF34F8FF0E7002518
:10BA500003F11C06C3E907425D6203F0C3F93146F6
:10BA6000284603F0F1F80028E9D00649064840F2DC
:10BA70004312FEF707FD00BF00700240DCAF00205C
:10BA800000E100E032A5020044A5020010B50B461B
:10BA900000293AD1FAB9038B1BB190F91230002B6F
:10BAA00029DB002003F048F91C4B68B1D3F80022D1
:10BAB00042F00402C3F80022194B01221A70194BFC
:10BAC0008022C3F8042110BD01221A65BFF36F8FD5
:10BAD000BFF34F8FF0E700F1280183620363C26276
:10BAE000802003F0B1F80028EDD00F490F4840F254
:10BAF0007112FEF7C7FC00F128018262C262026384
:10BB0000036B43F001030363EAE70024C0E90A3250
:10BB100000F128010463002AF2D0E1E7007002403E
:10BB2000DCAF002000E100E032A5020044A50200E5
:10BB3000044A026000224260028182720122027481
:10BB4000704700BF60A5020010B50B4C2368BFF31F
:10BB50005B8FDB070ED42046FFF778F850B107481B
:10BB60000749FFF7E5FF074A0448FFF75CF820465E
:10BB7000FFF78EF8014810BDE4AE0020E8AE0020CB
:10BB8000ADB701000002002010B5044603F046F8EE
:10BB900003F068F9064A00238021A372C2F88411D9
:10BBA000044AC2F8FF3FBFF36F8FBFF34F8F10BD42
:10BBB00000E100E000600340034B8022C3F88421D1
:10BBC0005A6003F0C5BF00BF00E100E0837A012B9B
:10BBD00010B504464FD1037B062B1DD8DFE803F0D8
:10BBE000150E04091C3D220040680368DB69012131
:10BBF0002CE040680368DB69002127E0FFF7C4FF01
:10BC0000606803689B68984706E0037A23B1406840
:10BC1000E18903681B6A98470023A372BDE81040BE
:10BC2000FFF7CABFC37B002BF6D1807B03F0A6F8D9
:10BC30000028F1D194F90E206068A17B0368002AE6
:10BC400006DA4A0601D15B69DDE79B6A9847E3E7BC
:10BC500009B91B69D7E75B6AF8E7802003F0C2FBEC
:10BC6000002003F0BFFB04F1120003F099F86068B4
:10BC70000368DB68C7E7022B1ED1037C012B0FD0C2
:10BC8000022B11D0002BC7D1437A002BC4D002F075
:10BC900057FF08B902F07EFE606803689B69A6E75B
:10BCA000406803689B69A7E702F054FF0028B3D1FE
:10BCB000012002F019FFAFE7032BADD194F9122058
:10BCC0004068002A0368BEDAC3E70000044B802204
:10BCD000C3F88420BFF34F8FBFF36F8F03F03FBFD4
:10BCE00000E100E038B50C46FFF7F0FF402C28BF1C
:10BCF0004024A5B22946002002F03AFF29468020C0
:10BD000002F036FFFFF758FF204638BD70B51646E3
:10BD100005460C46FFF7DAFF082E324605F1120100
:10BD2000204628BF082207F02DF9BDE87040FFF734
:10BD300043BF000010B50446FFF7C8FF054B22685B
:10BD40001B685868DA6001229A720368BDE81040E7
:10BD5000DB6A1847E0AF0020024B1B680BB1FFF70E
:10BD6000E9BF7047E0AF002010B50446FFF7AEFF13
:10BD7000054B1B6858681C7402229A720368BDE860
:10BD80001040DB6A184700BFE0AF0020024B1B6881
:10BD90000BB1FFF7E9BF7047E0AF002010B5FFF728
:10BDA00095FF054B1B68586803229A720368BDE82B
:10BDB0001040DB6A184700BFE0AF002010B5074C09
:10BDC000237833B1064B1B680BB1FFF7E7FF002365
:10BDD0002370BDE8104003F049B900BFDCAF00207C
:10BDE000E0AF00200749084A084B9B1A03DD043BDB
:10BDF000C858D050FBDC06488047064880470648B4
:10BE00000047000068AB0200000200201010002074
:10BE10006DBE010021CB010041010100FEE7FEE7FC
:10BE2000FEE7FEE7FEE7FEE7FEE7FEE7FEE7FEE7EA
:10BE3000024B103043F82010704700BF0000002074
:10BE4000024B103053F82000704700BF0000002064
:10BE50004FF08053D3F83021082A03BFD3F83401C0
:10BE6000B0FA80F0400900207047000008B5FFF7E5
:10BE7000EFFF40B14FF080430022C3F80C21C3F81C
:10BE80001021C3F83825FFF7E3FF002846D04FF014
:10BE90008052674BD2F80414C3F82015D2F8081466
:10BEA000C3F82415D2F80C14C3F82815D2F81014CE
:10BEB000C3F82C15D2F81414C3F83015D2F818149E
:10BEC000C3F83415D2F81C14C3F84015D2F8201466
:10BED000C3F84415D2F82414C3F84815D2F828142E
:10BEE000C3F84C15D2F82C14C3F85015D2F83014FE
:10BEF000C3F85415D2F83414C3F86015D2F83814C6
:10BF0000C3F86415D2F83C14C3F86815D2F840148D
:10BF1000C3F86C15D2F84424C3F87025FFF798FFD6
:10BF200018B1444B444AC3F88C26FFF791FF18B16F
:10BF3000424BFB22C3F81825FFF78AFF70B14FF080
:10BF400080414FF08053D1F8E42ED3F8583222F0DC
:10BF50000F0203F00F031343C1F8E43EFFF778FF2D
:10BF600020B1374B4FF40072C3F84026FFF770FF43
:10BF700048B14FF08043D3F80024D20744BF6FF09C
:10BF80000102C3F800242F4AD2F8883043F470032A
:10BF9000C2F88830BFF34F8FBFF36F8F4FF010237D
:10BFA000D3F80022002A03DBD3F80432002B2EDA68
:10BFB000254B0122C3F80425D3F80024002AFBD026
:10BFC0004FF010221221C2F80012D3F80024002AE8
:10BFD000FBD04FF010231222C3F804221A4BD3F8DF
:10BFE0000024002AFBD00022C3F80425D3F8002443
:10BFF000002AFBD0BFF34F8F1249144BCA6802F4DA
:10C00000E0621343CB60BFF34F8F00BFFDE7104BDF
:10C01000104A1A604FF0804301220021C3F818250E
:10C02000C3F804119A60D3F80421002AFBD008BD9C
:10C0300000C00040005000404881030000F0004074
:10C040000090024000ED00E000E001400400FA052D
:10C05000F00500200090D0030F4BD3F8042182B0EC
:10C0600052B10022C3F80421D3F804210B490192F4
:10C07000019A0A6801320A60D3F84421084B0AB9D0
:10C080001A7832B11A780AB100221A7002B0FDF79C
:10C0900007BB02B0704700BF00100140E8AF0020AE
:10C0A000E4AF0020F0B5244F3A7885B06AB1234B55
:10C0B0000022C3F84421D3F844210192019A4FF49D
:10C0C0000032C3F8082305B0F0BD4FF08043C3F839
:10C0D000042101229A60D3F80421002AFBD0174CD6
:10C0E000174900250126656011206660FFF7A0FE54
:10C0F000C4F80855C4F84451D4F844310393039B61
:10C10000C4F80451D4F804310293029B4FF0021397
:10C11000C4F848330223C4F804330A4B4FF4003206
:10C120004021C4F8082383F81113C3F880211A6052
:10C1300026603E70C7E700BFECAF00200010014052
:10C1400059C0010000E100E0084A012353604FF4A8
:10C150000033C2F80833064AC2F88030BFF34F8F6D
:10C16000BFF36F8F034B00221A707047001001401D
:10C1700000E100E0ECAF002073B504460E46154622
:10C18000FEF728FA114B24F07F40D3F80445A04273
:10C1900004D0013424F07F44844202D1023020F0E4
:10C1A0007F4006F5A87643F82600D3F804232A40FA
:10C1B00007D1C3F84421D3F844210192019AC3F86E
:10C1C000045302B0BDE87040FEF71ABA00100140F7
:10C1D000024803780BB101F03BBB7047F405002027
:10C1E000024B012200201A7001F040BBF405002030
:10C1F000024B1878B0FA80F040097047F40500202F
:10C200001F288ABF00F01F0303461A4A1A4998BF25
:10C210004FF0A04203F5E07330B452F82320D1E987
:10C220000035C0F12004A0F12001C34005FA04F458
:10C23000234325FA01F1C2F301420B43032A03F021
:10C24000010302D17BB930BC7047002BFBD00B4BF4
:10C250001B5C9B06F7D50221094B0A4A1B6852F862
:10C26000200030BC1847054B1B5C5A06EBD501215A
:10C27000F2E700BF00030050F0AF0020BCB0002088
:10C28000B8B00020F8AF0020114930B4D1E9002542
:10C29000C0F1200405FA04F4A0F12001C2402243B9
:10C2A00025FA01F10A43D40703460ED5094A115C69
:10C2B000C1F30012890703D51AB930BC03F096B94F
:10C2C0001AB130BC184603F0E1BA30BC704700BF69
:10C2D000F0B00020BCB000202DE9F743DFF8449116
:10C2E0004A4D19F8003013F0010F0446C0F1200741
:10C2F000A0F1200601D1D80678D519F804309907A5
:10C30000224603D5C3F30011DB0654D50023ADF854
:10C31000053003238DF8043019F80430C3F381018C
:10C32000012901D0032901D18DF8051019F8043035
:10C33000D80622D5364A01A9204603F0BDF9354A70
:10C34000D2E9003202FA07F1E3400B43F240134313
:10C35000D907804609D519F804305A0601D49B063E
:10C3600003D50121204603F025FAB8F1040F12D1BC
:10C3700029492A489822FEF785F81F2C9DF8053098
:10C3800086BF274904F01F024FF0A04102F5E0727A
:10C390009B0041F822300123D5E9000103FA06F29F
:10C3A00023FA07F73A43A34003430A43C5E900329F
:10C3B00003B0BDE8F0831F2C88BF194BADF8041003
:10C3C00094BF4FF0A04304F01F02D3F804358DF85A
:10C3D000061098BF2246D34003F0010301A920466E
:10C3E0008DF8053003F098F88046BEE7012303FA84
:10C3F00006F623FA07F703FA04F1D5E900323E43C3
:10C4000023EA010322EA0602D0E700BFF0B00020D1
:10C4100001C20100F0AF002056A6020061A6020092
:10C4200000030050BCB000204B1C10B50446017046
:10C4300014D0C9B22F2904D909490A485422FEF759
:10C4400021F809490620FFF7F3FC03F025F8074916
:10C4500094F900208B5C43F001038B5410BD00BFA6
:10C4600056A602007FA6020001F90100BCB0002020
:10C4700008B590F90030591C04D1104910485F22CA
:10C48000FEF700F80F4AD25C92070CD51F2B8ABF2B
:10C490000D4A4FF0A04203F01F03D2F80405D84024
:10C4A00000F0010008BD1F2B8ABF074A4FF0A042D1
:10C4B00003F01F03D2F81005F1E700BF56A60200F3
:10C4C0001D900200BCB000200003005038B50446A7
:10C4D00090F90000431C0D4604D10A490A48AE22D7
:10C4E000FDF7D0FFC0B2FFF7CFFE94F90000074B75
:10C4F0001A5C65F383021A54BDE83840C0B2FFF7F6
:10C50000EBBE00BF56A602001D900200BCB000208A
:10C5100038B5044690F90000431C0D4604D10A4981
:10C520000A48B922FDF7AEFFC0B2FFF7ADFE94F99D
:10C530000000074B1A5C65F341021A54BDE838400D
:10C54000C0B2FFF7C9BE00BF56A602001D90020090
:10C55000BCB000202DE9F04198464B1C07460C4624
:10C5600016461FD0CDB22F2D04D90F490F48CB222C
:10C57000FDF788FF02F090FF2846FFF785FE0C4B81
:10C58000195D21F01C0141F010011955094B3C6067
:10C5900043F82480084B28461E60FFF79DFE0020CC
:10C5A000BDE8F0810846FBE756A602007FA6020020
:10C5B000BCB00020F8AF0020B8B0002010B5044691
:10C5C000006803F063F92068064B1A5C6FF30412ED
:10C5D0001A54054B002243F82020BDE81040C0B299
:10C5E000FFF77ABEBCB00020F8AF002000280CDBBB
:10C5F0004309064900F01F0020330122824041F820
:10C600002320BFF34F8FBFF36F8F704700E100E02F
:10C610000023435082B043580193019B02B07047FE
:10C620000378012B10D0022B10D0002B0CBF082355
:10C630000223CA690B6213420AD08B6943B10022FC
:10C640008A6101220A7518470423F2E71023F0E7F4
:10C65000704700002DE9F0410668044686B0304678
:10C6600000F0AEF9844205D12369022B02D1237D6B
:10C67000002B3CD02F4D2146304600F099F9022383
:10C68000236155F83630D3F80035F7005BB194F8E4
:10C6900024307BB3284807EB0008404604F0D2F86A
:10C6A000404604F067F8254B53F8260040F3073066
:10C6B000FFF79CFF94F8253094F9050094F90410D5
:10C6C0000BB394F826301C4C049100225B083C44C8
:10C6D000CDE90220019301A907232046ADF81420DB
:10C6E0008DF8163003F0C4FF204604F077F806B04A
:10C6F000BDE8F08105EB0708404603F07FFD4046AA
:10C7000003F096FDCFE7A36803930723ADF810303D
:10C71000A369CDE901013D444BB1094A234601A972
:10C72000284603F0D5FC284603F058FDDFE71A46FB
:10C73000F5E700BF14A7020004A7020024A7020027
:10C7400021C6010070B50E461546044604F06EF988
:10C75000184B0268B3FBF2F3174A294630461360C0
:10C7600000F038F9012804DD144915487E22FDF750
:10C7700089FE00234FF0CC72C4E902230122227506
:10C78000104A206011782671C4E90633657123616F
:10C790002362A38484F8263051B10B49137003201F
:10C7A000FFF746FBBDE8704008490420FFF740BB97
:10C7B00070BD00BF40420F00F8050020D8A602005F
:10C7C000E2A60200F5050020D5090200E1090200F9
:10C7D00090F8253063B9084B99420ADD074B99421E
:10C7E000CCBF4FF0CD614FF08061012381600375B4
:10C7F00070474FF0CC71F8E78FD003007F1A060026
:10C800000268114B2DE9F04153F822500F4F4FF4BD
:10C81000827104462846FFF7FBFE01236B6104F09A
:10C820000DF93B6842F20F7803FB00F6D5F80431AE
:10C8300033B904F003F93B6843439B1B4345F5D9E7
:10C840000020E060BDE8F08124A70200F805002088
:10C850002DE9F0411C4601230375D0F800800E46F7
:10C860001746FFF7F7FE084823463A46C6F3470146
:10C8700000EBC80003F0A6FD00280CBF20464FF0D7
:10C88000FF30BDE8F08100BF14A702002DE9F3419D
:10C890001D4601230375D0F800800E461746FFF7AA
:10C8A000D9FE089C0A48B4FA84F4640900942B4623
:10C8B0003A46C6F3470100EBC80003F06BFD0028C1
:10C8C0000CBF28464FF0FF3002B0BDE8F08100BF3A
:10C8D00014A70200C368003918BF01214BB190F8BA
:10C8E000253080F82430012380F825100375FFF7E8
:10C8F000B1BE0B46F5E7000010B50368064C04EB2B
:10C90000C304204604F00AF818B9204603F0F6FFE5
:10C9100010BD0320FCE700BF04A702002DE9F04191
:10C92000D0F800800D4F0D46164607EBC804204690
:10C9300003F0F4FF0028FAD032462946204603F0DF
:10C94000B9FF204604F00AF80028FAD157F8383029
:10C95000D3F83C05C0B2BDE8F08100BF04A70200D7
:10C960002DE9F041D0F800800D4F0D46164607EB3B
:10C97000C804204603F0C2FF0028FAD032462946F8
:10C98000204603F073FF204603F0D8FF0028FAD1B9
:10C9900057F83830D3F84C05C0B2BDE8F08100BF7D
:10C9A00004A702000121017580F82620FFF752BE7E
:10C9B0000228DCBF014B43F820107047F8B000207C
:10C9C0000228DABF024B53F820004FF0FF307047C7
:10C9D000F8B000202A4B70B502461C46002093F99F
:10C9E00000506E1C03D193F90160013612D09542BC
:10C9F0002BD193F901508D4227D104EBC004214D76
:10CA0000606800EB40042B192A55FF2459709C7074
:10CA1000431C19D11B4B93F90040A24207D193F953
:10CA20000100884203D193F90200013025D093F927
:10CA3000030082420CD193F904508D4208D193F93E
:10CA40000550013504D1012070BD01300833C6E71F
:10CA50005D782C409D782C40FF2C0CD01C79204018
:10CA60005C792040FF2808D1012000EB40041D190B
:10CA70001A556970E8E70020F7E70020E4E700BFF7
:10CA8000DCA4020000060020234B70B502461C46C1
:10CA9000002093F90060751C13D093F90150B5F193
:10CAA000FF3F0ED096421FD18D421DD104EBC00432
:10CAB0001A4B606803F8102003EB4003461C5970C2
:10CAC00011D1164B93F90040A24203D193F9010012
:10CAD00088420CD093F9020082420AD193F90350A4
:10CAE0008D4206D1012070BD01300833D1E700200E
:10CAF000F9E75D782C40FF2C0BD0DC782040FF2834
:10CB00004FF00100EFD103F8102003EB4003597000
:10CB1000E9E70020F7E700BFD4A40200FC050020ED
:10CB200008B5054B05494FF48072184606F02AFAFD
:10CB3000034A906008BD00BF000000200000010013
:10CB400000ED00E000F0D0BD0023435082B0435818
:10CB50000193019B02B070472822074B50431A18DB
:10CB60001B58002151741A6A22B1586A800701D5F6
:10CB7000D8691047704700BFE0B10020074B28225A
:10CB800050431A18002151731B581A6A2AB1596A66
:10CB9000C90702D5D869012110477047E0B10020CC
:10CBA000084B282250431A180021D17351731B5887
:10CBB0001A6B2AB1596B490702D5042199631047B2
:10CBC000704700BFE0B1002008B5174B1A7832B1AA
:10CBD00000201870154BDB7BF3B1FFF7E1FF144B1E
:10CBE0001A781AB100201870FFF7B6FF114B1A78A7
:10CBF00042B100221A700D4B93F8373001207BB1FF
:10CC0000FFF7CEFF0C4B1A786AB100221A70BDE80C
:10CC100008400120FFF7A0BF1846FFF7AFFFDEE78F
:10CC2000FFF7ACFFEEE708BD77B10020E0B10020D0
:10CC300076B1002075B1002074B1002008B5114B09
:10CC4000024653F82000104BC0F808334FF4A67189
:10CC5000FFF77AFF4FF48871FFF776FFD0F80032C4
:10CC600023F02003C0F80032084B282101FB0233D7
:10CC700001221A74002283F824201023C0F8043300
:10CC800008BD00BFCCA7020010000800E0B10020E2
:10CC9000184B2DE9F04153F82080174F174EC8F874
:10CCA0000863282303FB00F43D190434686900F08D
:10CCB00014FE20234FF4A6714046AB61FFF744FFFA
:10CCC0004FF48871FFF740FFD8F8003243F020039B
:10CCD000C8F8003200233C440122AB74C8F8344544
:10CCE0002B74C8F8382585F82430C8F80463BDE8EB
:10CCF000F08100BFCCA70200E0B1002010000800C6
:10CD000040B9074B01221A70064B4FF48012C3F84A
:10CD1000002170470128FCD1034B1870F4E700BFD5
:10CD200077B1002000E100E075B100202DE9F74F58
:10CD3000DFF84481044658F82000D0F81031EBB1F8
:10CD40004FF48871FFF700FFDFF81CA1282363432D
:10CD50000AEB030B9BF81060002E43D000228BF8E7
:10CD600010208BF80E205AF80330D3E90F212AB196
:10CD7000C80503D54FF480715964904758F8245082
:10CD8000D5F84C31FBB1D5F81031E3B94FF4A671A9
:10CD90002846FFF7D9FE3448282363431A1D03446D
:10CDA000997C81F001010A440244186AC5F83425CF
:10CDB000411C4FF00102C5F8382504D099690329B8
:10CDC0004CD902F069FCD5F82031002B49D0284617
:10CDD0004FF49071FFF7B8FE204603B0BDE8F04F66
:10CDE000FFF78EBF9BF81250D0F83C9585F00102FA
:10CDF0008BF81220B9F1000FC0D01D4403F11807C1
:10CE0000033557445544DBF8140001A900F087FDB1
:10CE100088B115F8013F0370DBF8140001A900F098
:10CE2000A8FD57E8002F013A47E80023002BF8D16E
:10CE30000136B145E7D1282303FB04A35A7C002A1D
:10CE40009CD101225A744FF48011084B24B9084830
:10CE50000270C3F8001191E70648F9E783F824202F
:10CE6000B1E703B0BDE8F08FE0B1002000E100E0E1
:10CE700076B1002074B10020CCA702000120FFF79A
:10CE800055BF0020FFF752BF2DE9F843044628B9EB
:10CE90005B495C4840F24222FDF7F4FA4268551CB7
:10CEA00018D01F2A4FF0010385BF02F01F0003FABC
:10CEB00000F103FA02F1544B9CBF4FF0A04310461F
:10CEC00000F5E07094BFC3F80815C3F808150321F6
:10CED00043F82010A168481C0CD01F298BBF01F01B
:10CEE0001F030B4648484FF0A04003F5E0730025B0
:10CEF00040F823502368454E56F82300C0F80C250F
:10CF0000C0F81415227D012A15D1E268511C0CD0FD
:10CF10001F2A8BBF02F01F0111463B4D4FF0A04569
:10CF200001F5E071002745F821704FF0FF31C0F89E
:10CF30000815C0F81025364D2169282707FB035333
:10CF40001A6A91424ED0187F02F0C4FE20B140F21E
:10CF50006F222B492F489FE7236807FB03531B6A67
:10CF6000013302D0206902F041FB2069431C33D019
:10CF7000294902F0D1FA082806D1206902F036FBCF
:10CF80002549206902F0C8FA10B140F28622E0E794
:10CF90002368206956F823704FF0280808FB0352D5
:10CFA00007F5887792F81C9002F068FB3946024634
:10CFB000484602F059FE10B14FF42372C9E72368C6
:10CFC00008FB0353187F02F06FFE10B140F28F226E
:10CFD000BFE7206902F040FB2368282202FB0355CB
:10CFE00023692B622368217D56F82320637D0B4340
:10CFF000C2F86C35A369C2F82435BDE8F88300BFD8
:10D0000066A7020073A7020000030050CCA702002D
:10D01000E0B1002044A50200C6A7020070B5044696
:10D0200028B91A491A484FF43C72FDF72BFA0568E3
:10D03000184E28236B43F218F358834202D193F819
:10D040002C1081B12046FFF71FFF28236B43284691
:10D05000F450002384F82C3094F82D304BB1BDE807
:10D060007040FFF7EBBD93F82D30127C4BB93AB10D
:10D070002846FFF70DFE084B53F8253001221A60B1
:10D0800070BD002AFCD12846E9E700BF66A7020070
:10D0900073A70200E0B10020CCA702002DE9F84FF1
:10D0A00088461746044628B95749584840F237324F
:10D0B000FDF7E8F9564B574D1A78002A5ED000224A
:10D0C0001A7002F01FFA08B902F0E6F9524E5349FD
:10D0D0001420FEF7ADFEE02386F814334FF48013DE
:10D0E000C6F880313360DFF86C914D49012321226D
:10D0F000484600F0DFFB00234A48C5F814902B6037
:10D1000002F084FD814620B14FF456723E494648F4
:10D11000CEE7464B46494FF0FF3AC5F820A0022023
:10D12000C3F808A3FEF784FE042386F80293C6F82A
:10D1300080313360DFF820B13E4901232122584677
:10D1400000F0B8FB3C48C5F82890C5F83CB002F0A8
:10D150005DFD814610B140F26E32D7E7374BC5F81E
:10D1600048A03749C3F808A32820FEF761FE4FF412
:10D17000807386F82893C6F8843173603946404638
:10D18000FFF782FC28234343EA18206096680136A3
:10D19000012E96601ED12B4A52F820000822C0F8BA
:10D1A00000250C334FF0FF32C0F80C251D44C0F8A9
:10D1B00014254FF08052C0F824254FF49071C0F828
:10D1C0004455C0F84865FFF7BFFC8660D0F81C31B5
:10D1D000002BFBD01C4BA3614FF0FF33C4E903339A
:10D1E0000023A3822362194B9C4208BF184A4FF0C8
:10D1F0000103C4E9018708BF136084F82C3020467E
:10D20000BDE8F84FFFF70ABF66A7020073A7020048
:10D2100009060020E0B1002000E100E0C9CB0100D8
:10D22000BCB10020FCB1002044A502000020004059
:10D2300083CE010088B1002024B20020008002408B
:10D240007DCE0100CCA702000050270004B10020D1
:10D2500070B10020ACB1002078B1002008B528B929
:10D26000134914484FF47572FDF70CF9026812491E
:10D27000282303FB02118B6883B1013B8B606BB9E0
:10D280000E4951F82210C1F8003501213AB90C4B72
:10D29000C3F8FC2FD3F8FC2FC3F8FC1F08BD094AC4
:10D2A000C2F8FC3FD2F8FC3FC2F8FC1FF6E700BF13
:10D2B00066A7020073A70200E0B10020CCA702001D
:10D2C000002000400080024008B528B934493548A4
:10D2D00040F20242FDF7D6F8B1F5166F39DBB1F531
:10D2E000965F39DBB1F5165F39DBB1F5615F38DB8D
:10D2F000B1F5964F37DBB1F5E14F36DB47F6112339
:10D30000994234DDB1F5164F33DBB1F5614F33DBB4
:10D31000B1F5963F33DBB1F5E13F33DBB1F5613F6A
:10D3200032DB214B994232DDB1F5E12F32DBB1F531
:10D33000612F32DB1D4B9942CCBF4FF080514FF033
:10D34000706183698B421EBF0123816180F82C309C
:10D3500008BD4FF49E21F4E74FF41D21F1E7144975
:10D36000EFE71449EDE71449EBE71449E9E71449FD
:10D37000E7E74FF40001E4E74FF41D01E1E74FF464
:10D380006B01DEE70F49DCE74FF0EB71D9E74FF0B7
:10D390006C71D6E74FF08061D3E74FF0E861D0E7DA
:10D3A00066A7020073A702008FD003003F420F0060
:10D3B00000B013000050270000F03A0000A04E001B
:10D3C00000C0750000903A0108B528B91449154805
:10D3D00040F24242FDF756F8082904D0104912489D
:10D3E00040F24742F6E732B1022A09D00C490F4811
:10D3F0004FF48962EEE7012B0CD1417D31B908BDB4
:10D40000012B07D1427D0E2AF9D00E22427580F8F9
:10D410002C30F4E70249064840F24942DAE700BFFF
:10D4200066A7020073A7020077A7020086A7020082
:10D43000B7A7020008B528B91149124840F26A425C
:10D44000FDF720F8B3F1FF3F14D0012912D14FF0BE
:10D45000FF33C3609A4201D14FF0FF32003918BF49
:10D4600001210123017580F82C300261BDE80840DC
:10D47000FFF7D4BDC360531CEED00229EBE700BF19
:10D4800066A7020073A7020008B528B90449054839
:10D4900040F2D642FCF7F6FFC0E9072108BD00BF05
:10D4A00066A7020073A70200F8B50E4628B9114915
:10D4B000114840F2EB42FCF7E5FF01290768446A96
:10D4C0000CBF0125022582B125434562FFF7A6FD69
:10D4D000012E0DD1094B53F82730D3F81C313BB145
:10D4E0003846BDE8F840FFF70BBC24EA0504446267
:10D4F000F8BD00BF66A7020073A70200CCA7020018
:10D50000F7B528B91C491D4840F21452FCF7BAFF80
:10D51000002207681A4C80F82D20FFF77FFD282392
:10D5200003FB07435D696A89EB8892B29BB29A421A
:10D53000F9D001A9284600F02CFA01A90646284690
:10D5400000F052FA282303FB0743183353E8001F67
:10D55000013143E80012002AF8D1282303FB0744D5
:10D5600094F8243023B1206A84F8242002F094F83F
:10D57000307803B0F0BD00BF66A7020073A70200B9
:10D58000E0B1002038B50D4628B91549154840F2DC
:10D590004552FCF777FF0468FFF740FD124B53F844
:10D5A0002400D0F81C31002BFBD04FF48E71FFF714
:10D5B000CBFA28220D4B54431A190C341C44157312
:10D5C0000122C0F844454FF49071C0F84825FFF798
:10D5D000BBFA4FF48073C0F80433826038BD00BFDB
:10D5E00066A7020073A70200CCA70200E0B10020EA
:10D5F00010B528B90B490C4840F26D52FCF742FFB8
:10D60000002280F82D200468FFF708FD074B282230
:10D6100002FB04335B695889DB88C01A18BF0120FC
:10D6200010BD00BF66A7020073A70200E0B1002092
:10D6300008B528B90C490D4840F28A52FCF722FF80
:10D6400002680B4B282101FB02335B7BDBB243B941
:10D65000084B53F82230D3F81C01003818BF0120C2
:10D6600008BD0020FCE700BF66A7020073A7020008
:10D67000E0B10020CCA702000E4B1A6942F0100264
:10D680001A61F1EE102A22F09F02E1EE102AF1EE6B
:10D69000102A094A4021C2F884114FF0804201212A
:10D6A000D16740BF20BF5A68044B134003B920BF65
:10D6B000704700BF00ED00E000E100E03FF0439E56
:10D6C000074808B5037813B1064B01225A60FFF7EB
:10D6D000D3FF037813B1034B01221A6008BD00BFCA
:10D6E00030B20020009000407047000000487047B2
:10D6F000D4A7020073B5224E224C327862B10023C7
:10D70000C4F84031D4F840310093009B4FF480338B
:10D71000C4F8083302B070BD01254FF48033656052
:10D72000C4F80833D4F80435174923F00303C4F8C8
:10D730000435D4F8103523F00F0343F00403C4F884
:10D740001035D4F8083543F00303C4F80835C4F89D
:10D750004025C4F84021D4F8403101930920019BB1
:10D76000FEF766FB094B402283F809234FF4007251
:10D77000C3F880211A60256065643570CAE700BF70
:10D7800030B2002000900040019B010000E100E069
:10D79000024B01225A64D3F84405704700900040C0
:10D7A00013B50446FCF716FF0B4BC3F84045D3F8FE
:10D7B000042312F4803209D1C3F84021D3F8402168
:10D7C0000192019A4FF48032C3F8042302B0BDE8FD
:10D7D0001040FCF715BF00BF00900040024B4FF413
:10D7E0000072C3F80021704700E100E0024B4FF4E3
:10D7F0008032C3F80823704700900040054B002298
:10D8000082B0C3F84021D3F840310193019B02B0AC
:10D81000704700BF009000400A4B01225A601A6115
:10D820004FF48032C3F80823074B4FF40072C3F85B
:10D830008020BFF34F8FBFF36F8F044B00221A700D
:10D84000704700BF0090004000E100E030B20020CF
:10D8500072B6054A1378191E18BF012101330170F1
:10D8600013700020704700BF31B20020044B1A78BB
:10D8700018B1013A1A7000207047187062B6FAE7C2
:10D8800031B2002010B5034653E8002F02EA010030
:10D8900043E8000494F0000FF6D110BD10B5034624
:10D8A00053E8002FA2EB010043E8000494F0000FBE
:10D8B000F6D110BD10B561B1B2FBF3F403FB142433
:10D8C000A4B244B9C0E9001484608281C3812046B7
:10D8D00010BD0E20FCE70920FAE782B050E8022FC5
:10D8E000C188B2EB324F4FF0000317BF92B241EA4A
:10D8F000014142EA014104E04268B2EB324F08BF05
:10D90000012340E80212002AE8D18DF807309DF883
:10D910000730002B0CBF1120002002B0704737B534
:10D9200050E8013F9DB2C48925448489A54228BF9F
:10D930002D1B0489A54202BFBFF32F8F002207E0F1
:10D94000C5EA030540E80154002CE9D14FF001027B
:10D950008DF803200193019A0A609DF8031001F0ED
:10D96000FF0321B1006810FA82F003B030BD184601
:10D97000FBE70A884B889A4209D150E8012FC2EA96
:10D98000024240E80123002BF7D10120704700201C
:10D99000704737B550E8023F1FFAA3F5C488A54287
:10D9A00002BFBFF32F8F00220DE0C4892544848974
:10D9B000A54228BF2D1BC3EA054540E80254002CB0
:10D9C000E8D14FF001028DF803200193019A0A601B
:10D9D0009DF8031001F0FF0321B1006800EB124035
:10D9E00003B030BD1846FBE70A884B889A4209D13C
:10D9F00050E8022FC2EA224240E80223002BF7D16E
:10DA0000012070470020704770B5064E054600247F
:10DA100056F8043B0BB1284698470134042CF7D143
:10DA200070BD00BFA4B200204388033300EB830322
:10DA3000994209D382884FF6FF739A4206D0008834
:10DA4000B0FA80F04009704702207047012070470B
:10DA50000B4A0C495388142000FB0311CB6833B9DF
:10DA60000420496810700122074800F0DEBB074916
:10DA70000523137002238B80012209680023F3E73A
:10DA800054B200206CB20020FC0F002064B20020D1
:10DA900007B5002305490093054A0968054808238E
:10DAA00000F095FB03B05DF804FB00BF64B20020FA
:10DAB000E8A70200FC0F002007B5002301460093F1
:10DAC000034A0448082300F082FB03B05DF804FB1E
:10DAD000E0A70200FC0F002013B500230C460093C2
:10DAE0000146084A0848042300F071FB38B9074989
:10DAF000142202FB041101230B7402B010BD0E208E
:10DB0000FBE700BFDCA70200FC0F00206CB2002086
:10DB100037B50A480A4B42689C8819685388032520
:10DB2000033305709BB2002000909B0001EB840141
:10DB3000044800F04CFB03B030BD00BF54B20020DD
:10DB400064B20020FC0F002038B5144B14220D469F
:10DB500002FB00335C682B6804F58051A3B15C883C
:10DB6000033403EB84048C4215D22368013312D0B2
:10DB70002046FFF759FF012808D002280BD00028C3
:10DB8000F1D12C60012038BD0834ECE76388033301
:10DB900004EB8304E7E70020F5E700BF6CB2002048
:10DBA0004368F7B505460E461BB1234AD1688B4240
:10DBB00006D200240027022C34802AD1002022E043
:10DBC00012699342F5D813F00304F2D11B4A01897C
:10DBD00012899142EED101689A689142EAD11849BE
:10DBE0004A68934203D902F5805293420DD38A6961
:10DBF00093420CD902F58052934208D2012333801C
:10DC0000B4FA84F0400903B0F0BD2346F7E70A24D4
:10DC1000F6E7019701A92046FFF796FF10B90134F6
:10DC2000A4B2C8E7019B2A6899689142F2D16B605F
:10DC3000024B1B892B81E6E7FC0F002054B2002029
:10DC40006CB200202DE9F0471C461D4B1B7807469F
:10DC5000884616467BB382B37CB3DFF86C904FF0F6
:10DC6000140AA588012D01D90A2022E00AFB05F338
:10DC700019F803302BB921462846FFF765FF18B97C
:10DC800020600135A580ECE723681FB199883A88A8
:10DC90009142F0D1B8F1000F04D01988B8F80020F3
:10DCA0009142E8D19A68C6E90023064B1B8933816B
:10DCB0000020BDE8F0870220FBE70520F9E700BF60
:10DCC000B8B2002054B200206CB2002008B5074B57
:10DCD0005888191DFFF738FF18B1BDE80840FFF755
:10DCE00017BFBDE80840FFF7B3BE00BF54B2002025
:10DCF0002DE9F0479C4FDFF8948288B006463B68D8
:10DD000023B99A484146FFF744FE38603D682978B8
:10DD10004B1E052B00F21481DFE813F006006900AA
:10DD2000690009010901720146B1914B0021596056
:10DD3000142203A805F024FA012407E12B79032B10
:10DD40001CD8DFE803F01402303B8A4A1378022B18
:10DD50001DD0137D022B4FF001031AD114214B4328
:10DD6000D1180020D0544868FFF7A6FE03E0012335
:10DD70002B71FFF78DFE002800F0D3807C4B002133
:10DD8000142203A859600E2405F0FAF9DEE00023FE
:10DD9000E4E7774A002113705160142203A805F0CC
:10DDA000EFF90024D2E074497448002302222B7159
:10DDB0008A800968012200F038FADCE76E4C002600
:10DDC0002E712068FFF778FE6D4BDFF8A8C15B88E5
:10DDD0002568142253430CEB03020CF803605168CE
:10DDE0005560A588158102222160A280C3E7B5F89D
:10DDF00014A0AA7DDFF87C91B6B1022AEB8806D97F
:10DE0000142101FB0A91DA1C088902440A811422B8
:10DE100002FB0A99C3F57F43B9F80A10FD330B449E
:10DE2000A9F80A30002184E7142303FB0A93188918
:10DE30005C6804EB8004062A05D8DFE802F0355B55
:10DE40004351256775000F24AA7DEB88022A06D965
:10DE5000142101FB0A91DA1C088902440A81142268
:10DE600002FB0A99C3F57F43B9F80A20FD33134436
:10DE7000A9F80A301422002103A805F081F941F61F
:10DE80001D539C428DD061E03E483F4900234360D2
:10DE9000AB690360FFF784FE014628B9142203A88A
:10DEA00005F06EF90A2451E00223AB7500230093BC
:10DEB0000423EA182146314800F089F9002830D0BF
:10DEC0000E24C1E72B69002B0CBF01230323AB7584
:10DED0000023009305F10C02042304F10801EAE792
:10DEE0000123AB750022EB8800922A699B0004F1A4
:10DEF0000C01E0E7032914BF06230523AB750023BB
:10DF00000093042305F10802E118D4E70623AB755A
:10DF10001D4B19881B4B5868FFF7DEFD044600288F
:10DF200092D108B0BDE8F08741F61D548CE70EB1E0
:10DF3000142277E72B79012B47D0022B57D03BB324
:10DF40001422002103A805F01BF90F243B68049458
:10DF50001A78023A042A00F20781DFE812F0E8009A
:10DF6000F40016011E01250150B2002094B20020D9
:10DF7000B8B200206CB2002064B20020FC0F002078
:10DF800054B2002040B200203CB200204CB200202D
:10DF900002232B710DF10A01EB68039303A8CDE96D
:10DFA0000466FFF7FDFD10B91422314677E70498A7
:10DFB000BDF80A108388EB8003882B81FFF78CFD66
:10DFC0000446002C7FF456AFABE7DFF8F89103AAC4
:10DFD0004B463146A81DFFF735FE044650B9B9F847
:10DFE00004100498FFF778FD0A280446E9D11422AA
:10DFF0000021D3E60A28C9E900667FF43BAFF6E7C3
:10E00000002E95D16A4B197B1A78A9B11E731A7824
:10E01000013A062A94D801A151F822F0C3E0010088
:10E02000E9E0010007E101000DE1010041DF01002D
:10E0300013E1010025E10100072AE8D801A151F808
:10E0400022F000BF65E001000FE001000FE00100D9
:10E050008BE001009FE00100BFE00100BFE0010094
:10E0600087E001001A89534901321A8100225A803F
:10E070001A730A78B2FA82F252099A720A7DB2FAD7
:10E0800082F25209DA72012207E04B4958688A8805
:10E090004088033202448A8002221A70B7E75C8803
:10E0A000444A4549142505FB042208685468506019
:10E0B0008888108102228A800C600622EDE7072200
:10E0C000EBE79A7A32B9DA7A8AB900211970598065
:10E0D000596062E6374900229A72CA68002AF2D172
:10E0E000097C0029EFD05A80FFF7F0FD68E7002295
:10E0F000DA72304A116A0029E7D192F82420002A06
:10E10000E3D00122EFE7FFF703FD59E7FFF7A0FC9B
:10E1100056E75A88274B142101FB02335868FFF752
:10E12000CBFC4DE700225A60FFF7B2FC48E7012222
:10E130008DF80C201A89ADF818209A88DB68ADF8A4
:10E140001A20059310E002228DF80C201A89ADF8F0
:10E1500018209A88ADF81A20DA689B7D05929A1FDC
:10E16000534253418DF81C3003A8FFF74DFC0026A5
:10E17000414612483E60FFF737FC11480121FFF786
:10E180008DFB00287FF4BBADCBE603228DF80C207D
:10E19000DA88ADF818201A89D0E704228DF80C200F
:10E1A000DB88ADF81830DFE705238DF80C30DBE7AE
:10E1B00054B200206CB2002064B2002094B200205F
:10E1C000B4B2002034B200204068FFF791BD2DE9C1
:10E1D000F04308B302B3D0F800E0BEF1000F1ED048
:10E1E000FBB14768D7F80490B3FBF9F709FB173781
:10E1F000BFB942EA010C1CF0030F14D1C768B94241
:10E2000011D305694C1E1C44AC420CD8DEF80C40FE
:10E21000A446BDE8F04360470E20BDE8F083082027
:10E22000FBE70920F9E71020F7E7F0B5D8B1D0F8FF
:10E2300000C0BCF1000F18D0CAB14768D7F800E0A1
:10E240000EF1FF370F4214D1C768B94211D30569E7
:10E250004C1E0EFB0244AC420BD8DCF81040A44626
:10E26000BDE8F04060470E20F0BD0820FCE7092023
:10E27000FAE71020F8E7FCF7ADB9FCF7C1B900F1F7
:10E28000804000F51C3001230360BFF36F8FBFF3A4
:10E290004F8F7047020713D400F00F0310F0800F68
:10E2A000084A0BBF03F5887303F5847302EB8302FE
:10E2B00052F8230008BF5068431E58425841704727
:10E2C000002070470070024010F0080F074B06D086
:10E2D000D3F8C00410F4803F18BF0020704700F04E
:10E2E0000F0000F5947053F8200070470070024052
:10E2F0004FF08053D3F83021082A05D1D3F83401E8
:10E30000003818BF012070470020704730B5D1E9B0
:10E3100000549C4229BFC0E900530021E41AED18C3
:10E3200032BFC0E900514C600D60934203D1201E02
:10E3300018BF012030BD0020FCE74B6810B59A42A1
:10E340000C6828BF1A46C0E90042981A0B6848605A
:10E35000134400380B6018BF012010BD30B54C6865
:10E360000B68A24228BF2246002A14BF1D46002582
:10E37000A4EB02041344C0E900524C600B6014BFCC
:10E380000120002030BD0000054B10F0800FA3F1EC
:10E39000900208BF134600F00F0003EB0010704717
:10E3A00068B40020C343C3F3C01300F00F0000EBB8
:10E3B00003107047034A0023C2F81C3C024A137042
:10E3C000704700BF00700240FCB4002007B5074A48
:10E3D00000231370064A137001230193054B01A813
:10E3E0001B68984703B05DF804FB00BF09B5002027
:10E3F00008B500200CB5002013B5124C012223688B
:10E4000002FA01F10B4323600F4B1B68194003060E
:10E410000DD551B906238DF804308DF806008DF81E
:10E4200007100A4B01A81B68984702B010BD0029CD
:10E43000FBD106238DF804308DF806008DF80720F7
:10E44000EFE700BF04B5002000B500200CB50020A8
:10E4500008B5054B1A781046FFF7A4FFBDE8084041
:10E4600001461046FFF7C8BF08B500201C4B13B586
:10E47000D3F80044C3F80044BFF36F8FBFF34F8F4E
:10E48000BFF36F8FBFF34F8FE10508D5154B012206
:10E490001A7002230193144B01A81B689847A20528
:10E4A00008D5104B00221A70032301930E4B01A8CC
:10E4B0001B689847630511D50A4B1A7872B1002280
:10E4C0001A70074B0122C3F808255820FFF7D7FE22
:10E4D00004230193044B01A81B68984702B010BDA8
:10E4E0000070024009B500200CB500204B689A422C
:10E4F00028BF1A460A4B70B50C46064609681846EE
:10E50000154604F03FFDC6E9000560682368401B1E
:10E5100060602B440038236018BF012070BD00BF2D
:10E52000C0B200204B689A4228BF1A4670B5064612
:10E530000D46144682B10968084804F023FD074BD4
:10E54000C6E900346B681B1B6B602B68201E2344DC
:10E550002B6018BF012070BD1346F1E7C0B2002048
:10E5600008B5FFF727FF084B93F89E20032A06D132
:10E57000BDE8084005486FF00101FFF783B9D3F803
:10E580009030002BF4D008BDD8B3002000B5002097
:10E590000A4AD2F86834C2F86834BFF36F8FBFF309
:10E5A0004F8F012103B9704793FAA3F2B2FA82F2B6
:10E5B00001FA02F223EA0203F4E700BF007002400E
:10E5C00008B5FFF7F7FE0146FFF7DEFE837B032B5E
:10E5D0000AD10846FFF7E6FE01218140BDE8084068
:10E5E0000348C943FFF74EB90368002BF1D008BDBB
:10E5F00000B500208720FFF7E3BF8620FFF7E0BFCC
:10E600008520FFF7DDBF8420FFF7DABF8320FFF707
:10E61000D7BF8220FFF7D4BF8120FFF7D1BF000012
:10E620002DE9F04FDFF8589199F8003085B0002BB4
:10E630005CD1DFF844A1DFF84C81DAF80060D8F84B
:10E6400000301E4052D096FAA6F6002E51D0B6FAEF
:10E6500086F30F2B1E464EDDA6F11004E4B22046D1
:10E66000FFF792FE05462046FFF72EFE2F68AA8987
:10E6700069680346834602A8B847029B002B46D12F
:10E6800000B92860394B8222C3F81C2CD8F800103E
:10E69000012289F80020B24021EA0201C8F80010E6
:10E6A000039AA96867B21144002FA96004F008001A
:10E6B000029904F00F0449DA00283FD0C3F8A016ED
:10E6C000C3F8A426042000EB8400FFF7D8FD284AF5
:10E6D000284B13EA270338BF134633F8143003F1ED
:10E6E000804303F51C331A68002AFCD005B0BDE84E
:10E6F000F08F2026B0E743F080042046FFF744FE69
:10E70000036882894168054602A89847B8E7039BD9
:10E710009B45B5D901210227B140AF73C9431648C3
:10E72000FFF7B0F806238DF80430144B8DF806403F
:10E730001B688DF8077001A898477EE7142000FB3E
:10E740000433C3F80016C3F80426BBE728B1C3F8A6
:10E75000A017C3F8A4272820B5E7142000FB043332
:10E76000C3F80017C3F80427F5E700BF00700240A4
:10E7700002A8020014A8020000B500200CB5002079
:10E78000FCB4002004B5002037B5FFF713FE0446A3
:10E79000FFF7FAFD837B032B0DD12046FFF702FE26
:10E7A00001218140C9431048FFF76CF803B0BDE870
:10E7B0003040FFF735BF0568002DF7D12046FFF741
:10E7C000F1FD01218140C9430748FFF75BF80623AB
:10E7D0008DF80430054B8DF806401B688DF8075006
:10E7E00001A89847E2E700BF00B500200CB5002063
:10E7F0000720FFF7C9BF0620FFF7C6BF0520FFF7B8
:10E80000C3BF0420FFF7C0BF0320FFF7BDBF022036
:10E81000FFF7BABF0120FFF7B7BF000007B500231D
:10E820008DF804300B4BD3F82025ADF80620D3F833
:10E83000C034094A002B136814BF4FF001214FF474
:10E8400080710B431360054B01A81B68984703B008
:10E850005DF804FB0070024004B500200CB50020F8
:10E8600007B5FFF7A7FD114B93F81E21032A07D127
:10E870000F486FF4807103B05DF804EBFFF702B846
:10E88000D3F8103173B90A486FF48071FEF7FAFFBC
:10E8900006238DF804308823ADF80630054B01A817
:10E8A0001B68984703B05DF804FB00BFD8B3002095
:10E8B00000B500200CB5002007B5FFF77BFD0D4B20
:10E8C00093F88E20032A11D0D3F8803073B90A4808
:10E8D0006FF08071FEF7D6FF06238DF80430082311
:10E8E000ADF80630054B01A81B68984703B05DF8EA
:10E8F00004FB00BFD8B3002000B500200CB50020F9
:10E9000038B51A4BD3F86C44C3F86C44BFF36F8F1F
:10E91000BFF34F8FBFF36F8FBFF34F8FFFF7E8FC4D
:10E9200038B9134A136823F0011103F001130C43A3
:10E93000136001251CB9BDE83840FFF771BE94FA99
:10E94000A4F171B1B1FA81F30F2B19460BDDA1F1DE
:10E950001000C0B205FA01F324EA0304FFF74CFDEE
:10E96000E8E72021F3E743F08000F3E7007002407E
:10E97000F8B40020054B1A78012A01BF044A002090
:10E980001060187018BF0820704700BF10B5002035
:10E990000CB500204E4B4FF4006210B5C3F80024B4
:10E9A000BFF36F8FBFF34F8FFFF7A2FC98B100202A
:10E9B000FFF761FC474BD3F8001C0322002979D1F3
:10E9C00049F27531C3F8001CC3F8142DC3F8001CBC
:10E9D0000020FFF752FC0020FFF74DFC3D4BD3F821
:10E9E000001CC022002968D149F27531C3F8001C0F
:10E9F000C3F8142CC3F8001C0020FFF73EFC344B76
:10EA00000122C3F80025BFF36F8FBFF34F8FD3F8F8
:10EA100000241205FBD54FF40062C3F80024BFF3B5
:10EA20006F8FBFF34F8F0020FFF725FC294BD3F8E2
:10EA3000001C002944D149F27532C3F8002CC3F8F8
:10EA4000141CC3F8002C0020FFF717FC204B40F2E9
:10EA5000E372C3F800284022C3F80428BFF36F8F85
:10EA6000BFF34F8F8022C3F81C251B4B40F2FF12CF
:10EA70001A601A4B00241C60FFF79CFC184B1C709A
:10EA8000184B02221A70FFF733FC00B32046FFF741
:10EA9000F2FB104BD3F8001CB1B949F27532C3F840
:10EAA000002CC3F8141DC3F8002CBDE81040002052
:10EAB000FFF7E3BBC3F8142D8AE7C3F8142C9BE7D8
:10EAC0000022C3F8142CBEE7C3F8144DEDE710BDC7
:10EAD0000070024000E0064004B5002000B50020B0
:10EAE00008B5002010B5002008B5104B00221A70A0
:10EAF000C8B9FFF7FDFB0E4B0E4A002808BF1346AE
:10EB00000D4AC2F804330D4BE02183F8271380210E
:10EB1000C3F8841159600123C2F80435BFF36F8F25
:10EB2000BFF34F8F08BD034BEAE700BF09B50020D4
:10EB30000714C0010714E0010070024000E100E08A
:10EB4000034B1878012894BF00200120704700BFB4
:10EB500010B50020044B1B78012B83BF034B586872
:10EB6000C0F3C0100020704710B5002000E100E0A5
:10EB700008B5FFF709FC818108BD000070B50028C9
:10EB800033D01C4B1C7894BB1B4A106001221A70B6
:10EB9000264664F07F0514F0080FEDB214BF4FF461
:10EBA000007140212846FFF7E3FF2846FFF7ECFB02
:10EBB0000134092C867306608660EAD1002425465C
:10EBC00014F0080FE6B214BF4FF400714021304634
:10EBD000FFF7CEFF3046FFF7D7FB0134092C8573D2
:10EBE00005608560ECD1002070BD0720FCE708209F
:10EBF000FAE700BF10B500200CB50020064A10F05F
:10EC0000800F00F00F0314BFD2F81005D2F81405DE
:10EC1000D84000F00100704700700240084B094ADC
:10EC2000C3F8082341F20402C3F804230122C3F805
:10EC30001025C3F81425BFF36F8FBFF34F8F7047B4
:10EC400000700240F8EB1F002DE9F8430546002054
:10EC50008846FFF710FB15F00F0103D12A4B1B78F4
:10EC6000AB424CD1294B2A4F1C683E682846FFF71F
:10EC700099FBE443A4B24FF00109344309FA00F9C7
:10EC800014EA09043DD12846FFF77EFB0C232A062F
:10EC9000844601FB03F32ED5D8F80020D8F80810DD
:10ECA00002F06042B2F1005F01F0010120D1194A87
:10ECB0001948002908BF024618490B44CCF8002027
:10ECC00098E8070083E80700CCF804300023CCF86C
:10ECD00008308CF80E30124B46EA090680223E605E
:10ECE000C3F804210020FFF7C8FA2046BDE8F883E6
:10ECF0000C4A0D48DDE70D4A13440D4ADEE71024A7
:10ED0000F0E71124EEE700BF08B5002004B50020AD
:10ED100000B500205DE301003BE301006CB300207F
:10ED200000E100E025E50100EDE4010000B3002072
:10ED30000DE30100FFF7C8BA08B5084B1A68084B85
:10ED4000D2431B6892B21A43FFF72CFB0123834086
:10ED5000134214BF0120002008BD00BF04B50020ED
:10ED600000B50020044B40F48070C3F81805BFF3D1
:10ED70006F8FBFF34F8F704700700240FFF78ABA62
:10ED8000064BC3F80C05BFF34F8F40F48070C3F8F7
:10ED90000C05BFF36F8FBFF34F8F704700700240B9
:10EDA0000023036043600E4BD3F880240270D3F835
:10EDB00084244270D3F88824D3F88C1442EA0122C8
:10EDC0004280D3F89024D3F8941442EA012282803E
:10EDD000D3F89824D3F89C3442EA0323C3807047C5
:10EDE0000070024008B5FFF783FA58B9EFF31082BC
:10EDF00072B64C20FFF743FA4C20FFF740FA82F33B
:10EE0000108808BDBDE808404C20FFF738BA000064
:10EE100013B5FFF7CFFA104B9A7B032A09D10F489D
:10EE20006FF48031FEF72EFD02B0BDE81040FFF711
:10EE3000D9BF1C68002CF7D16FF480310748FEF76A
:10EE400021FD06238DF80430054BADF806401B6804
:10EE500001A8984702B010BDD8B3002000B500202B
:10EE60000CB500205020FFF70ABA5420FFF707BA6C
:10EE700070B50446FFF73CFA1D4E0546E0B9FFF7B2
:10EE8000FAF92046FFF78EFA012303FA00F03368FF
:10EE900004F00F0423EA000333606400154B04F20E
:10EEA000C574C3F80048C3F80458D3F80438BDE863
:10EEB00070400020FFF7E1B90020FFF7DCF92046A1
:10EEC000FFF770FA012303FA00F0336814F0080228
:10EED00023EA00033360EAD104F00F04054B04F584
:10EEE000947443F82420BFF36F8FBFF34F8FDEE796
:10EEF00004B50020007002402DE9F34104460020D3
:10EF0000FFF7B9F92046FFF73FFA14F0800F3449B4
:10EF100005461ED12046FFF745FA0A68012303FA89
:10EF200000F030EA02030AD02046FFF7A1FF0323D6
:10EF3000AB73002002B0BDE8F041FFF79EB922EAB2
:10EF400000022B600A60274A136823EA000313605B
:10EF5000EDE7230715D4802C234B35D004F00F02A6
:10EF600002F2DA325200C3F80028D3F80428D3F8AA
:10EF70000408D2B242F002020243C3F80428D3F8D4
:10EF80000438184F0E683A682046FFF70BFA012341
:10EF900066EA020803FA00F018EA000FC9D026EA70
:10EFA000000600230E602B6003230243AB738DF831
:10EFB00007300E4B3A6006221B688DF804208DF84E
:10EFC000064001A89847B4E740F2B472C3F800289D
:10EFD000D3F80428D3F80408D2B242F00402CBE7F5
:10EFE00000B5002004B50020007002400CB50020E0
:10EFF000FFF782BF184BD3F8002273B522F004024A
:10F00000164CC3F80022D3F880542368144EDA4318
:10F01000144B31781B6892B208461A43FFF7C2F9C5
:10F0200001238340134202D00846FFF765FF6FF0CB
:10F03000011125F07F050B483570FEF723FC23688E
:10F0400043F00103236005230193074B01A81B68CC
:10F05000984702B070BD00BF0070024004B50020A8
:10F0600008B5002000B500200CB500205F4B2DE94D
:10F07000F041D3F804430021224601250E46002A20
:10F0800040F09180FFF734F900287DD1584B1B7870
:10F09000002B79D18D0277D5544B544F40F2A97291
:10F0A000C3F80028D3F8040810F0FF001CBFD3F801
:10F0B0000428104040F2AA72C3F80028D3F80428AC
:10F0C00012F0FF021CBFD3F804381A4040F2AB73B1
:10F0D000C7F80038D7F8043813F0FF031CBFD7F87F
:10F0E00004582B4040F2AC75C7F80058D7F80458C4
:10F0F0002840404D0AD02E6806432E6040F2A97683
:10F10000C7F80068C7F80408D7F80408374840F281
:10F11000AD76C0F80068D0F8046832400BD02E6895
:10F1200046EA02462E6040F2AA76C0F80068C0F8AF
:10F130000428D0F804282D4A40F2AE70C2F8000826
:10F14000D2F80428134010D0D80748BF41F400017A
:10F15000DA06264A40F2AB70C2F80008C2F804385A
:10F16000D2F8043848BF41F001012B6833F0011296
:10F170001CBF04F08070014313F0011F04D063052D
:10F1800044BF2A6041F480611B4F01F4000621F462
:10F1900000044FF00108D4B9FFF742FA1EB3BDE8EE
:10F1A000F041FFF727BF154892FAA2F3B3FA83F3B1
:10F1B0009F00384405FA03F307682FB10660BFF3D8
:10F1C0006F8FBFF34F8F194322EA030257E794FA78
:10F1D000A4F5B5FA85F557F8253008FA05F59847EE
:10F1E00024EA0504D7E7BDE8F08100BF00700240C3
:10F1F000FCB40020F8B4002028A8020000710240EE
:10F20000F8B5134E134B34681B68240C24041C43BC
:10F2100001271CB940F2FF133360F8BD94FAA4F53E
:10F2200095B1B5FA85F30F2BC6BFA3F11000C0B29C
:10F2300043F080001D46030701D4FFF75DFE07FA87
:10F2400005F524EA0504E4E720251020F5E700BFD2
:10F2500004B5002000B5002038B50E4C8025C4F858
:10F26000845163681B0613D5FFF7CAFF0A4B0022BF
:10F27000C3F80425BFF36F8FBFF34F8FC4F88450DA
:10F28000BFF34F8FBFF36F8F4FF0FF32C3F80823E8
:10F2900038BD00BF00E100E00070024008B5FFF794
:10F2A000DBFF094BD3F80423C3F808230022C3F87B
:10F2B0000025BFF36F8FBFF34F8FFFF77BF8034B32
:10F2C00001221A7008BD00BF0070024010B5002076
:10F2D00010B50446FFF710FE04F00F000123834031
:10F2E00014F0800F0F4A6FEA030310D0D2F8101504
:10F2F0000B40C2F81035BFF36F8FBFF34F8F0A4B2F
:10F300001A5C01239340074AC2F8083310BDD2F8B3
:10F3100014150B40C2F81435BFF36F8FBFF34F8F36
:10F32000024BEDE700700240F9A70200F0A70200CF
:10F3300010F0800F70B52749044600F00F034FF01E
:10F34000010516D0244AD25C05FA02F2C1F8042362
:10F35000D1F81025DA40D0070AD4D1F8102505FAE3
:10F3600003F31343C1F81035BFF36F8FBFF34F8F13
:10F3700070BD1A4AD25C05FA02F2C1F80423D1F832
:10F380001425DA40D207F3D4D1F8140505FA03F2B4
:10F390000243C1F81425BFF36F8FBFF34F8F002BCB
:10F3A000E6D014F00806E3D13046FEF764FF2046AD
:10F3B000FFF75EFD2046FEF7F5FF094A136805FAE0
:10F3C00000F023EA00033046BDE870401360FEF70A
:10F3D00054BF00BF00700240F9A70200F0A702006E
:10F3E00000B50020030610B5044605D4FEF752FF11
:10F3F00010B12046FFF73CFD034BC3F81845BFF39F
:10F400006F8FBFF34F8F10BD0070024000F180403E
:10F4100000F5C040002382B0036003680193019BA4
:10F4200002B0704703681F2B83BF03F01F03036004
:10F4300001484FF0A04070470003005007B501900D
:10F4400001A8FFF7EFFF019B00EB8300D0F8003726
:10F4500023F44033C0F80037D0F8003743EA0141C5
:10F46000C0F8001703B05DF804FBC208012300F0E8
:10F4700007008340885C03438B547047054B4FF073
:10F48000FF32072843F8202084BF1B1883F8682028
:10F49000704700BF14B5002038B5164D95F87E4072
:10F4A0002CBB3022FF2105F1400003F069FEE0B2E1
:10F4B0000134FFF7E3FF102CF9D10F4B00221A6043
:10F4C0009A800E4BE02183F806134021C3F8801187
:10F4D00019604FF4BE70FFF799FF094B4FF00041E0
:10F4E000C3F80413012385F87E30104638BD082088
:10F4F000FCE700BF14B500208CB5002000E100E05F
:10F5000000600040034B93F87E00003818BF0120D4
:10F51000704700BF14B5002037B5324B1A180446A7
:10F5200092F9400001305AD1887800284BD0184613
:10F53000002250F8045B01353FD1181980F84020B3
:10F54000002043F82200920002F1804202F5C042FE
:10F550000B78D2F81055487825F499151B0400054E
:10F5600025F4F85500F4801003F44033C2F8105528
:10F5700003432002D2F8105500F47C5003432B4380
:10F58000C2F810354A780194012A01A81FD1FFF76B
:10F5900049FF019B9A40C0F8082501A80194FFF794
:10F5A00041FF019B104903F5E073032240F823203B
:10F5B0002046FFF75AFF002003E00132082AB8D1A5
:10F5C000042003B030BDFE2382F84030DAE7FFF7B5
:10F5D00029FF019A01239340C0F80C35DDE708208C
:10F5E000EFE700BF14B500208CB5002037B5174CED
:10F5F0002518014695F84000072809D8FFF73EFF77
:10F6000095F94030124A03F5A273002042F8230016
:10F610000C44FF2384F840300E4DCC0801F0070362
:10F6200001229A402B5D13420DD001A80191FFF7F2
:10F63000F9FE019B03F5E073022140F823102B5DD6
:10F6400023EA02032B5503B030BD00BF14B50020E0
:10F65000006000408CB50020074B034493F9403014
:10F660009B0003F1804303F5C043D3F8102542F01B
:10F670000302C3F81025704714B50020054B03445E
:10F6800093F940008000C0B200F1804000F5C04016
:10F69000704700BF14B50020064B0344012293F9C4
:10F6A000403018339B00DBB203F1804303F5C043C5
:10F6B0001A60704714B500202DE9F341DFF8F0809F
:10F6C00008EB0003044693F94030002B0F466BDA39
:10F6D0008978C1F34001002915BF002308230826BB
:10F6E0001026B34203D1042002B0BDE8F08158F8DF
:10F6F000230001304FEA83053ED108EB04005EB2DF
:10F7000048F8232080F8406011B9434483F86840EA
:10F71000BB78590712D4DA0730D501A80194FFF756
:10F7200081FE019B00EB8300D0F8003723F0020339
:10F73000C0F800371D492046FFF797FEBB783A789E
:10F740009B0727D505F1804303F5C0432402D3F876
:10F75000101521F44F3121F44071C3F81015120433
:10F76000D3F8101504F47C5402F4403214430C43D3
:10F77000C3F810450020B7E70133B2E701A87A7853
:10F780000194FFF74FFE019B03F5E073920040F8F0
:10F790002320CFE7083E48FA86F696F8703043EA11
:10F7A000821386F87030E5E708209DE78CB50020CD
:10F7B00014B5002037B5224D2B18044693F940208C
:10F7C000072A1DDD083A45FA82F292F870309B094B
:10F7D000032B10D1019001A8FFF724FE019BD0F864
:10F7E0001015D94001F001010231204603B0BDE8F7
:10F7F0003040FFF723BE012B0CBF02210321F4E7A9
:10F80000D3B2072B1AD8930003F1804303F5C0430A
:10F81000D3F8100540F00100C3F8100502F14000D4
:10F8200040B2800080B2FFF7F1FD39B155F82230C7
:10F8300023B101239340034AC2F8043303B030BD1F
:10F8400014B50020006000400E4B034493F94020A3
:10F85000072A02DD0021FFF7F1BDD3B2072B0FD835
:10F86000930003F1804303F5C043D3F8101521F052
:10F870000101C3F8101501239340034AC2F808336D
:10F88000704700BF14B5002000600040F7B5044683
:10F89000FFF7DAFF174A184E1119E50891F94030C1
:10F8A00091F8401007299FBF144903F5A273002067
:10F8B00041F8230004F0070301219940735D0B42D6
:10F8C0000DD001A80194FFF7ADFD019B03F5E07396
:10F8D000022740F82370735D23EA01037355144433
:10F8E00094F84000FFF7CAFDFF2384F8403003B0CE
:10F8F000F0BD00BF14B500208CB5002000600040B2
:10F900002DE9F04F002489B0CDE90244644D4FF455
:10F910008072012102F1804303F5C0431B68012B73
:10F9200007D1D5F804330B4203D090B2FFF76EFD38
:10F930000C430432B2F5907F4FEA4101EAD1584BB3
:10F94000D3F87C31012BE2B22BD14FF4BE70FFF71C
:10F950005DFD4FF0A043D3F810350293514BD3F81F
:10F96000103503930AB344F000444F4F012600259D
:10F97000344210D0AB0003F1804303F5C043D3F809
:10F980001005D3F8101557F8253023B1C1F3014104
:10F99000C0F3052098470135082D4FEA4606E7D108
:10F9A00001E0002AE1D1002C77DA0023CDE904330D
:10F9B0004FF0FF3306930025DFF8F0B00793A84619
:10F9C0001BF9014F631C4ED0C4F3C2070122E3B2FE
:10F9D00004F03F0604F0070402FA04F407F12002E1
:10F9E0000DEB020717F8082C22423CD04FEA931A7D
:10F9F0002D4B9A1992F9402053F82290B9F1000F3B
:10FA000007D1BAF1030F2ED104A93046FFF72DFD1F
:10FA100002E0BAF1030FF7D001A80196FFF702FD4B
:10FA2000019A17F8181C02F5E072214250F82220C2
:10FA3000C2F3014206D0022A15D1BAF1030F0CD14C
:10FA4000514605E0032A0ED1BAF1030F05D1022178
:10FA50003046FFF7F3FC0135EDB2B9F1000F02D0EB
:10FA600051463046C84708F10108B8F1080FA7D140
:10FA70009DB14FF0A0430299D3F8102503F54073D0
:10FA80009142D3F8103502D10399994205D00292E0
:10FA9000049A03930692059B8DE709B0BDE8F08FA9
:10FAA000006000400003005014B5002083B5002022
:10FAB00000F180431A68002A1BBF002201200020A9
:10FAC0001A6070470F4A1378D3B903784FF080411A
:10FAD000C3F34003C1F88035037803F00103C1F894
:10FAE0007835094B1968C90706D4E02183F800135B
:10FAF0000121C3F8801119600123137000207047A1
:10FB000085207047A0B5002000E100E0084B0122ED
:10FB1000C3F88020BFF34F8FBFF36F8F054A0023D8
:10FB20001360054A1360054A1360054A1370704755
:10FB300000E100E09CB5002098B5002094B50020BD
:10FB4000A0B50020014B02681A60704794B50020F0
:10FB50004FF080434FF46072C3F8042370474FF0B6
:10FB600080434FF46072C3F8082370474FF080431E
:10FB700010B5D3F80443620707D54FF48470FFF73C
:10FB800097FF10B11E4B1B689847A30608D54FF48A
:10FB90008A70FFF78DFF18B11A4B00201B68984739
:10FBA000600608D54FF48C70FFF782FF18B1154B33
:10FBB00001201B689847210608D54FF48E70FFF787
:10FBC00077FF18B1104B00201B689847E20508D555
:10FBD0004FF49070FFF76CFF18B10B4B01201B68BE
:10FBE0009847A3050AD54FF49270FFF761FF28B13B
:10FBF000054BBDE810401B680220184710BD00BF30
:10FC00009CB5002098B5002094B500202DE9F04760
:10FC1000134EDFF85090804600254FF0010AECB2F9
:10FC200000200AFA04F4FEF726FB34420AD1002031
:10FC3000FEF723FBA64305F10105F0D10427384662
:10FC4000BDE8F087D9F8003014EA0307EFD11C4370
:10FC500088F800503846C9F80040FEF70EFBEEE782
:10FC6000FFFF0F00A4B5002010B5A1B19AB1012388
:10FC70008340C3F3130484B10A4C246823420ED09A
:10FC8000C00000F1804000F5F830C0F81015C0F851
:10FC90001425002010BD0E20FCE70720FAE70820FD
:10FCA000F8E700BFA4B50020012303FA00F0C0F379
:10FCB00013031BB1054B1B68184204D0044BC3F857
:10FCC0000405002070470820704700BFA4B500203D
:10FCD00000F00140012303FA00F0C0F313031BB14D
:10FCE000054B1B68184204D0044BC3F808050020DC
:10FCF00070470820704700BFA4B5002000F0014005
:10FD0000074B0022C3F8002182B0D3F800210192F2
:10FD1000019AD3F80805034B1B68C0B202B018471C
:10FD200000D00040A8B500200023435082B04358C3
:10FD30000193019B02B070472DE9F84398460B7878
:10FD4000089F9DF8249004460E465BB9D0F82431F4
:10FD50001568E3B14FF49271FFF7E6FF0123636189
:10FD6000337032E04FF49271FFF7DEFF4FF48E7183
:10FD7000FFF7DAFF4FF48471FFF7D6FFD4F80431B0
:10FD8000C3B14FF482712046FFF7CEFF1AE0D0F8DE
:10FD90001C31EBB14FF48E71FFF7C6FFD0F8243160
:10FDA000002BD7D1BD4208D218F80530C0F81C3559
:10FDB000013515600120BDE8F8830123B9F1000F7A
:10FDC00002D0C3610020F6E74361BD42F2D1D5E71E
:10FDD000D0F80831002BF8D04FF48471FFF7A4FF5E
:10FDE000D0F82431002BB5D1BD42EED2D0F8183571
:10FDF00008F805301368013313607A1E934205D169
:10FE00000223C0F8003201232362D3E79F42FAD1D4
:10FE1000DBE700002DE9FF470C4605464FF48271F1
:10FE200020461F46384B03939DF83080FFF77CFF38
:10FE30004FF49271FFF778FF4FF48E71FFF774FF64
:10FE40004FF48471FFF770FF00230121C4F80032E2
:10FE500016466B6385F82E302162A160DFB11378FE
:10FE6000C4F81C3569632B68E3B905F1340A05F160
:10FE70002E09039B002B1FDC95F82E3053BB00206E
:10FE8000039B002B15DC0023C4F800350523C4F8C0
:10FE9000003503200DE0B8F1000F01D0E161E2E789
:10FEA0006161E0E740F28623AB60AB68C4F80433DD
:10FEB000002004B0BDE8F087CDE900783346524613
:10FEC00049462046FFF738FF0028D5D0039B013B69
:10FED0000393CEE7D4F8C434C4F8C434002BCED096
:10FEE00013F0010F14BF4FF40240032048F2012227
:10FEF00013F0020F18BF104613F0040F48F202234C
:10FF000018BF1846BCE700BFA08601002DE9FF47D7
:10FF10000C4605461E462046364B03934FF482712D
:10FF2000FFF702FF4FF49271FFF7FEFE4FF48E7160
:10FF3000FFF7FAFE4FF48471FFF7F6FE0023012E5F
:10FF4000D5F800806B6385F82E3017464FF001031B
:10FF500006BF0222C4F80022C4F8003223622360E4
:10FF6000B8F1000F15D105F1340A05F12E09039BF4
:10FF7000002B18DC95F82E301BBB0020039B002BB8
:10FF80000EDC0023C4F800350523C4F80035032037
:10FF900006E040F28623AB60AB68C4F8043300206F
:10FFA00004B0BDE8F087CDE900683B4652464946BB
:10FFB0002046FFF7C1FE0028DCD0039B013B0393E2
:10FFC000D5E7D4F8C434C4F8C434002BD5D013F02A
:10FFD000010F14BF4FF40240032048F2012213F036
:10FFE000020F18BF104613F0040F48F2022318BF87
:10FFF0001846C3E7A0860100F0B589B091F82C300F
:020000040002F8
:1000000001938B6A00934B6A0C4601F134022E3146
:100010000746FFF791FEE8B994F82EE0D4F820C027
:10002000BEF1000F1FD1207B831E012B1BD8626AFB
:10003000A3699A4217D1E26963696262CCF3401105
:100040000328A36284F82C1006D10091204639467B
:10005000FFF7E0FE09B0F0BD3946204609B0BDE823
:10006000F040FFF753BF04F10C060FCE03AD0FC5F0
:1000700033682B60BEF1000F17D0D7F8C434C7F82F
:10008000C4349A070DD501238DF8083000231CF0E5
:10009000040F84F82F30DDD1D4E9003102A898474D
:1000A000D8E75B07F2D50223EEE78DF808E0EDE72D
:1000B00001490248FFF7A0BFACB500200030004066
:1000C00002494FF04020FFF797BF00BFE8B500207E
:1000D0002DE9F84F06793D4D4FF03C0A0AFB06FA30
:1000E00005EB0A079B4697F82D3080460C46914653
:1000F000002B66D1364B006853F8261000F076FCD2
:10010000002860D12168637B87F838301F298CBFB5
:1001100001F01F030B4603F5E07388BF2D4AB8605A
:1001200098BF4FF0A04240F20C6C87F82F0042F8C5
:1001300023C06268C7F804B01F2A8CBF02F01F03F7
:10014000134687F8300003F5E07388BF214F45F868
:100150000A9098BF4FF0A04747F823C0D8F8003066
:10016000C3F80815C3F80C25A268C3F82425B9F113
:10017000000F19D0227B43F307335201002BD2B278
:100180001ADB03F1604101F5614181F8002303F0BE
:100190001F015B099B0003F1604303F561430122EA
:1001A0008A40C3F880211A603C2303FB06550123D3
:1001B00085F82D30BDE8F88F074903F00F03CA54C6
:1001C000F2E70820F6E71120F4E700BFACB5002005
:1001D0008CA802000003005014ED00E003680279CF
:1001E0000521C3F80015044B3C2101FB0233022218
:1001F00083F82D20704700BFACB5002003680A4A81
:100200000179C3F80823D3F8002222F00302C3F8CF
:1002100000220022C3F80025044B3C2202FB0133DC
:10022000012283F82D20704786420400ACB50020DF
:1002300070B50679234D3C2373430446EB5893B1C4
:10024000036843F30733002B0DDB5A09012103F048
:100250001F03994002F120031B4A42F82310BFF309
:100260004F8FBFF36F8F2046FFF7C8FF206800F065
:10027000D5FB3C2303FB065393F83830DBB92268E7
:10028000D2F808351F2B86BF03F01F030F484FF02D
:10029000A04003F5E073022140F82310D2F80C359A
:1002A0001F2B86BF03F01F03084A4FF0A04203F53F
:1002B000E07342F823103C2303FB0655002385F826
:1002C0002D3070BDACB5002000E100E0000300500F
:1002D0002DE9F74F2D4F0679D0F800902C4BC9F837
:1002E00008333C2505FB0675C6EB061C95F82F3038
:1002F0008E46144607EB8C0C03F0FF0B33B1AB6852
:10030000C9F80433112003B0BDE8F08F82F0040374
:10031000C3F3800385F82F302A628A46BAE80F00BB
:1003200005F10C08A8E80F00DAF80030C8F8003032
:10033000DEF80430AB62DEF80C206A629EF8011031
:10034000C9F888159EF80010012917D0A1B9C4F387
:1003500040143C2101FB0671604681F82C4000945A
:100360004946FFF757FD3C235E43BA19BB59002BA2
:10037000C9D182F82F30C6E70124EAE74946604632
:1003800085F82CB0FFF7C2FDEDE700BFACB500204B
:1003900086420400F0B587B004460F46154600219A
:1003A000142201A81E4602F0EBFE9DF830208DF8C5
:1003B0000570520101A9204602960495FFF788FFB7
:1003C00007B0F0BDF0B587B004460F4615460021D2
:1003D00012220DF106001E4602F0D2FE0123002279
:1003E00001A920468DF804308DF805700296049519
:1003F000FFF76EFF07B0F0BD00280CDB430906498C
:1004000000F01F0020330122824041F82320BFF377
:100410004F8FBFF36F8F704700E100E00023435020
:1004200082B043580193019B02B070474358002BA0
:1004300010B50A4614BF0124002401D0FFF7EEFFD7
:10044000A2F58070800804FA00F010BD03680BB1BB
:1004500008461847704707B5002A8DF80010416814
:1004600008BF4FF4807201920A4342606946FFF769
:10047000EDFF03B05DF804FB8B7AF7B506460F4637
:10048000002B4BD101238B724D7A4FF48271FFF711
:10049000CDFF4FF4927104463046FFF7C7FF4FF48B
:1004A000A67104433046FFF7C1FF4FF4A87104431F
:1004B0003046FFF7BBFF4FF4B27104433046FFF7FD
:1004C000B5FF4FF4B47104433046FFF7AFFF044368
:1004D000EDB220D0013D032D03D8DFE805F02A302E
:1004E000525814F0020304D034F00204F9D100256C
:1004F00011E014F0806231D014F4801F8DF80030C8
:1005000024F0C3640CD0694638468DF80430FFF7F8
:100510009DFFA4B9022500237D72BB7203B0F0BD1C
:100520000125694638468DF80450FFF78FFF002CEF
:10053000F1D02B4B1C4246D034F48014EAD0294B26
:100540001C4240D001238DF80030D6F84C35DBB288
:10055000694638460193FFF779FFC5E7A30129D51E
:10056000032514F4002F8DF8005024F0C36417D134
:100570000123694638468DF80430FFF767FF002CE9
:10058000C9D0194B1C4224D034F4002410D0154B90
:100590001C421ED004238DF80030D6F83C35D6E737
:1005A000694638468DF80420FFF750FF002CEED145
:1005B0000425B0E7D6F8D024C6F8D0240621384662
:1005C000FFF749FF93E7D6F8D024C6F8D0240221DC
:1005D000F5E7D6F8D024C6F8D0240521EFE700BF10
:1005E0000200100602000006020008060379064910
:1005F0000C225A438A5832B903EB4303006801EBDB
:100600008301FFF739BF704724B600200149024833
:10061000FFF732BF24B600200030004002494FF0FF
:100620004020FFF729BF00BF30B600201F2886BF3B
:1006300000F01F00054A4FF0A04240F2026300F5AF
:10064000E07043EA810142F8201070470003005037
:100650001F2886BF00F01F00044B4FF0A04300F599
:10066000E070022243F82020704700BF00030050D2
:100670002DE9F84FDFF8F8A090F804900C2303FB65
:1006800009A30D461B7A9046002B68D10668364BAD
:10069000304653F8291000F0A9F90746002860D128
:1006A0004FF0FF3B46F30734C6F80005C6F808B51F
:1006B0002046C6F80CB5FFF79FFEC6F808B3297CA4
:1006C000A868FFF7B3FF697CE868FFF7AFFFD5E9DB
:1006D000003253EA02013BD0003B18BF01230AB1AC
:1006E00043F00203AA7C002C4FEA4212D2B231DB63
:1006F00004F1604101F5614181F8002304F01F011C
:100700006409A40004F1604404F5614401228A40B4
:10071000C4F880212260D5E90221C6F808252A788C
:10072000C6F80C15C6F888252A79C6F88C25C6F8AF
:1007300094350C2303FB09F90AEB090300229A7292
:100740004AF809805A7201221A723846BDE8F88FB9
:100750000123C7E7054904F00F040A55DBE7082722
:10076000F3E71127F1E700BF94A8020014ED00E0C1
:1007700024B6002073B504680579D4F80C15D4F8B4
:10078000080502AB03E903004FF0FF360023C4F86D
:10079000003544F30730C4F80865C4F80C65FFF76A
:1007A0002BFEC4F80863009B002B02DB0098FFF7C8
:1007B0004FFF019B002B02DB0198FFF749FF20460A
:1007C00000F02CF904490C236B43C8180022CA50CE
:1007D000027202B070BD00BF24B6002010B50346FF
:1007E0004FF4827100681C79FFF718FE4FF4927184
:1007F000FFF714FE4FF4A671FFF710FE4FF4A87137
:10080000FFF70CFE4FF4B271FFF708FE0C224FF415
:10081000B471FFF703FE6243084B9A5812B1084ABD
:10082000C0F804230922C0F800250C2202FB04337F
:10083000022100225A6019725A7210BD24B600209B
:1008400002021806036807490279C3F80813002159
:10085000C3F80015044B0C2101FB023301221A726C
:10086000704700BF0202180624B6002030B5104BB6
:1008700004790C2505FB04331B7A022B11D101F0FE
:100880006043B3F1005F0ED1B2F5803F0DD2036833
:10089000D2B2C3F84415C3F8482501225A63002098
:1008A00030BD0820FCE71020FAE70920F8E700BF78
:1008B00024B6002030B5104B04790C2505FB043319
:1008C0001B7A022B11D101F06043B3F1005F0ED10E
:1008D000B2F5803F0DD20368D2B2C3F83415C3F825
:1008E000382501221A63002030BD0820FCE71020C3
:1008F000FAE70920F8E700BF24B6002010B5044647
:10090000FFF774FE2279044B0C2101FB0233587A65
:10091000431E5842584110BD24B6002010B504466D
:10092000FFF764FE2279044B0C2101FB0233587A55
:10093000C31E5842584110BD24B6002010B50446CD
:10094000FFF754FE2279044B0C2101FB0233587A45
:10095000831E5842584110BD24B6002010B50446ED
:10096000FFF744FE2279044B0C2101FB0233587A35
:10097000031F5842584110BD24B600200E4B984228
:10098000024610D0B0F1402F0FD003F5003398424B
:100990000DD0A3F5803398420BD0084908488A420D
:1009A00018BF00207047074870470748704707483E
:1009B00070470748704700BF0030004000200040EB
:1009C0003CB600205CB6002054B600204CB6002097
:1009D00044B60020014B1B68184700BF5CB60020DE
:1009E000014B1B68184700BF54B6002038B50D46B0
:1009F000FFF7C4FF044608B9002038BD0020FDF70A
:100A00003AFC207920B10020FDF737FC1120F4E7F3
:100A1000012325602371FDF730FCEDE708B5FFF7F2
:100A2000ADFF10B100230360037108BD004870479B
:100A30009CA80200FBF736BBFBF786BB014BD3F843
:100A400004057047001001404FF400320121FBF70C
:100A500093BB000008B5F9F7BDFD064B01221A70E3
:100A6000054B4FF40032C3F80021BDE80840F9F708
:100A7000C7BD00BFE4AF002000E100E0024B4FF42F
:100A80000032C3F80823704700100140054B0022D4
:100A900082B0C3F84421D3F844310193019B02B0E2
:100AA000704700BF0010014081F0004102E000BF2C
:100AB00083F0004330B54FEA41044FEA430594EA1E
:100AC000050F08BF90EA020F1FBF54EA000C55EA59
:100AD000020C7FEA645C7FEA655C00F0E2804FEA2A
:100AE0005454D4EB5555B8BF6D420CDD2C4480EA0C
:100AF000020281EA030382EA000083EA010180EA3C
:100B0000020281EA0303362D88BF30BD11F0004F89
:100B10004FEA01314FF4801C4CEA113102D04042BF
:100B200061EB410113F0004F4FEA03334CEA1333FA
:100B300002D0524263EB430394EA050F00F0A78012
:100B4000A4F10104D5F1200E0DDB02FA0EFC22FA0D
:100B500005F2801841F1000103FA0EF2801843FA01
:100B600005F359410EE0A5F120050EF1200E012AF2
:100B700003FA0EFC28BF4CF0020C43FA05F3C01830
:100B800051EBE37101F0004507D54FF0000EDCF1A9
:100B9000000C7EEB00006EEB0101B1F5801F1BD352
:100BA000B1F5001F0CD349085FEA30004FEA3C0C56
:100BB00004F101044FEA445212F5800F80F09A804C
:100BC000BCF1004F08BF5FEA500C50F1000041EB50
:100BD000045141EA050130BD5FEA4C0C404141EB54
:100BE000010111F4801FA4F10104E9D191F0000F7B
:100BF00004BF01460020B1FA81F308BF2033A3F1FE
:100C00000B03B3F120020CDA0C3208DD02F1140CF4
:100C1000C2F10C0201FA0CF021FA02F10CE002F12F
:100C20001402D8BFC2F1200C01FA02F120FA0CFC28
:100C3000DCBF41EA0C019040E41AA2BF01EB045171
:100C4000294330BD6FEA04041F3C1CDA0C340EDC6F
:100C500004F11404C4F1200220FA04F001FA02F3B2
:100C600040EA030021FA04F345EA030130BDC4F170
:100C70000C04C4F1200220FA02F001FA04F340EA65
:100C80000300294630BD21FA04F0294630BD94F016
:100C9000000F83F4801306BF81F480110134013DFD
:100CA0004EE77FEA645C18BF7FEA655C29D094EA6E
:100CB000050F08BF90EA020F05D054EA000C04BFEC
:100CC0001946104630BD91EA030F1EBF00210020D7
:100CD00030BD5FEA545C05D14000494128BF41F076
:100CE000004130BD14F580043CBF01F5801130BDDA
:100CF00001F0004545F0FE4141F470014FF0000065
:100D000030BD7FEA645C1ABF194610467FEA655C15
:100D10001CBF0B46024650EA013406BF52EA0335B7
:100D200091EA030F41F4002130BD00BF90F0000FA5
:100D300004BF0021704730B54FF4806404F13204E1
:100D40004FF000054FF0000150E700BF90F0000F9A
:100D500004BF0021704730B54FF4806404F13204C1
:100D600010F0004548BF40424FF000013EE700BF91
:100D700042004FEAE2014FEA31014FEA02701FBF21
:100D800012F07F4393F07F4F81F06051704732F053
:100D90007F4208BF704793F07F4F04BF41F40021AA
:100DA000704730B54FF4607401F0004521F0004108
:100DB0001CE700BF50EA010208BF704730B54FF092
:100DC00000050AE050EA010208BF704730B511F093
:100DD000004502D5404261EB41014FF4806404F1CB
:100DE00032045FEA915C3FF4D8AE4FF003025FEA51
:100DF000DC0C18BF03325FEADC0C18BF033202EBD5
:100E0000DC02C2F1200300FA03FC20FA02F001FA2E
:100E100003FE40EA0E0021FA02F11444BDE600BFD1
:100E200070B54FF0FF0C4CF4E06C1CEA11541DBF80
:100E30001CEA135594EA0C0F95EA0C0F00F0DEF84B
:100E40002C4481EA030621EA4C5123EA4C5350EA30
:100E5000013518BF52EA033541F4801143F4801381
:100E600038D0A0FB02CE4FF00005E1FB02E506F012
:100E70000042E0FB03E54FF00006E1FB03569CF067
:100E8000000F18BF4EF0010EA4F1FF04B6F5007F6D
:100E900064F5407404D25FEA4E0E6D4146EB0606DF
:100EA00042EAC62141EA55514FEAC52040EA5E5068
:100EB0004FEACE2EB4F1FD0C88BFBCF5E06F1ED812
:100EC000BEF1004F08BF5FEA500E50F1000041EB49
:100ED000045170BD06F0004646EA010140EA0200F6
:100EE00081EA0301B4EB5C04C2BFD4EB0C0541EA18
:100EF000045170BD41F480114FF0000E013C00F32D
:100F0000AB8014F1360FDEBF002001F0004170BD50
:100F1000C4F10004203C35DA0C341BDC04F1140469
:100F2000C4F1200500FA05F320FA04F001FA05F2F5
:100F300040EA020001F0004221F0004110EBD370C2
:100F400021FA04F642EB06015EEA430E08BF20EAEE
:100F5000D37070BDC4F10C04C4F1200500FA04F391
:100F600020FA05F001FA04F240EA020001F0004123
:100F700010EBD37041F100015EEA430E08BF20EA96
:100F8000D37070BDC4F1200500FA05F24EEA020EDE
:100F900020FA04F301FA05F243EA020321FA04F00D
:100FA00001F0004121FA04F220EA020000EBD370C4
:100FB0005EEA430E08BF20EAD37070BD94F0000FC4
:100FC0000FD101F00046400041EB010111F4801FF8
:100FD00008BF013CF7D041EA060195F0000F18BFA9
:100FE000704703F00046520043EB030313F4801FE5
:100FF00008BF013DF7D043EA0603704794EA0C0F9F
:101000000CEA135518BF95EA0C0F0CD050EA4106B4
:1010100018BF52EA4306D1D181EA030101F0004131
:101020004FF0000070BD50EA410606BF1046194659
:1010300052EA430619D094EA0C0F02D150EA013665
:1010400013D195EA0C0F05D152EA03361CBF1046A6
:1010500019460AD181EA030101F0004141F0FE4145
:1010600041F470014FF0000070BD41F0FE4141F4C9
:10107000780170BD70B54FF0FF0C4CF4E06C1CEAC9
:1010800011541DBF1CEA135594EA0C0F95EA0C0F7E
:1010900000F0A7F8A4EB050481EA030E52EA033539
:1010A0004FEA013100F088804FEA03334FF080555A
:1010B00045EA131343EA12634FEA022245EA111587
:1010C00045EA10654FEA00260EF000419D4208BF38
:1010D000964244F1FD0404F5407402D25B084FEAE5
:1010E0003202B61A65EB03055B084FEA32024FF491
:1010F00080104FF4002CB6EB020E75EB030E22BFEE
:10110000B61A754640EA0C005B084FEA3202B6EBAD
:10111000020E75EB030E22BFB61A754640EA5C005C
:101120005B084FEA3202B6EB020E75EB030E22BFEC
:10113000B61A754640EA9C005B084FEA3202B6EBED
:10114000020E75EB030E22BFB61A754640EADC00AC
:1011500055EA060E18D04FEA051545EA16754FEA0E
:1011600006164FEAC30343EA52734FEAC2025FEA2C
:101170001C1CC0D111F4801F0BD141EA00014FF0BB
:1011800000004FF0004CB6E711F4801F04BF01438C
:101190000020B4F1FD0C88BFBCF5E06F3FF6AFAEA8
:1011A000B5EB030C04BFB6EB020C5FEA500C50F138
:1011B000000041EB045170BD0EF0004E4EEA1131BB
:1011C00014EB5C04C2BFD4EB0C0541EA045170BDC2
:1011D00041F480114FF0000E013C90E645EA060E06
:1011E0008DE60CEA135594EA0C0F08BF95EA0C0F34
:1011F0003FF43BAF94EA0C0F0AD150EA01347FF47C
:1012000034AF95EA0C0F7FF425AF104619462CE752
:1012100095EA0C0F06D152EA03353FF4FDAE1046B5
:10122000194622E750EA410618BF52EA43067FF406
:10123000C5AE50EA41047FF40DAF52EA43057FF496
:10124000EBAE12E74FF0FF3C06E000BF4FF0010CA1
:1012500002E000BF4FF0010C4DF804CD4FEA410C05
:101260007FEA6C5C4FEA430C18BF7FEA6C5C1BD0D2
:1012700001B050EA410C0CBF52EA430C91EA030F53
:1012800002BF90EA020F0020704710F1000F91EAB0
:10129000030F58BF994208BF90422CBFD8176FEA7E
:1012A000E37040F0010070474FEA410C7FEA6C5C4C
:1012B00002D150EA013C07D14FEA430C7FEA6C5C53
:1012C000D6D152EA033CD3D05DF8040B704700BF7F
:1012D0008446104662468C461946634600E000BFCD
:1012E00001B5FFF7B7FF002848BF10F1000F01BD9F
:1012F0004DF808EDFFF7F4FF0CBF012000205DF86A
:1013000008FB00BF4DF808EDFFF7EAFF34BF0120EE
:1013100000205DF808FB00BF4DF808EDFFF7E0FF87
:1013200094BF012000205DF808FB00BF4DF808EDD8
:10133000FFF7CEFF94BF012000205DF808FB00BF3F
:101340004DF808EDFFF7C4FF34BF012000205DF821
:1013500008FB00BF4FEA410C7FEA6C5C02D150EA07
:10136000013C0AD14FEA430C7FEA6C5C02D152EA9D
:10137000033C02D14FF0000070474FF0010070476E
:101380004A0011D212F5001211D20DD56FF4787304
:10139000B3EB62520ED44FEAC12343F0004343EA59
:1013A000505323FA02F070474FF00000704750EAA4
:1013B000013002D14FF0FF3070474FF0000070470E
:1013C0004FEA4102B2F1E04324BFB3F5001CDCF167
:1013D000FE5C0DD901F0004C4FEAC0024CEA50709F
:1013E000B2F1004F40EB830008BF20F001007047CE
:1013F00011F0804F21D113F13872BCBF01F00040D1
:10140000704741F480114FEA5252C2F11802C2F102
:10141000200C10FA0CF320FA02F018BF40F0010083
:101420004FEAC1234FEAD32303FA0CFC40EA0C0035
:1014300023FA02F34FEA4303CCE77FEA625307D172
:1014400050EA01331EBF4FF0FE4040F440007047A9
:1014500001F0004040F0FE4040F40000704700BF43
:101460007BB972B90029BEBF00204FF0004106E0F1
:1014700008BF00281CBF6FF000414FF0FF3000F0A4
:10148000BDB9ADF1080C6DE904CE002909DB002BD4
:101490001ADB00F04DF8DDF804E0DDE9022304B0CA
:1014A0007047404261EB4101002B1BDB00F040F82C
:1014B000DDF804E0DDE9022304B0404261EB4101C4
:1014C000524263EB43037047524263EB430300F025
:1014D0002FF8DDF804E0DDE9022304B0404261EBBF
:1014E00041017047524263EB430300F021F8DDF8FD
:1014F00004E0DDE9022304B0524263EB430370478A
:1015000053B94AB9002908BF00281CBF4FF0FF316A
:101510004FF0FF3000F072B9ADF1080C6DE904CE68
:1015200000F006F8DDF804E0DDE9022304B07047BE
:101530002DE9F047089E04468846002B4BD18A428D
:10154000154667D9B2FA82F24AB1C2F1200701FA10
:1015500002F320FA07F7954047EA030894404FEA60
:10156000154E230CB8FBFEF71FFA85FC0EFB1788FF
:1015700043EA084307FB0CF1994209D9EB1807F13C
:10158000FF3080F01B81994240F21881023F2B44CA
:101590005B1AA4B2B3FBFEF00EFB103344EA034423
:1015A00000FB0CFCA44509D92C1900F1FF3380F095
:1015B0000781A44540F2048102382C4440EA0740E8
:1015C000A4EB0C0400271EB1D4400023C6E900435D
:1015D0003946BDE8F0878B4209D9002E00F0EB8038
:1015E0000027C6E9000138463946BDE8F087B3FA5E
:1015F00083F7002F47D18B4202D3824200F2FA8058
:10160000841A61EB030301209846002EE0D0C6E95E
:101610000048DDE702B9FFDEB2FA82F2002A40F0AC
:101620008F80491B4FEA154E1FFA85F80127B1FB41
:10163000FEFC230C0EFB1C1143EA014308FB0CF1DA
:10164000994207D9EB180CF1FF3002D2994200F20F
:10165000CD808446591AA3B2B1FBFEF00EFB1014E4
:1016600043EA044408FB00F8A04507D92C1900F10F
:10167000FF3302D2A04500F2B6801846A4EB08045E
:1016800040EA0C409FE7C7F1200CBB4022FA0CFE59
:101690004EEA030E01FA07F420FA0CF521FA0CF3D6
:1016A0004FEA1E482543B3FBF8F92C0C08FB19330D
:1016B0001FFA8EFA44EA034309FB0AF49C4202FA39
:1016C00007F200FA07F10BD91EEB030309F1FF3013
:1016D00080F087809C4240F28480A9F10209734423
:1016E0001B1BADB2B3FBF8F008FB103345EA034413
:1016F00000FB0AFAA24508D91EEB040400F1FF33EF
:101700006BD2A24569D90238744440EA0940A0FB73
:101710000289A4EB0A044C45C2464B4654D351D02F
:10172000002E69D0B1EB0A0564EB030404FA0CFC4B
:10173000FD40FC404CEA0505C6E90054002747E798
:10174000C2F1200320FA03F7954001FA02F021FAD2
:1017500003F34FEA154E3843010CB3FBFEF71FFAB3
:1017600085F80EFB173341EA034107FB08F38B4270
:1017700004FA02F407D9691807F1FF3C2FD28B4213
:101780002DD9023F2944CB1A81B2B3FBFEF00EFBE8
:10179000103341EA034100FB08F38B4207D9691873
:1017A00000F1FF3C17D28B4215D902382944C91ADF
:1017B00040EA07473BE73746304609E70746E7E692
:1017C0001846FBE64145ABD2B8EB020A69EB0E02C4
:1017D00001381346A4E76046E9E7184695E76746EF
:1017E000D1E781467CE702382C4447E7ACF1020C94
:1017F0002B442FE7384608E73746E9E6704700BF35
:1018000000F054B810B52DED028B8AB008EE100A26
:1018100000F006F9234B93F90040631C09D0B4EEA5
:10182000488AF1EE10FA04D6B5EEC08AF1EE10FA4D
:1018300003D40AB0BDEC028B10BD01231A4A0093F9
:1018400018EE100A002301920893FFF791FA002284
:10185000CDE90401CDE902010023ACB110461946DF
:10186000FFF708FC022CCDE906010FD100F0CCF9FE
:1018700021230360089B7BB9DDE90601FFF7A0FD8A
:101880000AB0BDEC028B10BDCDE90623684600F01E
:10189000CFF80028EED1E9E700F0B6F9089B036025
:1018A000EAE700BF0A060020A8A8020030B583B00E
:1018B00007EE900A0191019B23F00042B2F1FF4F25
:1018C00017DC20F00041B1F1FF4F054611DCB3F108
:1018D0007E5F3FD09C1704F0020444EAD07481B9C3
:1018E000022C4CD09FED437A032C08BFF0EE477AD0
:1018F00003E09DED017A77EE277A17EE900A03B0A8
:1019000030BDF2B1B2F1FF4F29D0B1F1FF4F18D085
:101910008A1AD2153C2A35DC002B36DA3C3234DA0E
:10192000DFED357A012C47D0022C3CD0002CE4D0DE
:10193000DFED326A9FED327A77EEA67A77EEC77ADC
:10194000DBE7DFED307A9FED307A002DB8BFF0EEA7
:10195000477AD2E703B0BDE8304000F06BB8B1F190
:10196000FF4F30D0022C0AD0032C39D0DFED277A7C
:101970009FED217A012C18BFF0EE477ABDE7DFED2D
:10198000207ABAE7DFED1F7ACCE7019807EE100A5C
:10199000C7EE877A17EE900A00F02AF900F04AF8AD
:1019A00007EE900ABEE7DFED156A9FED157A77EE38
:1019B000A67A77EE677AA0E717EE903A03F1004334
:1019C00007EE903A99E7022C10D0032C0BD0DFEDF4
:1019D000107A9FED107A012C18BFF0EE477A8CE751
:1019E000DFED047A89E7DFED0C7A86E7DFED0B7A2D
:1019F00083E700BFDB0F49C0000000002EBDBB33F2
:101A0000DB0F4940DB0FC93FDB0FC9BF000000807F
:101A1000DB0F49BFDB0F493FE4CB16C0E4CB1640D8
:101A200007EE900AF1EEE77A17EE900A704700BFD2
:101A30000020704738B520F00044B4F1A14F07EE04
:101A4000900A05460DDBB4F1FF4F5CDC9FED557A43
:101A5000DFED557A0028C8BFF0EE477A17EE900AFE
:101A600038BD524B9C4261DCB4F1445F50DB4FF017
:101A7000FF3327EEA76A9FED4E1A9FED4E2ADFED4A
:101A80004E1ADFED4E2A9FED4E3ADFED4E3A9FEDB6
:101A90004E4ADFED4E4A9FED4E5A9FED4E7ADFEDF6
:101AA0004E5A66EE066A5A1CA6EE812AE6EEA12A76
:101AB000A2EE263AE2EEA63AA3EE264AE3EEA64AC4
:101AC000A4EE265AA4EEA67AE5EE265A27EE267A4A
:101AD000A5EE867A27EE277A3FD04049404A9B0000
:101AE0001944D1ED006A37EE667A134437EE677A0F
:101AF000D3ED007A77EEC77A002DB8BFF1EE677AA2
:101B000017EE900A38BD77EEA77A17EE900A38BD27
:101B10009FED347A37EE877AF7EE006AB4EEE67A14
:101B2000F1EE10FAA3DD17EE900A38BD00F060F870
:101B30002D4B9C4207EE100A14DCA3F5D0039C4207
:101B400025DCF0EE007AFFEE006AE7EE276A00235C
:101B500037EE277AC6EE877A8BE777EEC77A17EEED
:101B6000900A38BD214B9C420BDCF7EE087AF7EE69
:101B7000006AE7EE276A022337EE677AC7EE267A15
:101B800077E7FFEE006AC6EE877A032371E7F7EE88
:101B9000007A77EE676A37EE277A0123C6EE877AF6
:101BA00067E700BFDB0FC93FDB0FC9BFFFFFDF3EA9
:101BB000D769853C59DA4B3D21A215BD6BF16EBD4D
:101BC000356B883D95879DBD6E2EBA3D388EE3BD41
:101BD0002549123ECDCC4CBEABAAAA3EC0A80200FD
:101BE000B0A80200CAF24971FFFF973FFFFF1B40F8
:101BF00020F00040704700BF08B5062001F0C4FC8B
:101C00000120F9F70BF800BF014B1868704700BFBF
:101C10000C06002070B5002948D005460C4610B1CE
:101C2000836B002B48D0626EB4F90C30D00740D4DF
:101C3000990530D52146284600F05CF8E36A06464F
:101C400033B1E169284698470028B8BF4FF0FF3606
:101C5000A3891A063CD4216B41B104F14003994297
:101C600002D02846F8F708FC00232363616C21B1F9
:101C70002846F8F701FC0023636400F0E9F9636E7D
:101C80000022DB07A2811FD5A06D00F0B1FD00F09E
:101C9000E5F9304670BDA06D00F0ACFDB4F90C3034
:101CA000002BC7D1666E16F0010616D0002630460E
:101CB00070BD002BFAD0BDE700F04CF9626EB4F9AC
:101CC0000C30D007F5D4B3E7A06D00F095FDDBE74D
:101CD00021692846F8F7D0FBBDE7A06D00F08CFD28
:101CE000304670BD024B01461868FFF793BF00BF36
:101CF0000C060020B1F90C309AB22DE9F0410C46E7
:101D00001107804644D4626843F40063002AA3812B
:101D100059DDA56A002D53D000229BB2D8F800608F
:101D2000E169C8F8002013F4805240F08380012359
:101D30004046A847421C4AD0A389A56AE1695B07CF
:101D400005D56268236B801A0BB1E36BC01A02469B
:101D500000234046A847471C45D0B4F90C302269FF
:101D6000226023F400630022A381DB04626000D5BB
:101D70002065216BC8F8006011B304F1400399425B
:101D800002D04046F8F778FB00202063BDE8F081E0
:101D90002669AEB12568266092070CBF63690023EF
:101DA000AD1BA3600AE02B463246676AE1694046F4
:101DB000B8470028A5EB000506442BDD002DF2DC1A
:101DC0000020BDE8F081E26B002AA2DCF8E7D8F839
:101DD0000030002BB0D01D2B01D0162B2CD1C8F811
:101DE00000600020EDE7D8F800101D291AD8154B27
:101DF000B4F90C20CB40DB4313F0010314D1256967
:101E000022F40062C4E90053D504A281B1D50029AF
:101E1000AFD1ADE7A38943F04003A3814FF0FF307A
:101E2000BDE8F081B4F90C2042F04002A2814FF0ED
:101E3000FF30C6E7206D82E7A38943F04003A3810A
:101E4000BFE700BF0100402038B50D46044608B189
:101E5000836BA3B1B5F90C00B8B16B6EDB0701D48D
:101E600081051AD520462946FFF744FF6B6EDA0735
:101E7000044602D4AB899B050AD5204638BD00F044
:101E800069F8B5F90C000028E7D10446204638BDB2
:101E9000A86D00F0B1FC204638BDA86D00F0AAFC8A
:101EA000E0E700BF20B1054B01461868FFF7CCBF43
:101EB000034B0449186800F04BBC00BF0C0600201F
:101EC000D4A90200491E020010B5002304468181F6
:101ED000C281C0E9003383604366C0E90433836193
:101EE000194608225C3001F04BF907480749084AB7
:101EF000084BE362C4E90740C4E9091204F1580041
:101F0000BDE8104000F072BCC5350200E9350200A2
:101F10002536020045360200014900F019BC00BF19
:101F2000151C020070B54A1E682505FB02F50E4619
:101F300005F17401F8F75EFA044640B100210C3057
:101F4000666005F168022160A06001F019F9204681
:101F500070BD00BF10B50446124800F04BFCA26BE8
:101F6000D2B904F53B731048C4F8E8320321C4F831
:101F7000E022E063C4F8E41260680421FFF7A4FFE4
:101F800001220921A068FFF79FFF02221221E068C9
:101F9000FFF79AFF0123A3630248BDE8104000F059
:101FA0002BBC00BF9CB60020191F020070B506466E
:101FB000244800F01FFC244B1D68AB6B83B305F570
:101FC0003875D5E90134013B05D525E0013B5A1CA4
:101FD00004F1680420D0B4F90C20002AF6D10025C1
:101FE0001A4BE36004F15800656600F0FFFB1548EA
:101FF00000F002FC2560C4E90155C4E90455A5615F
:102000002946082204F15C0001F0BAF8C4E90C5535
:10201000C4E91155204670BD2C682CB12546D0E787
:102020002846FFF797FFCAE704213046FFF77AFFFB
:10203000044628600028F1D1024800F0DDFB0C23A3
:102040003360E7E7A8B60020D4A902000100FFFF33
:10205000014800F0CFBB00BFA8B60020014800F047
:10206000CBBB00BFA8B60020F0B5134683B00F4627
:1020700001AA1946064603F021FF002836D005467E
:102080003046FFF793FF044600282FD039464FF41F
:10209000DB73019A304601F0BDF8071E30DB636E3A
:1020A000DB0715D51C4B1D491D4AE781C4E90743D1
:1020B000C4E909121B4BA581E905E3620FD4636EE5
:1020C000DA0702D4A3899B0514D5204603B0F0BDDE
:1020D000A3899805E6D4A06D00F08CFBE2E73046BA
:1020E00002230022214600F06BF9E8E70024204695
:1020F00003B0F0BDA06D00F07FFB204603B0F0BD43
:102100000025FFF7A5FFA581A06D00F071FB2C460F
:10211000FFF7A4FFD9E700BFC5350200E93502008B
:102120002536020045360200024B0A460146186871
:10213000FFF79ABF0C060020F8B5244F0C46064660
:10214000F8F77BFDBB685D68C4F57E610F3125F053
:102150000305294421F47F6121F00F01A1F580548A
:10216000B4F5805F07DB0021304601F007F9BB685A
:102170002B44984204D03046F8F763FD0020F8BDA8
:102180006142304601F0FAF801300DD0104BBA68C8
:1021900019682D1B45F001053046091B5560196073
:1021A000F8F74FFD0120F8BD0021304601F0E6F8B8
:1021B000BA68831A0F2BDEDD064C0549246843F00C
:1021C0000103001B53600860D5E700BFA40B00208B
:1021D00064B60020AC0F0020002953D0F8B50C469F
:1021E0000646F8F72AFD54F804CC714F2CF0010193
:1021F000A4F108056B18B8685A68984222F00302E7
:1022000053D01CF0010F5A6003EB02003BD154F88D
:1022100008CC4068A5EB0C0507F1080EAC687445C6
:10222000614400F0010075D0D5F80CC0C4F80CC0B2
:10223000CCF8084060B341F001036B606950B1F520
:10224000007F50D34B0A042B70D88B0903F139045B
:10225000E40003F1380238193B590838984278D025
:102260005A6822F003028A4271D99B689842F7D1DA
:10227000C368C5E902039D60C5603046BDE8F8400B
:10228000F8F7DFBC7047406800F001000028D2D1A9
:102290009868484C1144A04241F0010262D0DB68CA
:1022A000C36098606A606950C9E71CF0010F0A4476
:1022B00007D154F8083CED1A1A44D5E90213CB6053
:1022C00099603D4B1B6842F0010193426960BD601B
:1022D00004D83A4B30461968FFF72EFF3046BDE868
:1022E000F840F8F7AEBCC90878684A1C0123891089
:1022F0008B40034307EBC20157F832007B6008397B
:10230000C5E9020147F83250C5603046BDE8F840E3
:10231000F8F797BC002845D10A44D3E9021342F0EC
:102320000100CB6099606860AA50D7E7142B08D9E8
:10233000542B1ED80B0B03F16F04E40003F16E0263
:1023400089E703F15C04E40003F15B0283E71846CC
:102350008EE793107968012202FA03F30B437B6046
:10236000034686E7C7E90455C5E902006A6069507B
:10237000B4E7B3F5AA7F06D8CB0B03F17804E400E9
:1023800003F1770267E740F25452934206D88B0C70
:1023900003F17D04E40003F17C025CE74FF47E74FA
:1023A0007E2258E741F001026A60196096E700BF9B
:1023B000A40B0020AC0B0020B00F002094B600202E
:1023C00000F000B82DE9F04F0C4697B091461F463B
:1023D000064618B1836B002B00F08F80626EA389D4
:1023E000D20702D49D0540F1A18003F48473B3F5B4
:1023F000847F00F09680D4F82880B8F1000F7FD059
:10240000012F13D0022F00F08780002F00F084806E
:10241000636E1622D907326002D4A3899A0577D554
:102420004FF0FF35284617B0BDE8F08F2146304603
:10243000FFF70AFDA38913F4805240F03181E1696E
:102440003B463046C047411C054600F0DC80A3896E
:1024500022695F0740F1E8806368216BED1A09B1DA
:10246000E06B2D1AA9444FF0010A0027002A00F062
:10247000E580B4F90C3040F61A019AB20A4208D14C
:10248000520566D4944A904500F0FB8043F4006303
:10249000A38121463046FFF7D7FC002840F0BF80DB
:1024A0003B464A46E1693046C047013000F0B780FC
:1024B000216B41B104F14003994202D03046F7F755
:1024C000DBFF00232363A3892269226023F40263D4
:1024D0000021A3816160082204F15C0000F050FE3D
:1024E000656E15F0010503D1A3899B0540F193802A
:1024F0000025284617B0BDE8F08FFFF72BFD6DE7EC
:10250000636E1D22D80732608AD4A3899A0587D4C6
:10251000A06D00F071F983E74FF0000A226955467B
:10252000A4E721463046FFF78FFC64E7A06D00F07A
:1025300061F9A38959E7019AB4F90C3002F47042A9
:10254000B2F5004FA2D143F480634FF48062A381BF
:10255000E264002F40F08880CB46BAF1000F72D1C0
:10256000A389DB047ED452460123E1693046C0478B
:10257000451C8ED06368216BC51A1A46002968D0A5
:10258000E06B2D1AA26BD4F810C01D44A2EB0C0214
:10259000AD1A0244AB4580F28580E56CE1696D427D
:1025A00005EA0B052A4600233046C04701303FF4B8
:1025B00070AF2369216B23600023636041B104F194
:1025C0004003994202D03046F7F756FF00232363B9
:1025D000A389BBEB050B23F02003A38110D0214678
:1025E000304600F03FFE00287FF453AF63685B4540
:1025F000FFF44FAF2268A3EB0B035A44C4E9002356
:102600000822002168E7636EDA073FF509AFA38966
:102610009B053FF505AFA06D00F0EEF802E7636E95
:10262000D9077FF5FAAEFBE618077FF51BAF2368E5
:10263000002B3FF417AF9B1A1D4413E72146304689
:1026400000F00AF915E7216B11B16368E06B99E7B7
:1026500062682068D4F810C0A0EB0C002D1A024468
:10266000002197E7206D85E76A46B4F90E103046E1
:1026700000F034F800287FF40CAF049B09EB030B47
:102680006BE7B4F90E100029FFF600AF6A4630463A
:1026900000F024F800283FF44EAFB4F90C30F5E612
:1026A000256DD5E6AB185B457FF677AFABEB05053F
:1026B0000CEB0503521BC4E9003241B104F14003A5
:1026C000994202D03046F7F7D7FE00232363A3894F
:1026D00023F02003A38193E72536020038B50B468B
:1026E000074C05461146184600232360F8F7A0FC66
:1026F000431C00D038BD2368002BFBD02B6038BDB5
:1027000098B600202DE9F04110F538771BD08846A7
:102710000026D7E90154013D0FD4A389012B05F10F
:10272000FF35204605D9B4F90E30013301D0C0473A
:1027300006436B1C04F16804EFD13F68002FE8D119
:102740003046BDE8F0813E463046BDE8F08100BF2E
:102750002DE9F84310F538771FD0884606464FF02C
:102760000009D7E90154013D11D4A389012B05F1DA
:10277000FF352146304606D9B4F90E30013302D078
:10278000C04749EA00096B1C04F16804EDD13F68B9
:10279000002FE6D14846BDE8F883B9464846BDE873
:1027A000F88300BF70B50D4E0D4D761BB61006D0E8
:1027B0000024013455F8043B9847A642F9D1094E4C
:1027C000094D761B03F0B8FFB61006D00024013483
:1027D00055F8043B9847A642F9D170BDB80F0020C8
:1027E000B80F0020DC0F0020B80F0020704700BF9A
:1027F000704700BF704700BF704700BF70B50C4600
:10280000B1F90E10002996B015461E460FDAA289BE
:10281000002312F08000336004D14FF480632B60FA
:1028200016B070BD402218462A6016B070BD6A46C8
:10283000FFF754FF0028EADB019B03F47043A3F584
:102840000053B3FA83F35B094FF480624FF40060E6
:1028500033602A6016B070BD8A8992070B4606D590
:1028600001F1430201211A60C3E90421704770B5E8
:1028700082B001AB6A460C460546FFF7BFFF0099E0
:1028800006462846F7F7B6FDB4F90C30D8B116491C
:10289000E963019A0099206043F08003A381C4E9B1
:1028A00004011AB93343A38102B070BD2846B4F9BC
:1028B0000E1003F03DFBA0B1A38923F0030343F006
:1028C00001031BB2EEE79A05EED423F0030304F1F3
:1028D000430243F002030121A3812260C4E90421E1
:1028E000E2E7B4F90C30DDE7191F0200024B0146A4
:1028F0001868F7F77FBD00BF0C060020024B0146A9
:102900001868F7F7B9BD00BF0C0600202DE9F04F9D
:1029100001F10B05162D83B0064623D8102900F2CD
:10292000B980F8F78AF9102518230220C54F3B44D7
:10293000A3F108025C68944200F06681636823F0AA
:1029400003032344D4E902515A68E96042F00102CA
:102950008D6030465A60F8F774F90834204603B0A9
:10296000BDE8F08F35F0070500F19480A94200F230
:102970009180F8F762F9B5F5FC7FC0F083816B0AAE
:1029800000F08F80042B00F24681AB0903F139007F
:1029900003F1380CC300AB4F3B44A3F108015C6862
:1029A000A14206D10CE0002A80F21D81E468A14218
:1029B00006D0636823F003035A1B0F2AF3DD604639
:1029C0003C69DFF894C2644571D0636823F0030367
:1029D0005A1B0F2A00F34481002AC7E904CC80F275
:1029E0002681B3F5007F80F06981DB08591C7A6885
:1029F00057F83180C4F808804FF0010E9B100EFA92
:102A000003F307EBC10E1343AEF10802E2607B60F3
:102A100047F83140C8F80C408210012494409C4291
:102A20004BD81C4206D120F0030064001C4200F188
:102A30000400FAD007EBC009CE468046DEF80C3021
:102A40009E4507D122E1002A80F22981DB689E455C
:102A500000F01C81596821F003014A1B0F2AF2DDA6
:102A6000D3E9028E5C1945F001055D6042F0010575
:102A7000C8F80CE03046CEF80880C7E90444C4E941
:102A800002CC65605A500193F8F7DBF8019B03F123
:102A9000080463E700240C232046336003B0BDE83C
:102AA000F08F4FF4007340204FF03F0C73E77B68CA
:102AB0008210012494409C42B3D9BC68636823F01F
:102AC0000309A94503D3A9EB05030F2B7BDC5E4B60
:102AD000DFF888A11A68DAF80030013305EB020844
:102AE00000F0488108F5805808F10F0828F47F6845
:102AF00028F00F084146304600F040FCB0F1FF3F9F
:102B0000834600F0048104EB0900584500F2FD8083
:102B10004E4A13684344136000F04D81DAF8001008
:102B200001311BBFABEB00001B18CAF800B01360EB
:102B30001BF0070300F03481C3F10801C3F5805393
:102B40008B440833D844C8F30B08A3EB080841466C
:102B50003046019200F012FC431C019A00F04681BD
:102B6000A0EB0B01414441F001011368C7F808B024
:102B70004344BC42CBF80410136015D0B9F10F0FD9
:102B800040F230816068A9F10C0121F0070100F0EA
:102B9000010004EB010C08434FF0050E0F296060A3
:102BA000CCE901EE00F23A81294A2A481168BC6852
:102BB0008B42016888BF136062688B4222F0030277
:102BC00088BF0360A7E0621943F0010345F00105E7
:102BD00065603046BA605360F8F733F80834204631
:102BE00003B0BDE8F08F2344E1685A68A56842F05D
:102BF0000102E96030468D605A60F8F722F8083427
:102C0000204603B0BDE8F08FDC68A34208BF023065
:102C10003FF4D6AE92E6142B71D9542B00F2AD805E
:102C20002B0B03F16F0003F16E0CC300B3E62344DA
:102C300030465A6842F001025A600834F8F701F849
:102C40008CE600BFA40B002094B6002064B60020E0
:102C50008CB6002090B60020AC0B0020AC0F0020FA
:102C6000611945F0010E42F00105C4F804E0304658
:102C7000C7E90411C1E902CC4D60E250F7F7E1FF6A
:102C800008346BE6E80805F108034FE608F101088F
:102C900018F0030F0EF1080E7FF4D0AE52E0194485
:102CA0001C464A68DB6854F8085F42F001024A603B
:102CB0003046EB609D60F7F7C4FF4FE65A0A042ADE
:102CC00035D9142A6FD802F15C01C9005B3207EBD9
:102CD000010E7958AEF1080E8E4558D04A6822F0A0
:102CE00003029A4202D989688E45F7D1D1F80CE0E7
:102CF0007B68C4E9021ECEF80840CC608CE603F184
:102D00005C0003F15B0CC30045E6BC4272D0BC68BA
:102D1000626822F003029542A2EB050302D80F2B52
:102D20003FF751AF3046F7F78CFF002416E69A09BB
:102D300002F13901C9003832C9E7D9F80090994544
:102D400040F0838010F0030FA9F1080300F1FF3079
:102D5000F3D17B6823EA04037B6064009C423FF666
:102D6000ACAE1CB9A9E6640008F104081C42FAD014
:102D700040465FE608F11008BCE6B3F5AA7F26D806
:102D8000EB0B03F1780003F1770CC30003E67B68DB
:102D900092104FF0010808FA02F213437B60A8E793
:102DA0004FF48053CEE6542A29D81A0B02F16F0152
:102DB000C9006E328BE7C0F30B0100297FF4AEAE81
:102DC00009EB0802B96842F001024A60ECE640F201
:102DD000545293421CD8AB0C03F17D0003F17C0CE0
:102DE000C300D8E50123CBF804309BE701214FF065
:102DF0000008BAE6164A1368434413608EE6B2F53B
:102E0000AA7F14D8DA0B02F17801C90077325EE7A5
:102E10004FF47E737F204FF07E0CBCE504F1080177
:102E200030460192F7F728FB019A1368BCE640F29E
:102E300054518A4205D89A0C02F17D01C9007C32B6
:102E400045E74FF47E717E2241E77B6885E700BF4E
:102E500064B6002082B049B15AB16BB113780B60EF
:102E60001278101C18BF012002B0704701A9002A77
:102E7000F3D1104602B070476FF00100F4E700BFD5
:102E800001F0FF01102A2BDB10F0070F08D010F81B
:102E9000013B013A8B422DD010F0070F42B3F6D11F
:102EA000F0B441EA012141EA014122F007047FF038
:102EB00000070023F0E80256083C85EA010586EA8F
:102EC000010685FA47F5A3FA87F586FA47F6A5FACB
:102ED00087F68EB9EED1F0BC01F0FF0102F00702D7
:102EE00032B110F8013B013A83EA010313B1F8D182
:102EF0000020704701387047002D06BF3546033863
:102F0000073815F0010F07D1013015F4807F02BF9B
:102F1000013015F4C03F0130F0BC0138704700BFEC
:102F2000032A70B414D940EA0105AD0704460B46E4
:102F300022D11D682668AE421946204603F10403DB
:102F400004F1040418D1043A032A20461946F0D8A3
:102F5000541E72B102780B789A4208BF641806D0EA
:102F60000CE010F8012F11F8013F9A4206D1A1425E
:102F7000F7D1002070BC7047541EEBE7D01A70BC2C
:102F8000704700BF844641EA000313F003036DD18C
:102F9000403A41D351F8043B40F8043B51F8043B1C
:102FA00040F8043B51F8043B40F8043B51F8043B23
:102FB00040F8043B51F8043B40F8043B51F8043B13
:102FC00040F8043B51F8043B40F8043B51F8043B03
:102FD00040F8043B51F8043B40F8043B51F8043BF3
:102FE00040F8043B51F8043B40F8043B51F8043BE3
:102FF00040F8043B51F8043B40F8043B51F8043BD3
:1030000040F8043B51F8043B40F8043B51F8043BC2
:1030100040F8043B403ABDD2303211D351F8043B62
:1030200040F8043B51F8043B40F8043B51F8043BA2
:1030300040F8043B51F8043B40F8043B103AEDD211
:103040000C3205D351F8043B40F8043B043AF9D262
:10305000043208D0D2071CBF11F8013B00F8013B35
:1030600001D30B8803806046704700BF082A13D342
:103070008B078DD010F003038AD0C3F10403D21A5A
:10308000DB071CBF11F8013B00F8013B80D331F88E
:10309000023B20F8023B7BE7043AD9D3013A11F80E
:1030A000013B00F8013BF9D20B7803704B78437079
:1030B0008B788370604670478842F0B40DD98B18C6
:1030C00083420AD9841832B1224613F8014D02F81E
:1030D000014D9942F9D1F0BC70470F2A49D940EA15
:1030E00001039B0747D1A2F110031B0901F120073F
:1030F00007EB031701F1100400F1100554F8106CF0
:1031000045F8106C54F80C6C45F80C6C54F8086CCD
:1031100045F8086C54F8046C45F8046C1034BC4253
:1031200005F11005EAD1013302F00F051B01032D53
:103130001944034421D91F1F0E462C46043C56F85F
:1031400004CB47F804CF032CF8D82C1F24F0030439
:1031500004342344214402F00302002ABBD0013B83
:103160000A4411F8014B03F8014F9142F9D1F0BC28
:1031700070470346F1E70346F1E72A46EDE700BF53
:10318000F0B4860743D0541E002A3ED0CAB203468C
:1031900002E014F1FF3438D303F8012B9D07F8D176
:1031A000032C2BD9CDB245EA05250F2C45EA054560
:1031B00016D9A4F110073F0903F1200606EB071604
:1031C00003F1100242E9045542E902551032B242BD
:1031D000F8D104F00F040137032C03EB07130DD9CA
:1031E0001E462246043A032A46F8045BFAD8221FF8
:1031F00022F003020432134404F003042CB1C9B2D8
:103200001C4403F8011B9C42FBD1F0BC70471446E0
:103210000346C5E770B50D46084C114606461A46EA
:10322000284600232360F7F7EFFF431C00D070BD52
:103230002368002BFBD0336070BD00BF98B6002020
:10324000024B0A4601461868F7F764B80C060020DE
:10325000838903F00903092B01D000207047FEF792
:1032600021BE00BFF8B50C46054610B1836B002B9C
:1032700040D0B4F90C309AB2970407D4626E43F48C
:10328000005322F400526266A3819AB2002196068E
:10329000616038D450071AD4D10662D512074ED4D3
:1032A00043F00403A3812369002B55D0B4F90C70BB
:1032B000BEB2B3072AD12269226028466369256A13
:1032C000E169A8470028606017DD0020F8BD216B88
:1032D0000029E8D004F14003994202D02846F7F7CC
:1032E000CBF8E36B636000202063002BDBD0A36B83
:1032F0002360F8BDFEF72EFEBBE7B4F90C3016D103
:1033000043F02003A3814FF0FF30F8BD194B1A4959
:1033100018680123A38106F00906FFF7F3F9092EC7
:10332000A781C8D121462846FEF7E4FCC3E743F055
:1033300040030022A38162604FF0FF30F8BD2146B8
:103340002846FEF781FD0028DDD1B4F90C30A060DD
:10335000A06123F00803A3E721462846FFF77CFA83
:10336000A4E743F0400309222A604FF0FF30A38115
:10337000F8BD00BFD4A902005132020038B5074C95
:103380000023054608462360F7F732FC431C00D0B3
:1033900038BD2368002BFBD02B6038BD98B60020C9
:1033A00000290CBF022200224FF4806300F000B815
:1033B0002DE9F0435D4C256883B0044688461646E7
:1033C0001F4615B1AB6B002B7ED0022E05D0012E0F
:1033D00000F2A980002FC0F2A680636EDA0735D50F
:1033E00021462846FEF730FD216B41B104F1400330
:1033F000994202D02846F7F73FF800232363B4F937
:103400000C3000221806A261626061D423F44A6382
:1034100023F00303022EA3811FD10025616E00203B
:1034200004F1430243F00203A060C9074FF001001A
:10343000A3812260C4E9042004D49B0502D4A06DBA
:10344000FFF7DAF9284603B0BDE8F083A3899B05AE
:10345000C6D4A06DFFF7CEF9C2E701AB6A4621469C
:103460002846FFF7CBF9A3891843A081002F36D156
:10347000009F3846FFF73AFA8046002842D0A389D9
:1034800043F08003A381AB6B7BB3009AB4F90C309B
:10349000C4F80080BA421CBF43F40063A381012E2C
:1034A00004BF43F00103A3819BB213F00802C4E9F7
:1034B00004871ED1A260656E15F00105BDD0002500
:1034C000284603B0BDE8F0832846FEF743FD7CE7BD
:1034D00021692846F6F7D0FFB4F90C3096E7B8F129
:1034E000000FC6D0AB6B002BCFD12846FEF732FDC4
:1034F000CBE7DA0704D57F420022A761A260DAE7B2
:10350000A760D8E7DDF80090B94504D1B4F90C30D4
:103510004FF0FF3582E74846FFF7E8F9804600287C
:10352000F4D04F46ABE74FF0FF358BE70C06002099
:103530001F2938B522D8D0F8DC3205460C466BB1CD
:1035400053F8212052B1012A12D0511C12D000256B
:10355000204643F824509047284638BD284600F0BE
:103560002FF8224601462846BDE8384000F014B83E
:10357000002038BD16230360012038BD16230360E8
:103580004FF0FF3038BD00BF024B01461868FFF70F
:10359000CFBF00BF0C06002038B50B46074C0546D0
:1035A000114618460023236003F0BEF8431C00D0E8
:1035B00038BD2368002BFBD02B6038BD98B60020A7
:1035C00003F0AAB810B50C46B1F90E1002F0ECFFEA
:1035D000002803DB236D0344236510BDA38923F476
:1035E0008053A38110BD00BF2DE9F0411646B1F90B
:1035F0000C201F46D3050C460546B1F90E1007D521
:103600000022022302F0B4FCB4F90C20B4F90E102D
:1036100022F48052A2813B4632462846BDE8F04162
:1036200001F09CBC10B50C46B1F90E1002F0A0FCE4
:10363000A389421C0EBF23F4805343F480532065BA
:10364000A38110BDB1F90E1001F09EBC0000000076
:10365000000000000000000000000000000000006A
:10366000A2EB0300704700BF02780B78012A28BF45
:103670009A42F5D16DE9044540EA0104CDE90267BB
:103680006FF0000C4FEA447212B380EA010414F0A8
:10369000070F6AD100F0070420F0070004F00305CB
:1036A00021F007014FEAC505F0E8042314F0040FE8
:1036B000F1E804670CFA05F462EA040266EA04061B
:1036C0000AD063EA0403624667EA0407664603E039
:1036D000F0E80423F1E8046782FA4CF582EA060474
:1036E000A4FA8CF46CBB83FA4CF583EA0705A5FABF
:1036F0008CF595B950E9022351E9026782FA4CF53D
:1037000082EA0604A4FA8CF483FA4CF583EA0705EE
:10371000A5FA8CF52543DBD09CB92DBAB5FA85F412
:1037200024F0070427FA04F1DDE9026723FA04F321
:1037300003F0FF0001F0FF01FDE80445A0EB0100EC
:10374000704724BAB4FA84F424F0070426FA04F18A
:10375000DDE9026722FA04F202F0FF0001F0FF0146
:10376000FDE80445A0EB0100704714F0030F3CD1C5
:1037700010F0030428D150F8082B51F8083B82FAC6
:103780004CF582EA0305A5FA8CF55DB950F8042CD6
:1037900051F8043C82FA4CF582EA0305A5FA8CF54F
:1037A000002DE8D02DBAB5FA85F424F0070423FAE9
:1037B00004F122FA04F202F0FF0001F0FF01FDE83B
:1037C0000445A0EB010070474FEAC40420F0030059
:1037D00050F8082B21F0030151F8083B0CFA04F4CF
:1037E00062EA040263EA0403C9E710F003041AD092
:1037F000A1EB040120F00300E40750F8042B06D0ED
:103800000FD28B785FFAA2F4E41A06D12BB1CB78F1
:103810005FFAB2F4E41A00D11BB920465DF8104BF0
:10382000704701F1040150F8042BCC0721F003018B
:1038300051F8043B48D824D222F07F4482FA4CF558
:1038400094EA1325A5FA8CF50AD165B951F8043B21
:1038500084EA0204B4EB036F0ED150F8042BEBE7BB
:103860004FEA132355E035F07F454DD10878FDE848
:103870000445C0F1000070474FEA126203F0FF03F5
:1038800047E002EA1C4482FA4CF594EA1345A5FA93
:103890008CF50AD165B951F8043B84EA0204B4EB13
:1038A000034F0CD150F8042BEBE74FEA134330E001
:1038B00015EA1C4528D10B884FEA124229E04FEA4D
:1038C000124203EA1C4324E002F0FF0482FA4CF5A2
:1038D00094EA1365A5FA8CF50AD165B951F8043B51
:1038E00084EA0204B4EB032F09D150F8042BEBE770
:1038F0004FEA13630DE015F0FF0F05D10B684FEA97
:10390000122223F07F4304E04FF00000FDE804455D
:10391000704712BA1BBA82FA4CF482EA0304A4FA82
:103920008CF5B5FA85F402FA04F203FA04F34FEACF
:103930001260FDE80445A0EB136070470000000032
:1039400090F800F06DE9024520F007016FF0000CDF
:1039500010F0070491F820F040F049804FF0000487
:103960006FF00700D1E9002391F840F000F1080062
:1039700082FA4CF2A4FA8CF283FA4CF3A2FA8CF39A
:103980004BBBD1E9022382FA4CF200F10800A4FA01
:103990008CF283FA4CF3A2FA8CF3E3B9D1E9042355
:1039A00082FA4CF200F10800A4FA8CF283FA4CF38C
:1039B000A2FA8CF37BB9D1E9062301F1200182FA46
:1039C0004CF200F10800A4FA8CF283FA4CF3A2FA4C
:1039D0008CF3002BC6D0002A04BF04301A4612BA5A
:1039E000B2FA82F2FDE8024500EBD2007047D1E95D
:1039F000002304F00305C4F100004FEAC50514F0EC
:103A0000040F91F840F00CFA05F562EA05021CBFBC
:103A100063EA050362464FF00004A9E770B4047836
:103A2000A4B10D7806464DB1A5420AD00A4601E080
:103A3000A34206D012F8013F002BF9D1801B70BCC5
:103A4000704710F8014F002CEDD1F7E72046F6E75C
:103A50002DE9F04FC5B00C460C9191460F930D9097
:103A600002F078FA036818931846FFF769FFA389F4
:103A700017901D0603D52369002B00F01D879FEDCD
:103A8000947B00238DED147BCDE928330DF1D00814
:103A90001393169319930A93CDF89C80C246CB4694
:103AA0009BF80030002B00F09980252B5C4602D15A
:103AB0001CE0252B03D014F8013F002BF9D1A4EB17
:103AC0000B0585B1DDE9283201332A44072BCAF8FA
:103AD00000B0CAF80450CDE9283277DC0AF1080AB0
:103AE0000A9B2B440A932378002B77D000231A4695
:103AF0008DF87F3019460B931F464FF0FF306378E7
:103B0000099004F1010B0BF1010B9946A9F1200377
:103B1000582B00F27583DFE813F0C30273037303BD
:103B2000BE02730373037303730373037303B2025D
:103B3000AD02730367034C0373036C03B600B60056
:103B4000B600B600B600B600B600B600B600730305
:103B500073037303730373037303730373037303B5
:103B600073033703E4027303E40273037303730301
:103B70007303DF0273037303A500730373037303FB
:103B8000730373037500730373038D02730373036D
:103B90007303730373037303730373037303730375
:103BA0007C012F01E402E402E4022A012F017303E5
:103BB00073031D0173030901A700CA00C500730345
:103BC000E1007303770073037303CB0227AADDE9D7
:103BD0000C1002F0FFFC40B9C24681E7299B23B1DB
:103BE0000D980C9927AA02F0F5FC0C9B9B8913F009
:103BF000400F0A9B18BF4FF0FF330A930A9845B055
:103C0000BDE8F08F47F01007BE0640F127850F9DF5
:103C1000073525F0070303F10802D3E900450F92A9
:103C20000123099A002601328DF87F6000F0288474
:103C300027F08002079254EA050240F0C080099AFA
:103C4000002A40F0B386002B40F0D68417F0010321
:103C50000E9300F0488544AB1A46302302F8413DEC
:103C60001192CDE047F0100717F0200300F0008517
:103C70000F9D073525F0070303F10802D3E900453E
:103C80000F920023CDE7A9F1300300201BF8019B20
:103C900000EB800003EB4000A9F13003092BF5D9BC
:103CA0000B9033E747F020079BF800302BE70F9A83
:103CB000094B14681693043247F63003ADF8803090
:103CC00047F002070F92002502234FF07809A8E77A
:103CD00000000000000000000CAA02000F9A136808
:103CE000119300248DF87F40151D002B00F00E86E7
:103CF000099A531C00F0B68621461198FFF7C0F8C8
:103D0000002800F09C87119B0994C31A0E930F950D
:103D1000079723EAE3739DF87F6008931294002EBF
:103D200000F08980089B0133089384E0002A41F069
:103D3000AE800F9AB90652F8043B0F9200F112853B
:103D4000FA0600F109867F0640F10686BDF82820B4
:103D50001A80A5E69BF800306C2B03BF9BF801305E
:103D600047F020070BF1010B47F01007CBE647F0B7
:103D700040079BF80030C6E6002A41F06A80BC0686
:103D800040F10A820F9D073525F00703D3E900456E
:103D900003F108020F92002C75F10003C0F2AF840A
:103DA000099B9DF87F60013300F0B48427F0800206
:103DB000079254EA05024FF001033FF440AF012B94
:103DC00000F06283022B00F08283414600E011463E
:103DD000E20842EA4572E80804F007030546144683
:103DE000303354EA050001F8013C01F1FF32EED115
:103DF00007981192C00700F15984A8EB02030E93B3
:103E0000099B0E9A9342B8BF13460893002312935E
:103E100085E70F9900230A688DF87F301E468DF8DC
:103E2000A82001230A1DCDE90773CDE90E322AAB84
:103E3000099612961193079B13F0020702D0089B74
:103E400002330893079B299C13F0840310933FD1FE
:103E50000B9B089A9D1A002D3ADD102D289B29DD19
:103E600052462146AA461026DDE90C5406E0AAF186
:103E7000100ABAF1100F02F1080218DD0133BB4835
:103E80001031072BCDE92831C2E90006EFDD27AA62
:103E90002946204602F09EFB00287FF4A6AEAAF138
:103EA000100ABAF1100FDDE928314246E6DC55462A
:103EB0000C4692460133AD4A2C44072BCDE92834F9
:103EC000CAE9002500F34C859DF87F600AF1080AD5
:103ED00076B1289B013301340DF17F010122072BBC
:103EE000CDE92834CAE9001200F3DB820AF1080A9E
:103EF0006FB1289B0133023420A90222072BCDE9A0
:103F00002834CAE9001200F3D7820AF1080A109B8C
:103F1000802B00F0E781099B0E9A9D1A002D31DD60
:103F2000102D289A924F22DD534621461026DDE9B6
:103F30000CA404E0103D102D03F1080315DD01323F
:103F40001031072ACDE92821C3E90076F2DD27AA3E
:103F50005146204602F03EFB00287FF446AE103D5D
:103F6000102DDDE928214346E9DC9A460C46013252
:103F70002C44072ACDE92824CAE9007500F3BC8245
:103F80000AF1080A079BDF0500F15081289B119A6E
:103F9000CAF800200E9ACAF8042001331444072BF3
:103FA0002994289300F30E820AF1080A079B5A0706
:103FB00031D50B9B089A9D1A002D2CDD102D289BC6
:103FC0001FDD1026DDE90C9704E0103D102D0AF1ED
:103FD000080A16DD0133654A1034072BCDE9283471
:103FE000CAE90026F1DD27AA4946384602F0F2FA6E
:103FF00000287FF4FAAD103D102DDDE92834C246CB
:10400000E8DC0133594A2C44072BCDE92834CAE9AE
:10401000002500F35E83DDE90A3208998A42ACBFCD
:104020009B185B180A93002C40F09581002328937D
:10403000C24635E5002A40F01A874E4B1693B90662
:104040003DD50F9D073525F00703D3E9004503F162
:1040500008020F92FE0740F1D18054EA050300F0F8
:10406000CD8030238DF880308DF8819047F00207A5
:104070000223D6E59BF8003001222B2143E50F985F
:104080009BF8003004680B94002C00F10400C0F28F
:104090000D840F9037E547F001079BF8003032E5BB
:1040A0009BF8003000297FF42EAD012220212AE563
:1040B000002A40F0F086304B1693B906C1D40F9B0E
:1040C000FA0653F8044B0F9300F111837B0640F17D
:1040D0000E83A4B20025BDE747F008079BF8003027
:1040E00011E5002A40F0C7860F9D073525F007052A
:1040F00095ED007B52EC171B22F000431B938DEDD6
:104100001A7A05F10804DDE91A014FF0FF321B4B62
:104110000F948DED147BFDF71DF9002840F03183DD
:104120004FF0FF32154BDDE91A01FDF7F5F80028D5
:1041300040F0278300220023DDE91401FDF7E2F8B7
:10414000002840F02A859DF87F600D4A0D4B032121
:10415000002027F08004B9F1470FD8BF1A46CDE9F7
:104160000810079411920E911290D8E52CAA020023
:104170003CAA0200F8A902000CAA0200FFFFEF7F90
:10418000ECA90200E8A90200002A40F0788647F076
:104190001007BC063FF5F6AD0F9BF80653F8044B2D
:1041A0000F9300F1A682790640F1A38224B2E517AD
:1041B000F1E59BF80090B9F12A0F0BF1010000F036
:1041C0002286A9F13003092B834600F20C850020DA
:1041D0001BF8019B00EB800003EB4000A9F13003CA
:1041E000092BF5D9099091E49BF8003047F00407BA
:1041F00089E447F080079BF8003084E4022310E54F
:10420000002A40F04086B9F1000F3FF4E7AC0023EC
:1042100001221E468DF87F30099312932AAB089233
:104220008DF8A89007970E92119304E6B9F1650FE7
:1042300040F3D38000220023DDE91401FDF758F894
:10424000002800F06981289BB14ACAF80020013398
:1042500001340122072BCDE92834CAF8042000F3E9
:10426000D1830AF1080A219B139A299C934280F278
:104270002B82289B189ACAF80020179ACAF80420A3
:1042800001331444072BCDE9283400F334830AF1B9
:10429000080A139B5D1E002D7FF788AE102D289A0B
:1042A0009C4F40F3888323461026DDE90C4905E046
:1042B0000AF1080A103D102D40F37C8301321033BF
:1042C000072ACDE92823CAE90076F1DD27AA21468D
:1042D000484602F07FF900287FF487ACDDE9282307
:1042E000C246E7E70B9B089A9D1A002D7FF713AE95
:1042F000102D289A874F22DD534621461026DDE9EE
:104300000CA404E0103D102D03F1080315DD01326B
:104310001031072ACDE92821C3E90076F2DD27AA6A
:104320005146204602F056F900287FF45EAC103D5D
:10433000102DDDE928214346E9DC9A460C4601327E
:104340002C44072ACDE92824CAE9007500F33D83EF
:104350000AF1080ADFE527AADDE90C1002F03AF9B4
:1043600000283FF463AE40E427AADDE90C1002F018
:1043700031F900287FF439AC219B299CC2461BB936
:10438000139A002A00F07883289A1899CAF8001026
:104390001799CAF8041001320C44072A299428926C
:1043A00000F358840AF1080A002BC0F29184139B91
:1043B000119901321C44072ACDE92824CAE90013C7
:1043C0007FF7F2AD27AADDE90C1002F003F900280F
:1043D0007FF40BAC299CC246E8E5139A289B012A7E
:1043E00004F1010403F101050AF1080640F34A81D2
:1043F0000123119ACAF80020072DCDE92854CAF8E4
:10440000043000F3BB82179B189A01351C44072D1A
:10441000CDE92854C6E9002300F3BC8208366B1CA2
:104420001F46B946139F0E93013F00220023DDE98A
:104430001401099706F1080AFCF75AFF002840F01A
:10444000E180119B776001333C44B9F1070F336081
:104450002994CDF8A09000F33E8206F1100305F1F7
:10446000020956469A46199A7260144423ABB9F170
:10447000070F2994CDF8A09033607FF797ADA1E79F
:10448000012B07977FF49EAC002D08BF0A2C80F00B
:10449000478144AB303403F8414D119301230E930F
:1044A000AEE427AADDE90C1002F094F800287FF4AE
:1044B0009CAB299CC2461BE527AADDE90C1002F043
:1044C00089F800287FF491AB299CC2461FE5169F0E
:1044D0004246230904F00F0043EA057329091C46EC
:1044E0000D463B5C02F8013D54EA0503F1D1A8EB0F
:1044F000020311920E9383E427AADDE90C1002F067
:1045000069F800287FF471AB299CC2463AE500BFE8
:1045100028AA02003CAA0200219B002B40F36182E2
:10452000DDE912329342A8BF1346002B1D460EDD73
:10453000289B119ACAF8002001332C44072B299498
:10454000CAF80450289300F31D830AF1080A129B4D
:10455000002DA8BF5B1B002B1D4600F38381219B10
:10456000139A9342C0F2E781079AD00700F1E381E2
:10457000139A1298D31A151A9D42A8BF1D46002DF2
:104580000FDD289A1199CAF80450013201442C44D5
:10459000072ACAF80010CDE9282400F328830AF17D
:1045A000080A002DACBF5D1B1D46002D7FF7FEAC39
:1045B000102D289ABF4F40F3FE8123461026DDE9D7
:1045C0000C4905E00AF1080A103D102D40F3F28174
:1045D00001321033072ACDE92823CAE90076F1DD3C
:1045E00027AA2146484601F0F5FF00287FF4FDAADE
:1045F000DDE92823C246E7E7099B0E93CDF8448006
:10460000FFF7FEBB099A002A7FF72DAF102AA94FAA
:1046100040F3F483334692464FF0100922460E9D34
:10462000DDE90C6407E00833AAF1100ABAF1100FB3
:1046300040F3F28101351032072DCDE92852C3E94C
:104640000079F0DD27AA3146204601F0C3FF00289B
:104650007FF4CBAADDE928524346E5E70F9BFD0630
:1046600053F8044B0F9376D500250123FFF7D9BAF1
:104670000F9A52F8044B0F9217F0100279D00025D0
:10468000FFF7CFBA079AD1073FF5B2AE01221199D1
:10469000CAF80010072DCDE92854CAF8042000F309
:1046A0001A8103F102090AF1100ADCE6302B00F04E
:1046B0003C81119A0239302302F8013CA8EB010336
:1046C0000E931191FFF79CBB079BDE073FF5D1AD21
:1046D0006CE427AADDE90C1001F07CFF00287FF4D0
:1046E00084AA299C97E4CDF84480FFF789BB002574
:1046F000B0E4E517002C75F10003BFF651AB099B40
:1047000064424FF02D0665EB450501338DF87F605F
:104710007FF44CAB002D08BF0A2C0797FFF4B9AE0D
:104720004746204629460A220023FCF7E9FE30329C
:1047300007F8012D2046294600230A22FCF7E0FE57
:1047400004460D4654EA0503EBD1A8EB0703119785
:104750000E93FFF755BB780648BFA4B2002501238E
:10476000FFF75FBA0A9A1046D117C3E90001FFF7B5
:1047700097B917F040031CBF1346A4B20025FFF7FA
:1047800050BADDE9140102460B46FCF7E3FD0028B0
:1047900040F00D83099B5A1C29F0200600F04C8242
:1047A000472E00F06E81159B47F48072002B079214
:1047B000C0F210829DED147B8DED1C7B00231093C5
:1047C000B9F1660F00F02682B9F1460F00F064825D
:1047D000452E00F05B8125A822A921AA0223099C6D
:1047E0000292CDE9031000930194DDE91C230D989A
:1047F00000F06EFCB9F1670F119040F03683FB07B3
:1048000040F16B81119B099A9C1800220023DDE97D
:104810001C01FCF76DFD002800F0D0812346119AA1
:104820009B1A1393472E219B129300F05F81B9F1DD
:10483000660F40F06381129B002B099B40F3D782E7
:10484000002B40F0C082FD0700F1BD82129B08934F
:104850000E93109B002B40F07C8109939DF87F60A4
:10486000FFF75DBA102B289A124F40F3EF802346D2
:104870001026DDE90C4905E00AF1080A103D102D6B
:1048800040F3E38001321033072ACDE92823CAE937
:104890000076F1DD27AA2146484601F09BFE00285C
:1048A0007FF4A3A9DDE92823C246E7E764420B941D
:1048B0000F909BE43CAA020040210D98F5F79AFD69
:1048C0000C9B18601861002800F0C7820C9A4023E6
:1048D0005361FFF7D4B827AADDE90C1001F07AFE86
:1048E00000287FF482A9DDE928340DF1D80A03F10C
:1048F00001094646B7E527AADDE90C1001F06AFE7A
:1049000000287FF472A9299CC246C2E4099B119E2B
:104910000996062B28BF062308930E93BB4B0F95D1
:10492000079712961193FFF7FAB9119BA8EB0303AF
:104930000E93FFF765BA289A1899CAF800101799CC
:10494000CAF8041001320C44072A2994289200F373
:1049500029810AF1080A0BE60A9A1A60FFF7A0B843
:1049600027AADDE90C1001F035FE00287FF43DA9EF
:104970009DF87F60299CC246FFF7AABA27AADDE905
:104980000C1001F027FE00287FF42FA9DDE9285440
:10499000464638E527AADDE90C1001F01BFE002889
:1049A0007FF423A9DDE92854464638E5012B7FF43E
:1049B00009AA6EE51C4601322C44072ACDE92824B9
:1049C000CAE900757FF7F0AAFCE427AADDE90C101C
:1049D00001F000FE00287FF408A9299CC246FFF7D9
:1049E0009ABA289A8A49CAF8001001320134012182
:1049F000072ACDE92824CAF804103FF7B5AC0AF11C
:104A0000080ABCE427AADDE90C1001F0E3FD002848
:104A10007FF4EBA8C24626E414461E46CDF824A037
:104A200005F1010903F10802099BCDF8A0901C448F
:104A3000B9F1070F2994C6E900733FF74CAF09F1AC
:104A4000010902F1080A16460DE51C4601322C4404
:104A5000072ACDE92824CAE9007500F32E810AF15E
:104A6000080A7CE511980994FEF76AFF0797CDE9DB
:104A70000E050346FFF74DB9079AD5077FF596AAAD
:104A800082E4002B08BF012309938CE6099B25A82B
:104A90005D1C22A921AA0223CDE9031002920093F2
:104AA0000195DDE91C230D9800F012FB1190B9F17E
:104AB000470F40F0C881FB0740F1BE81119BB9F15F
:104AC000460F03EB05047FF4A0AE119B1B78302B3F
:104AD00000F05F81219D2C4497E6219A259B12923C
:104AE000119A472EA3EB0203139307D1129BDA1CF2
:104AF00002DB099A9A4233DAA9F10209129B8DF876
:104B00008C90013B002B2193BDBF129BC3F101038D
:104B10002D222B22092B8DF88D2000F306813033B6
:104B200030228DF88F308DF88E2024AB23AA9B1A6B
:104B3000139A1993012A13440E9340F34E810E9B4E
:104B4000179A13440E9323EAE373089300231293F6
:104B50007FE62D2600238DF87F600993FFF7E2B8EA
:104B6000DDE912318B42C0F28380F80740F10A81FF
:104B7000129B179A13440E9323EAE37308934FF0A2
:104B8000670966E627AADDE90C1001F023FD00287D
:104B90007FF42BA8299CC246D9E42D268DF87F608E
:104BA000FFF7D3BA27AADDE90C1001F013FD0028A6
:104BB0007FF41BA8219B299CC246D9E4259BA342D4
:104BC000BFF42DAE30215A1C25921970259B9C42B2
:104BD000F9D824E6DDE9141202F100431D932D23D8
:104BE0001C911093ECE500230993FEF78FBF27AAD1
:104BF000DDE90C1001F0EEFC00287EF4F6AF219BFD
:104C0000139A299CD31AC246CBE400BF20AA020003
:104C100028AA0200099D019525A822A921AA0323FB
:104C2000CDE90310029200930D98DDE91C2300F0FA
:104C30004FFA1190441948E706230993B3E5099BFD
:104C400008930E9309900F95079712909DF87F6037
:104C5000FFF765B827AADDE90C1001F0BBFC0028BE
:104C60007EF4C3AF219BDDE92824C246FFF79CBB3D
:104C7000179A139B1344129A0E93002A06DC129B78
:104C80000E9AC3F101031A4413460E9223EAE3730A
:104C900008934FF06709DCE525A822A921AA032380
:104CA000099D0292CDE9031000930195DDE91C23D3
:104CB0000D9800F00DFA119000E727AADDE90C101D
:104CC00001F088FC00287EF490AF299CC24646E49F
:104CD0005D421033724F1CDA1026DDF8349004E088
:104CE0000AF1080A103D102D13DD01321034072A95
:104CF000CDE92824CAE90076F2DD27AA0C994846B6
:104D000001F068FC00287EF470AFDDE92824C2467B
:104D1000E8E701322C44072ACDE92824CAE90075C6
:104D20007DDC0AF1080AFFF742BB0DF19B04204627
:104D30005C4D00E01046A5FB0312D20802EB820195
:104D4000A3EB410303F130011346092B00F8011CCA
:104D500000F1FF32EEDC30330238D9B2844202F87F
:104D6000011C73D90DF18E00134601E013F8011BED
:104D700000F8011B9C42F9D127AB9B1A0DF18E0262
:104D80001344D3E623EAE37208920E934FF06709C7
:104D90005FE500220023DDE91C01FCF7A9FA0028E9
:104DA0007FF498AEC5F1010521952C442DE5159BA6
:104DB0003D4A002BB6BF2D269DF87F608DF87F60A1
:104DC0003A4BFFF7C4B9129B179A1344099A1A4435
:104DD00022EAE2730E9208933BE517F00103129367
:104DE0007FF4ADAE0E9B23EAE373089331E53BB944
:104DF000FC0705D4012308930E932AE5524613E6D7
:104E0000179B0133E2E70F9D9BF801302C68834626
:104E100044EAE474281D09940F90FEF774BE27AA93
:104E2000DDE90C1001F0D6FB00287EF4DEAEDDE9F2
:104E30002824C246FFF7BBBA219A259B1292119AE9
:104E40009B1A139352E6119B5C19DEE40DF18E035D
:104E50006CE68DF87F10FEF792BF0D9A0C2313605D
:104E60004FF0FF330A93FEF7C9BE099D1FE68DF888
:104E70007F10FFF7E2B88DF87F10FFF735B98DF896
:104E80007F10FFF784B98DF87F10FFF7BCB98DF85C
:104E90007F10FEF74EBF8DF87F10FFF70CB900BFF3
:104EA0003CAA0200CDCCCCCCF4A90200F0A90200AF
:104EB00070B5141E9AB005462CDB1A464FF40273E7
:104EC00000910491ADF80C3013D0013C4FF6FF7601
:104ED0001E9B029469460594ADF80E60FEF7B8FD7E
:104EE000421C01DA8B232B60009B00221A701AB03F
:104EF00070BD1E9B02944FF6FF7669460594ADF88F
:104F00000E60FEF7A5FD431C01DB1AB070BD8B23BC
:104F10002B60FAE78B2303604FF0FF30F5E700BF0B
:104F200010B582B0054C0093246813460A4601462A
:104F30002046FFF7BDFF02B010BD00BF0C060020E9
:104F400021B1FF2A04D80A70012070470846704733
:104F50008A2303604FF0FF30704700BF70B50D46E5
:104F6000084C114606461A46284600232360F5F7EA
:104F700069FF431C00D070BD2368002BFBD0336059
:104F800070BD00BF98B6002038B5074C0023054619
:104F900008462360F5F7F4FE431C00D038BD2368B3
:104FA000002BFBD02B6038BD98B600202DE9F04FC8
:104FB00003690F69BB4283B0C0F28680013F01F1F3
:104FC000140900F1140A59F827205AF82730BC00B8
:104FD0000132B3FBF2F80AEB0403009409EB040B73
:104FE0000193B8F1000F38D000252E46CE46D446A6
:104FF0005EF8044BDCF80030A2B208FB0255220C2C
:105000002C0C08FB0242ADB2751B96B2C6EB1346E0
:1050100015FA83F306EB23469BB243EA0643F345B6
:105020004FEA12454CF8043B4FEA2646E0D2009B7B
:105030005AF803308BB9019A131F9A450CD252F8D3
:10504000043C4BB9A2F1080302E01A68043B1AB908
:105050009A4507F1FF37F8D30761044601F0B4F928
:1050600000282DDB08F101085546002359F8041BE0
:1050700028688AB29A1A0B0C12FA80F2C3EB10431A
:1050800003EB224392B242EA0342CB4545F8042B9C
:105090004FEA2343EAD25AF827200AEB87037AB96A
:1050A0001A1F92450BD253F8042C42B9083B02E078
:1050B0001A68043B1AB99A4507F1FF37F8D32761FC
:1050C000404603B0BDE8F08F002003B0BDE8F08F8C
:1050D0002DE9F04F016C97B014461D468346CDE98B
:1050E000024549B1426C4A60012393408B6000F055
:1050F0007BFF0023CBF840302E1E239AB4BF012340
:1051000000231360784BBCBF26F000460396B343E0
:1051100000F0A880DDE902890022002340464946CC
:10512000FCF7E6F8054678B1229A01231360249B28
:10513000002B00F0C4806D4B249A1360013B049354
:10514000049817B0BDE8F08F14AA15ABCDE9003272
:10515000584642464B4601F0C9F9340D824640F0AC
:10516000A380DDE914542C4404F23243202B40F395
:105170001384C3F140039E40029B04F2124023FAC1
:1051800000F03043FBF7D2FD01238046013CA1F142
:10519000F87912930022564B40464946FBF788FCAB
:1051A0004BA3D3E90023FBF73BFE4BA3D3E900233A
:1051B000FBF780FC064620460F46FBF7C7FD48A3D9
:1051C000D3E90023FBF72CFE02460B463046394656
:1051D000FBF770FC06460F4601F076FA00220590B8
:1051E000002330463946FCF78DF8002840F06C82E9
:1051F000059E162E00F25D823E4B03EBC603D3E9FB
:105200000001DDE90223FCF79BF8002800F0C083D1
:10521000731E059300230A932C1B059BB4F1010810
:1052200046BFC4F101094FF000084FF00009002B00
:10523000C0F242829844099300230893209B092BD3
:1052400060D8052B40F3A683043B20930025209BC8
:10525000023B032B00F28984DFE813F0C503A503AA
:10526000CF03E604229A42F20F731360029B7BB9CC
:10527000C6F3130666B9249B002B00F00E861E4B66
:1052800004930833249A0498136017B0BDE8F08F94
:10529000249B2BB9194B0493049817B0BDE8F08FE9
:1052A000164B04930333EDE7C9F3130343F07F591F
:1052B0001295A4F2FF3449F44019149D6AE7104B8B
:1052C0000493049817B0BDE8F08F00BFAFF30080DF
:1052D00061436F63A787D23FB3C8608B288AC63FFC
:1052E000FB799F501344D33F0000F07F29AA0200AE
:1052F0000000F83F88AA02004CAA020058AA020047
:1053000028AA02004FF0FF340125CDE9064500230D
:10531000209321930021CBF844100B94584600F0C1
:105320003DFE0E2C0490CBF8400000F2F780002DDB
:1053300000F0F4809DED027B059900298DED0C7B3A
:1053400040F3D183C14B01F00F0203EBC20393ED95
:10535000007B0C11E3068DED027B40F18684BC4B93
:10536000DDE90C01D3E90823FBF784FECDE90E014A
:1053700004F00F0403267CB1DDE90201B44DE70718
:1053800004D5D5E90023FBF74BFD0136641005F188
:105390000805F4D1CDE90201DDE90223DDE90E01C2
:1053A000FBF768FECDE902010A9B43B10022A94B3D
:1053B000DDE90201FBF7A6FF002840F0E984304652
:1053C000FBF7C4FCDDE90223FBF72AFDA24B002218
:1053D000FBF770FB069B0646A1F15077002B00F00F
:1053E0000884059B1393069B0E93DDE9020101F0EF
:1053F0006BF90E9A954B03EBC20313ED027B00F1A0
:1054000030058DED107BFBF7A1FC02460B46DDE974
:105410000201CDE90267FBF74BFB049B06460798A8
:105420005C1CEDB20F46DDE91023002800F0438438
:1054300000208A49FBF71EFEDDE90223FBF738FB5B
:10544000049A3B4615703246CDE90201FBF778FF1E
:10545000002840F0ED8432463B4600207D49FBF7B2
:1054600027FB02460B46DDE90201FBF769FF002836
:1054700040F0E3840E9901294CD0049ACDF838907D
:105480001144CDF84080DDE90289CDF808A08A46B4
:105490000CE000206F49FBF70BFB42464B46FBF745
:1054A00031FF002840F0C78454452DD0404649467E
:1054B00000226B4BFBF7B4FC0022694B8046894607
:1054C00030463946FBF7ACFC0F46064601F0FCF8C7
:1054D0000546FBF73BFC02460B4630463946FBF7D8
:1054E000E7FA3035EDB242464B4604F8015B06461A
:1054F0000F46FBF707FF32463B460028C9D0139BF7
:10550000DDF808A0059317E2DDF83890DDF840805B
:10551000DDF808A0DDE90C34CDE90234159B002B41
:10552000C0F2AD80059A0E2A00F3A980474B03EB29
:10553000C203D3E90089219B002BC0F2B182DDE9CF
:10554000026742464B4630463946FBF793FD01F071
:10555000BBF80546FBF7FAFB42464B46FBF760FCFF
:1055600002460B4630463946FBF7A2FA049A05F18B
:1055700030031370069B012B06460F4602F101040F
:1055800046D00022364BFBF74BFC00220023064698
:105590000F46FBF7ADFE002840F0CE81CDF808A005
:1055A000DDF818A0CDF818B0DDF810B00AE0FBF770
:1055B00037FC0022002306460F46FBF799FE002821
:1055C00040F03C8342464B4630463946FBF752FD9D
:1055D00001F07AF80546FBF7B9FB42464B46FBF76C
:1055E0001FFC02460B4630463946FBF761FA05F1CF
:1055F000300C04F801CBA4EB0B0CE24506460F4639
:105600004FF00002164BD2D1DDF808A0DDF818B03B
:1056100032463B4630463946FBF74CFA42464B464B
:1056200006460F46FBF78CFE58B942464B463046BD
:105630003946FBF75DFE002800F07E81EB0740F164
:105640007B8114F8015C049A12E000BF88AA020072
:1056500060AA02000000F03F00001C400000E03F94
:10566000000024409A4200F01C8313F8015C1C46A1
:10567000392D04F1FF33F5D001351D705CE1079A37
:1056800092B3209A012A40F30082069B5F1E089B7A
:10569000BB42C0F2D882DF1B069B002BC0F2F78210
:1056A0004C46984499440121584600F037FD054680
:1056B0001DE001230A93AFE5059BA9EB03095B42BB
:1056C000089300230993B9E5DDF814804046FBF701
:1056D0003DFB32463B46FBF70BFE00287FF488ADCE
:1056E00008F1FF33059383E5089F079D4C46002C86
:1056F0000BDDB8F1000F08DD44452346A8BF434643
:10570000A9EB0309E41AA8EB0308089B6BB1079AFD
:10571000002A00F08C82DE1B002F40F08C81514665
:105720003246584600F0AAFD82460121584600F054
:10573000F5FC099A0646002A40F01681209B012BB1
:1057400040F35E810120404410F01F0000F007810B
:10575000C0F12003042B40F3A483C0F11C0081445A
:1057600004448044B9F1000F05DD51464A465846CD
:1057700000F0D4FD8246B8F1000F05DD3146424607
:10578000584600F0CBFD06460A9B002B73D1069BC2
:10579000002B40F30782079B002B00F08580002C34
:1057A00000F35E81099B002B40F0C681A846029A57
:1057B000049F02F001020992069A7B1E1A44079286
:1057C00031465046FFF7F2FB294681460890504685
:1057D00000F0FAFD314602904246584600F010FEB5
:1057E000C368044609F130090146002B40F0D58119
:1057F000504600F0E9FD21460690584600F0F4FBC3
:10580000069B33B9209A22B9099B002B00F019831B
:10581000209B029A002AC0F21E8205D1209A1AB952
:10582000099A002A00F01782002B07F1010400F307
:105830002382079B87F80090BB4200F02C825146E0
:1058400000230A22584600F0D9FB454582462946E6
:105850004FF000034FF00A02584600F0988100F024
:10586000CDFB4146054600230A22584600F0C6FB00
:1058700027468046A4E73146504600F0A5FD0028A3
:1058800085DA059F514600230A225846013F0597B5
:1058900000F0B4FB079B8246002B40F0E2820B9B9A
:1058A000002B40F3EA820693DDF81080069F444601
:1058B00002E000F0A3FB824631465046FFF776FB3C
:1058C00000F1300904F8019BA4EB08039F424FF05C
:1058D0000A024FF0000351465846EADC00230293C7
:1058E00051460122584600F019FD3146824600F02B
:1058F0006BFD002814F8012C40F3B980049905E0F1
:10590000994200F05C8113F8012C1C46392A04F1FD
:10591000FF33F5D001321A703146584600F064FB6F
:1059200055B1029921B1A94202D0584600F05CFB62
:105930002946584600F058FB5146584600F054FBA3
:105940000022059B2270229A01331360249B002BB6
:105950003FF4F6AB04981C6017B0BDE8F08F1C2034
:10596000814404448044FDE60146584600F086FC2C
:10597000209B012B064640F3F380002309933369F3
:1059800006EB8303186900F079FBC0F12000DAE62A
:105990000A9041E401255AE4C3F12006029B03FA70
:1059A00006F0FFF7EFBB00230793059B219A1344F2
:1059B0000B930133012B1E460693B8BF012600212D
:1059C000172ECBF84410069C7FF7A8AC01220423C5
:1059D0005B0003F11400B042114602F10102F7D955
:1059E000CBF844109AE400230793219B002B40F34B
:1059F000ED800B9306931E46E1E701230793F4E73E
:105A0000029B002B7FF49EAEDDE90212C2F313036A
:105A1000002B40F0998122F000431B0D1B0523B1A0
:105A200009F1010908F101080123099A0993002AE3
:105A30003FF488AEA3E73A462946584600F01EFCDC
:105A4000524601460546584600F072FB514607464D
:105A5000584600F0C9FABA46002E3FF466AE5EE63C
:105A600029462246584600F059FC05469AE607D1D9
:105A700019F0010F7FF442AF02E014F8022C1C462B
:105A8000302A04F1FF33F8D046E7129A002A00F0DA
:105A9000538103F233434C4698449944089F02E6ED
:105AA000069B002B3FF74BAD40F0BB800022B24B72
:105AB00040464946FBF7B4F9DDE90223FBF736FC23
:105AC000069E3546002875D1059A01320592049A42
:105AD00031231370541C3146584600F085FA002DCE
:105AE0007FF426AF28E700F03F81059B5C42A34B83
:105AF00004F00F0203EBC203D3E90023DDE90C013C
:105B0000FBF78EF92411CDE9020100F0BB819C4D19
:105B100000230226E20705D5D5E90023FBF780F92B
:105B200001360123641005F10805F3D1002B3FF481
:105B30003BACCDE9020137E46968584600F02EFA23
:105B40002B6902339A00044605F10C010C30FDF775
:105B500019FA21460122584600F0E0FB804626E66D
:105B6000029B002B3FF450AF07E70024CBF84440E2
:105B70002146584600F012FA4FF0FF330B9306937C
:105B8000012304902194CBF840000793C6E400F071
:105B900035FA27460546804612E6584600F024FAB4
:105BA000012336E6209B022B7FF7F5AD069B002BE9
:105BB00000F0CC80219B049CDB4305938BE7059A86
:105BC00001320592049A31231370A5E60124219431
:105BD0000694FFF79FBB3046FBF7B8F8DDE90223D8
:105BE000FBF71EF90022674BFAF764FF0646A1F1A6
:105BF00050770022604BDDE90201FAF759FF324687
:105C00003B4604460D46FBF79BFB002846D1324637
:105C100007F1004320462946FBF774FB00283FF4B8
:105C200079AC00263546C5E701230793BDE651460A
:105C3000089A584600F022FB824676E5DDF808A077
:105C4000DDF818B078E6089B099AFB1A1A44CDE9EA
:105C50000872002720E5002B07F1010400F3BC8047
:105C6000029587F80090454656E69DED0C7B02268E
:105C70008DED0E7BFFF77FBBB9F1390F00F0BE80D1
:105C800009F10109029587F80090454644E6069B14
:105C9000A9EB030407E50295454621E600263546B3
:105CA00012E7049A30231370059B14F8015C01334A
:105CB00005931346E0E4DDE90201FBF7B1F8049B2C
:105CC0001D700E9B012BCDE9020123D00E9B049A7F
:105CD000CDF838901344C146984600222A4B3046EE
:105CE0003946FBF79DF80F46064600F0EDFC0546E9
:105CF000FBF72CF8303502460B4630463946FAF7AA
:105D0000D7FE04F8015B444506460F46E5D1C84678
:105D1000DDF838901D4B0022DDE90201FAF7CAFEDA
:105D200032463B46FBF7EEFA00286DD0139B0593F5
:105D300014F8015C049A9BE4149B089FC3F136039A
:105D40004C4698449944AEE400236EE63146052261
:105D5000584600F053F901460646504600F034FB21
:105D600000283FF7B1AE25E79DED0C7B02268DEDB7
:105D7000027BFFF719BB00BF0000144088AA020095
:105D800060AA020000001C40000024400000E03F28
:105D9000069B002B3FF41FAF0B9C002C7FF7BAAB88
:105DA0000022424BDDE90201FBF73AF8CDE902019E
:105DB000701CFAF7CBFFDDE90223FBF731F83C4B0F
:105DC0000022FAF777FE059B0E94013B0646A1F1EF
:105DD00050771393FFF709BB51460122584600F054
:105DE0009DFA3146824600F0EFFA002832DDB9F123
:105DF000390F03D0089B03F1310931E739220295AD
:105E00003A704546049981E5DDE9022300202949DD
:105E1000FAF74EFE32463B46FBF792FA10B9FFF70F
:105E200079BB144614F8013C302B04F1FF32F8D052
:105E3000139B059380E5DDF808A0139B0593049A56
:105E400016E4B9F1390F07F10104D7D0029B002BFA
:105E5000D0DC05E77FF404AF19F0010F3FF400AF89
:105E6000C5E7294600230A22584600F0C7F80B9BD5
:105E7000002B054609DD069391E4209B022B09DCEB
:105E80000B9B10E50226FFF78FBA209B022B01DC4B
:105E90000B9BF0E70B9B069388E6074B0493FFF7F9
:105EA0004FB93FF45FACC0F13C0059E5000024401D
:105EB00000001C400000E03F4CAA02000B78722B4F
:105EC00030B431D0772B2AD0612B04D01623036055
:105ED00030BC002070474FF4027501244FF48470E9
:105EE00011F8013F8BB1622B16D0782B11D02B2BE0
:105EF000F6D111F8013F20F01C0024F0030440F01B
:105F0000100044F00204002BEDD12C43146030BC8F
:105F1000704744F40064E3E744F48034E0E74FF46E
:105F2000C06501240820DBE700252C460420D7E7C4
:105F300038B5074C0023054608462360F4F7EEFF0A
:105F4000431C00D038BD2368002BFBD02B6038BD2C
:105F500098B60020044A054B1268506B002808BF11
:105F60001846F030704700BF0C060020380A0020A9
:105F700070B50D46084C114606461A4628460023C1
:105F80002360F5F735F8431C00D070BD2368002B63
:105F9000FBD0336070BD00BF98B60020C36C70B5F5
:105FA00005460C464BB153F8240080B1026843F813
:105FB00024200023C0E9033370BD21220421F4F71B
:105FC000C6F90346E8640028EDD1002070BD012128
:105FD00001FA04F6721D28469200F4F7B8F9002879
:105FE000F3D0C0E90146E4E731B1C36C4A6853F825
:105FF0002200086043F82210704700BFF0B50C691A
:1060000083B00D46064601F1140C0027DCF80000B1
:1060100081B202FB0133010C180C02FB01019BB29F
:10602000013703EB0143BC424CF8043B4FEA1143F8
:10603000ECDC3BB1AA68A24207DD05EB8402013427
:1060400053612C61284603B0F0BD696801930131AA
:106050003046FFF7A3FF2A69023205F10C0107461B
:1060600092000C30FCF78EFFF26C6968019B52F8CD
:106070002100286042F821503D46DEE7020C120460
:106080000346C2B90304102013F07F4F04BF1B0264
:10609000083013F0704F04BF1B01043013F0404F61
:1060A00004BF9B000230002B04DB5B0001D50130F4
:1060B0007047202070470020E6E700BF036813F018
:1060C0000702014607D0DA071FD498071FD55B08DF
:1060D0000B600120704798B2A0B1104613F0FF0F7B
:1060E00004BF1B0A08301A0704BF1B0904309A07B3
:1060F00004BF9B080230DA0702D45B080BD00130E2
:106100000B6070471B0C1020E8E7002070479B08CD
:106110000B60022070472020704700BF10B50C466E
:106120000121FFF73BFF0122C0E9042410BD00BF9D
:106130002DE9F04F0E691469A64283B00F4615464B
:1061400004DA32462F4626460D461446D7E9011397
:1061500006EB04084345B8BF0131FFF71FFF00F10C
:10616000140909EB880EF145009005D24B46002238
:1061700043F8042B9E45FBD805F1140A0AEB84046E
:1061800007F11403A24503EB860C61D2641B153C96
:1061900024F00304CDF804E0A24405F110029E4669
:1061A00005E02D0C2BD1924509F104094ED052F88F
:1061B000045F1FFA85FBBBF1000FF2D077464E4615
:1061C000002000E0264657F8041B34688BB2A5B2C5
:1061D000090C240C0BFB035303440BFB014000EBA5
:1061E000134034469BB243EA0043BC454FEA10409B
:1061F00044F8043BE6D8706015682D0CD3D0D9F86C
:10620000003076461846CB46002100E0A34634888D
:10621000000C05FB040001449BB25C4643EA0143C9
:1062200044F8043B56F8043BDBF804001B0C87B22F
:1062300005FB037303EB1143B4454FEA1341E5D863
:106240009245CBF8043009F10409B0D1DDF804E03F
:10625000B8F1000F0BDD5EF8043CAEF1040E1BB18B
:1062600005E05EF8043D13B9B8F10108F9D10098D2
:10627000C0F8108003B0BDE8F08F00BF12F0030338
:106280002DE9F041144607462ED10D46A4101CD02E
:10629000BE6C96B3E3074FF0000806D4641014D028
:1062A0003068A8B10646E307F8D532462946384695
:1062B000FFF73EFFB5B16A68FB6C641053F822101B
:1062C000296043F822500546EAD12846BDE8F0810E
:1062D000324631463846FFF72BFF3060C0F8008069
:1062E0000646E0E70546D9E7013B0B4A52F8232072
:1062F0000023FFF783FE0546C8E701213846FFF774
:106300004DFE40F2712343610122002302610646E3
:10631000B8640360BEE700BF50AB02002DE9F04750
:1063200091460A690E464FEA6914D1E9011304EB5C
:10633000020808F101059D42074604DD5B009D420D
:1063400001F10101FADC3846FFF728FE002C00F1CC
:10635000140337DD03EB8401002243F8042B8B4246
:10636000FBD1346906F1140319F01F0903EB840C07
:1063700020D0C9F1200E002200E051461C688A4658
:1063800004FA09F414434AF8044B53F8042B634508
:1063900022FA0EF2F1D34A600AB108F10205FB6C51
:1063A0007268013D53F822100561316043F82260A4
:1063B000BDE8F087043953F8042B41F8042F9C45BD
:1063C000F9D8ECE71946CCE730B40B69054600690B
:1063D000C01A0FD19B001435143119442B4401E02D
:1063E0009D4207D253F8044D51F8042D9442F7D042
:1063F00002D3012030BC70474FF0FF30FAE700BFF6
:106400002DE9F04113690D69ED1A002D0E469046F5
:1064100001F1140402F1140714D19B00E2183B446B
:1064200001E0A24259D952F804CD53F8041D8C451D
:10643000F7D009D2224633463C4646461746984690
:10644000012501E0F6DB00257168FFF7A7FDD8F80C
:1064500010303669C56007EB830EBC4600F11405A9
:1064600004EB860700235CF8041B54F8048B8AB203
:1064700013FA88F3090C9A1AC1EB184303EB224371
:1064800092B242EA0342E64545F8042B4FEA234321
:10649000E9D8A74217D9AE46A4465CF8042B13FAF4
:1064A00082F3191401EB12419BB243EA01426745A2
:1064B0004EF8042B4FEA2143EFD8E443274427F05A
:1064C000030704373D44043D22B955F8043D013E1D
:1064D000002BFAD00661BDE8F0810021FFF75EFDD8
:1064E00001220023C0E90423BDE8F0812DE9F04337
:1064F00083B001211F4616460A9DFFF74FFDC7F3E3
:106500000A548146C7F313030CB143F48013002EE1
:10651000019323D002A840F8086DFFF7CFFD0028B3
:1065200035D1DDE90023C9F81420002B0CBF01216F
:106530000221C9F81830C9F81010DCB909EB810341
:10654000A0F2324028601869FFF798FD0B9BC0EB62
:1065500041101860484603B0BDE8F08301A8FFF77A
:10656000ADFD019BC9F8143001212030C9F810108D
:10657000002CE3D0A4F2334808EB00032B600B9B04
:10658000C0F135001860484603B0BDE8F083DDE98E
:106590000013C0F1200203FA02F20A43C340019340
:1065A000C9F81420C1E700BF70B50D46084C11466C
:1065B00006461A46284600232360F4F7B1FC431C24
:1065C00000D070BD2368002BFBD0336070BD00BFCE
:1065D00098B600202DE9F04F936883B09046002BC9
:1065E0006CD017688D6882460C460868083742E010
:1065F000A38913F4906F2DD0D4E9041505EB45055C
:10660000A0EB010B05EBD575701C6D105844A8422A
:106610002A4684BF05462A465B0536D511465046B4
:10662000F3F7E8FE00283AD05A4621690190FCF7BA
:10663000A9FCA289019B22F4906242F08002A2810F
:10664000A5EB0B0203EB0B00656123612060A260E8
:106650003546B3465A464946FCF72EFDD8F8083071
:10666000A2682068551B58449E1BA5602060C8F88E
:1066700008601EB3083757E90296AB46002EF9D0E2
:10668000AE42B5D23546B346E4E75046F3F742FE94
:1066900003460028D4D121695046F3F7EDFE0C23C0
:1066A000CAF80030A389002243F040034FF0FF30C6
:1066B000A381C8E9012203B0BDE8F08F0020C8F82B
:1066C000040003B0BDE8F08F4FEA410212F500125A
:1066D00015D211D56FF47873B3EB625212D94FEA29
:1066E000C12343F0004343EA505311F0004F23FA13
:1066F00002F018BF404270474FF00000704750EA68
:10670000013005D111F0004008BF6FF00040704724
:106710004FF00000704700BF024B58221A604FF044
:10672000FF30704798B60020024B58221A604FF095
:10673000FF30704798B60020F8B500BFF8BC08BC21
:106740009E467047F8B500BFF8BC08BC9E4670472F
:106750002C00000000002041000000400000C0406C
:1067600000000041000070410000A0410000C8414D
:106770000000F0416576656E7473004572726F7249
:10678000205B005D203A204E756C6C20706F696E46
:10679000746572005D203A20436F6D6D756E69639C
:1067A0006174696F6E206661696C757265005D2049
:1067B0003A20446576696365206E6F7420666F7554
:1067C0006E64005D203A204F7574206F6620726100
:1067D0006E6765005D203A20496E76616C696420C1
:1067E000616363656C20636F6E666967757261745F
:1067F000696F6E005D203A20496E76616C69642095
:106800006779726F20636F6E66696775726174690C
:106810006F6E005D203A20496E76616C696420617C
:106820006363656C2F6779726F20636F6E6669674B
:1068300075726174696F6E005D203A20496E7661F1
:106840006C69642073656E736F72005D203A20433B
:106850006F6E66696775726174696F6E206C6F61C7
:1068600064696E67206572726F72005D203A20491C
:106870006E76616C6964207061676520005D203A06
:1068800020496E76616C6964206665617475726515
:1068900020626974005D203A20496E76616C6964FB
:1068A00020696E746572727570742070696E005D17
:1068B000203A2053657474696E6720616476616E56
:1068C00063656420706F776572206D6F6465206604
:1068D00061696C6564005D203A20496E76616C697F
:1068E0006420617578696C6C6961727920636F6E80
:1068F00066696775726174696F6E005D203A204148
:106900007578696C6C696172792062757379005D64
:10691000203A2053656C6620746573742066616943
:106920006C6564005D203A2052656D617070696E1F
:1069300067206572726F72005D203A204779726F2E
:106940002075736572206761696E2075706461746B
:1069500065206661696C6564005D203A2053656C52
:10696000662074657374206E6F7420646F6E6500AA
:106970005D203A20496E76616C696420696E70759D
:1069800074005D203A20496E76616C6964207374EE
:1069900061747573005D203A204352542065727211
:1069A0006F72005D203A2053656C662074657374C5
:1069B00020616C72656164792072756E6E696E67B4
:1069C000005D203A2043525420726561647920664C
:1069D0006F7220444C206661696C2061626F727432
:1069E000005D203A20444C206572726F72005D2079
:1069F0003A20505245434F4E206572726F72005DCF
:106A0000203A2041626F7274206572726F72005D6D
:106A1000203A204779726F2073656C662074657325
:106A200074206572726F72005D203A204779726F30
:106A30002073656C6620746573742074696D656F6E
:106A40007574005D203A205772697465206379631C
:106A50006C65206F6E676F696E67005D203A205726
:106A600072697465206379636C652074696D656F04
:106A70007574005D203A2053656C662074657374EC
:106A8000206E6F742072756E6E696E67005D203ABD
:106A9000204461746120726561647920696E746557
:106AA0007272757074206661696C6564005D203A6D
:106AB00020496E76616C696420464F4320706F7385
:106AC0006974696F6E005D203A20556E6B6E6F774A
:106AD0006E206572726F7220636F64650000000043
:106AE000000000000000000033050100C3050100A4
:106AF000190601007B050100ED05010059060100A2
:106B000099060100DF060100F50601008B07010070
:106B10001D070100FBFAF9C82E002E802E3DB1C8DA
:106B20002E002E802E9103802EBCB0802EA303C891
:106B30002E002E802E00B05030212E59F51030211D
:106B40002E6AF5802E3B0300000000081901002288
:106B500000750000100010D100B343802E00C180EA
:106B60002E00C1802E00C1802E00C1802E00C18069
:106B70002E00C1802E00C1802E00C1802E00C18059
:106B80002E00C1802E00C1802E00C1802E00C18049
:106B90002E00C1802E00C1802E00C1802E00C18039
:106BA0002E00C1802E00C1802E00C1802E00C18029
:106BB0002E00C1802E00C1802E00C1802E00C18019
:106BC0002E00C1802E00C1802E00C1802E00C18009
:106BD0002E00C1802E00C1802E00C1802E00C180F9
:106BE0002E00C1802E00C1802E00C1802E00C180E9
:106BF0002E00C1802E00C1802E00C1802E00C180D9
:106C00002E00C1E05F000000000100000000000055
:106C100000000000009200000000000000000000E2
:106C200000000000000000081900008800000000BB
:106C300000000005E0AA3805E09030FA0096004B0D
:106C4000091100110002002D01D47B3B01DB7A0405
:106C5000003F7BCD6CC3048509C304ECE60C460100
:106C600000270019009600A00001000C00F03C0075
:106C7000010100030001000E00000032000500EEDB
:106C8000060400C80000000400A805EE060004BCCD
:106C900002B30085070000000000000000000000B3
:106CA000000000000000000000B4000100B9000175
:106CB00000980000000000000000000100800004B7
:106CC00000000000000000000000000000000000C4
:106CD00000000000000000000000000000000000B4
:106CE00000000000000000000000000000000000A4
:106CF0000000000000000000000000000000000094
:106D00000000000000000000000000000000000083
:106D100000802E00C1FD2DDE00EB00DA00000CFF2C
:106D20000F0004C0005BF5C9011EF280003FFF198F
:106D3000F458F566F564F5C0F1F000E000CD01D33C
:106D400001DB01FF7FFF01E40074F7F300FA00FFAD
:106D50003FCA036C3856FE44FDBC02F90600FC1223
:106D600002AE0158FA9AFD7705BB02960195017FA4
:106D70000182018901870188018A018C018F018DBF
:106D80000192019101DD009F017E01DB00B60170DF
:106D90006926D39C071F059D000008BC0537FAA291
:106DA00001AA01A101A801A001A805B401B401CE66
:106DB00000D000FC00C501FFFBB10000380030FD31
:106DC000F5FCF5CD01A0005FFF0040FF0000806DE5
:106DD0000FEB007FFFC2F568F7B3F1670F5B0F6140
:106DE0000F800F58F75BF7830F8600720F850FC671
:106DF000F17F0F6CF700E000FFD1F5870F8A0FFFDE
:106E000003F03F8B008E009000B9002DF5CAF5CB42
:106E10000120F2000000000000000000000000005F
:106E20000000000000000000000000000000000062
:106E30000000000000000000000000000000000052
:106E40000000000000000000000000000000000042
:106E50000000000000000000000000000000000032
:106E60000000000000000000000000000000000022
:106E70000000000000000000000000000000000012
:106E80000000000000000000000000000000000002
:106E900000000000000000000000000000000000F2
:106EA00000000000000000000000000000000000E2
:106EB00000000000000000000000000000000000D2
:106EC00000000000000000000000000000000000C2
:106ED00000000000000000000000000000000000B2
:106EE0000000000000000000000000000000003072
:106EF00050982ED70E5032982EFA030030F07F00B3
:106F00002E002ED02E002E018008A2FB2F982EBA24
:106F100003212E1900012EEE0000B2072F012E19B9
:106F20000000B2032F01500352982E07CC012EDD32
:106F30000000B2272F052E8A000552982EC7C103E4
:106F40002EE90040B2F07F082F012E190000B20494
:106F50002F0030212EE900982EB4B1012E18000028
:106F6000B2102F0550982E4DC30550982E5AC79831
:106F70002EF9B4982E54B2982E67B6982E17B210E8
:106F800030212E7700012EEF0000B2042F982E7AC8
:106F9000B70030212EEF00012ED40004AE0B2F01DC
:106FA0002EDD0000B2072F0552982E8E0E00B20281
:106FB0002F1030212E7D00012E7D000090902EF1AB
:106FC00002012ED70000B2042F982E2F0E00302180
:106FD0002E7B00012E7B0000B2122F012ED4000068
:106FE00090022F982E1F0E092D982E810D012ED460
:106FF000000490022F5032982EFA030030212E7B8D
:1070000000012E7C0000B2902E0903012E7C0001AD
:1070100031010800B2042F982E47CB1030212E7773
:10702000008130012E7C00010800B2612F032E89FF
:1070300000012ED40098BC98B805B20F58232F0732
:107040009009540030372F15410441DCBE44BEDCAA
:10705000BA2C0161000F564A0F0C2FD14294B8C1CF
:10706000421130052E6AF72CBD2FB980B208229844
:107070002EC3B7212D6130232ED400982EC3B70024
:1070800030212E5AF5182DE17F5030982EFA030F3B
:10709000520750504270300D5442427E82E26F805F
:1070A000B24242052F212ED4001030982EC3B703D0
:1070B0002D6030212ED400012ED4000690182F010F
:1070C0002E76000B540752E07F982E7AC1E16F08AC
:1070D0001A4030082F212ED4002030982EAFB75000
:1070E00032982EFA03052D982E380E0030212ED41A
:1070F000000030212E7C00182D012ED40003AA019F
:107100002F982E450E012ED4003F8003A2012F00A0
:107110002E022D982E5B0E3030982ECEB7003021E7
:107120002E7D005032982EFA03012E770000B224F3
:107130002F982EF5CB032ED5001154010ABC848361
:1071400086212EC901E0401352C4408240A8B952A2
:107150004243BE5342040A5042E17FF0314140F2C3
:107160006F25BD0808020AD07F982EA8CF06BCD193
:107170006FE26F080A8042982E58B70030212EEE39
:1071800000212E7700212EDD00802EF4011A24220A
:1071900000802EEC011050FB7F982EF3035750FB1C
:1071A0006F013071541142420EFC2FC02E0142F08B
:1071B0005F802E00C1FD2D010000000000000000D6
:1071C0000000009A013403000000000000000000ED
:1071D00000000000000000000000000000000000AF
:1071E000000000000000000000000000000000009F
:1071F000000000000000000000000000000000008F
:10720000000000000000000000000000000000007E
:10721000000000000000000000000000000000006E
:10722000000000000000000000000000000000005E
:107230000000000000000000002050E77FF67F06FD
:10724000320F2E61F5FE09C0B3042F17302F2EEF39
:10725000002D2E61F5F66FE76FE05FC82E2050E736
:107260007FF67F46300F2EA4F1BE0980B3062F0DA6
:107270002ED40084AF022F16302D2E7B0086302DA9
:107280002E60F5F66FE76FE05FC82E012E77F709E5
:10729000BC0FB800B21050FB7F10300B2F032E8AAA
:1072A0000096BC9FB840B2052F032E68F79EBC9F86
:1072B000B840B2072F032E7E004190012F982EDC9C
:1072C00003032C0030212E7E00FB6FF05FB82E20D0
:1072D00050E07FFB7F002E2750982E3BC829509806
:1072E0002EA7C80150982E55CCE16F2B50982EE058
:1072F000C9FB6F0030E05F212E7E00B82E73500175
:107300003057541142420EFC2FB82E212E59F51041
:1073100030C02E212E4AF19050F77FE67FD57FC4F2
:107320007FB37FA17F907F827F7B7F982E35B700D0
:10733000B2902E97B0032E8F00072E9100052EB12C
:10734000003FBA9FB8012EB100A3BD4C0A052EB173
:107350000004BEBFB9CB0A4FBA22BD012EB300DC78
:107360000A2FB9032EB8000ABE9A0ACFB99BBC01F6
:107370002E97009FB8930A0FBC910A0FB8900A2568
:107380002E1800052EC1F52EBD2EB9012E19003183
:10739000308A040090072F012ED40004A2032F018D
:1073A0002E180000B20C2F19500552982E4DB7051B
:1073B0002E780080901030012F212E7800252EDDB0
:1073C00000982E3EB700B202300130042F012E1972
:1073D0000000B2002F2130012EEA00081A0E2F23E0
:1073E0002EEA0033301B500B090140175646BE4BA6
:1073F000084C0A01420A8015520142002E012E1843
:107400000000B21F2F032EC0F5F030480847AA74C1
:1074100030072E7A0061224B1A052F072E66F5BF22
:10742000BDBFB9C0900B2F1D562B30D242DB42019D
:1074300004C24204BDFE808184232E7A00024202EF
:1074400032252E62F5052ED6008184252ED6000227
:1074500031252E60F5052E8A000B50900880B20B66
:107460002F052ECAF5F03E9008252ECAF5052E5997
:10747000F5E03F9008252E59F5906FA16FB36FC4CA
:107480006FD56FE66FF76F7B6F826F705FC82EC02E
:1074900050907FE57FD47FC37FB17FA27F877FF647
:1074A0007F7B7F002E012E60F5607F982E35B7021E
:1074B00030636F1552507F627F5A2C02321A0900D6
:1074C000B3142F00B2032F092E180000910C2F4384
:1074D0007F982E97B71F50028A02320430252E64FF
:1074E000F51552506F436F4443252E60F5D908C0FF
:1074F000B2362F982E3EB700B2062F012E1900008B
:10750000B2022F506F00900A2F012E7900009019BF
:107510002F1030212E79000030982EDC03132D011E
:107520002EC3F50CBC0FB81230100403B026252171
:10753000500352982E4DB71030212EEE00023060CD
:107540007F252E7900606F0090052F0030212EEAF4
:10755000001550212E64F51552232E60F50232508D
:107560006F0090022F0330272E7800072E60F51A47
:10757000090091A32F19090091A02F906FA26FB15C
:107580006FC36FD46FE56F7B6FF66F876F405FC817
:107590002EC050E77FF67F26300F2E61F52F2E7C10
:1075A000000F2E7C00BE09A27F807F80B3D57FC4F0
:1075B0007FB37F917F7B7F0B2F23501A2512404290
:1075C0007F74821240527F002E0040607F982E6AA6
:1075D000D68130012E7C00010800B2422F032E8993
:1075E00000012E890097BC06BC9FB80FB8009023FD
:1075F0002ED800103001302A2F032ED40044B205BB
:107600002F47B200302D2F212E7C002B2D032EFD75
:10761000F59EBC9FB84090142F032EFCF599BC9F9B
:10762000B840900E2F032E49F125544A0840900887
:107630002F982E35B700B21030032F5030212ED4A2
:1076400000102D982EAFB70030212E7C000A2D059A
:107650002E69F72DBD2FB980B2012F212E7D002379
:107660002E7C00E031212E61F5F66FE76F806FA26E
:107670006FB36FC46FD56F7B6F916F405FC82E6023
:10768000510A253688F47FEB7F00323152323013B5
:1076900030982E15CB0A253384D27F433005502DE8
:1076A00052982E95C1D26F2752982ED7C72A25B04F
:1076B00086C07FD37FAF842950F16F982E4DC82AA2
:1076C00025AE8AAA88F26E2B50C16FD36FF47F98D3
:1076D0002EB6C8E06E00B2322F33548386F16FC3EA
:1076E0007F04303030F47FD07FB27FE330C56F56F7
:1076F000404541280803140EB408BC8240100A2FEC
:10770000542605917F4428A37F982ED9C008B93309
:10771000305309C16FD36FF46F831747406C15B2B4
:107720006FBE09750B90424542510E32BC0289A1D1
:107730006F7E86F47FD07FB27F0430916FD62FEBBF
:107740006FA05EB82E032E97001BBC60509FBC0C30
:10775000B8F07F40B2EB7F2B2F032E7F004140011A
:107760002EC800011A112F3758232EC8001041A02F
:107770007F38810141D07FB17F982E64CFD06F07D1
:1077800080A16F1142002EB16F01421130012EFC19
:107790000000A80330CB224A25012E7F003C89350A
:1077A000520554982EC4CEC16FF06F982E95CF0419
:1077B0002D0130F06F982E95CFEB6FA05FB82E03A0
:1077C0002EB3000232F030033130508A080808CB63
:1077D00008E07F80B2F37FDB7F252F032ECA0041B4
:1077E00090042F0130232ECA00982E3F03C0B2050B
:1077F0002F032EDA0000304104232EDA00982E9257
:10780000B21025F06F00B2052F012EDA0002301001
:1078100004212EDA0040B2012F232EC801DB6FE0D5
:107820006FD05F802E95CF0130E06F982E95CF11ED
:1078300030232ECA00DB6FD05FB82ED0500A25331C
:10784000845550D27FE27F038CC07FBB7F00300520
:107850005A39545141A57F967F807F982ED9C00513
:1078600030F57F2025916F3B583D5C3B56982E6745
:10787000CCC16FD56F52405043C17FD57F10259842
:107880002EFEC91025982E74C0866F3028926F8204
:107890008CA56F6F52690E3954DB2F19A015300378
:1078A0002F0030212E81010A2D012E810105284251
:1078B00036212E8101020E012F982EF3035750120C
:1078C000300140982EFEC9516F0B5C8E0E3B6F57F6
:1078D000580230212E9501456F2A8DD27FCB7F1320
:1078E0002F02303F50D27FA80E0E2FC06F5354028C
:1078F000005154420E103059520230012F002E0315
:107900002D504242421230D27F80B2032F003021EC
:107910002E8001122D012EC9000280052E8001113A
:107920003091280040252E8001100E052F012E7F5A
:10793000010190012F982EF303002EA0410190A683
:107940007F902EE3B4012E950100A8902EE3B45B46
:10795000549580824080B202402D8C3F52967F9099
:107960002EC2B3290E762F012EC900004081284572
:1079700052B330982E0FCA5D54807F002EA1407202
:107980007F82808240607F982EFEC91025982E74D9
:10799000C0626F05308740C0910430052F052E83EB
:1079A0000180B21430002F0430052EC900736F819E
:1079B00040E2406904110FE1401630FE29CB40023D
:1079C0002F836F830F222F4756130F1230772F49C3
:1079D00054420E1230732F00910A2F012E8B011981
:1079E000A802306C2F6350002E17420542682C12FB
:1079F000300B25080F5030022F212E8301032D401C
:107A000030212E83012B2E85015A2C123000912B10
:107A100025042F635002301742172C0242982EFE85
:107A2000C91025982E74C0052EC90081845B308250
:107A300040372E8301020E072F5F524030624041D3
:107A400040910E012F212E830105302B2E8501122E
:107A500030362C16301525817F982EFEC9102598BA
:107A60002E74C019A21630152F052E9701806F8233
:107A70000E052F012E86010628212E86010B2D03CF
:107A80002E87015F544E289142002E8240900E01B5
:107A90002F212E88010230132C0530C06F081CA83E
:107AA0000F163005305B50092F02802D2E82010504
:107AB000420580002E02423E80002E064202309097
:107AC0006F3E88014004414C280142078010252464
:107AD00040004000A8F522232944427A827E884350
:107AE00040044100ABF523DF284342D9A0142F0006
:107AF00090022FD26F81B2052F63540628904285E1
:107B000042092C02305B500380292E7E012B2E82ED
:107B100001054212302B2E83014582002E40407A0F
:107B20008202A0082F63503B301542054237803750
:107B30002E7E0105421230012EC900028C40408485
:107B4000417A8C040F032F012E8B0119A4042F2BD3
:107B50002E8201982EF303123081906152082F6516
:107B60004265424380398482880542454285420508
:107B700043002E80410090902EE1B46554C16F8087
:107B80004000B243586950442F555CB7878C0F0DA5
:107B90002E9601C440362F41568B0E2A2F0B52A130
:107BA0000E0A2F052E8F011425982EFEC94B540264
:107BB0000F695005306554152F032E8E014D5C8ED4
:107BC0000F3A2F052E8F01982EFEC94F54820F05B4
:107BD0003069506554302F6D521530428C45420447
:107BE000302B2C84436B52428C002E85431530245D
:107BF0002C45428E0F202F0D2E8E01B10E1C2F23EF
:107C00002E8E011A2D0E0E172FA10F152F232E8D3C
:107C100001132D982E74C04354C20E0A2F655004D0
:107C2000800B3006820B42798041401230252E8C29
:107C300001014205306950655484824384BE8C84BE
:107C400040864126299442BE8ED57F19A143400B20
:107C50002E8C018440C7415D29272945428442C2B8
:107C60007F012FC0B31D2F052E940199A0012F80F5
:107C7000B3132F80B3182FC0B3162F1240014092B8
:107C80007F982E74C0926F100F2030032F10302178
:107C90002E7E010A2D212E7E01072D2030212E7EE1
:107CA00001032D1030212E7E01C26F012EC900BCB0
:107CB00084028082400040900ED56F022F153098CC
:107CC0002EF30341910530072F67503D802B2E8FF7
:107CD0000105420480002E0542022C00300030A233
:107CE0006F988A864080A7052F982EF303C0302115
:107CF0002E950106251A25E26F768296405643514D
:107D00000EFB2FBB6F305FB82E012EB80001314142
:107D10000840B22050F2300208FB7F0130102F05DE
:107D20002ECC008190E07F032F232ECC00982E557F
:107D3000B6982E1DB51025FB6FE06FE05F802E9585
:107D4000CF982E95CF1030212ECC00FB6FE05FB87E
:107D50002E00510558EB7F2A2589526F5A895013FE
:107D6000410640B3011642CB160640F302134265AA
:107D70000EF52F054014302C29044208A100309044
:107D80002E52B6B388B08AB684A47FC47FB57FD59F
:107D90007F927F73300430554042408A17F3086B5E
:107DA00001900253B84B82ADBE717F450A095484DD
:107DB0007F982ED9C0A36F7B54D042A37FF27F60FF
:107DC0007F2025716F755A7758795C7556982E67A4
:107DD000CCB16F626F5042B17FB3301025982E0F37
:107DE000CA846F2029716F926FA56F76826A0E73B5
:107DF000300030D02FD26FD17FB47F982E2BB715A3
:107E0000BD0BB8020AC26FC07F982E2BB715BD0BF1
:107E1000B8420AC06F081741188916E118D018A196
:107E20007F27251625982E79C08B54907FB33082FA
:107E30004080900D2F7D52926F982E0FCAB26F9096
:107E40000E062F8B501430426F516F1442124201B4
:107E500042002E316F982E74C0416F807F982E742F
:107E6000C0826F10044352010F052ECB0000300476
:107E700030212F516F43588C0E04301C2F858841C0
:107E80006F04418C0F0430162F8488002E044104A7
:107E9000058C0E04300F2F8288316F044104058C4D
:107EA0000E0430082F8388002E04418C0F0430020A
:107EB0002F212EAD0114300091142F032EA101416A
:107EC000900E2F032EAD0114304C28232EAD014609
:107ED000A0062F81848D5248828240212EA101422A
:107EE000425C2C0230052EAA0180B20230552F03CD
:107EF0002EA901926FB330982E0FCAB26F900F0067
:107F00003002304A2FA26F875291008552510E02E3
:107F10002F002E432C0230C26F7F52910E02303C54
:107F20002F516F8154982EFEC91025B3302125980A
:107F30002E0FCA326FC07FB3301225982E0FCA425F
:107F40006FB07FB3301225982E0FCAB26F9028837E
:107F500052982EFEC9C26F900F003002301D2F05BF
:107F60002EA10180B212300F2F426F032EAB019170
:107F70000E0230122F526F032EAC01910F02300C03
:107F80002F212EAA010A2C1230032ECB008D580867
:107F900089414011430043252EA101D46F8F520027
:107FA000433A89002E10431043610EFB2F032EA08D
:107FB00001111A022F0225212EA001EB6F005FB8DC
:107FC0002E915210300230955652424B0EFC2F8D9E
:107FD000548882935680425342404242868354C022
:107FE0002EC242002EA3520051524047401A250192
:107FF0002E97008FBE7286FB7F0B307CBFA5501082
:1080000008DFBA7088F8BFCB42D37F6CBBFCBBC51E
:108010000A907F1B7F0B43C0B2E57FB77FA67FC46A
:108020007F902E1CB7072ED200C0B20B2F975201A3
:108030002ECD00827F982EBBCC0B30372ED2008203
:108040006F906F1A2500B28B7F142FA6BD25BDB689
:10805000B92FB980B2D4B00C2F99549B560B300B6A
:108060002EB100A1589B42DB426C092B2EB1008B34
:1080700042CB42867F7384A756C30839520550729B
:108080007F637F982EC2C0E16F626FD10A012ECD4F
:1080900000D56FC46F726F97529D5C982E06CD23EA
:1080A0006F906F9952C0B204BD5440AFB94540E1E2
:1080B0007F0230062FC0B20230032F9B5C12309437
:1080C00043854303BF6FBB80B3202F066F26011685
:1080D0006F6E034542C090292ECE009B52142F9BF9
:1080E0005C002E93418641E304AE0780AB042F80F1
:1080F000910A2F866F730F072F836FC0B2042F541E
:108100004245421230042C1130022C113011300241
:10811000BC0FB8D27F00B20A2F012EFC00052EC77B
:1081200001101A022F212EC701032D022C0130014C
:1081300030B06F982E95CFD16FA06F982E95CFE26B
:108140006F9F52012ECE00824050420C2C424211B1
:1081500030232ED2000130B06F982E95CFA06F0142
:1081600030982E95CF002EFB6F005FB82E838601CE
:10817000300030944024180600530E4F02F92FB8F7
:108180002EA952002E604041400DBC98BCC02E016B
:108190000A0FB8AB52533C524040404B0082162667
:1081A000B901B84140100897B80108C02E1130013C
:1081B00008438625400440D8BE2C0B2211544203AC
:1081C000804B0EF62FB82E9F501050AD52052ED377
:1081D00000FB7F002E13409342410EFB2F982EA5EB
:1081E000B7982E87CF012ED90000B2FB6F0B2F015D
:1081F0002E69F7B13F01080130F05F232ED900212D
:108200002E69F7802E7AB7F05FB82E012EC0F803E2
:108210002EFCF51554AF5682080B2E69F7CB0AB128
:10822000588090DDBE4C085FB959228090072F031B
:1082300034C308F23A0A080235C0904A0A4822C0FC
:108240002E232EFCF51050FB7F982E56C7982E49F2
:10825000C31030FB6FF05F212ECC00212ECA00B876
:108260002E032ED30016B802344A0C212E2DF5C051
:108270002E232ED30003BC212ED500032ED5004083
:10828000B21030212E77000130052F052ED8008046
:1082900090012F232E6FF5C02E212ED90011308191
:1082A00008012E6AF7713F23BD0108020AC02E2182
:1082B0002E6AF730250030212E5AF51050212E7BE2
:1082C00000212E7C00FB7F982EC3B74030212ED496
:1082D00000FB6FF05F0325802EAFB7802E00C180BA
:1082E0002E00C1802E00C1802E00C1802E00C180D2
:1082F0002E00C1802E00C1802E00C1802E00C180C2
:108300002E00C1802E00C1802E00C1802E00C180B1
:108310002E00C1802E00C1012E5DF708BC80AC0E7E
:10832000BB022F003041048206C0A40030112F4050
:10833000A9032F40910D2F00A70B2F80B3B3580234
:108340002F90A12613202380901030012FCC0E00F7
:108350002F0030B82EB550180808BC88B60D17C6C7
:10836000BD56BCB758DABA04011D0A1050053032A8
:10837000254503FB7FF6302125982E37CA16B59A7E
:10838000BC06B880A8410A0E2F8090022F2D5048BD
:108390000F092FBFA0042FBF90062FB754CA0F0399
:1083A0002F002E022CB7522D52F233982ED9C0FB3B
:1083B0006FF137C02E0108F05FBF56B954D040C4EA
:1083C000400B2EFDF3BF529042944295420530C1BE
:1083D000500F88064004419642C54248BE73300D96
:1083E0002ED8004FBA8442034281B3022F2B2E6F46
:1083F000F5062D052E77F7BD569308252E77F7BB8A
:1084000054252EC2F5072EFDF34230B433DA0A4C60
:1084100000272EFDF34340D43FDC084342002E00EA
:108420002E43402430DC0A43420480032EFDF34AED
:108430000A232EFDF36134C02E0142002E60501A33
:10844000257A86E07FF37F0325C3524184DB7F33A7
:1084500030982E16C21A257D82F06FE26F322516F3
:10846000409440260185408E17C4426E03954241D8
:108470000EF42FDB6FA05FB82EB051FB7F982EE873
:108480000D5A25982E0F0ECB583287C47F65896B05
:108490008DC55A657FE17F837FA67F747FD07FB6CD
:1084A0007F947F1730C752C954517F002E856F4289
:1084B0007F002E51414581424113403B8A00404B91
:1084C00004D006C0AC857F022F02305104D3064190
:1084D0008405305D02C916DF08D3008D02AFBCB140
:1084E000B9590A656F1143A1B45241534101433454
:1084F0007F657F2631E56FD46F982E37CA326F754E
:108500006F83404241237F127FF6304025512598EA
:108510002E37CA146F2005706F256F6907A26F315F
:108520006F0B3004429B428B425542327F40A9C3BD
:108530006F717F0230D040C37F032F4091152F0011
:10854000A7132F00A4112F84BD982E79CA556FB799
:108550005454418200F33F4541CB02F630982E3708
:10856000CA356FA46F4143032C0043A46F356F17C6
:1085700030426F516F934042820041C30003435128
:108580007F002E944041414C02C46FD156630E745B
:108590006F5143A57F8A2F092ED80001B3212FCB1D
:1085A00058906F1341B66FE47F002E9141144092B2
:1085B000411540172E6FF5B67FD07FCB7F982E00E8
:1085C0000C0715C26F140B292E6FF5C3A3C18FE4DE
:1085D0006FD06FE62F1430052E6FF5140B292E6F18
:1085E000F5182DCD560432B56F1C0151415241C3CF
:1085F00040B57FE47F982E1F0CE46F218700430471
:1086000032CF545A0EEF2F1554092E77F7220B292B
:108610002E77F7FB6F505EB82E1050012ED400005D
:10862000B2FB7F512F01B2482F02B2422F03905666
:108630002FD75279804240818400404242982E9345
:108640000CD954D750A14098BD82403E82DA0A44EA
:10865000408B16E3005342002E43409A02524200E0
:108660002E414015544A0E3A2F3A820030414021A3
:108670002E850F40B20A2F982EB10C982E450E98D9
:108680002E5B0EFB6FF05F0030802ECEB7DD52D335
:108690005442424F847330DB5283421B306B42237F
:1086A00030272ED700372ED400212ED6007A8417FB
:1086B0002C42423030212ED400122D2130003023A4
:1086C0002ED400212E7BF70B2D1730982E510CD570
:1086D000500C8272302F2ED400252E7BF7404200A2
:1086E0002EFB6FF05FB82E70500A253986FB7FE1B4
:1086F000326230982EC2C4B556A56FAB08916F4B4D
:1087000008DF56C46F23094DBA93BC8C0BD16F0B95
:1087100009CB52E15E5642AF094DBA23BD940AE53A
:108720006F68BBEB08BDB963BEFB6F5242E30AC082
:108730002E4342905FD150032E25F3134000409BFF
:10874000BC9BB408BDB8B998BCDA0A08B68916C093
:108750002E190062021050FB7F982E810D012ED43D
:108760000031300804FB6F0130F05F232ED600216A
:108770002ED700B82E012ED700032ED600480E01AA
:108780002F802E1F0EB82EE350213401428230C1BB
:1087900032252E62F50100223001404A0A0142B81A
:1087A0002EE354F03B8340D808E5528342003083E7
:1087B000305042C432272E64F5940050424042D3D8
:1087C0003F84407D82E30840428342B82EDD520060
:1087D0003040427C86B952092E700FBF54C442D338
:1087E000865440554094428542212ED70042402570
:1087F0002EFDF3C0427E82052E7D0080B2142F052F
:108800002E890027BD2FB98090022F212E6FF50CE5
:108810002D072E710F14301C09052E77F7BD564712
:10882000BE9308940A252E77F7E75450424A0EFC6F
:108830002FB82E505002304386E550FB7FE37FD2A5
:108840007FC07FB17F002E414000404804982E74C5
:10885000C01EAAD36F1430B16FE322C06F5240E440
:108860006F4C0E1242D37FEB2F032E860F409011D8
:1088700030032F232E860F022C0030D06FFB6FB0F9
:108880005FB82E4050F17F0A253C86EB7F413322B2
:1088900030982EC2C4D36FF430DC094758C26F94AD
:1088A00009EB586ABBDC08B4B9B1BDE95A95082197
:1088B000BDF6BF770B51BEF16FEB6F52425442C011
:1088C0002E4342C05F5050F55031301142FB7F7B48
:1088D000300B4211300280233301420300072E8007
:1088E00003052ED3002352E27FD37FC07F982EB69C
:1088F0000ED16F080A1A257B86D07F01331230987B
:108900002EC2C4D16F080A00B20D2FE36F012E8072
:10891000035130C786232E21F208BCC042982EA5F1
:10892000B7002E002ED02EB06F0BB8032E1B000800
:108930001AB07F7030042F212E21F2002E002ED08D
:108940002E982E6DC0982E5DC0ED50982E44CBEF22
:1089500050982E46C3F150982E53C73550982E6428
:10896000CF1030982EDC032026C06F02311242ABAC
:10897000330B42378001300142F337F752FB50444A
:1089800040A20A42428B31092E5EF7F954E3088374
:10899000421B4223334B00BC840B40333083420BD9
:1089A00042E07FD17F982E58B7D16F80304042038C
:1089B00030E06FF3540430002E002E0189620EFA6D
:1089C0002F43421130FB6FC02E0142B05FC14A00FD
:1089D000006D570000778E0000E0FFFFFFD3FFFF20
:1089E000FFE5FFFFFFEEE1FFFF7C13000046E6FF1F
:1089F000FF00000000000000000000000000000078
:108A00000000000000000000000000000000000066
:108A10000000000000000000000000000000000056
:108A20000000000000000000000000802E00C18057
:108A30002E00C1802E00C1802E00C1802E00C1807A
:108A40002E00C1802E00C1802E00C1802E00C1806A
:108A50002E00C1802E00C1802E00C1802E00C1805A
:108A60002E00C1802E00C1802E00C1802E00C1804A
:108A70002E00C1802E00C1802E00C1802E00C1803A
:108A80002E00C1802E00C1802E00C1802E00C1802A
:108A90002E00C1802E00C1802E00C1802E00C1801A
:108AA0002E00C1802E00C1802E00C1802E00C1800A
:108AB0002E00C1802E00C1802E00C1802E00C180FA
:108AC0002E00C1802E00C1802E00C1802E00C180EA
:108AD0002E00C1802E00C1802E00C1802E00C180DA
:108AE0002E00C1802E00C1802E00C1802E00C180CA
:108AF0002E00C1802E00C1802E00C1802E00C180BA
:108B00002E00C1802E00C1802E00C1802E00C180A9
:108B10002E00C1802E00C12F01002401022A010372
:108B20002B01032601042201052C0105090106047D
:108B3000010C0502000302041D03000606020706DD
:108B400002080602130606140700070000080004C6
:108B500013000609000829000C27000E28000E004B
:108B60001D29010025050100BD04010049324353C0
:108B70006C6176650000000000000000000000004D
:108B8000F9260100BD440100C92601001D2701008E
:108B9000172701002B270100612701009127010001
:108BA000B52701005B2801003D280100D526010002
:108BB0008B280100E1260100C3280100E9260100FD
:108BC0001F27010025270100CD2601000D280100E7
:108BD00000C00140001002400020024000D00240CE
:108BE000FD2D010025050100BD040100000000006D
:108BF000000000006D2E0100ED2E0100C9260100CD
:108C0000B92C0100DD2F0100C13001003930010015
:108C1000712D01006D2C0100D12C01001D2E0100D1
:108C20004E616E6F20333320424C4500000000003F
:108C300000000000E931010005320100BB92010093
:108C4000AD870100B9840100A1850100A193010055
:108C5000C5800100C780010029820100298201002E
:108C60005D810100E1320100253401002D81010008
:108C7000E1310100D53301000134010045810100DB
:108C80009B330100A9310100AD310100AF3101007A
:108C9000B1310100C73101001B3201005B3201001C
:108CA0008F320100B7320100D1350100D535010006
:108CB000D93501001003410072006400750069009D
:108CC0006E006F000000000000000000E1370100AE
:108CD000F53701003B3D01002B7D01000000000045
:108CE00000000000093801001D380100753E010038
:108CF0002B7D01000000000000000000B9370100DA
:108D0000CD370100E33501002B7D0100D53901008D
:108D100025050100BD0401008025000000000800B9
:108D2000FFFFFFFF5F72785F73697A65203D3D202A
:108D300030005F74785F6C6973742E656D70747940
:108D40002829005F72785F6C6973742E656D70748A
:108D500079282900433A5C55736572735C7A6163C4
:108D6000686A5C417070446174615C4C6F63616CF3
:108D70005C41726475696E6F31355C7061636B6103
:108D80006765735C61726475696E6F5C686172645B
:108D9000776172655C6D6265645F6E616E6F5C3396
:108DA0002E352E345C636F7265735C617264756915
:108DB0006E6F5C5553425C5553424344432E63707F
:108DC00070007265736F6C7665722E76616C696483
:108DD000282900000000000000000000FD3501000F
:108DE0006D3B0100813B01009D3B0100B13801005A
:108DF000F5390100B337010031380100EB350100CE
:108E0000F1350100693701009D370100F53501009A
:108E1000DD350100DF350100E135010016034300B7
:108E20004400430020004400450056004900430030
:108E3000450000003940010025050100BD04010086
:108E4000133F010025050100BD0401005553426593
:108E5000767400000000000000000000FD350100F5
:108E60006D3B0100813B01009D3B0100B1380100D9
:108E7000F5390100B337010031380100EB3501004D
:108E8000F135010059400100B5400100F535010000
:108E9000BF3F0100F93F0100E13501006D3F0100D6
:108EA000953F0100A1410100FF3E01000B3F010081
:108EB000B92F010005300100753001000F3F01009E
:108EC000492E0100B12E0100173F0100D8FEFFFF1F
:108ED00000000000A5400100D34001008F9D01006B
:108EE0005F9D0100C19D01005B9D01005B9D010034
:108EF0005B9D01005B9D0100C59D01005B9D010024
:108F0000D33E0100D93E0100E53E0100E93E0100EB
:108F1000EF3E0100F53E0100F93E01008D3F0100EA
:108F2000B73F0100FB3E0100FD3E0100D4FEFFFF04
:108F300000000000AD400100CB400100C0FEFFFF7B
:108F400000000000652E0100E72E0100C926010087
:108F5000113F0100D52F0100B9300100333001006D
:108F60007D420100053F01000D3F0100273F010048
:108F70000000000000000000E74201006E616E008A
:108F8000696E66006F766600433A5C55736572736E
:108F90005C7A6163686A5C417070446174615C4CC6
:108FA0006F63616C5C41726475696E6F31355C70C2
:108FB00061636B616765735C61726475696E6F5C38
:108FC00068617264776172655C6D6265645F6E6131
:108FD0006E6F5C332E352E345C636F7265735C612B
:108FE000726475696E6F2F6D6265642F746172674C
:108FF0006574732F5441524745545F4E4F52444954
:10900000432F5441524745545F4E524635782F679F
:1090100070696F5F6F626A6563742E68006F626A61
:109020002D3E70696E20213D202850696E4E616D85
:1090300065294E43005254582056352E352E3300A4
:109040000000000000000000000000000000000020
:109050000000000000000000000000000000000010
:109060000000000000000000000000000000000000
:10907000000000000000000005000000E803000000
:109080000500000080290020100000000000000002
:1090900000000000000000000000000000000000D0
:1090A00000000000000000000000000000000000C0
:1090B00000000000000000000000000000000000B0
:1090C0000000000000000000000000000010000090
:1090D0003C91020018910200A96B0100896B01000C
:1090E000EC900200040000000000000000000000FE
:1090F00000000000C0230020340000007023002086
:10910000500000007274785F74696D65720072744B
:10911000785F69646C650000049102000000000043
:10912000F826002044000000F8230020000300007F
:109130002800000001000000000000000E91020065
:10914000000000003C270020440000008027002091
:10915000000200000100000001000000000000000B
:109160006D616C6C6F635F6D7574657800656E76AC
:109170005F6D75746578006D61696E005072652071
:109180006D61696E20746872656164206E6F742011
:1091900063726561746564004661696C656420741E
:1091A0006F2073746172742052544F530073696E50
:1091B000676C65746F6E5F6D757465780000000094
:1091C000AD9102000B000000282A00201C000000C6
:1091D000434D5349532D52544F53206572726F7251
:1091E0003A20537461636B206F766572666C6F779B
:1091F00000434D5349532D52544F53206572726FA3
:10920000723A20495352205175657565206F766515
:1092100072666C6F7700434D5349532D52544F5330
:10922000206572726F723A20557365722054696DB1
:1092300065722043616C6C6261636B20517565756A
:1092400065206F766572666C6F7700434D534953A6
:109250002D52544F53206572726F723A205354440A
:1092600020432F432B2B206C696272617279206C32
:1092700069627370616365206E6F742061766169E5
:109280006C61626C6500434D5349532D52544F53EA
:10929000206572726F723A2053544420432F432B3F
:1092A0002B206C696272617279206D75746578200B
:1092B000696E697469616C697A6174696F6E206640
:1092C00061696C656400434D5349532D52544F53AB
:1092D000206572726F723A20556E6B6E6F776E00FA
:1092E0004E6F7420616C6C6F77656420696E2049E5
:1092F000535220636F6E746578740053797374658C
:109300006D206973206F7574206F66206D656D6FB9
:10931000727900506172616D657465722065727258
:109320006F72005265736F75726365206E6F742083
:10933000617661696C61626C65004F706572617421
:10934000696F6E206E6F7420636F6D706C657465ED
:10935000642077697468696E207468652074696D2B
:10936000656F757420706572696F6400556E7370F7
:10937000656369666965642052544F532065727253
:109380006F720000E0920200FB9202001393020051
:10939000239302003A9302006C9302002E2F6D6219
:1093A00065642D6F732F636D7369732F64657669C0
:1093B00063652F72746F732F736F757263652F6D92
:1093C0006265645F7274785F69646C652E63707047
:1093D000007469636B735F736C657074203C2072FA
:1093E000746F733A3A4B65726E656C3A3A7761699D
:1093F000745F666F725F7533325F6D61780066729D
:109400006571203D3D20313030300068616E646C04
:109410006572203D3D202849525148616E646C655B
:10942000725F74294E5649435F476574566563748D
:109430006F722869727129002E2F6D6265642D6F1D
:10944000732F706C6174666F726D2F696E636C75CB
:1094500064652F706C6174666F726D2F43616C6C04
:109460006261636B2E6800626F6F6C282A74686992
:109470007329002E2F6D6265642D6F732F706C61E0
:1094800074666F726D2F696E636C7564652F706C96
:109490006174666F726D2F53696E676C65746F6E61
:1094A0005074722E680070203D3D207265696E74A4
:1094B0006572707265745F636173743C54202A3EF8
:1094C00028265F6461746129002E2F6D6265642D0A
:1094D0006F732F746172676574732F5441524745DF
:1094E000545F4E4F524449432F5441524745545FB5
:1094F0004E524635782F6770696F5F6F626A656399
:10950000742E680000000000000000003D730100A0
:109510004D730100697101008971010000000000B4
:1095200000000000357401005D7401002E2F6D6293
:1095300065642D6F732F647269766572732F736F14
:10954000757263652F53657269616C426173652E34
:10955000637070005F7374617469635F70696E6DCE
:109560006170203D3D204E554C4C00000000000035
:1095700000000000D1740100D17401004D78010099
:10958000C17801000000000000000000E14201007D
:109590000000000000000000D1740100D17401003F
:1095A000317C01004D7C0100697C0100B57C01002B
:1095B000B37B0100BF7B0100CB7B0100D37B0100AB
:1095C0000D7C01001F7C0100DB7B0100F8FEFFFF2A
:1095D00000000000457C0100637C0100DB7C010091
:1095E000AD7C0100B97B0100D77B0100AF7B01009E
:1095F000CF7B01008D70010097700100C57B0100D9
:10960000D33E0100D93E0100E53E0100177C010078
:10961000297C0100057C0100F93E01002E2F6D62BE
:1096200065642D6F732F647269766572732F75731D
:10963000622F736F757263652F4173796E634F701C
:109640002E637070005F6C697374203D3D204E5531
:109650004C4C005F77616974203D3D204E554C4C69
:1096600000000000000000000000000000000000FA
:1096700000000000E14201002B7D01002E2F6D62F1
:1096800065642D6F732F647269766572732F7573BD
:10969000622F736F757263652F5553424465766907
:1096A00063652E637070005F6C6F636B6564203E52
:1096B00020300054686520656E64706F696E742098
:1096C0006973206E6F7420696E64657861626C6581
:1096D0002E005F7472616E736665722E75736572AB
:1096E0005F63616C6C6261636B203D3D205265710C
:1096F0007565737458666572446F6E65004465766F
:109700006963652073746174652069732022506FEA
:10971000776572656422206F7220224465746163EC
:10972000686564220054686520737461636B206906
:10973000732077616974696E67206F6E2061207590
:109740007365722063616C6C6261636B20666F721B
:10975000207468652062756666657220746F206685
:10976000696C6C206F72207374617475732E005F66
:109770007472616E736665722E757365725F636174
:109780006C6C6261636B203D3D20536574436F6E6A
:1097900066696775726174696F6E005F7472616E7D
:1097A000736665722E757365725F63616C6C62615E
:1097B000636B203D3D20536574496E74657266612C
:1097C0006365005F7472616E736665722E75736592
:1097D000725F63616C6C6261636B203D3D2052651A
:1097E0007175657374002128696E666F2D3E666C15
:1097F000616773202620454E44504F494E545F45C3
:109800004E41424C454429006D61785F7061636B45
:1098100065745F73697A65203C3D203130323400D5
:1098200021636F6E666967757265642829005468E4
:10983000652073697A65206F6620746865206461AD
:10984000746120746F2072656164206973206C6597
:109850007373207468616E20746865206D61782070
:109860007061636B65742073697A6520666F72201E
:109870007468697320656E64706F696E742E00542D
:10988000686520656E64706F696E74206973206E00
:109890006F7420696E64657861626C650053697AE3
:1098A00065206265696E67207772697474656E20E1
:1098B000697320746F6F206C617267652E00215F81
:1098C000696E697469616C697A6564000000000002
:1098D000000000000000000000000000BB9201003A
:1098E000AD870100B9840100A1850100A1930100A9
:1098F000C5800100C7800100298201002982010082
:109900005D810100CD800100E14201002D81010057
:1099100035810100558101003D8101004581010033
:109920004D810100A9310100AD310100AF310100CD
:10993000C3800100E1420100E1420100E142010077
:10994000E1420100E1420100FD8101007D81010051
:10995000DD81010016035500530042002000440041
:1099600045005600490043004500080355005300D8
:10997000420006033000310016033000310032008F
:109980003300340035003600370038003900120348
:109990006D006200650064002E006F0072006700B9
:1099A000040309046571756575650000B4990200CA
:1099B00000AC0020350A02003D0A02007D0A0200C8
:1099C0008D0A0200490A0200550A0200390A020003
:1099D0002D0A0200010000002E2F6D6265642D6FBC
:1099E000732F68616C2F736F757263652F6D62657D
:1099F000645F7469636B65725F6170692E63006D8B
:109A0000617463685F7469636B20213D20717565C3
:109A100075652D3E7469636B5F6C6173745F72650D
:109A20006164005469636B65722066726571756567
:109A30006E6379206973207A65726F005469636B75
:109A40006572206E756D626572206F662062697442
:109A50002069732067726561746572207468616E35
:109A6000203332206F72206C657373207468616ECE
:109A70002034206269747300809A020040AC002098
:109A8000E59A010091D70100EDD70100FDD7010053
:109A9000A1D70100DDD70100D59A0100EDD6010064
:109AA0000000000064656661756C740000000000D1
:109AB00000000000919B0100F59B010000000000E8
:109AC000000000000000000000000000E142010072
:109AD000E1420100E1420100E1420100AF7B0100EF
:109AE0007D9C01008D70010097700100819C010038
:109AF000D33E0100D93E0100E53E0100E93E0100F0
:109B0000EF3E0100F53E0100F93E01002F002E2F2F
:109B10006D6265642D6F732F706C6174666F726D0A
:109B20002F736F757263652F46696C655061746839
:109B30002E637070006C656E20213D203000772B05
:109B40000053747265616D206F626A206661696C92
:109B500075726500000000000000000000000000B9
:109B600000000000E1420100E1420100E142010089
:109B7000E1420100AF7B01007D9C01008D7001007E
:109B800097700100819C0100D33E0100D93E010085
:109B9000E53E0100E93E0100EF3E0100F53E010017
:109BA000F93E0100FCFFFFFF000000000000000084
:109BB00000000000000000000000000000000000A5
:109BC000000000008F9D01005F9D0100C19D01000C
:109BD0005B9D01005B9D01005B9D01005B9D0100A1
:109BE000C59D01005B9D0100D33E0100D93E0100EF
:109BF000E53E0100E93E0100EF3E0100F53E0100B7
:109C0000F93E0100E1420100E1420100FB3E01009A
:109C1000FD3E0100FCFFFFFF00000000000000000F
:109C2000000000002E2F6D6265642D6F732F706C25
:109C30006174666F726D2F736F757263652F5379E0
:109C40007354696D65722E63707000215F7469636F
:109C50006B696E6700215F7469636B696E672026AC
:109C60002620215F77616B655F74696D655F736541
:109C7000740000000000000000000000899F010047
:109C80000A52252D34643A202530386C58000A5386
:109C9000502020203A202530386C580A4C52202081
:109CA000203A202530386C580A50432020203A2092
:109CB0002530386C580A78505352203A20253038D5
:109CC0006C580A50535020203A202530386C580ADE
:109CD0004D535020203A202530386C58000A43500C
:109CE0005549443A202530386C58000A48465352AA
:109CF000203A202530386C580A4D4D4653523A20B0
:109D00002530386C580A42465352203A20253038C4
:109D10006C580A55465352203A202530386C580A60
:109D200044465352203A202530386C580A41465355
:109D300052203A202530386C58000A4D4D46415289
:109D40003A202530386C58000A42464152203A20C9
:109D50002530386C58000A4D6F6465203A205468ED
:109D600072656164000A50726976203A2055736505
:109D700072000A50726976203A2050726976696CD6
:109D800065676564000A4D6F6465203A2048616E1E
:109D9000646C6572000A537461636B3A20505350CF
:109DA000000A537461636B3A204D5350000A2B2B09
:109DB000204D6265644F53204661756C7420486184
:109DC0006E646C6572202B2B0A0A4661756C7454A4
:109DD0007970653A20004D656D4D616E616765462D
:109DE00061756C74004275734661756C74005573CF
:109DF0006167654661756C7400486172644661759F
:109E00006C74000A0A436F6E746578743A000A0A2B
:109E10002D2D204D6265644F53204661756C742072
:109E200048616E646C6572202D2D0A0A00466175CA
:109E30006C7420657863657074696F6E002E2E2EC9
:109E40000A002E2F6D6265642D6F732F706C617424
:109E5000666F726D2F736F757263652F6D626564C7
:109E60005F637269746963616C2E63006372697405
:109E70006963616C5F73656374696F6E5F7265655A
:109E80006E7472616E63795F636F756E7465722054
:109E90003C2055494E5433325F4D4158003C756E5D
:109EA0006E616D65643E00203C68616E646C657235
:109EB0003E000A0A2B2B204D6265644F53204572E9
:109EC000726F7220496E666F202B2B0A4572726F7B
:109ED00072205374617475733A203078255820438A
:109EE0006F64653A202564204D6F64756C653A2077
:109EF00025640A4572726F72204D657373616765E0
:109F00003A20004B65726E656C204572726F723A32
:109F1000203078256C582C20005468726561643AB2
:109F2000203078256C582C20004D757465783A20C7
:109F30003078256C582C200053656D6170686F7205
:109F4000653A203078256C582C20004D656D6F7275
:109F500079506F6F6C3A203078256C582C20004572
:109F600076656E74466C6167733A203078256C585C
:109F70002C200054696D65723A203078256C582C7D
:109F800020004D65737361676551756575653A208D
:109F90003078256C582C2000417373657274696F9A
:109FA0006E206661696C65643A20000A4C6F6361DB
:109FB00074696F6E3A203078256C58000A46696CD7
:109FC000653A20002B2564000A4572726F72205694
:109FD000616C75653A203078256C58000A437572BB
:109FE00072656E74205468726561643A2025732529
:109FF000732049643A203078256C5820456E74727D
:10A00000793A203078256C5820537461636B53691A
:10A010007A653A203078256C5820537461636B4D13
:10A02000656D3A203078256C582053503A203078AE
:10A03000256C5820000A466F72206D6F726520698A
:10A040006E666F2C2076697369743A206874747038
:10A05000733A2F2F6D6265642E636F6D2F732F65BA
:10A0600072726F723F6572726F723D307825303850
:10A0700058266F737665723D256C6426636F726532
:10A080003D30782530386C5826636F6D703D2564FF
:10A09000267665723D256C75267467743D41524481
:10A0A00055494E4F5F4E414E4F3333424C45000AA7
:10A0B0002D2D204D6265644F53204572726F7220C2
:10A0C000496E666F202D2D0A0044656570536C65DE
:10A0D00065704C6F636B206F766572666C6F77206E
:10A0E000283E203078464646462900446565705330
:10A0F0006C6565704C6F636B20756E646572666C21
:10A100006F7720283C203029002E2F6D6265642D4A
:10A110006F732F706C6174666F726D2F736F7572D1
:10A1200063652F6D6265645F7265746172676574E3
:10A130002E63707000286775617264202620435872
:10A14000415F47554152445F4D41534B29203D3DAE
:10A150002030002867756172642026204358415FD3
:10A1600047554152445F4D41534B29203D3D2043CB
:10A1700058415F47554152445F494E49545F494EEB
:10A180005F50524F4752455353004572726F7220D1
:10A190002D2077726974696E6720746F2061206664
:10A1A000696C6520696E20616E20495352206F7280
:10A1B00020637269746963616C2073656374696F8D
:10A1C0006E0D0A000D004572726F72202D207265AF
:10A1D0006164696E672066726F6D20612066696CCC
:10A1E0006520696E20616E20495352206F72206392
:10A1F0007269746963616C2073656374696F6E0D55
:10A200000A004F70657261746F72206E6577206FFF
:10A210007574206F66206D656D6F72790D0A000090
:10A22000000000000000000019AB010095AB010028
:10A23000A1AB010041AB010005AB010015AB010072
:10A24000AF7B010011AB01008D7001009770010020
:10A250000BAB0100D33E0100D93E0100E53E0100F9
:10A26000E93E0100EF3E010065AB0100F93E01004F
:10A270000000000023000000000000002A00000091
:10A2800000000000010000002F737464657272000A
:10A290002F7374646F7574002F737464696E002E6D
:10A2A0002F6D6265642D6F732F706C6174666F72B1
:10A2B0006D2F736F757263652F6D6265645F737464
:10A2C0006174732E6300737461747320213D204E9A
:10A2D000554C4C002E2F6D6265642D6F732F727478
:10A2E0006F732F736F757263652F4576656E744655
:10A2F0006C6167732E637070005F696400617070D9
:10A300006C69636174696F6E5F756E6E616D6564B3
:10A310005F6576656E745F666C616773006170700F
:10A320006C69636174696F6E5F756E6E616D656493
:10A330005F6D75746578002E2F6D6265642D6F7387
:10A340002F72746F732F736F757263652F4D7574F1
:10A3500065782E637070005F6964207C7C206D627C
:10A3600065645F6765745F6572726F725F696E5F67
:10A3700070726F67726573732829004D7574657804
:10A38000206C6F636B206661696C6564004D757449
:10A39000657820756E6C6F636B206661696C6564AF
:10A3A000002E2F6D6265642D6F732F72746F732F83
:10A3B000736F757263652F53656D6170686F726539
:10A3C0002E637070005F696420213D206E756C6C97
:10A3D0007074720053656D6170686F72652061639F
:10A3E0007175697265206661696C6564002E2F6DF8
:10A3F0006265642D6F732F72746F732F736F757234
:10A4000063652F546869735468726561642E637064
:10A41000700028666C616773203D3D206F73466C49
:10A420006167734572726F7254696D656F757420E0
:10A4300026262072656C5F74696D6520213D20774A
:10A440006169745F666F725F7533325F666F7265E4
:10A4500076657229207C7C2028666C616773203DBC
:10A460003D206F73466C6167734572726F725265FF
:10A47000736F757263652026262072656C5F746940
:10A480006D65203D3D2072656C5F74696D652E7A47
:10A4900065726F28292900737461747573203D3DBE
:10A4A000206F734F4B006170706C69636174696FEA
:10A4B0006E5F756E6E616D65645F74687265616410
:10A4C00000000000000000000000000021B70100B3
:10A4D0005DB70100FFFF0000FFFFFFFFFFFF00006F
:10A4E000FFFFFFFF2E2F6D6265642D6F732F746168
:10A4F00072676574732F5441524745545F4E4F52F3
:10A500004449432F5441524745545F4E5246357893
:10A510002F5441524745545F4E524635322F5441D5
:10A52000524745545F4D43555F4E5246353238349D
:10A53000302F5553425068795F4E6F726469632EB5
:10A5400063707000726574203D3D204E52465F532B
:10A550005543434553530000000000000000000035
:10A56000ADB70100DDB7010069B90100F9B801001C
:10A57000AFB7010035B90100EBB70100C5B7010065
:10A580000BB80100C7B70100CDB70100D3B7010078
:10A59000C5B70100D5B70100E5BC01000DBD010044
:10A5A00009BA010079B801008DBA010085B801002F
:10A5B00089B80100A7B80100C3B80100C9B80100FB
:10A5C0000FB801007FB801003FB80100F1B80100E9
:10A5D000CDBB010000060000310000003C0000007F
:10A5E0003C0000003C0000003C0000003C0000007B
:10A5F0003C0000003C000000320000003000000081
:10A60000300000003000000030000000300000008A
:10A6100030000000300000008DBD01002E2F6D6263
:10A6200065642D6F732F746172676574732F544165
:10A63000524745545F4E4F524449432F544152476D
:10A6400045545F4E524635782F5441524745545F2A
:10A650004E524635322F6770696F5F6170692E63A5
:10A66000006572725F636F646520213D204E524623
:10A67000585F4552524F525F4E4F5F4D454D002837
:10A6800075696E7433325F742970696E203C20479F
:10A6900050494F5F50494E5F434F554E54002E2F47
:10A6A0006D6265642D6F732F746172676574732FAB
:10A6B0005441524745545F4E4F524449432F5441F1
:10A6C000524745545F4E524635782F5441524745C4
:10A6D000545F4E524635322F6932635F6170692E86
:10A6E0006300696E7374616E6365203C204E524650
:10A6F000585F5457495F454E41424C45445F434F74
:10A70000554E540000300040000000000040004062
:10A710000100000000300040000000000040004048
:10A720000100000000300040004000402E2F6D620C
:10A7300065642D6F732F746172676574732F544154
:10A74000524745545F4E4F524449432F544152475C
:10A7500045545F4E524635782F5441524745545F19
:10A760004E524635322F73657269616C5F61706954
:10A770002E63006F626A00646174615F6269747362
:10A78000203D3D20380028706172697479203D3D7C
:10A79000205061726974794E6F6E6529207C7C202F
:10A7A00028706172697479203D3D2050617269742E
:10A7B000794576656E290073746F705F6269747392
:10A7C000203D3D203100010101000000002000403B
:10A7D0000080024040420F00200000000000FFFF08
:10A7E000DEC0ADDEFE011EF1DEC0ADDEFF011EF1FA
:10A7F0000C0D0E0F101112131402030405060708A6
:10A80000090B3001340138013C0140014401480189
:10A810004C01500108010C011001140118011C0128
:10A82000200124012C010000CDE3010091E501008D
:10A8300061E5010019E6010013E601000DE60100E3
:10A8400007E6010001E60100FBE50100F5E5010076
:10A8500051E4010061E8010011EE010015E801007A
:10A860000FE8010009E8010003E80100FDE701002D
:10A87000F7E70100F1E70100B9E801001DE8010078
:10A880006DE40100F5EF010001E90100B1000200F3
:10A89000C10002000D0602001D060200008000003B
:10A8A0001800000000000000737172746600000060
:10A8B0003863ED3EDA0F493F5E987B3FDA0FC93FC0
:10A8C0006937AC3168212233B40F14336821A233C5
:10A8D0000020202020202020202028282828282070
:10A8E0002020202020202020202020202020202068
:10A8F00020881010101010101010101010101010D0
:10A9000010040404040404040404041010101010BF
:10A910001010414141414141010101010101010189
:10A9200001010101010101010101010110101010DB
:10A93000101042424242424202020202020202025B
:10A9400002020202020202020202020210101010AF
:10A9500020000000000000000000000000000000D7
:10A9600000000000000000000000000000000000E7
:10A9700000000000000000000000000000000000D7
:10A9800000000000000000000000000000000000C7
:10A9900000000000000000000000000000000000B7
:10A9A00000000000000000000000000000000000A7
:10A9B0000000000000000000000000000000000097
:10A9C0000000000000000000000000000000000087
:10A9D000000000001006002043000000504F5349C3
:10A9E000580000002E000000494E4600696E6600C7
:10A9F0004E414E006E616E003031323334353637A1
:10AA0000383941424344454600000000303132337A
:10AA1000343536373839616263646566000000009A
:10AA2000286E756C6C29000030000000202020206A
:10AA300020202020202020202020202030303030D6
:10AA4000303030303030303030303030496E666940
:10AA50006E697479000000004E614E000000000035
:10AA60000080E03779C34143176E05B5B5B893460A
:10AA7000F5F93FE9034F384D321D30F94877825AD6
:10AA80003CBF737FDD4F1575000000000000F03FF4
:10AA900000000000000024400000000000005940B9
:10AAA0000000000000408F40000000000088C3400C
:10AAB00000000000006AF8400000000080842E4181
:10AAC00000000000D01263410000000084D79741CD
:10AAD0000000000065CDCD41000000205FA00242D3
:10AAE000000000E876483742000000A2941A6D4248
:10AAF000000040E59C30A2420000901EC4BCD6423B
:10AB000000003426F56B0C430080E03779C34143E5
:10AB100000A0D8855734764300C84E676DC1AB435B
:10AB2000003D9160E458E143408CB5781DAF154479
:10AB300050EFE2D6E41A4B4492D54D06CFF0804454
:10AB4000F64AE1C7022DB544B49DD9794378EA4469
:10AB500005000000190000007D000000000000005A
:10AB6000E055FE7F0100000000000000CDCC4C3F0E
:10AB7000030107020602080413101408044005200C
:10AB800023000000000000000000000000000000A2
:10AB90002A0000000000000000000000000000008B
:10ABA0002B0000000000000000000000000000007A
:10ABB0002C00000000000000000000000000000069
:10ABC0002F00000000000000000000000000000056
:10ABD0002D00000000000000000000000000000048
:10ABE0002E00000000000000000000000000000037
:10ABF000170000000000000000000000000000003E
:10AC0000150000000000000000000000000000002F
:10AC10001B00000000000000000000000000000019
:10AC20002200000000000000000000000000000002
:10AC300021000000000000000000000000000000F3
:10AC400028000000000000000000000000000000DC
:10AC50000D000000000000000000000000000000E7
:10AC600004000000000000000000000000000000E0
:10AC700005000000000000000000000000000000CF
:10AC80001E000000000000000000000000000000A6
:10AC90001D00000000000000000000000000000097
:10ACA0001F00000000000000000000000000000085
:10ACB0000200000000000000000000000000000092
:10ACC0001C00000000000000000000000000000068
:10ACD0000300000000000000000000000000000071
:10ACE000180000000000000000000000000000004C
:10ACF0001000000000000000000000000000000044
:10AD0000060000000000000000000000000000003D
:10AD1000290000000000000000000000000000000A
:10AD20001300000000000000000000000000000010
:10AD30001100000000000000000000000000000002
:10AD40001A000000000000000000000000000000E9
:10AD500019000000000000000000000000000000DA
:10AD60000E000000000000000000000000000000D5
:10AD70000F000000000000000000000000000000C4
:10AD800020000000000000000000000000000000A3
:10AD9000160000000000000000000000000000009D
:10ADA00035900200D3B3FB02000000000000000059
:10ADB0000000000000000000000000000000000093
:10ADC0000000000000000000000000000000000083
:10ADD0000000000000000000000000000000000073
:10ADE0000000000000000000000000000000000063
:10ADF0000000000000000000000000000000000053
:10AE00000000000000000000000000000000000042
:10AE10000000000000000000000000000000000032
:10AE20000000000000000000000000000000000022
:10AE30000000000000000000000000000000000012
:10AE4000000000008D6E010001000000DF9901008C
:10AE5000DF990100C0B60020FFFFFFFFFFFFFFFFEB
:10AE6000FFFFFFFF000000000000000000000000E6
:10AE700000000000000000000000000000000000D2
:10AE800000000000000000000000000000000000C2
:10AE900000000000000000000000000000000000B2
:10AEA00000000000000000000000000000000000A2
:10AEB0000000000000000000000000000000000092
:10AEC0000000000000000000000000000000000082
:10AED0000000000000000000000000000000000072
:10AEE0000000000000000000000000000000000062
:10AEF0000000000000000000000000000000000052
:10AF00000000000000000000000000000000000041
:10AF10000000000000000000000000000000000031
:10AF20000000000000000000000000000000000021
:10AF30000000000000000000000000000000000011
:10AF40000000000000000000000000000000000001
:10AF500000000000000000000090D003010100008C
:10AF600001000000FFFFFFFFFFFFFFFFFFFFFFFFEC
:10AF7000FF0101001006002000000000FC08002076
:10AF800064090020CC09002000000000000000003F
:10AF900000000000000000000000000000000000B1
:10AFA00000000000000000000000000000000000A1
:10AFB0000000000000000000000000000000000091
:10AFC0000000000000000000000000000000000081
:10AFD0000000000000000000000000000000000071
:10AFE0000000000000000000000000000000000061
:10AFF0000000000000000000000000000000000051
:10B000000000000000000000000000000000000040
:10B010000000000000000000000000000000000030
:10B0200001000000000000000E33CDAB34126DE6CD
:10B03000ECDE05000B000000000000000000000036
:10B040000000000000000000000000000000000000
:10B0500000000000000000000000000000000000F0
:10B0600000000000000000000000000000000000E0
:10B0700000000000000000000000000000000000D0
:10B0800000000000000000000000000000000000C0
:10B0900000000000000000000000000000000000B0
:10B0A00000000000000000000000000000000000A0
:10B0B0000000000000000000000000000000000090
:10B0C0000000000000000000000000000000000080
:10B0D0000000000000000000000000000000000070
:10B0E0000000000000000000000000000000000060
:10B0F0000000000000000000000000000000000050
:10B10000000000000000000000000000000000003F
:10B11000000000000000000000000000000000002F
:10B12000000000000000000000000000000000001F
:10B13000000000000000000000000000000000000F
:10B1400000000000000000000000000000000000FF
:10B1500000000000000000000000000000000000EF
:10B1600000000000000000000000000000000000DF
:10B1700000000000000000000000000000000000CF
:10B1800000000000000000000000000000000000BF
:10B1900000000000000000000000000000000000AF
:10B1A000000000000000000000000000000000009F
:10B1B000000000000000000000000000000000008F
:10B1C000000000000000000000000000000000007F
:10B1D000000000000000000000000000000000006F
:10B1E000000000000000000000000000000000005F
:10B1F000000000000000000000000000000000004F
:10B20000000000000000000000000000000000003E
:10B21000000000000000000000000000000000002E
:10B22000000000000000000000000000000000001E
:10B23000000000000000000000000000000000000E
:10B2400000000000000000000000000000000000FE
:10B2500000000000000000000000000000000000EE
:10B2600000000000000000000000000000000000DE
:10B2700000000000000000000000000000000000CE
:10B2800000000000000000000000000000000000BE
:10B2900000000000000000000000000000000000AE
:10B2A000000000000000000000000000000000009E
:10B2B000000000000000000000000000000000008E
:10B2C000000000000000000000000000000000007E
:10B2D000000000000000000000000000000000006E
:10B2E000000000000000000000000000000000005E
:10B2F000000000000000000000000000000000004E
:10B30000000000000000000000000000000000003D
:10B31000000000000000000000000000000000002D
:10B32000000000000000000000000000000000001D
:10B33000000000000000000000000000000000000D
:10B3400000000000000000000000000000000000FD
:10B3500000000000000000000000000000000000ED
:10B3600000000000000000000000000000000000DD
:10B3700000000000000000000000000000000000CD
:10B3800000000000000000000000000000000000BD
:10B3900000000000000000000000000000000000AD
:10B3A000430000000000000000000000000000005A
:10B3B000000000000000000000000000000000008D
:10B3C000430000000000000000000000000000003A
:10B3D000000000000000000000000000000000006D
:10B3E000430000000000000000000000000000001A
:10B3F000000000000000000000000000000000004D
:10B4000043000000000000000000000000000000F9
:10B41000000000000000000000000000000000002C
:10B4200043000000000000000000000000000000D9
:10B43000000000000000000000000000000000000C
:10B4400043000000000000000000000000000000B9
:10B4500000000000000000000000000000000000EC
:10B460004300000000000000000000000000000099
:10B4700000000000000000000000000000000000CC
:10B48000414F0200552E020000000000D0A802002B
:10B49000E4A9020008AA020008AA020008AA020001
:10B4A00008AA020008AA020008AA020008AA0200CC
:10B4B00008AA020008AA0200FFFFFFFFFFFFFFFF2C
:10B4C000FFFFFFFFFFFF0000010041534349490018
:10B4D000000000000000000000000000000000006C
:10B4E00000000000000000000000415343494900F3
:10B4F000000000000000000000000000000000004C
:10B50000000000000000000000000000000000003B
:10B5100000000000A40B0020A40B0020AC0B0020B6
:10B52000AC0B0020B40B0020B40B0020BC0B00209F
:10B53000BC0B0020C40B0020C40B0020CC0B00204F
:10B54000CC0B0020D40B0020D40B0020DC0B0020FF
:10B55000DC0B0020E40B0020E40B0020EC0B0020AF
:10B56000EC0B0020F40B0020F40B0020FC0B00205F
:10B57000FC0B0020040C0020040C00200C0C00200C
:10B580000C0C0020140C0020140C00201C0C0020BB
:10B590001C0C0020240C0020240C00202C0C00206B
:10B5A0002C0C0020340C0020340C00203C0C00201B
:10B5B0003C0C0020440C0020440C00204C0C0020CB
:10B5C0004C0C0020540C0020540C00205C0C00207B
:10B5D0005C0C0020640C0020640C00206C0C00202B
:10B5E0006C0C0020740C0020740C00207C0C0020DB
:10B5F0007C0C0020840C0020840C00208C0C00208B
:10B600008C0C0020940C0020940C00209C0C00203A
:10B610009C0C0020A40C0020A40C0020AC0C0020EA
:10B62000AC0C0020B40C0020B40C0020BC0C00209A
:10B63000BC0C0020C40C0020C40C0020CC0C00204A
:10B64000CC0C0020D40C0020D40C0020DC0C0020FA
:10B65000DC0C0020E40C0020E40C0020EC0C0020AA
:10B66000EC0C0020F40C0020F40C0020FC0C00205A
:10B67000FC0C0020040D0020040D00200C0D002007
:10B680000C0D0020140D0020140D00201C0D0020B6
:10B690001C0D0020240D0020240D00202C0D002066
:10B6A0002C0D0020340D0020340D00203C0D002016
:10B6B0003C0D0020440D0020440D00204C0D0020C6
:10B6C0004C0D0020540D0020540D00205C0D002076
:10B6D0005C0D0020640D0020640D00206C0D002026
:10B6E0006C0D0020740D0020740D00207C0D0020D6
:10B6F0007C0D0020840D0020840D00208C0D002086
:10B700008C0D0020940D0020940D00209C0D002035
:10B710009C0D0020A40D0020A40D0020AC0D0020E5
:10B72000AC0D0020B40D0020B40D0020BC0D002095
:10B73000BC0D0020C40D0020C40D0020CC0D002045
:10B74000CC0D0020D40D0020D40D0020DC0D0020F5
:10B75000DC0D0020E40D0020E40D0020EC0D0020A5
:10B76000EC0D0020F40D0020F40D0020FC0D002055
:10B77000FC0D0020040E0020040E00200C0E002002
:10B780000C0E0020140E0020140E00201C0E0020B1
:10B790001C0E0020240E0020240E00202C0E002061
:10B7A0002C0E0020340E0020340E00203C0E002011
:10B7B0003C0E0020440E0020440E00204C0E0020C1
:10B7C0004C0E0020540E0020540E00205C0E002071
:10B7D0005C0E0020640E0020640E00206C0E002021
:10B7E0006C0E0020740E0020740E00207C0E0020D1
:10B7F0007C0E0020840E0020840E00208C0E002081
:10B800008C0E0020940E0020940E00209C0E002030
:10B810009C0E0020A40E0020A40E0020AC0E0020E0
:10B82000AC0E0020B40E0020B40E0020BC0E002090
:10B83000BC0E0020C40E0020C40E0020CC0E002040
:10B84000CC0E0020D40E0020D40E0020DC0E0020F0
:10B85000DC0E0020E40E0020E40E0020EC0E0020A0
:10B86000EC0E0020F40E0020F40E0020FC0E002050
:10B87000FC0E0020040F0020040F00200C0F0020FD
:10B880000C0F0020140F0020140F00201C0F0020AC
:10B890001C0F0020240F0020240F00202C0F00205C
:10B8A0002C0F0020340F0020340F00203C0F00200C
:10B8B0003C0F0020440F0020440F00204C0F0020BC
:10B8C0004C0F0020540F0020540F00205C0F00206C
:10B8D0005C0F0020640F0020640F00206C0F00201C
:10B8E0006C0F0020740F0020740F00207C0F0020CC
:10B8F0007C0F0020840F0020840F00208C0F00207C
:10B900008C0F0020940F0020940F00209C0F00202B
:10B910009C0F0020FFFFFFFF00000200000000005E
:10B9200025010100710E0100752A0100313101006D
:10B930008D420100954401007D490100896F01009D
:10B94000BD6F0100000000000101010000000000C7
:10B9500000000000000000000000000000000000E7
:10B96000000000000000000000000000C9E101002C
:08B970000000000000000000CF
:00000001FF
